SampleID,CGG,fastq,lib_type,variable,reference,Family,Tribe,Genus,Species,Genbank_accession,value
B1ancient,ExtNegCtrl1,ELO-SJWLQ-B1ancient_S81_L005_R1_001.fastq.gz,SE,seq_reads_se,,,,,,,1690918
B2ancient,ExtNegCtrl2,ELO-SJWLQ-B2ancient_S82_L005_R1_001.fastq.gz,SE,seq_reads_se,,,,,,,1932822
Fossil936,CGG_1_024411,ELO-SJWLQ-936_S70_L005_R1_001.fastq.gz,SE,seq_reads_se,,,,,,,12131805
IBancient,indexPCRNegCtrl,ELO-SJWLQ-IBancient_S83_L005_R1_001.fastq.gz,SE,seq_reads_se,,,,,,,4860
LBancient,LibNegCtrl,ELO-SJWLQ-LBancient_S84_L005_R1_001.fastq.gz,SE,seq_reads_se,,,,,,,1465000
B1ancient,ExtNegCtrl1,ELO-SJWLQ-B1ancient_S81_L005_R1_001.fastq.gz,SE,seq_trash_se,,,,,,,678340
B2ancient,ExtNegCtrl2,ELO-SJWLQ-B2ancient_S82_L005_R1_001.fastq.gz,SE,seq_trash_se,,,,,,,731634
Fossil936,CGG_1_024411,ELO-SJWLQ-936_S70_L005_R1_001.fastq.gz,SE,seq_trash_se,,,,,,,3126426
IBancient,indexPCRNegCtrl,ELO-SJWLQ-IBancient_S83_L005_R1_001.fastq.gz,SE,seq_trash_se,,,,,,,921
LBancient,LibNegCtrl,ELO-SJWLQ-LBancient_S84_L005_R1_001.fastq.gz,SE,seq_trash_se,,,,,,,668113
B1ancient,ExtNegCtrl1,ELO-SJWLQ-B1ancient_S81_L005_R1_001.fastq.gz,SE,seq_trash_se_frac,,,,,,,0.401166704
B2ancient,ExtNegCtrl2,ELO-SJWLQ-B2ancient_S82_L005_R1_001.fastq.gz,SE,seq_trash_se_frac,,,,,,,0.378531494
Fossil936,CGG_1_024411,ELO-SJWLQ-936_S70_L005_R1_001.fastq.gz,SE,seq_trash_se_frac,,,,,,,0.257704933
IBancient,indexPCRNegCtrl,ELO-SJWLQ-IBancient_S83_L005_R1_001.fastq.gz,SE,seq_trash_se_frac,,,,,,,0.189506173
LBancient,LibNegCtrl,ELO-SJWLQ-LBancient_S84_L005_R1_001.fastq.gz,SE,seq_trash_se_frac,,,,,,,0.456049829
B1ancient,ExtNegCtrl1,ELO-SJWLQ-B1ancient_S81_L005_R1_001.fastq.gz,SE,seq_retained_reads,,,,,,,1012578
B2ancient,ExtNegCtrl2,ELO-SJWLQ-B2ancient_S82_L005_R1_001.fastq.gz,SE,seq_retained_reads,,,,,,,1201188
Fossil936,CGG_1_024411,ELO-SJWLQ-936_S70_L005_R1_001.fastq.gz,SE,seq_retained_reads,,,,,,,9005379
IBancient,indexPCRNegCtrl,ELO-SJWLQ-IBancient_S83_L005_R1_001.fastq.gz,SE,seq_retained_reads,,,,,,,3939
LBancient,LibNegCtrl,ELO-SJWLQ-LBancient_S84_L005_R1_001.fastq.gz,SE,seq_retained_reads,,,,,,,796887
B1ancient,ExtNegCtrl1,ELO-SJWLQ-B1ancient_S81_L005_R1_001.fastq.gz,SE,seq_retained_nts,,,,,,,79320477
B2ancient,ExtNegCtrl2,ELO-SJWLQ-B2ancient_S82_L005_R1_001.fastq.gz,SE,seq_retained_nts,,,,,,,94132950
Fossil936,CGG_1_024411,ELO-SJWLQ-936_S70_L005_R1_001.fastq.gz,SE,seq_retained_nts,,,,,,,502140191
IBancient,indexPCRNegCtrl,ELO-SJWLQ-IBancient_S83_L005_R1_001.fastq.gz,SE,seq_retained_nts,,,,,,,244753
LBancient,LibNegCtrl,ELO-SJWLQ-LBancient_S84_L005_R1_001.fastq.gz,SE,seq_retained_nts,,,,,,,61344444
B1ancient,ExtNegCtrl1,ELO-SJWLQ-B1ancient_S81_L005_R1_001.fastq.gz,SE,seq_retained_length,,,,,,,78.33517714
B2ancient,ExtNegCtrl2,ELO-SJWLQ-B2ancient_S82_L005_R1_001.fastq.gz,SE,seq_retained_length,,,,,,,78.36654212
Fossil936,CGG_1_024411,ELO-SJWLQ-936_S70_L005_R1_001.fastq.gz,SE,seq_retained_length,,,,,,,55.76002865
IBancient,indexPCRNegCtrl,ELO-SJWLQ-IBancient_S83_L005_R1_001.fastq.gz,SE,seq_retained_length,,,,,,,62.13582127
LBancient,LibNegCtrl,ELO-SJWLQ-LBancient_S84_L005_R1_001.fastq.gz,SE,seq_retained_length,,,,,,,76.98010383
B1ancient,ExtNegCtrl1,ELO-SJWLQ-B1ancient_S81_L005_R1_001.fastq.gz,SE,hits_raw,Aoudad,Bovidae,Caprini,Ammotragus,lervia,NC_009510,2
B2ancient,ExtNegCtrl2,ELO-SJWLQ-B2ancient_S82_L005_R1_001.fastq.gz,SE,hits_raw,Aoudad,Bovidae,Caprini,Ammotragus,lervia,NC_009510,3
Fossil936,CGG_1_024411,ELO-SJWLQ-936_S70_L005_R1_001.fastq.gz,SE,hits_raw,Aoudad,Bovidae,Caprini,Ammotragus,lervia,NC_009510,1095
IBancient,indexPCRNegCtrl,ELO-SJWLQ-IBancient_S83_L005_R1_001.fastq.gz,SE,hits_raw,Aoudad,Bovidae,Caprini,Ammotragus,lervia,NC_009510,0
LBancient,LibNegCtrl,ELO-SJWLQ-LBancient_S84_L005_R1_001.fastq.gz,SE,hits_raw,Aoudad,Bovidae,Caprini,Ammotragus,lervia,NC_009510,4
B1ancient,ExtNegCtrl1,ELO-SJWLQ-B1ancient_S81_L005_R1_001.fastq.gz,SE,hits_raw_frac,Aoudad,Bovidae,Caprini,Ammotragus,lervia,NC_009510,0.00000198
B2ancient,ExtNegCtrl2,ELO-SJWLQ-B2ancient_S82_L005_R1_001.fastq.gz,SE,hits_raw_frac,Aoudad,Bovidae,Caprini,Ammotragus,lervia,NC_009510,0.0000025
Fossil936,CGG_1_024411,ELO-SJWLQ-936_S70_L005_R1_001.fastq.gz,SE,hits_raw_frac,Aoudad,Bovidae,Caprini,Ammotragus,lervia,NC_009510,0.000121594
IBancient,indexPCRNegCtrl,ELO-SJWLQ-IBancient_S83_L005_R1_001.fastq.gz,SE,hits_raw_frac,Aoudad,Bovidae,Caprini,Ammotragus,lervia,NC_009510,0
LBancient,LibNegCtrl,ELO-SJWLQ-LBancient_S84_L005_R1_001.fastq.gz,SE,hits_raw_frac,Aoudad,Bovidae,Caprini,Ammotragus,lervia,NC_009510,0.00000502
B1ancient,ExtNegCtrl1,ELO-SJWLQ-B1ancient_S81_L005_R1_001.fastq.gz,SE,hits_clonality,Aoudad,Bovidae,Caprini,Ammotragus,lervia,NC_009510,0.5
B2ancient,ExtNegCtrl2,ELO-SJWLQ-B2ancient_S82_L005_R1_001.fastq.gz,SE,hits_clonality,Aoudad,Bovidae,Caprini,Ammotragus,lervia,NC_009510,0
Fossil936,CGG_1_024411,ELO-SJWLQ-936_S70_L005_R1_001.fastq.gz,SE,hits_clonality,Aoudad,Bovidae,Caprini,Ammotragus,lervia,NC_009510,0.107762557
IBancient,indexPCRNegCtrl,ELO-SJWLQ-IBancient_S83_L005_R1_001.fastq.gz,SE,hits_clonality,Aoudad,Bovidae,Caprini,Ammotragus,lervia,NC_009510,
LBancient,LibNegCtrl,ELO-SJWLQ-LBancient_S84_L005_R1_001.fastq.gz,SE,hits_clonality,Aoudad,Bovidae,Caprini,Ammotragus,lervia,NC_009510,0.5
B1ancient,ExtNegCtrl1,ELO-SJWLQ-B1ancient_S81_L005_R1_001.fastq.gz,SE,hits_unique,Aoudad,Bovidae,Caprini,Ammotragus,lervia,NC_009510,1
B2ancient,ExtNegCtrl2,ELO-SJWLQ-B2ancient_S82_L005_R1_001.fastq.gz,SE,hits_unique,Aoudad,Bovidae,Caprini,Ammotragus,lervia,NC_009510,3
Fossil936,CGG_1_024411,ELO-SJWLQ-936_S70_L005_R1_001.fastq.gz,SE,hits_unique,Aoudad,Bovidae,Caprini,Ammotragus,lervia,NC_009510,977
IBancient,indexPCRNegCtrl,ELO-SJWLQ-IBancient_S83_L005_R1_001.fastq.gz,SE,hits_unique,Aoudad,Bovidae,Caprini,Ammotragus,lervia,NC_009510,0
LBancient,LibNegCtrl,ELO-SJWLQ-LBancient_S84_L005_R1_001.fastq.gz,SE,hits_unique,Aoudad,Bovidae,Caprini,Ammotragus,lervia,NC_009510,2
B1ancient,ExtNegCtrl1,ELO-SJWLQ-B1ancient_S81_L005_R1_001.fastq.gz,SE,hits_unique_frac,Aoudad,Bovidae,Caprini,Ammotragus,lervia,NC_009510,0.000000988
B2ancient,ExtNegCtrl2,ELO-SJWLQ-B2ancient_S82_L005_R1_001.fastq.gz,SE,hits_unique_frac,Aoudad,Bovidae,Caprini,Ammotragus,lervia,NC_009510,0.0000025
Fossil936,CGG_1_024411,ELO-SJWLQ-936_S70_L005_R1_001.fastq.gz,SE,hits_unique_frac,Aoudad,Bovidae,Caprini,Ammotragus,lervia,NC_009510,0.000108491
IBancient,indexPCRNegCtrl,ELO-SJWLQ-IBancient_S83_L005_R1_001.fastq.gz,SE,hits_unique_frac,Aoudad,Bovidae,Caprini,Ammotragus,lervia,NC_009510,0
LBancient,LibNegCtrl,ELO-SJWLQ-LBancient_S84_L005_R1_001.fastq.gz,SE,hits_unique_frac,Aoudad,Bovidae,Caprini,Ammotragus,lervia,NC_009510,0.00000251
B1ancient,ExtNegCtrl1,ELO-SJWLQ-B1ancient_S81_L005_R1_001.fastq.gz,SE,hits_coverage,Aoudad,Bovidae,Caprini,Ammotragus,lervia,NC_009510,0.002238355
B2ancient,ExtNegCtrl2,ELO-SJWLQ-B2ancient_S82_L005_R1_001.fastq.gz,SE,hits_coverage,Aoudad,Bovidae,Caprini,Ammotragus,lervia,NC_009510,0.006533575
Fossil936,CGG_1_024411,ELO-SJWLQ-936_S70_L005_R1_001.fastq.gz,SE,hits_coverage,Aoudad,Bovidae,Caprini,Ammotragus,lervia,NC_009510,2.438112523
IBancient,indexPCRNegCtrl,ELO-SJWLQ-IBancient_S83_L005_R1_001.fastq.gz,SE,hits_coverage,Aoudad,Bovidae,Caprini,Ammotragus,lervia,NC_009510,0
LBancient,LibNegCtrl,ELO-SJWLQ-LBancient_S84_L005_R1_001.fastq.gz,SE,hits_coverage,Aoudad,Bovidae,Caprini,Ammotragus,lervia,NC_009510,0.00707804
B1ancient,ExtNegCtrl1,ELO-SJWLQ-B1ancient_S81_L005_R1_001.fastq.gz,SE,hits_length,Aoudad,Bovidae,Caprini,Ammotragus,lervia,NC_009510,37
B2ancient,ExtNegCtrl2,ELO-SJWLQ-B2ancient_S82_L005_R1_001.fastq.gz,SE,hits_length,Aoudad,Bovidae,Caprini,Ammotragus,lervia,NC_009510,36
Fossil936,CGG_1_024411,ELO-SJWLQ-936_S70_L005_R1_001.fastq.gz,SE,hits_length,Aoudad,Bovidae,Caprini,Ammotragus,lervia,NC_009510,41.25076766
IBancient,indexPCRNegCtrl,ELO-SJWLQ-IBancient_S83_L005_R1_001.fastq.gz,SE,hits_length,Aoudad,Bovidae,Caprini,Ammotragus,lervia,NC_009510,
LBancient,LibNegCtrl,ELO-SJWLQ-LBancient_S84_L005_R1_001.fastq.gz,SE,hits_length,Aoudad,Bovidae,Caprini,Ammotragus,lervia,NC_009510,58.5
B1ancient,ExtNegCtrl1,ELO-SJWLQ-B1ancient_S81_L005_R1_001.fastq.gz,SE,hits_raw,BaboonHamadryas,Cercopithecidae,,Papio,hamadryas,NC_001992,2
B2ancient,ExtNegCtrl2,ELO-SJWLQ-B2ancient_S82_L005_R1_001.fastq.gz,SE,hits_raw,BaboonHamadryas,Cercopithecidae,,Papio,hamadryas,NC_001992,1
Fossil936,CGG_1_024411,ELO-SJWLQ-936_S70_L005_R1_001.fastq.gz,SE,hits_raw,BaboonHamadryas,Cercopithecidae,,Papio,hamadryas,NC_001992,85
IBancient,indexPCRNegCtrl,ELO-SJWLQ-IBancient_S83_L005_R1_001.fastq.gz,SE,hits_raw,BaboonHamadryas,Cercopithecidae,,Papio,hamadryas,NC_001992,0
LBancient,LibNegCtrl,ELO-SJWLQ-LBancient_S84_L005_R1_001.fastq.gz,SE,hits_raw,BaboonHamadryas,Cercopithecidae,,Papio,hamadryas,NC_001992,3
B1ancient,ExtNegCtrl1,ELO-SJWLQ-B1ancient_S81_L005_R1_001.fastq.gz,SE,hits_raw_frac,BaboonHamadryas,Cercopithecidae,,Papio,hamadryas,NC_001992,0.00000198
B2ancient,ExtNegCtrl2,ELO-SJWLQ-B2ancient_S82_L005_R1_001.fastq.gz,SE,hits_raw_frac,BaboonHamadryas,Cercopithecidae,,Papio,hamadryas,NC_001992,0.000000833
Fossil936,CGG_1_024411,ELO-SJWLQ-936_S70_L005_R1_001.fastq.gz,SE,hits_raw_frac,BaboonHamadryas,Cercopithecidae,,Papio,hamadryas,NC_001992,0.00000944
IBancient,indexPCRNegCtrl,ELO-SJWLQ-IBancient_S83_L005_R1_001.fastq.gz,SE,hits_raw_frac,BaboonHamadryas,Cercopithecidae,,Papio,hamadryas,NC_001992,0
LBancient,LibNegCtrl,ELO-SJWLQ-LBancient_S84_L005_R1_001.fastq.gz,SE,hits_raw_frac,BaboonHamadryas,Cercopithecidae,,Papio,hamadryas,NC_001992,0.00000376
B1ancient,ExtNegCtrl1,ELO-SJWLQ-B1ancient_S81_L005_R1_001.fastq.gz,SE,hits_clonality,BaboonHamadryas,Cercopithecidae,,Papio,hamadryas,NC_001992,0.5
B2ancient,ExtNegCtrl2,ELO-SJWLQ-B2ancient_S82_L005_R1_001.fastq.gz,SE,hits_clonality,BaboonHamadryas,Cercopithecidae,,Papio,hamadryas,NC_001992,0
Fossil936,CGG_1_024411,ELO-SJWLQ-936_S70_L005_R1_001.fastq.gz,SE,hits_clonality,BaboonHamadryas,Cercopithecidae,,Papio,hamadryas,NC_001992,0.117647059
IBancient,indexPCRNegCtrl,ELO-SJWLQ-IBancient_S83_L005_R1_001.fastq.gz,SE,hits_clonality,BaboonHamadryas,Cercopithecidae,,Papio,hamadryas,NC_001992,
LBancient,LibNegCtrl,ELO-SJWLQ-LBancient_S84_L005_R1_001.fastq.gz,SE,hits_clonality,BaboonHamadryas,Cercopithecidae,,Papio,hamadryas,NC_001992,0.666666667
B1ancient,ExtNegCtrl1,ELO-SJWLQ-B1ancient_S81_L005_R1_001.fastq.gz,SE,hits_unique,BaboonHamadryas,Cercopithecidae,,Papio,hamadryas,NC_001992,1
B2ancient,ExtNegCtrl2,ELO-SJWLQ-B2ancient_S82_L005_R1_001.fastq.gz,SE,hits_unique,BaboonHamadryas,Cercopithecidae,,Papio,hamadryas,NC_001992,1
Fossil936,CGG_1_024411,ELO-SJWLQ-936_S70_L005_R1_001.fastq.gz,SE,hits_unique,BaboonHamadryas,Cercopithecidae,,Papio,hamadryas,NC_001992,75
IBancient,indexPCRNegCtrl,ELO-SJWLQ-IBancient_S83_L005_R1_001.fastq.gz,SE,hits_unique,BaboonHamadryas,Cercopithecidae,,Papio,hamadryas,NC_001992,0
LBancient,LibNegCtrl,ELO-SJWLQ-LBancient_S84_L005_R1_001.fastq.gz,SE,hits_unique,BaboonHamadryas,Cercopithecidae,,Papio,hamadryas,NC_001992,1
B1ancient,ExtNegCtrl1,ELO-SJWLQ-B1ancient_S81_L005_R1_001.fastq.gz,SE,hits_unique_frac,BaboonHamadryas,Cercopithecidae,,Papio,hamadryas,NC_001992,0.000000988
B2ancient,ExtNegCtrl2,ELO-SJWLQ-B2ancient_S82_L005_R1_001.fastq.gz,SE,hits_unique_frac,BaboonHamadryas,Cercopithecidae,,Papio,hamadryas,NC_001992,0.000000833
Fossil936,CGG_1_024411,ELO-SJWLQ-936_S70_L005_R1_001.fastq.gz,SE,hits_unique_frac,BaboonHamadryas,Cercopithecidae,,Papio,hamadryas,NC_001992,0.00000833
IBancient,indexPCRNegCtrl,ELO-SJWLQ-IBancient_S83_L005_R1_001.fastq.gz,SE,hits_unique_frac,BaboonHamadryas,Cercopithecidae,,Papio,hamadryas,NC_001992,0
LBancient,LibNegCtrl,ELO-SJWLQ-LBancient_S84_L005_R1_001.fastq.gz,SE,hits_unique_frac,BaboonHamadryas,Cercopithecidae,,Papio,hamadryas,NC_001992,0.00000125
B1ancient,ExtNegCtrl1,ELO-SJWLQ-B1ancient_S81_L005_R1_001.fastq.gz,SE,hits_coverage,BaboonHamadryas,Cercopithecidae,,Papio,hamadryas,NC_001992,0.002239574
B2ancient,ExtNegCtrl2,ELO-SJWLQ-B2ancient_S82_L005_R1_001.fastq.gz,SE,hits_coverage,BaboonHamadryas,Cercopithecidae,,Papio,hamadryas,NC_001992,0.002239574
Fossil936,CGG_1_024411,ELO-SJWLQ-936_S70_L005_R1_001.fastq.gz,SE,hits_coverage,BaboonHamadryas,Cercopithecidae,,Papio,hamadryas,NC_001992,0.174686762
IBancient,indexPCRNegCtrl,ELO-SJWLQ-IBancient_S83_L005_R1_001.fastq.gz,SE,hits_coverage,BaboonHamadryas,Cercopithecidae,,Papio,hamadryas,NC_001992,0
LBancient,LibNegCtrl,ELO-SJWLQ-LBancient_S84_L005_R1_001.fastq.gz,SE,hits_coverage,BaboonHamadryas,Cercopithecidae,,Papio,hamadryas,NC_001992,0.002239574
B1ancient,ExtNegCtrl1,ELO-SJWLQ-B1ancient_S81_L005_R1_001.fastq.gz,SE,hits_length,BaboonHamadryas,Cercopithecidae,,Papio,hamadryas,NC_001992,37
B2ancient,ExtNegCtrl2,ELO-SJWLQ-B2ancient_S82_L005_R1_001.fastq.gz,SE,hits_length,BaboonHamadryas,Cercopithecidae,,Papio,hamadryas,NC_001992,37
Fossil936,CGG_1_024411,ELO-SJWLQ-936_S70_L005_R1_001.fastq.gz,SE,hits_length,BaboonHamadryas,Cercopithecidae,,Papio,hamadryas,NC_001992,38.48
IBancient,indexPCRNegCtrl,ELO-SJWLQ-IBancient_S83_L005_R1_001.fastq.gz,SE,hits_length,BaboonHamadryas,Cercopithecidae,,Papio,hamadryas,NC_001992,
LBancient,LibNegCtrl,ELO-SJWLQ-LBancient_S84_L005_R1_001.fastq.gz,SE,hits_length,BaboonHamadryas,Cercopithecidae,,Papio,hamadryas,NC_001992,37
B1ancient,ExtNegCtrl1,ELO-SJWLQ-B1ancient_S81_L005_R1_001.fastq.gz,SE,hits_raw,BaboonOlive,Cercopithecidae,,Papio,anubis,JX946196,2
B2ancient,ExtNegCtrl2,ELO-SJWLQ-B2ancient_S82_L005_R1_001.fastq.gz,SE,hits_raw,BaboonOlive,Cercopithecidae,,Papio,anubis,JX946196,1
Fossil936,CGG_1_024411,ELO-SJWLQ-936_S70_L005_R1_001.fastq.gz,SE,hits_raw,BaboonOlive,Cercopithecidae,,Papio,anubis,JX946196,88
IBancient,indexPCRNegCtrl,ELO-SJWLQ-IBancient_S83_L005_R1_001.fastq.gz,SE,hits_raw,BaboonOlive,Cercopithecidae,,Papio,anubis,JX946196,0
LBancient,LibNegCtrl,ELO-SJWLQ-LBancient_S84_L005_R1_001.fastq.gz,SE,hits_raw,BaboonOlive,Cercopithecidae,,Papio,anubis,JX946196,3
B1ancient,ExtNegCtrl1,ELO-SJWLQ-B1ancient_S81_L005_R1_001.fastq.gz,SE,hits_raw_frac,BaboonOlive,Cercopithecidae,,Papio,anubis,JX946196,0.00000198
B2ancient,ExtNegCtrl2,ELO-SJWLQ-B2ancient_S82_L005_R1_001.fastq.gz,SE,hits_raw_frac,BaboonOlive,Cercopithecidae,,Papio,anubis,JX946196,0.000000833
Fossil936,CGG_1_024411,ELO-SJWLQ-936_S70_L005_R1_001.fastq.gz,SE,hits_raw_frac,BaboonOlive,Cercopithecidae,,Papio,anubis,JX946196,0.00000977
IBancient,indexPCRNegCtrl,ELO-SJWLQ-IBancient_S83_L005_R1_001.fastq.gz,SE,hits_raw_frac,BaboonOlive,Cercopithecidae,,Papio,anubis,JX946196,0
LBancient,LibNegCtrl,ELO-SJWLQ-LBancient_S84_L005_R1_001.fastq.gz,SE,hits_raw_frac,BaboonOlive,Cercopithecidae,,Papio,anubis,JX946196,0.00000376
B1ancient,ExtNegCtrl1,ELO-SJWLQ-B1ancient_S81_L005_R1_001.fastq.gz,SE,hits_clonality,BaboonOlive,Cercopithecidae,,Papio,anubis,JX946196,0.5
B2ancient,ExtNegCtrl2,ELO-SJWLQ-B2ancient_S82_L005_R1_001.fastq.gz,SE,hits_clonality,BaboonOlive,Cercopithecidae,,Papio,anubis,JX946196,0
Fossil936,CGG_1_024411,ELO-SJWLQ-936_S70_L005_R1_001.fastq.gz,SE,hits_clonality,BaboonOlive,Cercopithecidae,,Papio,anubis,JX946196,0.113636364
IBancient,indexPCRNegCtrl,ELO-SJWLQ-IBancient_S83_L005_R1_001.fastq.gz,SE,hits_clonality,BaboonOlive,Cercopithecidae,,Papio,anubis,JX946196,
LBancient,LibNegCtrl,ELO-SJWLQ-LBancient_S84_L005_R1_001.fastq.gz,SE,hits_clonality,BaboonOlive,Cercopithecidae,,Papio,anubis,JX946196,0.666666667
B1ancient,ExtNegCtrl1,ELO-SJWLQ-B1ancient_S81_L005_R1_001.fastq.gz,SE,hits_unique,BaboonOlive,Cercopithecidae,,Papio,anubis,JX946196,1
B2ancient,ExtNegCtrl2,ELO-SJWLQ-B2ancient_S82_L005_R1_001.fastq.gz,SE,hits_unique,BaboonOlive,Cercopithecidae,,Papio,anubis,JX946196,1
Fossil936,CGG_1_024411,ELO-SJWLQ-936_S70_L005_R1_001.fastq.gz,SE,hits_unique,BaboonOlive,Cercopithecidae,,Papio,anubis,JX946196,78
IBancient,indexPCRNegCtrl,ELO-SJWLQ-IBancient_S83_L005_R1_001.fastq.gz,SE,hits_unique,BaboonOlive,Cercopithecidae,,Papio,anubis,JX946196,0
LBancient,LibNegCtrl,ELO-SJWLQ-LBancient_S84_L005_R1_001.fastq.gz,SE,hits_unique,BaboonOlive,Cercopithecidae,,Papio,anubis,JX946196,1
B1ancient,ExtNegCtrl1,ELO-SJWLQ-B1ancient_S81_L005_R1_001.fastq.gz,SE,hits_unique_frac,BaboonOlive,Cercopithecidae,,Papio,anubis,JX946196,0.000000988
B2ancient,ExtNegCtrl2,ELO-SJWLQ-B2ancient_S82_L005_R1_001.fastq.gz,SE,hits_unique_frac,BaboonOlive,Cercopithecidae,,Papio,anubis,JX946196,0.000000833
Fossil936,CGG_1_024411,ELO-SJWLQ-936_S70_L005_R1_001.fastq.gz,SE,hits_unique_frac,BaboonOlive,Cercopithecidae,,Papio,anubis,JX946196,0.00000866
IBancient,indexPCRNegCtrl,ELO-SJWLQ-IBancient_S83_L005_R1_001.fastq.gz,SE,hits_unique_frac,BaboonOlive,Cercopithecidae,,Papio,anubis,JX946196,0
LBancient,LibNegCtrl,ELO-SJWLQ-LBancient_S84_L005_R1_001.fastq.gz,SE,hits_unique_frac,BaboonOlive,Cercopithecidae,,Papio,anubis,JX946196,0.00000125
B1ancient,ExtNegCtrl1,ELO-SJWLQ-B1ancient_S81_L005_R1_001.fastq.gz,SE,hits_coverage,BaboonOlive,Cercopithecidae,,Papio,anubis,JX946196,0.002240252
B2ancient,ExtNegCtrl2,ELO-SJWLQ-B2ancient_S82_L005_R1_001.fastq.gz,SE,hits_coverage,BaboonOlive,Cercopithecidae,,Papio,anubis,JX946196,0.002240252
Fossil936,CGG_1_024411,ELO-SJWLQ-936_S70_L005_R1_001.fastq.gz,SE,hits_coverage,BaboonOlive,Cercopithecidae,,Papio,anubis,JX946196,0.18127876
IBancient,indexPCRNegCtrl,ELO-SJWLQ-IBancient_S83_L005_R1_001.fastq.gz,SE,hits_coverage,BaboonOlive,Cercopithecidae,,Papio,anubis,JX946196,0
LBancient,LibNegCtrl,ELO-SJWLQ-LBancient_S84_L005_R1_001.fastq.gz,SE,hits_coverage,BaboonOlive,Cercopithecidae,,Papio,anubis,JX946196,0.002240252
B1ancient,ExtNegCtrl1,ELO-SJWLQ-B1ancient_S81_L005_R1_001.fastq.gz,SE,hits_length,BaboonOlive,Cercopithecidae,,Papio,anubis,JX946196,37
B2ancient,ExtNegCtrl2,ELO-SJWLQ-B2ancient_S82_L005_R1_001.fastq.gz,SE,hits_length,BaboonOlive,Cercopithecidae,,Papio,anubis,JX946196,37
Fossil936,CGG_1_024411,ELO-SJWLQ-936_S70_L005_R1_001.fastq.gz,SE,hits_length,BaboonOlive,Cercopithecidae,,Papio,anubis,JX946196,38.38461538
IBancient,indexPCRNegCtrl,ELO-SJWLQ-IBancient_S83_L005_R1_001.fastq.gz,SE,hits_length,BaboonOlive,Cercopithecidae,,Papio,anubis,JX946196,
LBancient,LibNegCtrl,ELO-SJWLQ-LBancient_S84_L005_R1_001.fastq.gz,SE,hits_length,BaboonOlive,Cercopithecidae,,Papio,anubis,JX946196,37
B1ancient,ExtNegCtrl1,ELO-SJWLQ-B1ancient_S81_L005_R1_001.fastq.gz,SE,hits_raw,BuffaloCape,Bovidae,Bovini,Syncerus,caffer,NC_020617,2
B2ancient,ExtNegCtrl2,ELO-SJWLQ-B2ancient_S82_L005_R1_001.fastq.gz,SE,hits_raw,BuffaloCape,Bovidae,Bovini,Syncerus,caffer,NC_020617,2
Fossil936,CGG_1_024411,ELO-SJWLQ-936_S70_L005_R1_001.fastq.gz,SE,hits_raw,BuffaloCape,Bovidae,Bovini,Syncerus,caffer,NC_020617,835
IBancient,indexPCRNegCtrl,ELO-SJWLQ-IBancient_S83_L005_R1_001.fastq.gz,SE,hits_raw,BuffaloCape,Bovidae,Bovini,Syncerus,caffer,NC_020617,0
LBancient,LibNegCtrl,ELO-SJWLQ-LBancient_S84_L005_R1_001.fastq.gz,SE,hits_raw,BuffaloCape,Bovidae,Bovini,Syncerus,caffer,NC_020617,4
B1ancient,ExtNegCtrl1,ELO-SJWLQ-B1ancient_S81_L005_R1_001.fastq.gz,SE,hits_raw_frac,BuffaloCape,Bovidae,Bovini,Syncerus,caffer,NC_020617,0.00000198
B2ancient,ExtNegCtrl2,ELO-SJWLQ-B2ancient_S82_L005_R1_001.fastq.gz,SE,hits_raw_frac,BuffaloCape,Bovidae,Bovini,Syncerus,caffer,NC_020617,0.00000167
Fossil936,CGG_1_024411,ELO-SJWLQ-936_S70_L005_R1_001.fastq.gz,SE,hits_raw_frac,BuffaloCape,Bovidae,Bovini,Syncerus,caffer,NC_020617,0.0000927
IBancient,indexPCRNegCtrl,ELO-SJWLQ-IBancient_S83_L005_R1_001.fastq.gz,SE,hits_raw_frac,BuffaloCape,Bovidae,Bovini,Syncerus,caffer,NC_020617,0
LBancient,LibNegCtrl,ELO-SJWLQ-LBancient_S84_L005_R1_001.fastq.gz,SE,hits_raw_frac,BuffaloCape,Bovidae,Bovini,Syncerus,caffer,NC_020617,0.00000502
B1ancient,ExtNegCtrl1,ELO-SJWLQ-B1ancient_S81_L005_R1_001.fastq.gz,SE,hits_clonality,BuffaloCape,Bovidae,Bovini,Syncerus,caffer,NC_020617,0.5
B2ancient,ExtNegCtrl2,ELO-SJWLQ-B2ancient_S82_L005_R1_001.fastq.gz,SE,hits_clonality,BuffaloCape,Bovidae,Bovini,Syncerus,caffer,NC_020617,0
Fossil936,CGG_1_024411,ELO-SJWLQ-936_S70_L005_R1_001.fastq.gz,SE,hits_clonality,BuffaloCape,Bovidae,Bovini,Syncerus,caffer,NC_020617,0.101796407
IBancient,indexPCRNegCtrl,ELO-SJWLQ-IBancient_S83_L005_R1_001.fastq.gz,SE,hits_clonality,BuffaloCape,Bovidae,Bovini,Syncerus,caffer,NC_020617,
LBancient,LibNegCtrl,ELO-SJWLQ-LBancient_S84_L005_R1_001.fastq.gz,SE,hits_clonality,BuffaloCape,Bovidae,Bovini,Syncerus,caffer,NC_020617,0.5
B1ancient,ExtNegCtrl1,ELO-SJWLQ-B1ancient_S81_L005_R1_001.fastq.gz,SE,hits_unique,BuffaloCape,Bovidae,Bovini,Syncerus,caffer,NC_020617,1
B2ancient,ExtNegCtrl2,ELO-SJWLQ-B2ancient_S82_L005_R1_001.fastq.gz,SE,hits_unique,BuffaloCape,Bovidae,Bovini,Syncerus,caffer,NC_020617,2
Fossil936,CGG_1_024411,ELO-SJWLQ-936_S70_L005_R1_001.fastq.gz,SE,hits_unique,BuffaloCape,Bovidae,Bovini,Syncerus,caffer,NC_020617,750
IBancient,indexPCRNegCtrl,ELO-SJWLQ-IBancient_S83_L005_R1_001.fastq.gz,SE,hits_unique,BuffaloCape,Bovidae,Bovini,Syncerus,caffer,NC_020617,0
LBancient,LibNegCtrl,ELO-SJWLQ-LBancient_S84_L005_R1_001.fastq.gz,SE,hits_unique,BuffaloCape,Bovidae,Bovini,Syncerus,caffer,NC_020617,2
B1ancient,ExtNegCtrl1,ELO-SJWLQ-B1ancient_S81_L005_R1_001.fastq.gz,SE,hits_unique_frac,BuffaloCape,Bovidae,Bovini,Syncerus,caffer,NC_020617,0.000000988
B2ancient,ExtNegCtrl2,ELO-SJWLQ-B2ancient_S82_L005_R1_001.fastq.gz,SE,hits_unique_frac,BuffaloCape,Bovidae,Bovini,Syncerus,caffer,NC_020617,0.00000167
Fossil936,CGG_1_024411,ELO-SJWLQ-936_S70_L005_R1_001.fastq.gz,SE,hits_unique_frac,BuffaloCape,Bovidae,Bovini,Syncerus,caffer,NC_020617,0.0000833
IBancient,indexPCRNegCtrl,ELO-SJWLQ-IBancient_S83_L005_R1_001.fastq.gz,SE,hits_unique_frac,BuffaloCape,Bovidae,Bovini,Syncerus,caffer,NC_020617,0
LBancient,LibNegCtrl,ELO-SJWLQ-LBancient_S84_L005_R1_001.fastq.gz,SE,hits_unique_frac,BuffaloCape,Bovidae,Bovini,Syncerus,caffer,NC_020617,0.00000251
B1ancient,ExtNegCtrl1,ELO-SJWLQ-B1ancient_S81_L005_R1_001.fastq.gz,SE,hits_coverage,BuffaloCape,Bovidae,Bovini,Syncerus,caffer,NC_020617,0.002261752
B2ancient,ExtNegCtrl2,ELO-SJWLQ-B2ancient_S82_L005_R1_001.fastq.gz,SE,hits_coverage,BuffaloCape,Bovidae,Bovini,Syncerus,caffer,NC_020617,0.00427899
Fossil936,CGG_1_024411,ELO-SJWLQ-936_S70_L005_R1_001.fastq.gz,SE,hits_coverage,BuffaloCape,Bovidae,Bovini,Syncerus,caffer,NC_020617,1.884772908
IBancient,indexPCRNegCtrl,ELO-SJWLQ-IBancient_S83_L005_R1_001.fastq.gz,SE,hits_coverage,BuffaloCape,Bovidae,Bovini,Syncerus,caffer,NC_020617,0
LBancient,LibNegCtrl,ELO-SJWLQ-LBancient_S84_L005_R1_001.fastq.gz,SE,hits_coverage,BuffaloCape,Bovidae,Bovini,Syncerus,caffer,NC_020617,0.007152026
B1ancient,ExtNegCtrl1,ELO-SJWLQ-B1ancient_S81_L005_R1_001.fastq.gz,SE,hits_length,BuffaloCape,Bovidae,Bovini,Syncerus,caffer,NC_020617,37
B2ancient,ExtNegCtrl2,ELO-SJWLQ-B2ancient_S82_L005_R1_001.fastq.gz,SE,hits_length,BuffaloCape,Bovidae,Bovini,Syncerus,caffer,NC_020617,35
Fossil936,CGG_1_024411,ELO-SJWLQ-936_S70_L005_R1_001.fastq.gz,SE,hits_length,BuffaloCape,Bovidae,Bovini,Syncerus,caffer,NC_020617,41.11066667
IBancient,indexPCRNegCtrl,ELO-SJWLQ-IBancient_S83_L005_R1_001.fastq.gz,SE,hits_length,BuffaloCape,Bovidae,Bovini,Syncerus,caffer,NC_020617,
LBancient,LibNegCtrl,ELO-SJWLQ-LBancient_S84_L005_R1_001.fastq.gz,SE,hits_length,BuffaloCape,Bovidae,Bovini,Syncerus,caffer,NC_020617,58.5
B1ancient,ExtNegCtrl1,ELO-SJWLQ-B1ancient_S81_L005_R1_001.fastq.gz,SE,hits_raw,Bushpig,Suidae,,Potamochoerus,porcus,JN632688,2
B2ancient,ExtNegCtrl2,ELO-SJWLQ-B2ancient_S82_L005_R1_001.fastq.gz,SE,hits_raw,Bushpig,Suidae,,Potamochoerus,porcus,JN632688,2
Fossil936,CGG_1_024411,ELO-SJWLQ-936_S70_L005_R1_001.fastq.gz,SE,hits_raw,Bushpig,Suidae,,Potamochoerus,porcus,JN632688,294
IBancient,indexPCRNegCtrl,ELO-SJWLQ-IBancient_S83_L005_R1_001.fastq.gz,SE,hits_raw,Bushpig,Suidae,,Potamochoerus,porcus,JN632688,0
LBancient,LibNegCtrl,ELO-SJWLQ-LBancient_S84_L005_R1_001.fastq.gz,SE,hits_raw,Bushpig,Suidae,,Potamochoerus,porcus,JN632688,4
B1ancient,ExtNegCtrl1,ELO-SJWLQ-B1ancient_S81_L005_R1_001.fastq.gz,SE,hits_raw_frac,Bushpig,Suidae,,Potamochoerus,porcus,JN632688,0.00000198
B2ancient,ExtNegCtrl2,ELO-SJWLQ-B2ancient_S82_L005_R1_001.fastq.gz,SE,hits_raw_frac,Bushpig,Suidae,,Potamochoerus,porcus,JN632688,0.00000167
Fossil936,CGG_1_024411,ELO-SJWLQ-936_S70_L005_R1_001.fastq.gz,SE,hits_raw_frac,Bushpig,Suidae,,Potamochoerus,porcus,JN632688,0.0000326
IBancient,indexPCRNegCtrl,ELO-SJWLQ-IBancient_S83_L005_R1_001.fastq.gz,SE,hits_raw_frac,Bushpig,Suidae,,Potamochoerus,porcus,JN632688,0
LBancient,LibNegCtrl,ELO-SJWLQ-LBancient_S84_L005_R1_001.fastq.gz,SE,hits_raw_frac,Bushpig,Suidae,,Potamochoerus,porcus,JN632688,0.00000502
B1ancient,ExtNegCtrl1,ELO-SJWLQ-B1ancient_S81_L005_R1_001.fastq.gz,SE,hits_clonality,Bushpig,Suidae,,Potamochoerus,porcus,JN632688,0.5
B2ancient,ExtNegCtrl2,ELO-SJWLQ-B2ancient_S82_L005_R1_001.fastq.gz,SE,hits_clonality,Bushpig,Suidae,,Potamochoerus,porcus,JN632688,0
Fossil936,CGG_1_024411,ELO-SJWLQ-936_S70_L005_R1_001.fastq.gz,SE,hits_clonality,Bushpig,Suidae,,Potamochoerus,porcus,JN632688,0.102040816
IBancient,indexPCRNegCtrl,ELO-SJWLQ-IBancient_S83_L005_R1_001.fastq.gz,SE,hits_clonality,Bushpig,Suidae,,Potamochoerus,porcus,JN632688,
LBancient,LibNegCtrl,ELO-SJWLQ-LBancient_S84_L005_R1_001.fastq.gz,SE,hits_clonality,Bushpig,Suidae,,Potamochoerus,porcus,JN632688,0.5
B1ancient,ExtNegCtrl1,ELO-SJWLQ-B1ancient_S81_L005_R1_001.fastq.gz,SE,hits_unique,Bushpig,Suidae,,Potamochoerus,porcus,JN632688,1
B2ancient,ExtNegCtrl2,ELO-SJWLQ-B2ancient_S82_L005_R1_001.fastq.gz,SE,hits_unique,Bushpig,Suidae,,Potamochoerus,porcus,JN632688,2
Fossil936,CGG_1_024411,ELO-SJWLQ-936_S70_L005_R1_001.fastq.gz,SE,hits_unique,Bushpig,Suidae,,Potamochoerus,porcus,JN632688,264
IBancient,indexPCRNegCtrl,ELO-SJWLQ-IBancient_S83_L005_R1_001.fastq.gz,SE,hits_unique,Bushpig,Suidae,,Potamochoerus,porcus,JN632688,0
LBancient,LibNegCtrl,ELO-SJWLQ-LBancient_S84_L005_R1_001.fastq.gz,SE,hits_unique,Bushpig,Suidae,,Potamochoerus,porcus,JN632688,2
B1ancient,ExtNegCtrl1,ELO-SJWLQ-B1ancient_S81_L005_R1_001.fastq.gz,SE,hits_unique_frac,Bushpig,Suidae,,Potamochoerus,porcus,JN632688,0.000000988
B2ancient,ExtNegCtrl2,ELO-SJWLQ-B2ancient_S82_L005_R1_001.fastq.gz,SE,hits_unique_frac,Bushpig,Suidae,,Potamochoerus,porcus,JN632688,0.00000167
Fossil936,CGG_1_024411,ELO-SJWLQ-936_S70_L005_R1_001.fastq.gz,SE,hits_unique_frac,Bushpig,Suidae,,Potamochoerus,porcus,JN632688,0.0000293
IBancient,indexPCRNegCtrl,ELO-SJWLQ-IBancient_S83_L005_R1_001.fastq.gz,SE,hits_unique_frac,Bushpig,Suidae,,Potamochoerus,porcus,JN632688,0
LBancient,LibNegCtrl,ELO-SJWLQ-LBancient_S84_L005_R1_001.fastq.gz,SE,hits_unique_frac,Bushpig,Suidae,,Potamochoerus,porcus,JN632688,0.00000251
B1ancient,ExtNegCtrl1,ELO-SJWLQ-B1ancient_S81_L005_R1_001.fastq.gz,SE,hits_coverage,Bushpig,Suidae,,Potamochoerus,porcus,JN632688,0.002216498
B2ancient,ExtNegCtrl2,ELO-SJWLQ-B2ancient_S82_L005_R1_001.fastq.gz,SE,hits_coverage,Bushpig,Suidae,,Potamochoerus,porcus,JN632688,0.004193374
Fossil936,CGG_1_024411,ELO-SJWLQ-936_S70_L005_R1_001.fastq.gz,SE,hits_coverage,Bushpig,Suidae,,Potamochoerus,porcus,JN632688,0.616006709
IBancient,indexPCRNegCtrl,ELO-SJWLQ-IBancient_S83_L005_R1_001.fastq.gz,SE,hits_coverage,Bushpig,Suidae,,Potamochoerus,porcus,JN632688,0
LBancient,LibNegCtrl,ELO-SJWLQ-LBancient_S84_L005_R1_001.fastq.gz,SE,hits_coverage,Bushpig,Suidae,,Potamochoerus,porcus,JN632688,0.007008926
B1ancient,ExtNegCtrl1,ELO-SJWLQ-B1ancient_S81_L005_R1_001.fastq.gz,SE,hits_length,Bushpig,Suidae,,Potamochoerus,porcus,JN632688,37
B2ancient,ExtNegCtrl2,ELO-SJWLQ-B2ancient_S82_L005_R1_001.fastq.gz,SE,hits_length,Bushpig,Suidae,,Potamochoerus,porcus,JN632688,35
Fossil936,CGG_1_024411,ELO-SJWLQ-936_S70_L005_R1_001.fastq.gz,SE,hits_length,Bushpig,Suidae,,Potamochoerus,porcus,JN632688,38.95075758
IBancient,indexPCRNegCtrl,ELO-SJWLQ-IBancient_S83_L005_R1_001.fastq.gz,SE,hits_length,Bushpig,Suidae,,Potamochoerus,porcus,JN632688,
LBancient,LibNegCtrl,ELO-SJWLQ-LBancient_S84_L005_R1_001.fastq.gz,SE,hits_length,Bushpig,Suidae,,Potamochoerus,porcus,JN632688,58.5
B1ancient,ExtNegCtrl1,ELO-SJWLQ-B1ancient_S81_L005_R1_001.fastq.gz,SE,hits_raw,DikdikSalts,Bovidae,Antilopini,Madoqua,saltiana,JN632655,3
B2ancient,ExtNegCtrl2,ELO-SJWLQ-B2ancient_S82_L005_R1_001.fastq.gz,SE,hits_raw,DikdikSalts,Bovidae,Antilopini,Madoqua,saltiana,JN632655,2
Fossil936,CGG_1_024411,ELO-SJWLQ-936_S70_L005_R1_001.fastq.gz,SE,hits_raw,DikdikSalts,Bovidae,Antilopini,Madoqua,saltiana,JN632655,952
IBancient,indexPCRNegCtrl,ELO-SJWLQ-IBancient_S83_L005_R1_001.fastq.gz,SE,hits_raw,DikdikSalts,Bovidae,Antilopini,Madoqua,saltiana,JN632655,0
LBancient,LibNegCtrl,ELO-SJWLQ-LBancient_S84_L005_R1_001.fastq.gz,SE,hits_raw,DikdikSalts,Bovidae,Antilopini,Madoqua,saltiana,JN632655,4
B1ancient,ExtNegCtrl1,ELO-SJWLQ-B1ancient_S81_L005_R1_001.fastq.gz,SE,hits_raw_frac,DikdikSalts,Bovidae,Antilopini,Madoqua,saltiana,JN632655,0.00000296
B2ancient,ExtNegCtrl2,ELO-SJWLQ-B2ancient_S82_L005_R1_001.fastq.gz,SE,hits_raw_frac,DikdikSalts,Bovidae,Antilopini,Madoqua,saltiana,JN632655,0.00000167
Fossil936,CGG_1_024411,ELO-SJWLQ-936_S70_L005_R1_001.fastq.gz,SE,hits_raw_frac,DikdikSalts,Bovidae,Antilopini,Madoqua,saltiana,JN632655,0.000105715
IBancient,indexPCRNegCtrl,ELO-SJWLQ-IBancient_S83_L005_R1_001.fastq.gz,SE,hits_raw_frac,DikdikSalts,Bovidae,Antilopini,Madoqua,saltiana,JN632655,0
LBancient,LibNegCtrl,ELO-SJWLQ-LBancient_S84_L005_R1_001.fastq.gz,SE,hits_raw_frac,DikdikSalts,Bovidae,Antilopini,Madoqua,saltiana,JN632655,0.00000502
B1ancient,ExtNegCtrl1,ELO-SJWLQ-B1ancient_S81_L005_R1_001.fastq.gz,SE,hits_clonality,DikdikSalts,Bovidae,Antilopini,Madoqua,saltiana,JN632655,0.333333333
B2ancient,ExtNegCtrl2,ELO-SJWLQ-B2ancient_S82_L005_R1_001.fastq.gz,SE,hits_clonality,DikdikSalts,Bovidae,Antilopini,Madoqua,saltiana,JN632655,0
Fossil936,CGG_1_024411,ELO-SJWLQ-936_S70_L005_R1_001.fastq.gz,SE,hits_clonality,DikdikSalts,Bovidae,Antilopini,Madoqua,saltiana,JN632655,0.116596639
IBancient,indexPCRNegCtrl,ELO-SJWLQ-IBancient_S83_L005_R1_001.fastq.gz,SE,hits_clonality,DikdikSalts,Bovidae,Antilopini,Madoqua,saltiana,JN632655,
LBancient,LibNegCtrl,ELO-SJWLQ-LBancient_S84_L005_R1_001.fastq.gz,SE,hits_clonality,DikdikSalts,Bovidae,Antilopini,Madoqua,saltiana,JN632655,0.5
B1ancient,ExtNegCtrl1,ELO-SJWLQ-B1ancient_S81_L005_R1_001.fastq.gz,SE,hits_unique,DikdikSalts,Bovidae,Antilopini,Madoqua,saltiana,JN632655,2
B2ancient,ExtNegCtrl2,ELO-SJWLQ-B2ancient_S82_L005_R1_001.fastq.gz,SE,hits_unique,DikdikSalts,Bovidae,Antilopini,Madoqua,saltiana,JN632655,2
Fossil936,CGG_1_024411,ELO-SJWLQ-936_S70_L005_R1_001.fastq.gz,SE,hits_unique,DikdikSalts,Bovidae,Antilopini,Madoqua,saltiana,JN632655,841
IBancient,indexPCRNegCtrl,ELO-SJWLQ-IBancient_S83_L005_R1_001.fastq.gz,SE,hits_unique,DikdikSalts,Bovidae,Antilopini,Madoqua,saltiana,JN632655,0
LBancient,LibNegCtrl,ELO-SJWLQ-LBancient_S84_L005_R1_001.fastq.gz,SE,hits_unique,DikdikSalts,Bovidae,Antilopini,Madoqua,saltiana,JN632655,2
B1ancient,ExtNegCtrl1,ELO-SJWLQ-B1ancient_S81_L005_R1_001.fastq.gz,SE,hits_unique_frac,DikdikSalts,Bovidae,Antilopini,Madoqua,saltiana,JN632655,0.00000198
B2ancient,ExtNegCtrl2,ELO-SJWLQ-B2ancient_S82_L005_R1_001.fastq.gz,SE,hits_unique_frac,DikdikSalts,Bovidae,Antilopini,Madoqua,saltiana,JN632655,0.00000167
Fossil936,CGG_1_024411,ELO-SJWLQ-936_S70_L005_R1_001.fastq.gz,SE,hits_unique_frac,DikdikSalts,Bovidae,Antilopini,Madoqua,saltiana,JN632655,0.0000934
IBancient,indexPCRNegCtrl,ELO-SJWLQ-IBancient_S83_L005_R1_001.fastq.gz,SE,hits_unique_frac,DikdikSalts,Bovidae,Antilopini,Madoqua,saltiana,JN632655,0
LBancient,LibNegCtrl,ELO-SJWLQ-LBancient_S84_L005_R1_001.fastq.gz,SE,hits_unique_frac,DikdikSalts,Bovidae,Antilopini,Madoqua,saltiana,JN632655,0.00000251
B1ancient,ExtNegCtrl1,ELO-SJWLQ-B1ancient_S81_L005_R1_001.fastq.gz,SE,hits_coverage,DikdikSalts,Bovidae,Antilopini,Madoqua,saltiana,JN632655,0.00432874
B2ancient,ExtNegCtrl2,ELO-SJWLQ-B2ancient_S82_L005_R1_001.fastq.gz,SE,hits_coverage,DikdikSalts,Bovidae,Antilopini,Madoqua,saltiana,JN632655,0.004267772
Fossil936,CGG_1_024411,ELO-SJWLQ-936_S70_L005_R1_001.fastq.gz,SE,hits_coverage,DikdikSalts,Bovidae,Antilopini,Madoqua,saltiana,JN632655,2.072430191
IBancient,indexPCRNegCtrl,ELO-SJWLQ-IBancient_S83_L005_R1_001.fastq.gz,SE,hits_coverage,DikdikSalts,Bovidae,Antilopini,Madoqua,saltiana,JN632655,0
LBancient,LibNegCtrl,ELO-SJWLQ-LBancient_S84_L005_R1_001.fastq.gz,SE,hits_coverage,DikdikSalts,Bovidae,Antilopini,Madoqua,saltiana,JN632655,0.007133276
B1ancient,ExtNegCtrl1,ELO-SJWLQ-B1ancient_S81_L005_R1_001.fastq.gz,SE,hits_length,DikdikSalts,Bovidae,Antilopini,Madoqua,saltiana,JN632655,35.5
B2ancient,ExtNegCtrl2,ELO-SJWLQ-B2ancient_S82_L005_R1_001.fastq.gz,SE,hits_length,DikdikSalts,Bovidae,Antilopini,Madoqua,saltiana,JN632655,35
Fossil936,CGG_1_024411,ELO-SJWLQ-936_S70_L005_R1_001.fastq.gz,SE,hits_length,DikdikSalts,Bovidae,Antilopini,Madoqua,saltiana,JN632655,40.41854935
IBancient,indexPCRNegCtrl,ELO-SJWLQ-IBancient_S83_L005_R1_001.fastq.gz,SE,hits_length,DikdikSalts,Bovidae,Antilopini,Madoqua,saltiana,JN632655,
LBancient,LibNegCtrl,ELO-SJWLQ-LBancient_S84_L005_R1_001.fastq.gz,SE,hits_length,DikdikSalts,Bovidae,Antilopini,Madoqua,saltiana,JN632655,58.5
B1ancient,ExtNegCtrl1,ELO-SJWLQ-B1ancient_S81_L005_R1_001.fastq.gz,SE,hits_raw,DuikerCommon,Bovidae,Cephalophini,Sylvicapra,grimmia,NC_020747,3
B2ancient,ExtNegCtrl2,ELO-SJWLQ-B2ancient_S82_L005_R1_001.fastq.gz,SE,hits_raw,DuikerCommon,Bovidae,Cephalophini,Sylvicapra,grimmia,NC_020747,2
Fossil936,CGG_1_024411,ELO-SJWLQ-936_S70_L005_R1_001.fastq.gz,SE,hits_raw,DuikerCommon,Bovidae,Cephalophini,Sylvicapra,grimmia,NC_020747,1094
IBancient,indexPCRNegCtrl,ELO-SJWLQ-IBancient_S83_L005_R1_001.fastq.gz,SE,hits_raw,DuikerCommon,Bovidae,Cephalophini,Sylvicapra,grimmia,NC_020747,0
LBancient,LibNegCtrl,ELO-SJWLQ-LBancient_S84_L005_R1_001.fastq.gz,SE,hits_raw,DuikerCommon,Bovidae,Cephalophini,Sylvicapra,grimmia,NC_020747,4
B1ancient,ExtNegCtrl1,ELO-SJWLQ-B1ancient_S81_L005_R1_001.fastq.gz,SE,hits_raw_frac,DuikerCommon,Bovidae,Cephalophini,Sylvicapra,grimmia,NC_020747,0.00000296
B2ancient,ExtNegCtrl2,ELO-SJWLQ-B2ancient_S82_L005_R1_001.fastq.gz,SE,hits_raw_frac,DuikerCommon,Bovidae,Cephalophini,Sylvicapra,grimmia,NC_020747,0.00000167
Fossil936,CGG_1_024411,ELO-SJWLQ-936_S70_L005_R1_001.fastq.gz,SE,hits_raw_frac,DuikerCommon,Bovidae,Cephalophini,Sylvicapra,grimmia,NC_020747,0.000121483
IBancient,indexPCRNegCtrl,ELO-SJWLQ-IBancient_S83_L005_R1_001.fastq.gz,SE,hits_raw_frac,DuikerCommon,Bovidae,Cephalophini,Sylvicapra,grimmia,NC_020747,0
LBancient,LibNegCtrl,ELO-SJWLQ-LBancient_S84_L005_R1_001.fastq.gz,SE,hits_raw_frac,DuikerCommon,Bovidae,Cephalophini,Sylvicapra,grimmia,NC_020747,0.00000502
B1ancient,ExtNegCtrl1,ELO-SJWLQ-B1ancient_S81_L005_R1_001.fastq.gz,SE,hits_clonality,DuikerCommon,Bovidae,Cephalophini,Sylvicapra,grimmia,NC_020747,0.333333333
B2ancient,ExtNegCtrl2,ELO-SJWLQ-B2ancient_S82_L005_R1_001.fastq.gz,SE,hits_clonality,DuikerCommon,Bovidae,Cephalophini,Sylvicapra,grimmia,NC_020747,0
Fossil936,CGG_1_024411,ELO-SJWLQ-936_S70_L005_R1_001.fastq.gz,SE,hits_clonality,DuikerCommon,Bovidae,Cephalophini,Sylvicapra,grimmia,NC_020747,0.111517367
IBancient,indexPCRNegCtrl,ELO-SJWLQ-IBancient_S83_L005_R1_001.fastq.gz,SE,hits_clonality,DuikerCommon,Bovidae,Cephalophini,Sylvicapra,grimmia,NC_020747,
LBancient,LibNegCtrl,ELO-SJWLQ-LBancient_S84_L005_R1_001.fastq.gz,SE,hits_clonality,DuikerCommon,Bovidae,Cephalophini,Sylvicapra,grimmia,NC_020747,0.5
B1ancient,ExtNegCtrl1,ELO-SJWLQ-B1ancient_S81_L005_R1_001.fastq.gz,SE,hits_unique,DuikerCommon,Bovidae,Cephalophini,Sylvicapra,grimmia,NC_020747,2
B2ancient,ExtNegCtrl2,ELO-SJWLQ-B2ancient_S82_L005_R1_001.fastq.gz,SE,hits_unique,DuikerCommon,Bovidae,Cephalophini,Sylvicapra,grimmia,NC_020747,2
Fossil936,CGG_1_024411,ELO-SJWLQ-936_S70_L005_R1_001.fastq.gz,SE,hits_unique,DuikerCommon,Bovidae,Cephalophini,Sylvicapra,grimmia,NC_020747,972
IBancient,indexPCRNegCtrl,ELO-SJWLQ-IBancient_S83_L005_R1_001.fastq.gz,SE,hits_unique,DuikerCommon,Bovidae,Cephalophini,Sylvicapra,grimmia,NC_020747,0
LBancient,LibNegCtrl,ELO-SJWLQ-LBancient_S84_L005_R1_001.fastq.gz,SE,hits_unique,DuikerCommon,Bovidae,Cephalophini,Sylvicapra,grimmia,NC_020747,2
B1ancient,ExtNegCtrl1,ELO-SJWLQ-B1ancient_S81_L005_R1_001.fastq.gz,SE,hits_unique_frac,DuikerCommon,Bovidae,Cephalophini,Sylvicapra,grimmia,NC_020747,0.00000198
B2ancient,ExtNegCtrl2,ELO-SJWLQ-B2ancient_S82_L005_R1_001.fastq.gz,SE,hits_unique_frac,DuikerCommon,Bovidae,Cephalophini,Sylvicapra,grimmia,NC_020747,0.00000167
Fossil936,CGG_1_024411,ELO-SJWLQ-936_S70_L005_R1_001.fastq.gz,SE,hits_unique_frac,DuikerCommon,Bovidae,Cephalophini,Sylvicapra,grimmia,NC_020747,0.000107935
IBancient,indexPCRNegCtrl,ELO-SJWLQ-IBancient_S83_L005_R1_001.fastq.gz,SE,hits_unique_frac,DuikerCommon,Bovidae,Cephalophini,Sylvicapra,grimmia,NC_020747,0
LBancient,LibNegCtrl,ELO-SJWLQ-LBancient_S84_L005_R1_001.fastq.gz,SE,hits_unique_frac,DuikerCommon,Bovidae,Cephalophini,Sylvicapra,grimmia,NC_020747,0.00000251
B1ancient,ExtNegCtrl1,ELO-SJWLQ-B1ancient_S81_L005_R1_001.fastq.gz,SE,hits_coverage,DuikerCommon,Bovidae,Cephalophini,Sylvicapra,grimmia,NC_020747,0.0044412
B2ancient,ExtNegCtrl2,ELO-SJWLQ-B2ancient_S82_L005_R1_001.fastq.gz,SE,hits_coverage,DuikerCommon,Bovidae,Cephalophini,Sylvicapra,grimmia,NC_020747,0.004258685
Fossil936,CGG_1_024411,ELO-SJWLQ-936_S70_L005_R1_001.fastq.gz,SE,hits_coverage,DuikerCommon,Bovidae,Cephalophini,Sylvicapra,grimmia,NC_020747,2.475573401
IBancient,indexPCRNegCtrl,ELO-SJWLQ-IBancient_S83_L005_R1_001.fastq.gz,SE,hits_coverage,DuikerCommon,Bovidae,Cephalophini,Sylvicapra,grimmia,NC_020747,0
LBancient,LibNegCtrl,ELO-SJWLQ-LBancient_S84_L005_R1_001.fastq.gz,SE,hits_coverage,DuikerCommon,Bovidae,Cephalophini,Sylvicapra,grimmia,NC_020747,0.007118087
B1ancient,ExtNegCtrl1,ELO-SJWLQ-B1ancient_S81_L005_R1_001.fastq.gz,SE,hits_length,DuikerCommon,Bovidae,Cephalophini,Sylvicapra,grimmia,NC_020747,36.5
B2ancient,ExtNegCtrl2,ELO-SJWLQ-B2ancient_S82_L005_R1_001.fastq.gz,SE,hits_length,DuikerCommon,Bovidae,Cephalophini,Sylvicapra,grimmia,NC_020747,35
Fossil936,CGG_1_024411,ELO-SJWLQ-936_S70_L005_R1_001.fastq.gz,SE,hits_length,DuikerCommon,Bovidae,Cephalophini,Sylvicapra,grimmia,NC_020747,41.86316872
IBancient,indexPCRNegCtrl,ELO-SJWLQ-IBancient_S83_L005_R1_001.fastq.gz,SE,hits_length,DuikerCommon,Bovidae,Cephalophini,Sylvicapra,grimmia,NC_020747,
LBancient,LibNegCtrl,ELO-SJWLQ-LBancient_S84_L005_R1_001.fastq.gz,SE,hits_length,DuikerCommon,Bovidae,Cephalophini,Sylvicapra,grimmia,NC_020747,58.5
B1ancient,ExtNegCtrl1,ELO-SJWLQ-B1ancient_S81_L005_R1_001.fastq.gz,SE,hits_raw,ElandCommon,Bovidae,Tragelaphini,Tragelaphus,oryx,NC_020750,3
B2ancient,ExtNegCtrl2,ELO-SJWLQ-B2ancient_S82_L005_R1_001.fastq.gz,SE,hits_raw,ElandCommon,Bovidae,Tragelaphini,Tragelaphus,oryx,NC_020750,2
Fossil936,CGG_1_024411,ELO-SJWLQ-936_S70_L005_R1_001.fastq.gz,SE,hits_raw,ElandCommon,Bovidae,Tragelaphini,Tragelaphus,oryx,NC_020750,848
IBancient,indexPCRNegCtrl,ELO-SJWLQ-IBancient_S83_L005_R1_001.fastq.gz,SE,hits_raw,ElandCommon,Bovidae,Tragelaphini,Tragelaphus,oryx,NC_020750,0
LBancient,LibNegCtrl,ELO-SJWLQ-LBancient_S84_L005_R1_001.fastq.gz,SE,hits_raw,ElandCommon,Bovidae,Tragelaphini,Tragelaphus,oryx,NC_020750,4
B1ancient,ExtNegCtrl1,ELO-SJWLQ-B1ancient_S81_L005_R1_001.fastq.gz,SE,hits_raw_frac,ElandCommon,Bovidae,Tragelaphini,Tragelaphus,oryx,NC_020750,0.00000296
B2ancient,ExtNegCtrl2,ELO-SJWLQ-B2ancient_S82_L005_R1_001.fastq.gz,SE,hits_raw_frac,ElandCommon,Bovidae,Tragelaphini,Tragelaphus,oryx,NC_020750,0.00000167
Fossil936,CGG_1_024411,ELO-SJWLQ-936_S70_L005_R1_001.fastq.gz,SE,hits_raw_frac,ElandCommon,Bovidae,Tragelaphini,Tragelaphus,oryx,NC_020750,0.0000942
IBancient,indexPCRNegCtrl,ELO-SJWLQ-IBancient_S83_L005_R1_001.fastq.gz,SE,hits_raw_frac,ElandCommon,Bovidae,Tragelaphini,Tragelaphus,oryx,NC_020750,0
LBancient,LibNegCtrl,ELO-SJWLQ-LBancient_S84_L005_R1_001.fastq.gz,SE,hits_raw_frac,ElandCommon,Bovidae,Tragelaphini,Tragelaphus,oryx,NC_020750,0.00000502
B1ancient,ExtNegCtrl1,ELO-SJWLQ-B1ancient_S81_L005_R1_001.fastq.gz,SE,hits_clonality,ElandCommon,Bovidae,Tragelaphini,Tragelaphus,oryx,NC_020750,0.333333333
B2ancient,ExtNegCtrl2,ELO-SJWLQ-B2ancient_S82_L005_R1_001.fastq.gz,SE,hits_clonality,ElandCommon,Bovidae,Tragelaphini,Tragelaphus,oryx,NC_020750,0
Fossil936,CGG_1_024411,ELO-SJWLQ-936_S70_L005_R1_001.fastq.gz,SE,hits_clonality,ElandCommon,Bovidae,Tragelaphini,Tragelaphus,oryx,NC_020750,0.091981132
IBancient,indexPCRNegCtrl,ELO-SJWLQ-IBancient_S83_L005_R1_001.fastq.gz,SE,hits_clonality,ElandCommon,Bovidae,Tragelaphini,Tragelaphus,oryx,NC_020750,
LBancient,LibNegCtrl,ELO-SJWLQ-LBancient_S84_L005_R1_001.fastq.gz,SE,hits_clonality,ElandCommon,Bovidae,Tragelaphini,Tragelaphus,oryx,NC_020750,0.5
B1ancient,ExtNegCtrl1,ELO-SJWLQ-B1ancient_S81_L005_R1_001.fastq.gz,SE,hits_unique,ElandCommon,Bovidae,Tragelaphini,Tragelaphus,oryx,NC_020750,2
B2ancient,ExtNegCtrl2,ELO-SJWLQ-B2ancient_S82_L005_R1_001.fastq.gz,SE,hits_unique,ElandCommon,Bovidae,Tragelaphini,Tragelaphus,oryx,NC_020750,2
Fossil936,CGG_1_024411,ELO-SJWLQ-936_S70_L005_R1_001.fastq.gz,SE,hits_unique,ElandCommon,Bovidae,Tragelaphini,Tragelaphus,oryx,NC_020750,770
IBancient,indexPCRNegCtrl,ELO-SJWLQ-IBancient_S83_L005_R1_001.fastq.gz,SE,hits_unique,ElandCommon,Bovidae,Tragelaphini,Tragelaphus,oryx,NC_020750,0
LBancient,LibNegCtrl,ELO-SJWLQ-LBancient_S84_L005_R1_001.fastq.gz,SE,hits_unique,ElandCommon,Bovidae,Tragelaphini,Tragelaphus,oryx,NC_020750,2
B1ancient,ExtNegCtrl1,ELO-SJWLQ-B1ancient_S81_L005_R1_001.fastq.gz,SE,hits_unique_frac,ElandCommon,Bovidae,Tragelaphini,Tragelaphus,oryx,NC_020750,0.00000198
B2ancient,ExtNegCtrl2,ELO-SJWLQ-B2ancient_S82_L005_R1_001.fastq.gz,SE,hits_unique_frac,ElandCommon,Bovidae,Tragelaphini,Tragelaphus,oryx,NC_020750,0.00000167
Fossil936,CGG_1_024411,ELO-SJWLQ-936_S70_L005_R1_001.fastq.gz,SE,hits_unique_frac,ElandCommon,Bovidae,Tragelaphini,Tragelaphus,oryx,NC_020750,0.0000855
IBancient,indexPCRNegCtrl,ELO-SJWLQ-IBancient_S83_L005_R1_001.fastq.gz,SE,hits_unique_frac,ElandCommon,Bovidae,Tragelaphini,Tragelaphus,oryx,NC_020750,0
LBancient,LibNegCtrl,ELO-SJWLQ-LBancient_S84_L005_R1_001.fastq.gz,SE,hits_unique_frac,ElandCommon,Bovidae,Tragelaphini,Tragelaphus,oryx,NC_020750,0.00000251
B1ancient,ExtNegCtrl1,ELO-SJWLQ-B1ancient_S81_L005_R1_001.fastq.gz,SE,hits_coverage,ElandCommon,Bovidae,Tragelaphini,Tragelaphus,oryx,NC_020750,0.004452034
B2ancient,ExtNegCtrl2,ELO-SJWLQ-B2ancient_S82_L005_R1_001.fastq.gz,SE,hits_coverage,ElandCommon,Bovidae,Tragelaphini,Tragelaphus,oryx,NC_020750,0.004269074
Fossil936,CGG_1_024411,ELO-SJWLQ-936_S70_L005_R1_001.fastq.gz,SE,hits_coverage,ElandCommon,Bovidae,Tragelaphini,Tragelaphus,oryx,NC_020750,1.891687504
IBancient,indexPCRNegCtrl,ELO-SJWLQ-IBancient_S83_L005_R1_001.fastq.gz,SE,hits_coverage,ElandCommon,Bovidae,Tragelaphini,Tragelaphus,oryx,NC_020750,0
LBancient,LibNegCtrl,ELO-SJWLQ-LBancient_S84_L005_R1_001.fastq.gz,SE,hits_coverage,ElandCommon,Bovidae,Tragelaphini,Tragelaphus,oryx,NC_020750,0.007135452
B1ancient,ExtNegCtrl1,ELO-SJWLQ-B1ancient_S81_L005_R1_001.fastq.gz,SE,hits_length,ElandCommon,Bovidae,Tragelaphini,Tragelaphus,oryx,NC_020750,36.5
B2ancient,ExtNegCtrl2,ELO-SJWLQ-B2ancient_S82_L005_R1_001.fastq.gz,SE,hits_length,ElandCommon,Bovidae,Tragelaphini,Tragelaphus,oryx,NC_020750,35
Fossil936,CGG_1_024411,ELO-SJWLQ-936_S70_L005_R1_001.fastq.gz,SE,hits_length,ElandCommon,Bovidae,Tragelaphini,Tragelaphus,oryx,NC_020750,40.28311688
IBancient,indexPCRNegCtrl,ELO-SJWLQ-IBancient_S83_L005_R1_001.fastq.gz,SE,hits_length,ElandCommon,Bovidae,Tragelaphini,Tragelaphus,oryx,NC_020750,
LBancient,LibNegCtrl,ELO-SJWLQ-LBancient_S84_L005_R1_001.fastq.gz,SE,hits_length,ElandCommon,Bovidae,Tragelaphini,Tragelaphus,oryx,NC_020750,58.5
B1ancient,ExtNegCtrl1,ELO-SJWLQ-B1ancient_S81_L005_R1_001.fastq.gz,SE,hits_raw,Elephant,Elephantidae,,Loxodonta,africana,NC_000934,2
B2ancient,ExtNegCtrl2,ELO-SJWLQ-B2ancient_S82_L005_R1_001.fastq.gz,SE,hits_raw,Elephant,Elephantidae,,Loxodonta,africana,NC_000934,1
Fossil936,CGG_1_024411,ELO-SJWLQ-936_S70_L005_R1_001.fastq.gz,SE,hits_raw,Elephant,Elephantidae,,Loxodonta,africana,NC_000934,107
IBancient,indexPCRNegCtrl,ELO-SJWLQ-IBancient_S83_L005_R1_001.fastq.gz,SE,hits_raw,Elephant,Elephantidae,,Loxodonta,africana,NC_000934,0
LBancient,LibNegCtrl,ELO-SJWLQ-LBancient_S84_L005_R1_001.fastq.gz,SE,hits_raw,Elephant,Elephantidae,,Loxodonta,africana,NC_000934,3
B1ancient,ExtNegCtrl1,ELO-SJWLQ-B1ancient_S81_L005_R1_001.fastq.gz,SE,hits_raw_frac,Elephant,Elephantidae,,Loxodonta,africana,NC_000934,0.00000198
B2ancient,ExtNegCtrl2,ELO-SJWLQ-B2ancient_S82_L005_R1_001.fastq.gz,SE,hits_raw_frac,Elephant,Elephantidae,,Loxodonta,africana,NC_000934,0.000000833
Fossil936,CGG_1_024411,ELO-SJWLQ-936_S70_L005_R1_001.fastq.gz,SE,hits_raw_frac,Elephant,Elephantidae,,Loxodonta,africana,NC_000934,0.0000119
IBancient,indexPCRNegCtrl,ELO-SJWLQ-IBancient_S83_L005_R1_001.fastq.gz,SE,hits_raw_frac,Elephant,Elephantidae,,Loxodonta,africana,NC_000934,0
LBancient,LibNegCtrl,ELO-SJWLQ-LBancient_S84_L005_R1_001.fastq.gz,SE,hits_raw_frac,Elephant,Elephantidae,,Loxodonta,africana,NC_000934,0.00000376
B1ancient,ExtNegCtrl1,ELO-SJWLQ-B1ancient_S81_L005_R1_001.fastq.gz,SE,hits_clonality,Elephant,Elephantidae,,Loxodonta,africana,NC_000934,0.5
B2ancient,ExtNegCtrl2,ELO-SJWLQ-B2ancient_S82_L005_R1_001.fastq.gz,SE,hits_clonality,Elephant,Elephantidae,,Loxodonta,africana,NC_000934,0
Fossil936,CGG_1_024411,ELO-SJWLQ-936_S70_L005_R1_001.fastq.gz,SE,hits_clonality,Elephant,Elephantidae,,Loxodonta,africana,NC_000934,0.065420561
IBancient,indexPCRNegCtrl,ELO-SJWLQ-IBancient_S83_L005_R1_001.fastq.gz,SE,hits_clonality,Elephant,Elephantidae,,Loxodonta,africana,NC_000934,
LBancient,LibNegCtrl,ELO-SJWLQ-LBancient_S84_L005_R1_001.fastq.gz,SE,hits_clonality,Elephant,Elephantidae,,Loxodonta,africana,NC_000934,0.666666667
B1ancient,ExtNegCtrl1,ELO-SJWLQ-B1ancient_S81_L005_R1_001.fastq.gz,SE,hits_unique,Elephant,Elephantidae,,Loxodonta,africana,NC_000934,1
B2ancient,ExtNegCtrl2,ELO-SJWLQ-B2ancient_S82_L005_R1_001.fastq.gz,SE,hits_unique,Elephant,Elephantidae,,Loxodonta,africana,NC_000934,1
Fossil936,CGG_1_024411,ELO-SJWLQ-936_S70_L005_R1_001.fastq.gz,SE,hits_unique,Elephant,Elephantidae,,Loxodonta,africana,NC_000934,100
IBancient,indexPCRNegCtrl,ELO-SJWLQ-IBancient_S83_L005_R1_001.fastq.gz,SE,hits_unique,Elephant,Elephantidae,,Loxodonta,africana,NC_000934,0
LBancient,LibNegCtrl,ELO-SJWLQ-LBancient_S84_L005_R1_001.fastq.gz,SE,hits_unique,Elephant,Elephantidae,,Loxodonta,africana,NC_000934,1
B1ancient,ExtNegCtrl1,ELO-SJWLQ-B1ancient_S81_L005_R1_001.fastq.gz,SE,hits_unique_frac,Elephant,Elephantidae,,Loxodonta,africana,NC_000934,0.000000988
B2ancient,ExtNegCtrl2,ELO-SJWLQ-B2ancient_S82_L005_R1_001.fastq.gz,SE,hits_unique_frac,Elephant,Elephantidae,,Loxodonta,africana,NC_000934,0.000000833
Fossil936,CGG_1_024411,ELO-SJWLQ-936_S70_L005_R1_001.fastq.gz,SE,hits_unique_frac,Elephant,Elephantidae,,Loxodonta,africana,NC_000934,0.0000111
IBancient,indexPCRNegCtrl,ELO-SJWLQ-IBancient_S83_L005_R1_001.fastq.gz,SE,hits_unique_frac,Elephant,Elephantidae,,Loxodonta,africana,NC_000934,0
LBancient,LibNegCtrl,ELO-SJWLQ-LBancient_S84_L005_R1_001.fastq.gz,SE,hits_unique_frac,Elephant,Elephantidae,,Loxodonta,africana,NC_000934,0.00000125
B1ancient,ExtNegCtrl1,ELO-SJWLQ-B1ancient_S81_L005_R1_001.fastq.gz,SE,hits_coverage,Elephant,Elephantidae,,Loxodonta,africana,NC_000934,0.002193763
B2ancient,ExtNegCtrl2,ELO-SJWLQ-B2ancient_S82_L005_R1_001.fastq.gz,SE,hits_coverage,Elephant,Elephantidae,,Loxodonta,africana,NC_000934,0.002193763
Fossil936,CGG_1_024411,ELO-SJWLQ-936_S70_L005_R1_001.fastq.gz,SE,hits_coverage,Elephant,Elephantidae,,Loxodonta,africana,NC_000934,0.220384205
IBancient,indexPCRNegCtrl,ELO-SJWLQ-IBancient_S83_L005_R1_001.fastq.gz,SE,hits_coverage,Elephant,Elephantidae,,Loxodonta,africana,NC_000934,0
LBancient,LibNegCtrl,ELO-SJWLQ-LBancient_S84_L005_R1_001.fastq.gz,SE,hits_coverage,Elephant,Elephantidae,,Loxodonta,africana,NC_000934,0.002193763
B1ancient,ExtNegCtrl1,ELO-SJWLQ-B1ancient_S81_L005_R1_001.fastq.gz,SE,hits_length,Elephant,Elephantidae,,Loxodonta,africana,NC_000934,37
B2ancient,ExtNegCtrl2,ELO-SJWLQ-B2ancient_S82_L005_R1_001.fastq.gz,SE,hits_length,Elephant,Elephantidae,,Loxodonta,africana,NC_000934,37
Fossil936,CGG_1_024411,ELO-SJWLQ-936_S70_L005_R1_001.fastq.gz,SE,hits_length,Elephant,Elephantidae,,Loxodonta,africana,NC_000934,37.17
IBancient,indexPCRNegCtrl,ELO-SJWLQ-IBancient_S83_L005_R1_001.fastq.gz,SE,hits_length,Elephant,Elephantidae,,Loxodonta,africana,NC_000934,
LBancient,LibNegCtrl,ELO-SJWLQ-LBancient_S84_L005_R1_001.fastq.gz,SE,hits_length,Elephant,Elephantidae,,Loxodonta,africana,NC_000934,37
B1ancient,ExtNegCtrl1,ELO-SJWLQ-B1ancient_S81_L005_R1_001.fastq.gz,SE,hits_raw,EthiopianWolf,Canidae,,Canis,simensis,MT793779,2
B2ancient,ExtNegCtrl2,ELO-SJWLQ-B2ancient_S82_L005_R1_001.fastq.gz,SE,hits_raw,EthiopianWolf,Canidae,,Canis,simensis,MT793779,2
Fossil936,CGG_1_024411,ELO-SJWLQ-936_S70_L005_R1_001.fastq.gz,SE,hits_raw,EthiopianWolf,Canidae,,Canis,simensis,MT793779,246
IBancient,indexPCRNegCtrl,ELO-SJWLQ-IBancient_S83_L005_R1_001.fastq.gz,SE,hits_raw,EthiopianWolf,Canidae,,Canis,simensis,MT793779,0
LBancient,LibNegCtrl,ELO-SJWLQ-LBancient_S84_L005_R1_001.fastq.gz,SE,hits_raw,EthiopianWolf,Canidae,,Canis,simensis,MT793779,3
B1ancient,ExtNegCtrl1,ELO-SJWLQ-B1ancient_S81_L005_R1_001.fastq.gz,SE,hits_raw_frac,EthiopianWolf,Canidae,,Canis,simensis,MT793779,0.00000198
B2ancient,ExtNegCtrl2,ELO-SJWLQ-B2ancient_S82_L005_R1_001.fastq.gz,SE,hits_raw_frac,EthiopianWolf,Canidae,,Canis,simensis,MT793779,0.00000167
Fossil936,CGG_1_024411,ELO-SJWLQ-936_S70_L005_R1_001.fastq.gz,SE,hits_raw_frac,EthiopianWolf,Canidae,,Canis,simensis,MT793779,0.0000273
IBancient,indexPCRNegCtrl,ELO-SJWLQ-IBancient_S83_L005_R1_001.fastq.gz,SE,hits_raw_frac,EthiopianWolf,Canidae,,Canis,simensis,MT793779,0
LBancient,LibNegCtrl,ELO-SJWLQ-LBancient_S84_L005_R1_001.fastq.gz,SE,hits_raw_frac,EthiopianWolf,Canidae,,Canis,simensis,MT793779,0.00000376
B1ancient,ExtNegCtrl1,ELO-SJWLQ-B1ancient_S81_L005_R1_001.fastq.gz,SE,hits_clonality,EthiopianWolf,Canidae,,Canis,simensis,MT793779,0.5
B2ancient,ExtNegCtrl2,ELO-SJWLQ-B2ancient_S82_L005_R1_001.fastq.gz,SE,hits_clonality,EthiopianWolf,Canidae,,Canis,simensis,MT793779,0
Fossil936,CGG_1_024411,ELO-SJWLQ-936_S70_L005_R1_001.fastq.gz,SE,hits_clonality,EthiopianWolf,Canidae,,Canis,simensis,MT793779,0.113821138
IBancient,indexPCRNegCtrl,ELO-SJWLQ-IBancient_S83_L005_R1_001.fastq.gz,SE,hits_clonality,EthiopianWolf,Canidae,,Canis,simensis,MT793779,
LBancient,LibNegCtrl,ELO-SJWLQ-LBancient_S84_L005_R1_001.fastq.gz,SE,hits_clonality,EthiopianWolf,Canidae,,Canis,simensis,MT793779,0.666666667
B1ancient,ExtNegCtrl1,ELO-SJWLQ-B1ancient_S81_L005_R1_001.fastq.gz,SE,hits_unique,EthiopianWolf,Canidae,,Canis,simensis,MT793779,1
B2ancient,ExtNegCtrl2,ELO-SJWLQ-B2ancient_S82_L005_R1_001.fastq.gz,SE,hits_unique,EthiopianWolf,Canidae,,Canis,simensis,MT793779,2
Fossil936,CGG_1_024411,ELO-SJWLQ-936_S70_L005_R1_001.fastq.gz,SE,hits_unique,EthiopianWolf,Canidae,,Canis,simensis,MT793779,218
IBancient,indexPCRNegCtrl,ELO-SJWLQ-IBancient_S83_L005_R1_001.fastq.gz,SE,hits_unique,EthiopianWolf,Canidae,,Canis,simensis,MT793779,0
LBancient,LibNegCtrl,ELO-SJWLQ-LBancient_S84_L005_R1_001.fastq.gz,SE,hits_unique,EthiopianWolf,Canidae,,Canis,simensis,MT793779,1
B1ancient,ExtNegCtrl1,ELO-SJWLQ-B1ancient_S81_L005_R1_001.fastq.gz,SE,hits_unique_frac,EthiopianWolf,Canidae,,Canis,simensis,MT793779,0.000000988
B2ancient,ExtNegCtrl2,ELO-SJWLQ-B2ancient_S82_L005_R1_001.fastq.gz,SE,hits_unique_frac,EthiopianWolf,Canidae,,Canis,simensis,MT793779,0.00000167
Fossil936,CGG_1_024411,ELO-SJWLQ-936_S70_L005_R1_001.fastq.gz,SE,hits_unique_frac,EthiopianWolf,Canidae,,Canis,simensis,MT793779,0.0000242
IBancient,indexPCRNegCtrl,ELO-SJWLQ-IBancient_S83_L005_R1_001.fastq.gz,SE,hits_unique_frac,EthiopianWolf,Canidae,,Canis,simensis,MT793779,0
LBancient,LibNegCtrl,ELO-SJWLQ-LBancient_S84_L005_R1_001.fastq.gz,SE,hits_unique_frac,EthiopianWolf,Canidae,,Canis,simensis,MT793779,0.00000125
B1ancient,ExtNegCtrl1,ELO-SJWLQ-B1ancient_S81_L005_R1_001.fastq.gz,SE,hits_coverage,EthiopianWolf,Canidae,,Canis,simensis,MT793779,0.002218757
B2ancient,ExtNegCtrl2,ELO-SJWLQ-B2ancient_S82_L005_R1_001.fastq.gz,SE,hits_coverage,EthiopianWolf,Canidae,,Canis,simensis,MT793779,0.004197649
Fossil936,CGG_1_024411,ELO-SJWLQ-936_S70_L005_R1_001.fastq.gz,SE,hits_coverage,EthiopianWolf,Canidae,,Canis,simensis,MT793779,0.501199328
IBancient,indexPCRNegCtrl,ELO-SJWLQ-IBancient_S83_L005_R1_001.fastq.gz,SE,hits_coverage,EthiopianWolf,Canidae,,Canis,simensis,MT793779,0
LBancient,LibNegCtrl,ELO-SJWLQ-LBancient_S84_L005_R1_001.fastq.gz,SE,hits_coverage,EthiopianWolf,Canidae,,Canis,simensis,MT793779,0.002218757
B1ancient,ExtNegCtrl1,ELO-SJWLQ-B1ancient_S81_L005_R1_001.fastq.gz,SE,hits_length,EthiopianWolf,Canidae,,Canis,simensis,MT793779,37
B2ancient,ExtNegCtrl2,ELO-SJWLQ-B2ancient_S82_L005_R1_001.fastq.gz,SE,hits_length,EthiopianWolf,Canidae,,Canis,simensis,MT793779,35
Fossil936,CGG_1_024411,ELO-SJWLQ-936_S70_L005_R1_001.fastq.gz,SE,hits_length,EthiopianWolf,Canidae,,Canis,simensis,MT793779,38.33944954
IBancient,indexPCRNegCtrl,ELO-SJWLQ-IBancient_S83_L005_R1_001.fastq.gz,SE,hits_length,EthiopianWolf,Canidae,,Canis,simensis,MT793779,
LBancient,LibNegCtrl,ELO-SJWLQ-LBancient_S84_L005_R1_001.fastq.gz,SE,hits_length,EthiopianWolf,Canidae,,Canis,simensis,MT793779,37
B1ancient,ExtNegCtrl1,ELO-SJWLQ-B1ancient_S81_L005_R1_001.fastq.gz,SE,hits_raw,GazelleGrants,Bovidae,Antilopini,Nanger,granti,JN632666,2
B2ancient,ExtNegCtrl2,ELO-SJWLQ-B2ancient_S82_L005_R1_001.fastq.gz,SE,hits_raw,GazelleGrants,Bovidae,Antilopini,Nanger,granti,JN632666,2
Fossil936,CGG_1_024411,ELO-SJWLQ-936_S70_L005_R1_001.fastq.gz,SE,hits_raw,GazelleGrants,Bovidae,Antilopini,Nanger,granti,JN632666,875
IBancient,indexPCRNegCtrl,ELO-SJWLQ-IBancient_S83_L005_R1_001.fastq.gz,SE,hits_raw,GazelleGrants,Bovidae,Antilopini,Nanger,granti,JN632666,0
LBancient,LibNegCtrl,ELO-SJWLQ-LBancient_S84_L005_R1_001.fastq.gz,SE,hits_raw,GazelleGrants,Bovidae,Antilopini,Nanger,granti,JN632666,4
B1ancient,ExtNegCtrl1,ELO-SJWLQ-B1ancient_S81_L005_R1_001.fastq.gz,SE,hits_raw_frac,GazelleGrants,Bovidae,Antilopini,Nanger,granti,JN632666,0.00000198
B2ancient,ExtNegCtrl2,ELO-SJWLQ-B2ancient_S82_L005_R1_001.fastq.gz,SE,hits_raw_frac,GazelleGrants,Bovidae,Antilopini,Nanger,granti,JN632666,0.00000167
Fossil936,CGG_1_024411,ELO-SJWLQ-936_S70_L005_R1_001.fastq.gz,SE,hits_raw_frac,GazelleGrants,Bovidae,Antilopini,Nanger,granti,JN632666,0.0000972
IBancient,indexPCRNegCtrl,ELO-SJWLQ-IBancient_S83_L005_R1_001.fastq.gz,SE,hits_raw_frac,GazelleGrants,Bovidae,Antilopini,Nanger,granti,JN632666,0
LBancient,LibNegCtrl,ELO-SJWLQ-LBancient_S84_L005_R1_001.fastq.gz,SE,hits_raw_frac,GazelleGrants,Bovidae,Antilopini,Nanger,granti,JN632666,0.00000502
B1ancient,ExtNegCtrl1,ELO-SJWLQ-B1ancient_S81_L005_R1_001.fastq.gz,SE,hits_clonality,GazelleGrants,Bovidae,Antilopini,Nanger,granti,JN632666,0.5
B2ancient,ExtNegCtrl2,ELO-SJWLQ-B2ancient_S82_L005_R1_001.fastq.gz,SE,hits_clonality,GazelleGrants,Bovidae,Antilopini,Nanger,granti,JN632666,0
Fossil936,CGG_1_024411,ELO-SJWLQ-936_S70_L005_R1_001.fastq.gz,SE,hits_clonality,GazelleGrants,Bovidae,Antilopini,Nanger,granti,JN632666,0.108571429
IBancient,indexPCRNegCtrl,ELO-SJWLQ-IBancient_S83_L005_R1_001.fastq.gz,SE,hits_clonality,GazelleGrants,Bovidae,Antilopini,Nanger,granti,JN632666,
LBancient,LibNegCtrl,ELO-SJWLQ-LBancient_S84_L005_R1_001.fastq.gz,SE,hits_clonality,GazelleGrants,Bovidae,Antilopini,Nanger,granti,JN632666,0.5
B1ancient,ExtNegCtrl1,ELO-SJWLQ-B1ancient_S81_L005_R1_001.fastq.gz,SE,hits_unique,GazelleGrants,Bovidae,Antilopini,Nanger,granti,JN632666,1
B2ancient,ExtNegCtrl2,ELO-SJWLQ-B2ancient_S82_L005_R1_001.fastq.gz,SE,hits_unique,GazelleGrants,Bovidae,Antilopini,Nanger,granti,JN632666,2
Fossil936,CGG_1_024411,ELO-SJWLQ-936_S70_L005_R1_001.fastq.gz,SE,hits_unique,GazelleGrants,Bovidae,Antilopini,Nanger,granti,JN632666,780
IBancient,indexPCRNegCtrl,ELO-SJWLQ-IBancient_S83_L005_R1_001.fastq.gz,SE,hits_unique,GazelleGrants,Bovidae,Antilopini,Nanger,granti,JN632666,0
LBancient,LibNegCtrl,ELO-SJWLQ-LBancient_S84_L005_R1_001.fastq.gz,SE,hits_unique,GazelleGrants,Bovidae,Antilopini,Nanger,granti,JN632666,2
B1ancient,ExtNegCtrl1,ELO-SJWLQ-B1ancient_S81_L005_R1_001.fastq.gz,SE,hits_unique_frac,GazelleGrants,Bovidae,Antilopini,Nanger,granti,JN632666,0.000000988
B2ancient,ExtNegCtrl2,ELO-SJWLQ-B2ancient_S82_L005_R1_001.fastq.gz,SE,hits_unique_frac,GazelleGrants,Bovidae,Antilopini,Nanger,granti,JN632666,0.00000167
Fossil936,CGG_1_024411,ELO-SJWLQ-936_S70_L005_R1_001.fastq.gz,SE,hits_unique_frac,GazelleGrants,Bovidae,Antilopini,Nanger,granti,JN632666,0.0000866
IBancient,indexPCRNegCtrl,ELO-SJWLQ-IBancient_S83_L005_R1_001.fastq.gz,SE,hits_unique_frac,GazelleGrants,Bovidae,Antilopini,Nanger,granti,JN632666,0
LBancient,LibNegCtrl,ELO-SJWLQ-LBancient_S84_L005_R1_001.fastq.gz,SE,hits_unique_frac,GazelleGrants,Bovidae,Antilopini,Nanger,granti,JN632666,0.00000251
B1ancient,ExtNegCtrl1,ELO-SJWLQ-B1ancient_S81_L005_R1_001.fastq.gz,SE,hits_coverage,GazelleGrants,Bovidae,Antilopini,Nanger,granti,JN632666,0.002258714
B2ancient,ExtNegCtrl2,ELO-SJWLQ-B2ancient_S82_L005_R1_001.fastq.gz,SE,hits_coverage,GazelleGrants,Bovidae,Antilopini,Nanger,granti,JN632666,0.004273243
Fossil936,CGG_1_024411,ELO-SJWLQ-936_S70_L005_R1_001.fastq.gz,SE,hits_coverage,GazelleGrants,Bovidae,Antilopini,Nanger,granti,JN632666,1.93388682
IBancient,indexPCRNegCtrl,ELO-SJWLQ-IBancient_S83_L005_R1_001.fastq.gz,SE,hits_coverage,GazelleGrants,Bovidae,Antilopini,Nanger,granti,JN632666,0
LBancient,LibNegCtrl,ELO-SJWLQ-LBancient_S84_L005_R1_001.fastq.gz,SE,hits_coverage,GazelleGrants,Bovidae,Antilopini,Nanger,granti,JN632666,0.007142421
B1ancient,ExtNegCtrl1,ELO-SJWLQ-B1ancient_S81_L005_R1_001.fastq.gz,SE,hits_length,GazelleGrants,Bovidae,Antilopini,Nanger,granti,JN632666,37
B2ancient,ExtNegCtrl2,ELO-SJWLQ-B2ancient_S82_L005_R1_001.fastq.gz,SE,hits_length,GazelleGrants,Bovidae,Antilopini,Nanger,granti,JN632666,35
Fossil936,CGG_1_024411,ELO-SJWLQ-936_S70_L005_R1_001.fastq.gz,SE,hits_length,GazelleGrants,Bovidae,Antilopini,Nanger,granti,JN632666,40.61410256
IBancient,indexPCRNegCtrl,ELO-SJWLQ-IBancient_S83_L005_R1_001.fastq.gz,SE,hits_length,GazelleGrants,Bovidae,Antilopini,Nanger,granti,JN632666,
LBancient,LibNegCtrl,ELO-SJWLQ-LBancient_S84_L005_R1_001.fastq.gz,SE,hits_length,GazelleGrants,Bovidae,Antilopini,Nanger,granti,JN632666,58.5
B1ancient,ExtNegCtrl1,ELO-SJWLQ-B1ancient_S81_L005_R1_001.fastq.gz,SE,hits_raw,Gerenuk,Bovidae,Antilopini,Litocranius,walleri,JN632653,2
B2ancient,ExtNegCtrl2,ELO-SJWLQ-B2ancient_S82_L005_R1_001.fastq.gz,SE,hits_raw,Gerenuk,Bovidae,Antilopini,Litocranius,walleri,JN632653,2
Fossil936,CGG_1_024411,ELO-SJWLQ-936_S70_L005_R1_001.fastq.gz,SE,hits_raw,Gerenuk,Bovidae,Antilopini,Litocranius,walleri,JN632653,984
IBancient,indexPCRNegCtrl,ELO-SJWLQ-IBancient_S83_L005_R1_001.fastq.gz,SE,hits_raw,Gerenuk,Bovidae,Antilopini,Litocranius,walleri,JN632653,0
LBancient,LibNegCtrl,ELO-SJWLQ-LBancient_S84_L005_R1_001.fastq.gz,SE,hits_raw,Gerenuk,Bovidae,Antilopini,Litocranius,walleri,JN632653,4
B1ancient,ExtNegCtrl1,ELO-SJWLQ-B1ancient_S81_L005_R1_001.fastq.gz,SE,hits_raw_frac,Gerenuk,Bovidae,Antilopini,Litocranius,walleri,JN632653,0.00000198
B2ancient,ExtNegCtrl2,ELO-SJWLQ-B2ancient_S82_L005_R1_001.fastq.gz,SE,hits_raw_frac,Gerenuk,Bovidae,Antilopini,Litocranius,walleri,JN632653,0.00000167
Fossil936,CGG_1_024411,ELO-SJWLQ-936_S70_L005_R1_001.fastq.gz,SE,hits_raw_frac,Gerenuk,Bovidae,Antilopini,Litocranius,walleri,JN632653,0.000109268
IBancient,indexPCRNegCtrl,ELO-SJWLQ-IBancient_S83_L005_R1_001.fastq.gz,SE,hits_raw_frac,Gerenuk,Bovidae,Antilopini,Litocranius,walleri,JN632653,0
LBancient,LibNegCtrl,ELO-SJWLQ-LBancient_S84_L005_R1_001.fastq.gz,SE,hits_raw_frac,Gerenuk,Bovidae,Antilopini,Litocranius,walleri,JN632653,0.00000502
B1ancient,ExtNegCtrl1,ELO-SJWLQ-B1ancient_S81_L005_R1_001.fastq.gz,SE,hits_clonality,Gerenuk,Bovidae,Antilopini,Litocranius,walleri,JN632653,0.5
B2ancient,ExtNegCtrl2,ELO-SJWLQ-B2ancient_S82_L005_R1_001.fastq.gz,SE,hits_clonality,Gerenuk,Bovidae,Antilopini,Litocranius,walleri,JN632653,0
Fossil936,CGG_1_024411,ELO-SJWLQ-936_S70_L005_R1_001.fastq.gz,SE,hits_clonality,Gerenuk,Bovidae,Antilopini,Litocranius,walleri,JN632653,0.102642276
IBancient,indexPCRNegCtrl,ELO-SJWLQ-IBancient_S83_L005_R1_001.fastq.gz,SE,hits_clonality,Gerenuk,Bovidae,Antilopini,Litocranius,walleri,JN632653,
LBancient,LibNegCtrl,ELO-SJWLQ-LBancient_S84_L005_R1_001.fastq.gz,SE,hits_clonality,Gerenuk,Bovidae,Antilopini,Litocranius,walleri,JN632653,0.5
B1ancient,ExtNegCtrl1,ELO-SJWLQ-B1ancient_S81_L005_R1_001.fastq.gz,SE,hits_unique,Gerenuk,Bovidae,Antilopini,Litocranius,walleri,JN632653,1
B2ancient,ExtNegCtrl2,ELO-SJWLQ-B2ancient_S82_L005_R1_001.fastq.gz,SE,hits_unique,Gerenuk,Bovidae,Antilopini,Litocranius,walleri,JN632653,2
Fossil936,CGG_1_024411,ELO-SJWLQ-936_S70_L005_R1_001.fastq.gz,SE,hits_unique,Gerenuk,Bovidae,Antilopini,Litocranius,walleri,JN632653,883
IBancient,indexPCRNegCtrl,ELO-SJWLQ-IBancient_S83_L005_R1_001.fastq.gz,SE,hits_unique,Gerenuk,Bovidae,Antilopini,Litocranius,walleri,JN632653,0
LBancient,LibNegCtrl,ELO-SJWLQ-LBancient_S84_L005_R1_001.fastq.gz,SE,hits_unique,Gerenuk,Bovidae,Antilopini,Litocranius,walleri,JN632653,2
B1ancient,ExtNegCtrl1,ELO-SJWLQ-B1ancient_S81_L005_R1_001.fastq.gz,SE,hits_unique_frac,Gerenuk,Bovidae,Antilopini,Litocranius,walleri,JN632653,0.000000988
B2ancient,ExtNegCtrl2,ELO-SJWLQ-B2ancient_S82_L005_R1_001.fastq.gz,SE,hits_unique_frac,Gerenuk,Bovidae,Antilopini,Litocranius,walleri,JN632653,0.00000167
Fossil936,CGG_1_024411,ELO-SJWLQ-936_S70_L005_R1_001.fastq.gz,SE,hits_unique_frac,Gerenuk,Bovidae,Antilopini,Litocranius,walleri,JN632653,0.0000981
IBancient,indexPCRNegCtrl,ELO-SJWLQ-IBancient_S83_L005_R1_001.fastq.gz,SE,hits_unique_frac,Gerenuk,Bovidae,Antilopini,Litocranius,walleri,JN632653,0
LBancient,LibNegCtrl,ELO-SJWLQ-LBancient_S84_L005_R1_001.fastq.gz,SE,hits_unique_frac,Gerenuk,Bovidae,Antilopini,Litocranius,walleri,JN632653,0.00000251
B1ancient,ExtNegCtrl1,ELO-SJWLQ-B1ancient_S81_L005_R1_001.fastq.gz,SE,hits_coverage,Gerenuk,Bovidae,Antilopini,Litocranius,walleri,JN632653,0.002250882
B2ancient,ExtNegCtrl2,ELO-SJWLQ-B2ancient_S82_L005_R1_001.fastq.gz,SE,hits_coverage,Gerenuk,Bovidae,Antilopini,Litocranius,walleri,JN632653,0.004258426
Fossil936,CGG_1_024411,ELO-SJWLQ-936_S70_L005_R1_001.fastq.gz,SE,hits_coverage,Gerenuk,Bovidae,Antilopini,Litocranius,walleri,JN632653,2.209514539
IBancient,indexPCRNegCtrl,ELO-SJWLQ-IBancient_S83_L005_R1_001.fastq.gz,SE,hits_coverage,Gerenuk,Bovidae,Antilopini,Litocranius,walleri,JN632653,0
LBancient,LibNegCtrl,ELO-SJWLQ-LBancient_S84_L005_R1_001.fastq.gz,SE,hits_coverage,Gerenuk,Bovidae,Antilopini,Litocranius,walleri,JN632653,0.007117654
B1ancient,ExtNegCtrl1,ELO-SJWLQ-B1ancient_S81_L005_R1_001.fastq.gz,SE,hits_length,Gerenuk,Bovidae,Antilopini,Litocranius,walleri,JN632653,37
B2ancient,ExtNegCtrl2,ELO-SJWLQ-B2ancient_S82_L005_R1_001.fastq.gz,SE,hits_length,Gerenuk,Bovidae,Antilopini,Litocranius,walleri,JN632653,35
Fossil936,CGG_1_024411,ELO-SJWLQ-936_S70_L005_R1_001.fastq.gz,SE,hits_length,Gerenuk,Bovidae,Antilopini,Litocranius,walleri,JN632653,41.13250283
IBancient,indexPCRNegCtrl,ELO-SJWLQ-IBancient_S83_L005_R1_001.fastq.gz,SE,hits_length,Gerenuk,Bovidae,Antilopini,Litocranius,walleri,JN632653,
LBancient,LibNegCtrl,ELO-SJWLQ-LBancient_S84_L005_R1_001.fastq.gz,SE,hits_length,Gerenuk,Bovidae,Antilopini,Litocranius,walleri,JN632653,58.5
B1ancient,ExtNegCtrl1,ELO-SJWLQ-B1ancient_S81_L005_R1_001.fastq.gz,SE,hits_raw,Giraffe,Giraffidae,,Giraffa,camelopardalis,JN632645,2
B2ancient,ExtNegCtrl2,ELO-SJWLQ-B2ancient_S82_L005_R1_001.fastq.gz,SE,hits_raw,Giraffe,Giraffidae,,Giraffa,camelopardalis,JN632645,2
Fossil936,CGG_1_024411,ELO-SJWLQ-936_S70_L005_R1_001.fastq.gz,SE,hits_raw,Giraffe,Giraffidae,,Giraffa,camelopardalis,JN632645,736
IBancient,indexPCRNegCtrl,ELO-SJWLQ-IBancient_S83_L005_R1_001.fastq.gz,SE,hits_raw,Giraffe,Giraffidae,,Giraffa,camelopardalis,JN632645,0
LBancient,LibNegCtrl,ELO-SJWLQ-LBancient_S84_L005_R1_001.fastq.gz,SE,hits_raw,Giraffe,Giraffidae,,Giraffa,camelopardalis,JN632645,4
B1ancient,ExtNegCtrl1,ELO-SJWLQ-B1ancient_S81_L005_R1_001.fastq.gz,SE,hits_raw_frac,Giraffe,Giraffidae,,Giraffa,camelopardalis,JN632645,0.00000198
B2ancient,ExtNegCtrl2,ELO-SJWLQ-B2ancient_S82_L005_R1_001.fastq.gz,SE,hits_raw_frac,Giraffe,Giraffidae,,Giraffa,camelopardalis,JN632645,0.00000167
Fossil936,CGG_1_024411,ELO-SJWLQ-936_S70_L005_R1_001.fastq.gz,SE,hits_raw_frac,Giraffe,Giraffidae,,Giraffa,camelopardalis,JN632645,0.0000817
IBancient,indexPCRNegCtrl,ELO-SJWLQ-IBancient_S83_L005_R1_001.fastq.gz,SE,hits_raw_frac,Giraffe,Giraffidae,,Giraffa,camelopardalis,JN632645,0
LBancient,LibNegCtrl,ELO-SJWLQ-LBancient_S84_L005_R1_001.fastq.gz,SE,hits_raw_frac,Giraffe,Giraffidae,,Giraffa,camelopardalis,JN632645,0.00000502
B1ancient,ExtNegCtrl1,ELO-SJWLQ-B1ancient_S81_L005_R1_001.fastq.gz,SE,hits_clonality,Giraffe,Giraffidae,,Giraffa,camelopardalis,JN632645,0.5
B2ancient,ExtNegCtrl2,ELO-SJWLQ-B2ancient_S82_L005_R1_001.fastq.gz,SE,hits_clonality,Giraffe,Giraffidae,,Giraffa,camelopardalis,JN632645,0
Fossil936,CGG_1_024411,ELO-SJWLQ-936_S70_L005_R1_001.fastq.gz,SE,hits_clonality,Giraffe,Giraffidae,,Giraffa,camelopardalis,JN632645,0.125
IBancient,indexPCRNegCtrl,ELO-SJWLQ-IBancient_S83_L005_R1_001.fastq.gz,SE,hits_clonality,Giraffe,Giraffidae,,Giraffa,camelopardalis,JN632645,
LBancient,LibNegCtrl,ELO-SJWLQ-LBancient_S84_L005_R1_001.fastq.gz,SE,hits_clonality,Giraffe,Giraffidae,,Giraffa,camelopardalis,JN632645,0.5
B1ancient,ExtNegCtrl1,ELO-SJWLQ-B1ancient_S81_L005_R1_001.fastq.gz,SE,hits_unique,Giraffe,Giraffidae,,Giraffa,camelopardalis,JN632645,1
B2ancient,ExtNegCtrl2,ELO-SJWLQ-B2ancient_S82_L005_R1_001.fastq.gz,SE,hits_unique,Giraffe,Giraffidae,,Giraffa,camelopardalis,JN632645,2
Fossil936,CGG_1_024411,ELO-SJWLQ-936_S70_L005_R1_001.fastq.gz,SE,hits_unique,Giraffe,Giraffidae,,Giraffa,camelopardalis,JN632645,644
IBancient,indexPCRNegCtrl,ELO-SJWLQ-IBancient_S83_L005_R1_001.fastq.gz,SE,hits_unique,Giraffe,Giraffidae,,Giraffa,camelopardalis,JN632645,0
LBancient,LibNegCtrl,ELO-SJWLQ-LBancient_S84_L005_R1_001.fastq.gz,SE,hits_unique,Giraffe,Giraffidae,,Giraffa,camelopardalis,JN632645,2
B1ancient,ExtNegCtrl1,ELO-SJWLQ-B1ancient_S81_L005_R1_001.fastq.gz,SE,hits_unique_frac,Giraffe,Giraffidae,,Giraffa,camelopardalis,JN632645,0.000000988
B2ancient,ExtNegCtrl2,ELO-SJWLQ-B2ancient_S82_L005_R1_001.fastq.gz,SE,hits_unique_frac,Giraffe,Giraffidae,,Giraffa,camelopardalis,JN632645,0.00000167
Fossil936,CGG_1_024411,ELO-SJWLQ-936_S70_L005_R1_001.fastq.gz,SE,hits_unique_frac,Giraffe,Giraffidae,,Giraffa,camelopardalis,JN632645,0.0000715
IBancient,indexPCRNegCtrl,ELO-SJWLQ-IBancient_S83_L005_R1_001.fastq.gz,SE,hits_unique_frac,Giraffe,Giraffidae,,Giraffa,camelopardalis,JN632645,0
LBancient,LibNegCtrl,ELO-SJWLQ-LBancient_S84_L005_R1_001.fastq.gz,SE,hits_unique_frac,Giraffe,Giraffidae,,Giraffa,camelopardalis,JN632645,0.00000251
B1ancient,ExtNegCtrl1,ELO-SJWLQ-B1ancient_S81_L005_R1_001.fastq.gz,SE,hits_coverage,Giraffe,Giraffidae,,Giraffa,camelopardalis,JN632645,0.002251567
B2ancient,ExtNegCtrl2,ELO-SJWLQ-B2ancient_S82_L005_R1_001.fastq.gz,SE,hits_coverage,Giraffe,Giraffidae,,Giraffa,camelopardalis,JN632645,0.004259721
Fossil936,CGG_1_024411,ELO-SJWLQ-936_S70_L005_R1_001.fastq.gz,SE,hits_coverage,Giraffe,Giraffidae,,Giraffa,camelopardalis,JN632645,1.569768149
IBancient,indexPCRNegCtrl,ELO-SJWLQ-IBancient_S83_L005_R1_001.fastq.gz,SE,hits_coverage,Giraffe,Giraffidae,,Giraffa,camelopardalis,JN632645,0
LBancient,LibNegCtrl,ELO-SJWLQ-LBancient_S84_L005_R1_001.fastq.gz,SE,hits_coverage,Giraffe,Giraffidae,,Giraffa,camelopardalis,JN632645,0.007058967
B1ancient,ExtNegCtrl1,ELO-SJWLQ-B1ancient_S81_L005_R1_001.fastq.gz,SE,hits_length,Giraffe,Giraffidae,,Giraffa,camelopardalis,JN632645,37
B2ancient,ExtNegCtrl2,ELO-SJWLQ-B2ancient_S82_L005_R1_001.fastq.gz,SE,hits_length,Giraffe,Giraffidae,,Giraffa,camelopardalis,JN632645,35
Fossil936,CGG_1_024411,ELO-SJWLQ-936_S70_L005_R1_001.fastq.gz,SE,hits_length,Giraffe,Giraffidae,,Giraffa,camelopardalis,JN632645,40.05590062
IBancient,indexPCRNegCtrl,ELO-SJWLQ-IBancient_S83_L005_R1_001.fastq.gz,SE,hits_length,Giraffe,Giraffidae,,Giraffa,camelopardalis,JN632645,
LBancient,LibNegCtrl,ELO-SJWLQ-LBancient_S84_L005_R1_001.fastq.gz,SE,hits_length,Giraffe,Giraffidae,,Giraffa,camelopardalis,JN632645,58
B1ancient,ExtNegCtrl1,ELO-SJWLQ-B1ancient_S81_L005_R1_001.fastq.gz,SE,hits_raw,Goat,Bovidae,Caprini,Capra,hircus,NC_005044,2
B2ancient,ExtNegCtrl2,ELO-SJWLQ-B2ancient_S82_L005_R1_001.fastq.gz,SE,hits_raw,Goat,Bovidae,Caprini,Capra,hircus,NC_005044,3
Fossil936,CGG_1_024411,ELO-SJWLQ-936_S70_L005_R1_001.fastq.gz,SE,hits_raw,Goat,Bovidae,Caprini,Capra,hircus,NC_005044,1090
IBancient,indexPCRNegCtrl,ELO-SJWLQ-IBancient_S83_L005_R1_001.fastq.gz,SE,hits_raw,Goat,Bovidae,Caprini,Capra,hircus,NC_005044,0
LBancient,LibNegCtrl,ELO-SJWLQ-LBancient_S84_L005_R1_001.fastq.gz,SE,hits_raw,Goat,Bovidae,Caprini,Capra,hircus,NC_005044,4
B1ancient,ExtNegCtrl1,ELO-SJWLQ-B1ancient_S81_L005_R1_001.fastq.gz,SE,hits_raw_frac,Goat,Bovidae,Caprini,Capra,hircus,NC_005044,0.00000198
B2ancient,ExtNegCtrl2,ELO-SJWLQ-B2ancient_S82_L005_R1_001.fastq.gz,SE,hits_raw_frac,Goat,Bovidae,Caprini,Capra,hircus,NC_005044,0.0000025
Fossil936,CGG_1_024411,ELO-SJWLQ-936_S70_L005_R1_001.fastq.gz,SE,hits_raw_frac,Goat,Bovidae,Caprini,Capra,hircus,NC_005044,0.000121039
IBancient,indexPCRNegCtrl,ELO-SJWLQ-IBancient_S83_L005_R1_001.fastq.gz,SE,hits_raw_frac,Goat,Bovidae,Caprini,Capra,hircus,NC_005044,0
LBancient,LibNegCtrl,ELO-SJWLQ-LBancient_S84_L005_R1_001.fastq.gz,SE,hits_raw_frac,Goat,Bovidae,Caprini,Capra,hircus,NC_005044,0.00000502
B1ancient,ExtNegCtrl1,ELO-SJWLQ-B1ancient_S81_L005_R1_001.fastq.gz,SE,hits_clonality,Goat,Bovidae,Caprini,Capra,hircus,NC_005044,0.5
B2ancient,ExtNegCtrl2,ELO-SJWLQ-B2ancient_S82_L005_R1_001.fastq.gz,SE,hits_clonality,Goat,Bovidae,Caprini,Capra,hircus,NC_005044,0
Fossil936,CGG_1_024411,ELO-SJWLQ-936_S70_L005_R1_001.fastq.gz,SE,hits_clonality,Goat,Bovidae,Caprini,Capra,hircus,NC_005044,0.104587156
IBancient,indexPCRNegCtrl,ELO-SJWLQ-IBancient_S83_L005_R1_001.fastq.gz,SE,hits_clonality,Goat,Bovidae,Caprini,Capra,hircus,NC_005044,
LBancient,LibNegCtrl,ELO-SJWLQ-LBancient_S84_L005_R1_001.fastq.gz,SE,hits_clonality,Goat,Bovidae,Caprini,Capra,hircus,NC_005044,0.5
B1ancient,ExtNegCtrl1,ELO-SJWLQ-B1ancient_S81_L005_R1_001.fastq.gz,SE,hits_unique,Goat,Bovidae,Caprini,Capra,hircus,NC_005044,1
B2ancient,ExtNegCtrl2,ELO-SJWLQ-B2ancient_S82_L005_R1_001.fastq.gz,SE,hits_unique,Goat,Bovidae,Caprini,Capra,hircus,NC_005044,3
Fossil936,CGG_1_024411,ELO-SJWLQ-936_S70_L005_R1_001.fastq.gz,SE,hits_unique,Goat,Bovidae,Caprini,Capra,hircus,NC_005044,976
IBancient,indexPCRNegCtrl,ELO-SJWLQ-IBancient_S83_L005_R1_001.fastq.gz,SE,hits_unique,Goat,Bovidae,Caprini,Capra,hircus,NC_005044,0
LBancient,LibNegCtrl,ELO-SJWLQ-LBancient_S84_L005_R1_001.fastq.gz,SE,hits_unique,Goat,Bovidae,Caprini,Capra,hircus,NC_005044,2
B1ancient,ExtNegCtrl1,ELO-SJWLQ-B1ancient_S81_L005_R1_001.fastq.gz,SE,hits_unique_frac,Goat,Bovidae,Caprini,Capra,hircus,NC_005044,0.000000988
B2ancient,ExtNegCtrl2,ELO-SJWLQ-B2ancient_S82_L005_R1_001.fastq.gz,SE,hits_unique_frac,Goat,Bovidae,Caprini,Capra,hircus,NC_005044,0.0000025
Fossil936,CGG_1_024411,ELO-SJWLQ-936_S70_L005_R1_001.fastq.gz,SE,hits_unique_frac,Goat,Bovidae,Caprini,Capra,hircus,NC_005044,0.00010838
IBancient,indexPCRNegCtrl,ELO-SJWLQ-IBancient_S83_L005_R1_001.fastq.gz,SE,hits_unique_frac,Goat,Bovidae,Caprini,Capra,hircus,NC_005044,0
LBancient,LibNegCtrl,ELO-SJWLQ-LBancient_S84_L005_R1_001.fastq.gz,SE,hits_unique_frac,Goat,Bovidae,Caprini,Capra,hircus,NC_005044,0.00000251
B1ancient,ExtNegCtrl1,ELO-SJWLQ-B1ancient_S81_L005_R1_001.fastq.gz,SE,hits_coverage,Goat,Bovidae,Caprini,Capra,hircus,NC_005044,0.002223157
B2ancient,ExtNegCtrl2,ELO-SJWLQ-B2ancient_S82_L005_R1_001.fastq.gz,SE,hits_coverage,Goat,Bovidae,Caprini,Capra,hircus,NC_005044,0.006489215
Fossil936,CGG_1_024411,ELO-SJWLQ-936_S70_L005_R1_001.fastq.gz,SE,hits_coverage,Goat,Bovidae,Caprini,Capra,hircus,NC_005044,2.407198221
IBancient,indexPCRNegCtrl,ELO-SJWLQ-IBancient_S83_L005_R1_001.fastq.gz,SE,hits_coverage,Goat,Bovidae,Caprini,Capra,hircus,NC_005044,0
LBancient,LibNegCtrl,ELO-SJWLQ-LBancient_S84_L005_R1_001.fastq.gz,SE,hits_coverage,Goat,Bovidae,Caprini,Capra,hircus,NC_005044,0.007029983
B1ancient,ExtNegCtrl1,ELO-SJWLQ-B1ancient_S81_L005_R1_001.fastq.gz,SE,hits_length,Goat,Bovidae,Caprini,Capra,hircus,NC_005044,37
B2ancient,ExtNegCtrl2,ELO-SJWLQ-B2ancient_S82_L005_R1_001.fastq.gz,SE,hits_length,Goat,Bovidae,Caprini,Capra,hircus,NC_005044,36
Fossil936,CGG_1_024411,ELO-SJWLQ-936_S70_L005_R1_001.fastq.gz,SE,hits_length,Goat,Bovidae,Caprini,Capra,hircus,NC_005044,41.04815574
IBancient,indexPCRNegCtrl,ELO-SJWLQ-IBancient_S83_L005_R1_001.fastq.gz,SE,hits_length,Goat,Bovidae,Caprini,Capra,hircus,NC_005044,
LBancient,LibNegCtrl,ELO-SJWLQ-LBancient_S84_L005_R1_001.fastq.gz,SE,hits_length,Goat,Bovidae,Caprini,Capra,hircus,NC_005044,58.5
B1ancient,ExtNegCtrl1,ELO-SJWLQ-B1ancient_S81_L005_R1_001.fastq.gz,SE,hits_raw,Hartebeest,Bovidae,Alceplaphini,Alcelaphus,buselaphus,NC_020676,3
B2ancient,ExtNegCtrl2,ELO-SJWLQ-B2ancient_S82_L005_R1_001.fastq.gz,SE,hits_raw,Hartebeest,Bovidae,Alceplaphini,Alcelaphus,buselaphus,NC_020676,3
Fossil936,CGG_1_024411,ELO-SJWLQ-936_S70_L005_R1_001.fastq.gz,SE,hits_raw,Hartebeest,Bovidae,Alceplaphini,Alcelaphus,buselaphus,NC_020676,1686
IBancient,indexPCRNegCtrl,ELO-SJWLQ-IBancient_S83_L005_R1_001.fastq.gz,SE,hits_raw,Hartebeest,Bovidae,Alceplaphini,Alcelaphus,buselaphus,NC_020676,0
LBancient,LibNegCtrl,ELO-SJWLQ-LBancient_S84_L005_R1_001.fastq.gz,SE,hits_raw,Hartebeest,Bovidae,Alceplaphini,Alcelaphus,buselaphus,NC_020676,4
B1ancient,ExtNegCtrl1,ELO-SJWLQ-B1ancient_S81_L005_R1_001.fastq.gz,SE,hits_raw_frac,Hartebeest,Bovidae,Alceplaphini,Alcelaphus,buselaphus,NC_020676,0.00000296
B2ancient,ExtNegCtrl2,ELO-SJWLQ-B2ancient_S82_L005_R1_001.fastq.gz,SE,hits_raw_frac,Hartebeest,Bovidae,Alceplaphini,Alcelaphus,buselaphus,NC_020676,0.0000025
Fossil936,CGG_1_024411,ELO-SJWLQ-936_S70_L005_R1_001.fastq.gz,SE,hits_raw_frac,Hartebeest,Bovidae,Alceplaphini,Alcelaphus,buselaphus,NC_020676,0.000187221
IBancient,indexPCRNegCtrl,ELO-SJWLQ-IBancient_S83_L005_R1_001.fastq.gz,SE,hits_raw_frac,Hartebeest,Bovidae,Alceplaphini,Alcelaphus,buselaphus,NC_020676,0
LBancient,LibNegCtrl,ELO-SJWLQ-LBancient_S84_L005_R1_001.fastq.gz,SE,hits_raw_frac,Hartebeest,Bovidae,Alceplaphini,Alcelaphus,buselaphus,NC_020676,0.00000502
B1ancient,ExtNegCtrl1,ELO-SJWLQ-B1ancient_S81_L005_R1_001.fastq.gz,SE,hits_clonality,Hartebeest,Bovidae,Alceplaphini,Alcelaphus,buselaphus,NC_020676,0.333333333
B2ancient,ExtNegCtrl2,ELO-SJWLQ-B2ancient_S82_L005_R1_001.fastq.gz,SE,hits_clonality,Hartebeest,Bovidae,Alceplaphini,Alcelaphus,buselaphus,NC_020676,0
Fossil936,CGG_1_024411,ELO-SJWLQ-936_S70_L005_R1_001.fastq.gz,SE,hits_clonality,Hartebeest,Bovidae,Alceplaphini,Alcelaphus,buselaphus,NC_020676,0.107354686
IBancient,indexPCRNegCtrl,ELO-SJWLQ-IBancient_S83_L005_R1_001.fastq.gz,SE,hits_clonality,Hartebeest,Bovidae,Alceplaphini,Alcelaphus,buselaphus,NC_020676,
LBancient,LibNegCtrl,ELO-SJWLQ-LBancient_S84_L005_R1_001.fastq.gz,SE,hits_clonality,Hartebeest,Bovidae,Alceplaphini,Alcelaphus,buselaphus,NC_020676,0.5
B1ancient,ExtNegCtrl1,ELO-SJWLQ-B1ancient_S81_L005_R1_001.fastq.gz,SE,hits_unique,Hartebeest,Bovidae,Alceplaphini,Alcelaphus,buselaphus,NC_020676,2
B2ancient,ExtNegCtrl2,ELO-SJWLQ-B2ancient_S82_L005_R1_001.fastq.gz,SE,hits_unique,Hartebeest,Bovidae,Alceplaphini,Alcelaphus,buselaphus,NC_020676,3
Fossil936,CGG_1_024411,ELO-SJWLQ-936_S70_L005_R1_001.fastq.gz,SE,hits_unique,Hartebeest,Bovidae,Alceplaphini,Alcelaphus,buselaphus,NC_020676,1505
IBancient,indexPCRNegCtrl,ELO-SJWLQ-IBancient_S83_L005_R1_001.fastq.gz,SE,hits_unique,Hartebeest,Bovidae,Alceplaphini,Alcelaphus,buselaphus,NC_020676,0
LBancient,LibNegCtrl,ELO-SJWLQ-LBancient_S84_L005_R1_001.fastq.gz,SE,hits_unique,Hartebeest,Bovidae,Alceplaphini,Alcelaphus,buselaphus,NC_020676,2
B1ancient,ExtNegCtrl1,ELO-SJWLQ-B1ancient_S81_L005_R1_001.fastq.gz,SE,hits_unique_frac,Hartebeest,Bovidae,Alceplaphini,Alcelaphus,buselaphus,NC_020676,0.00000198
B2ancient,ExtNegCtrl2,ELO-SJWLQ-B2ancient_S82_L005_R1_001.fastq.gz,SE,hits_unique_frac,Hartebeest,Bovidae,Alceplaphini,Alcelaphus,buselaphus,NC_020676,0.0000025
Fossil936,CGG_1_024411,ELO-SJWLQ-936_S70_L005_R1_001.fastq.gz,SE,hits_unique_frac,Hartebeest,Bovidae,Alceplaphini,Alcelaphus,buselaphus,NC_020676,0.000167122
IBancient,indexPCRNegCtrl,ELO-SJWLQ-IBancient_S83_L005_R1_001.fastq.gz,SE,hits_unique_frac,Hartebeest,Bovidae,Alceplaphini,Alcelaphus,buselaphus,NC_020676,0
LBancient,LibNegCtrl,ELO-SJWLQ-LBancient_S84_L005_R1_001.fastq.gz,SE,hits_unique_frac,Hartebeest,Bovidae,Alceplaphini,Alcelaphus,buselaphus,NC_020676,0.00000251
B1ancient,ExtNegCtrl1,ELO-SJWLQ-B1ancient_S81_L005_R1_001.fastq.gz,SE,hits_coverage,Hartebeest,Bovidae,Alceplaphini,Alcelaphus,buselaphus,NC_020676,0.00445856
B2ancient,ExtNegCtrl2,ELO-SJWLQ-B2ancient_S82_L005_R1_001.fastq.gz,SE,hits_coverage,Hartebeest,Bovidae,Alceplaphini,Alcelaphus,buselaphus,NC_020676,0.006596225
Fossil936,CGG_1_024411,ELO-SJWLQ-936_S70_L005_R1_001.fastq.gz,SE,hits_coverage,Hartebeest,Bovidae,Alceplaphini,Alcelaphus,buselaphus,NC_020676,3.859708056
IBancient,indexPCRNegCtrl,ELO-SJWLQ-IBancient_S83_L005_R1_001.fastq.gz,SE,hits_coverage,Hartebeest,Bovidae,Alceplaphini,Alcelaphus,buselaphus,NC_020676,0
LBancient,LibNegCtrl,ELO-SJWLQ-LBancient_S84_L005_R1_001.fastq.gz,SE,hits_coverage,Hartebeest,Bovidae,Alceplaphini,Alcelaphus,buselaphus,NC_020676,0.007145911
B1ancient,ExtNegCtrl1,ELO-SJWLQ-B1ancient_S81_L005_R1_001.fastq.gz,SE,hits_length,Hartebeest,Bovidae,Alceplaphini,Alcelaphus,buselaphus,NC_020676,36.5
B2ancient,ExtNegCtrl2,ELO-SJWLQ-B2ancient_S82_L005_R1_001.fastq.gz,SE,hits_length,Hartebeest,Bovidae,Alceplaphini,Alcelaphus,buselaphus,NC_020676,36
Fossil936,CGG_1_024411,ELO-SJWLQ-936_S70_L005_R1_001.fastq.gz,SE,hits_length,Hartebeest,Bovidae,Alceplaphini,Alcelaphus,buselaphus,NC_020676,41.99003322
IBancient,indexPCRNegCtrl,ELO-SJWLQ-IBancient_S83_L005_R1_001.fastq.gz,SE,hits_length,Hartebeest,Bovidae,Alceplaphini,Alcelaphus,buselaphus,NC_020676,
LBancient,LibNegCtrl,ELO-SJWLQ-LBancient_S84_L005_R1_001.fastq.gz,SE,hits_length,Hartebeest,Bovidae,Alceplaphini,Alcelaphus,buselaphus,NC_020676,58.5
B1ancient,ExtNegCtrl1,ELO-SJWLQ-B1ancient_S81_L005_R1_001.fastq.gz,SE,hits_raw,Hippopotamus,Hippopotamidae,,Hippopotamus,amphibius,NC_000889,2
B2ancient,ExtNegCtrl2,ELO-SJWLQ-B2ancient_S82_L005_R1_001.fastq.gz,SE,hits_raw,Hippopotamus,Hippopotamidae,,Hippopotamus,amphibius,NC_000889,2
Fossil936,CGG_1_024411,ELO-SJWLQ-936_S70_L005_R1_001.fastq.gz,SE,hits_raw,Hippopotamus,Hippopotamidae,,Hippopotamus,amphibius,NC_000889,298
IBancient,indexPCRNegCtrl,ELO-SJWLQ-IBancient_S83_L005_R1_001.fastq.gz,SE,hits_raw,Hippopotamus,Hippopotamidae,,Hippopotamus,amphibius,NC_000889,0
LBancient,LibNegCtrl,ELO-SJWLQ-LBancient_S84_L005_R1_001.fastq.gz,SE,hits_raw,Hippopotamus,Hippopotamidae,,Hippopotamus,amphibius,NC_000889,4
B1ancient,ExtNegCtrl1,ELO-SJWLQ-B1ancient_S81_L005_R1_001.fastq.gz,SE,hits_raw_frac,Hippopotamus,Hippopotamidae,,Hippopotamus,amphibius,NC_000889,0.00000198
B2ancient,ExtNegCtrl2,ELO-SJWLQ-B2ancient_S82_L005_R1_001.fastq.gz,SE,hits_raw_frac,Hippopotamus,Hippopotamidae,,Hippopotamus,amphibius,NC_000889,0.00000167
Fossil936,CGG_1_024411,ELO-SJWLQ-936_S70_L005_R1_001.fastq.gz,SE,hits_raw_frac,Hippopotamus,Hippopotamidae,,Hippopotamus,amphibius,NC_000889,0.0000331
IBancient,indexPCRNegCtrl,ELO-SJWLQ-IBancient_S83_L005_R1_001.fastq.gz,SE,hits_raw_frac,Hippopotamus,Hippopotamidae,,Hippopotamus,amphibius,NC_000889,0
LBancient,LibNegCtrl,ELO-SJWLQ-LBancient_S84_L005_R1_001.fastq.gz,SE,hits_raw_frac,Hippopotamus,Hippopotamidae,,Hippopotamus,amphibius,NC_000889,0.00000502
B1ancient,ExtNegCtrl1,ELO-SJWLQ-B1ancient_S81_L005_R1_001.fastq.gz,SE,hits_clonality,Hippopotamus,Hippopotamidae,,Hippopotamus,amphibius,NC_000889,0.5
B2ancient,ExtNegCtrl2,ELO-SJWLQ-B2ancient_S82_L005_R1_001.fastq.gz,SE,hits_clonality,Hippopotamus,Hippopotamidae,,Hippopotamus,amphibius,NC_000889,0
Fossil936,CGG_1_024411,ELO-SJWLQ-936_S70_L005_R1_001.fastq.gz,SE,hits_clonality,Hippopotamus,Hippopotamidae,,Hippopotamus,amphibius,NC_000889,0.093959732
IBancient,indexPCRNegCtrl,ELO-SJWLQ-IBancient_S83_L005_R1_001.fastq.gz,SE,hits_clonality,Hippopotamus,Hippopotamidae,,Hippopotamus,amphibius,NC_000889,
LBancient,LibNegCtrl,ELO-SJWLQ-LBancient_S84_L005_R1_001.fastq.gz,SE,hits_clonality,Hippopotamus,Hippopotamidae,,Hippopotamus,amphibius,NC_000889,0.5
B1ancient,ExtNegCtrl1,ELO-SJWLQ-B1ancient_S81_L005_R1_001.fastq.gz,SE,hits_unique,Hippopotamus,Hippopotamidae,,Hippopotamus,amphibius,NC_000889,1
B2ancient,ExtNegCtrl2,ELO-SJWLQ-B2ancient_S82_L005_R1_001.fastq.gz,SE,hits_unique,Hippopotamus,Hippopotamidae,,Hippopotamus,amphibius,NC_000889,2
Fossil936,CGG_1_024411,ELO-SJWLQ-936_S70_L005_R1_001.fastq.gz,SE,hits_unique,Hippopotamus,Hippopotamidae,,Hippopotamus,amphibius,NC_000889,270
IBancient,indexPCRNegCtrl,ELO-SJWLQ-IBancient_S83_L005_R1_001.fastq.gz,SE,hits_unique,Hippopotamus,Hippopotamidae,,Hippopotamus,amphibius,NC_000889,0
LBancient,LibNegCtrl,ELO-SJWLQ-LBancient_S84_L005_R1_001.fastq.gz,SE,hits_unique,Hippopotamus,Hippopotamidae,,Hippopotamus,amphibius,NC_000889,2
B1ancient,ExtNegCtrl1,ELO-SJWLQ-B1ancient_S81_L005_R1_001.fastq.gz,SE,hits_unique_frac,Hippopotamus,Hippopotamidae,,Hippopotamus,amphibius,NC_000889,0.000000988
B2ancient,ExtNegCtrl2,ELO-SJWLQ-B2ancient_S82_L005_R1_001.fastq.gz,SE,hits_unique_frac,Hippopotamus,Hippopotamidae,,Hippopotamus,amphibius,NC_000889,0.00000167
Fossil936,CGG_1_024411,ELO-SJWLQ-936_S70_L005_R1_001.fastq.gz,SE,hits_unique_frac,Hippopotamus,Hippopotamidae,,Hippopotamus,amphibius,NC_000889,0.00003
IBancient,indexPCRNegCtrl,ELO-SJWLQ-IBancient_S83_L005_R1_001.fastq.gz,SE,hits_unique_frac,Hippopotamus,Hippopotamidae,,Hippopotamus,amphibius,NC_000889,0
LBancient,LibNegCtrl,ELO-SJWLQ-LBancient_S84_L005_R1_001.fastq.gz,SE,hits_unique_frac,Hippopotamus,Hippopotamidae,,Hippopotamus,amphibius,NC_000889,0.00000251
B1ancient,ExtNegCtrl1,ELO-SJWLQ-B1ancient_S81_L005_R1_001.fastq.gz,SE,hits_coverage,Hippopotamus,Hippopotamidae,,Hippopotamus,amphibius,NC_000889,0.002255135
B2ancient,ExtNegCtrl2,ELO-SJWLQ-B2ancient_S82_L005_R1_001.fastq.gz,SE,hits_coverage,Hippopotamus,Hippopotamidae,,Hippopotamus,amphibius,NC_000889,0.004266472
Fossil936,CGG_1_024411,ELO-SJWLQ-936_S70_L005_R1_001.fastq.gz,SE,hits_coverage,Hippopotamus,Hippopotamidae,,Hippopotamus,amphibius,NC_000889,0.63753276
IBancient,indexPCRNegCtrl,ELO-SJWLQ-IBancient_S83_L005_R1_001.fastq.gz,SE,hits_coverage,Hippopotamus,Hippopotamidae,,Hippopotamus,amphibius,NC_000889,0
LBancient,LibNegCtrl,ELO-SJWLQ-LBancient_S84_L005_R1_001.fastq.gz,SE,hits_coverage,Hippopotamus,Hippopotamidae,,Hippopotamus,amphibius,NC_000889,0.007131103
B1ancient,ExtNegCtrl1,ELO-SJWLQ-B1ancient_S81_L005_R1_001.fastq.gz,SE,hits_length,Hippopotamus,Hippopotamidae,,Hippopotamus,amphibius,NC_000889,37
B2ancient,ExtNegCtrl2,ELO-SJWLQ-B2ancient_S82_L005_R1_001.fastq.gz,SE,hits_length,Hippopotamus,Hippopotamidae,,Hippopotamus,amphibius,NC_000889,35
Fossil936,CGG_1_024411,ELO-SJWLQ-936_S70_L005_R1_001.fastq.gz,SE,hits_length,Hippopotamus,Hippopotamidae,,Hippopotamus,amphibius,NC_000889,38.74074074
IBancient,indexPCRNegCtrl,ELO-SJWLQ-IBancient_S83_L005_R1_001.fastq.gz,SE,hits_length,Hippopotamus,Hippopotamidae,,Hippopotamus,amphibius,NC_000889,
LBancient,LibNegCtrl,ELO-SJWLQ-LBancient_S84_L005_R1_001.fastq.gz,SE,hits_length,Hippopotamus,Hippopotamidae,,Hippopotamus,amphibius,NC_000889,58.5
B1ancient,ExtNegCtrl1,ELO-SJWLQ-B1ancient_S81_L005_R1_001.fastq.gz,SE,hits_raw,Human,Hominidae,,Homo,sapiens,NC_012920,2
B2ancient,ExtNegCtrl2,ELO-SJWLQ-B2ancient_S82_L005_R1_001.fastq.gz,SE,hits_raw,Human,Hominidae,,Homo,sapiens,NC_012920,2
Fossil936,CGG_1_024411,ELO-SJWLQ-936_S70_L005_R1_001.fastq.gz,SE,hits_raw,Human,Hominidae,,Homo,sapiens,NC_012920,156
IBancient,indexPCRNegCtrl,ELO-SJWLQ-IBancient_S83_L005_R1_001.fastq.gz,SE,hits_raw,Human,Hominidae,,Homo,sapiens,NC_012920,0
LBancient,LibNegCtrl,ELO-SJWLQ-LBancient_S84_L005_R1_001.fastq.gz,SE,hits_raw,Human,Hominidae,,Homo,sapiens,NC_012920,4
B1ancient,ExtNegCtrl1,ELO-SJWLQ-B1ancient_S81_L005_R1_001.fastq.gz,SE,hits_raw_frac,Human,Hominidae,,Homo,sapiens,NC_012920,0.00000198
B2ancient,ExtNegCtrl2,ELO-SJWLQ-B2ancient_S82_L005_R1_001.fastq.gz,SE,hits_raw_frac,Human,Hominidae,,Homo,sapiens,NC_012920,0.00000167
Fossil936,CGG_1_024411,ELO-SJWLQ-936_S70_L005_R1_001.fastq.gz,SE,hits_raw_frac,Human,Hominidae,,Homo,sapiens,NC_012920,0.0000173
IBancient,indexPCRNegCtrl,ELO-SJWLQ-IBancient_S83_L005_R1_001.fastq.gz,SE,hits_raw_frac,Human,Hominidae,,Homo,sapiens,NC_012920,0
LBancient,LibNegCtrl,ELO-SJWLQ-LBancient_S84_L005_R1_001.fastq.gz,SE,hits_raw_frac,Human,Hominidae,,Homo,sapiens,NC_012920,0.00000502
B1ancient,ExtNegCtrl1,ELO-SJWLQ-B1ancient_S81_L005_R1_001.fastq.gz,SE,hits_clonality,Human,Hominidae,,Homo,sapiens,NC_012920,0.5
B2ancient,ExtNegCtrl2,ELO-SJWLQ-B2ancient_S82_L005_R1_001.fastq.gz,SE,hits_clonality,Human,Hominidae,,Homo,sapiens,NC_012920,0
Fossil936,CGG_1_024411,ELO-SJWLQ-936_S70_L005_R1_001.fastq.gz,SE,hits_clonality,Human,Hominidae,,Homo,sapiens,NC_012920,0.121794872
IBancient,indexPCRNegCtrl,ELO-SJWLQ-IBancient_S83_L005_R1_001.fastq.gz,SE,hits_clonality,Human,Hominidae,,Homo,sapiens,NC_012920,
LBancient,LibNegCtrl,ELO-SJWLQ-LBancient_S84_L005_R1_001.fastq.gz,SE,hits_clonality,Human,Hominidae,,Homo,sapiens,NC_012920,0.5
B1ancient,ExtNegCtrl1,ELO-SJWLQ-B1ancient_S81_L005_R1_001.fastq.gz,SE,hits_unique,Human,Hominidae,,Homo,sapiens,NC_012920,1
B2ancient,ExtNegCtrl2,ELO-SJWLQ-B2ancient_S82_L005_R1_001.fastq.gz,SE,hits_unique,Human,Hominidae,,Homo,sapiens,NC_012920,2
Fossil936,CGG_1_024411,ELO-SJWLQ-936_S70_L005_R1_001.fastq.gz,SE,hits_unique,Human,Hominidae,,Homo,sapiens,NC_012920,137
IBancient,indexPCRNegCtrl,ELO-SJWLQ-IBancient_S83_L005_R1_001.fastq.gz,SE,hits_unique,Human,Hominidae,,Homo,sapiens,NC_012920,0
LBancient,LibNegCtrl,ELO-SJWLQ-LBancient_S84_L005_R1_001.fastq.gz,SE,hits_unique,Human,Hominidae,,Homo,sapiens,NC_012920,2
B1ancient,ExtNegCtrl1,ELO-SJWLQ-B1ancient_S81_L005_R1_001.fastq.gz,SE,hits_unique_frac,Human,Hominidae,,Homo,sapiens,NC_012920,0.000000988
B2ancient,ExtNegCtrl2,ELO-SJWLQ-B2ancient_S82_L005_R1_001.fastq.gz,SE,hits_unique_frac,Human,Hominidae,,Homo,sapiens,NC_012920,0.00000167
Fossil936,CGG_1_024411,ELO-SJWLQ-936_S70_L005_R1_001.fastq.gz,SE,hits_unique_frac,Human,Hominidae,,Homo,sapiens,NC_012920,0.0000152
IBancient,indexPCRNegCtrl,ELO-SJWLQ-IBancient_S83_L005_R1_001.fastq.gz,SE,hits_unique_frac,Human,Hominidae,,Homo,sapiens,NC_012920,0
LBancient,LibNegCtrl,ELO-SJWLQ-LBancient_S84_L005_R1_001.fastq.gz,SE,hits_unique_frac,Human,Hominidae,,Homo,sapiens,NC_012920,0.00000251
B1ancient,ExtNegCtrl1,ELO-SJWLQ-B1ancient_S81_L005_R1_001.fastq.gz,SE,hits_coverage,Human,Hominidae,,Homo,sapiens,NC_012920,0.002233086
B2ancient,ExtNegCtrl2,ELO-SJWLQ-B2ancient_S82_L005_R1_001.fastq.gz,SE,hits_coverage,Human,Hominidae,,Homo,sapiens,NC_012920,0.004224757
Fossil936,CGG_1_024411,ELO-SJWLQ-936_S70_L005_R1_001.fastq.gz,SE,hits_coverage,Human,Hominidae,,Homo,sapiens,NC_012920,0.31257167
IBancient,indexPCRNegCtrl,ELO-SJWLQ-IBancient_S83_L005_R1_001.fastq.gz,SE,hits_coverage,Human,Hominidae,,Homo,sapiens,NC_012920,0
LBancient,LibNegCtrl,ELO-SJWLQ-LBancient_S84_L005_R1_001.fastq.gz,SE,hits_coverage,Human,Hominidae,,Homo,sapiens,NC_012920,0.005069708
B1ancient,ExtNegCtrl1,ELO-SJWLQ-B1ancient_S81_L005_R1_001.fastq.gz,SE,hits_length,Human,Hominidae,,Homo,sapiens,NC_012920,37
B2ancient,ExtNegCtrl2,ELO-SJWLQ-B2ancient_S82_L005_R1_001.fastq.gz,SE,hits_length,Human,Hominidae,,Homo,sapiens,NC_012920,35
Fossil936,CGG_1_024411,ELO-SJWLQ-936_S70_L005_R1_001.fastq.gz,SE,hits_length,Human,Hominidae,,Homo,sapiens,NC_012920,37.80291971
IBancient,indexPCRNegCtrl,ELO-SJWLQ-IBancient_S83_L005_R1_001.fastq.gz,SE,hits_length,Human,Hominidae,,Homo,sapiens,NC_012920,
LBancient,LibNegCtrl,ELO-SJWLQ-LBancient_S84_L005_R1_001.fastq.gz,SE,hits_length,Human,Hominidae,,Homo,sapiens,NC_012920,42
B1ancient,ExtNegCtrl1,ELO-SJWLQ-B1ancient_S81_L005_R1_001.fastq.gz,SE,hits_raw,Hyena,Hyaenidae,,Crocuta,crocuta,JF894378,2
B2ancient,ExtNegCtrl2,ELO-SJWLQ-B2ancient_S82_L005_R1_001.fastq.gz,SE,hits_raw,Hyena,Hyaenidae,,Crocuta,crocuta,JF894378,1
Fossil936,CGG_1_024411,ELO-SJWLQ-936_S70_L005_R1_001.fastq.gz,SE,hits_raw,Hyena,Hyaenidae,,Crocuta,crocuta,JF894378,276
IBancient,indexPCRNegCtrl,ELO-SJWLQ-IBancient_S83_L005_R1_001.fastq.gz,SE,hits_raw,Hyena,Hyaenidae,,Crocuta,crocuta,JF894378,0
LBancient,LibNegCtrl,ELO-SJWLQ-LBancient_S84_L005_R1_001.fastq.gz,SE,hits_raw,Hyena,Hyaenidae,,Crocuta,crocuta,JF894378,3
B1ancient,ExtNegCtrl1,ELO-SJWLQ-B1ancient_S81_L005_R1_001.fastq.gz,SE,hits_raw_frac,Hyena,Hyaenidae,,Crocuta,crocuta,JF894378,0.00000198
B2ancient,ExtNegCtrl2,ELO-SJWLQ-B2ancient_S82_L005_R1_001.fastq.gz,SE,hits_raw_frac,Hyena,Hyaenidae,,Crocuta,crocuta,JF894378,0.000000833
Fossil936,CGG_1_024411,ELO-SJWLQ-936_S70_L005_R1_001.fastq.gz,SE,hits_raw_frac,Hyena,Hyaenidae,,Crocuta,crocuta,JF894378,0.0000306
IBancient,indexPCRNegCtrl,ELO-SJWLQ-IBancient_S83_L005_R1_001.fastq.gz,SE,hits_raw_frac,Hyena,Hyaenidae,,Crocuta,crocuta,JF894378,0
LBancient,LibNegCtrl,ELO-SJWLQ-LBancient_S84_L005_R1_001.fastq.gz,SE,hits_raw_frac,Hyena,Hyaenidae,,Crocuta,crocuta,JF894378,0.00000376
B1ancient,ExtNegCtrl1,ELO-SJWLQ-B1ancient_S81_L005_R1_001.fastq.gz,SE,hits_clonality,Hyena,Hyaenidae,,Crocuta,crocuta,JF894378,0.5
B2ancient,ExtNegCtrl2,ELO-SJWLQ-B2ancient_S82_L005_R1_001.fastq.gz,SE,hits_clonality,Hyena,Hyaenidae,,Crocuta,crocuta,JF894378,0
Fossil936,CGG_1_024411,ELO-SJWLQ-936_S70_L005_R1_001.fastq.gz,SE,hits_clonality,Hyena,Hyaenidae,,Crocuta,crocuta,JF894378,0.105072464
IBancient,indexPCRNegCtrl,ELO-SJWLQ-IBancient_S83_L005_R1_001.fastq.gz,SE,hits_clonality,Hyena,Hyaenidae,,Crocuta,crocuta,JF894378,
LBancient,LibNegCtrl,ELO-SJWLQ-LBancient_S84_L005_R1_001.fastq.gz,SE,hits_clonality,Hyena,Hyaenidae,,Crocuta,crocuta,JF894378,0.666666667
B1ancient,ExtNegCtrl1,ELO-SJWLQ-B1ancient_S81_L005_R1_001.fastq.gz,SE,hits_unique,Hyena,Hyaenidae,,Crocuta,crocuta,JF894378,1
B2ancient,ExtNegCtrl2,ELO-SJWLQ-B2ancient_S82_L005_R1_001.fastq.gz,SE,hits_unique,Hyena,Hyaenidae,,Crocuta,crocuta,JF894378,1
Fossil936,CGG_1_024411,ELO-SJWLQ-936_S70_L005_R1_001.fastq.gz,SE,hits_unique,Hyena,Hyaenidae,,Crocuta,crocuta,JF894378,247
IBancient,indexPCRNegCtrl,ELO-SJWLQ-IBancient_S83_L005_R1_001.fastq.gz,SE,hits_unique,Hyena,Hyaenidae,,Crocuta,crocuta,JF894378,0
LBancient,LibNegCtrl,ELO-SJWLQ-LBancient_S84_L005_R1_001.fastq.gz,SE,hits_unique,Hyena,Hyaenidae,,Crocuta,crocuta,JF894378,1
B1ancient,ExtNegCtrl1,ELO-SJWLQ-B1ancient_S81_L005_R1_001.fastq.gz,SE,hits_unique_frac,Hyena,Hyaenidae,,Crocuta,crocuta,JF894378,0.000000988
B2ancient,ExtNegCtrl2,ELO-SJWLQ-B2ancient_S82_L005_R1_001.fastq.gz,SE,hits_unique_frac,Hyena,Hyaenidae,,Crocuta,crocuta,JF894378,0.000000833
Fossil936,CGG_1_024411,ELO-SJWLQ-936_S70_L005_R1_001.fastq.gz,SE,hits_unique_frac,Hyena,Hyaenidae,,Crocuta,crocuta,JF894378,0.0000274
IBancient,indexPCRNegCtrl,ELO-SJWLQ-IBancient_S83_L005_R1_001.fastq.gz,SE,hits_unique_frac,Hyena,Hyaenidae,,Crocuta,crocuta,JF894378,0
LBancient,LibNegCtrl,ELO-SJWLQ-LBancient_S84_L005_R1_001.fastq.gz,SE,hits_unique_frac,Hyena,Hyaenidae,,Crocuta,crocuta,JF894378,0.00000125
B1ancient,ExtNegCtrl1,ELO-SJWLQ-B1ancient_S81_L005_R1_001.fastq.gz,SE,hits_coverage,Hyena,Hyaenidae,,Crocuta,crocuta,JF894378,0.002158945
B2ancient,ExtNegCtrl2,ELO-SJWLQ-B2ancient_S82_L005_R1_001.fastq.gz,SE,hits_coverage,Hyena,Hyaenidae,,Crocuta,crocuta,JF894378,0.002158945
Fossil936,CGG_1_024411,ELO-SJWLQ-936_S70_L005_R1_001.fastq.gz,SE,hits_coverage,Hyena,Hyaenidae,,Crocuta,crocuta,JF894378,0.55671607
IBancient,indexPCRNegCtrl,ELO-SJWLQ-IBancient_S83_L005_R1_001.fastq.gz,SE,hits_coverage,Hyena,Hyaenidae,,Crocuta,crocuta,JF894378,0
LBancient,LibNegCtrl,ELO-SJWLQ-LBancient_S84_L005_R1_001.fastq.gz,SE,hits_coverage,Hyena,Hyaenidae,,Crocuta,crocuta,JF894378,0.002158945
B1ancient,ExtNegCtrl1,ELO-SJWLQ-B1ancient_S81_L005_R1_001.fastq.gz,SE,hits_length,Hyena,Hyaenidae,,Crocuta,crocuta,JF894378,37
B2ancient,ExtNegCtrl2,ELO-SJWLQ-B2ancient_S82_L005_R1_001.fastq.gz,SE,hits_length,Hyena,Hyaenidae,,Crocuta,crocuta,JF894378,37
Fossil936,CGG_1_024411,ELO-SJWLQ-936_S70_L005_R1_001.fastq.gz,SE,hits_length,Hyena,Hyaenidae,,Crocuta,crocuta,JF894378,38.62753036
IBancient,indexPCRNegCtrl,ELO-SJWLQ-IBancient_S83_L005_R1_001.fastq.gz,SE,hits_length,Hyena,Hyaenidae,,Crocuta,crocuta,JF894378,
LBancient,LibNegCtrl,ELO-SJWLQ-LBancient_S84_L005_R1_001.fastq.gz,SE,hits_length,Hyena,Hyaenidae,,Crocuta,crocuta,JF894378,37
B1ancient,ExtNegCtrl1,ELO-SJWLQ-B1ancient_S81_L005_R1_001.fastq.gz,SE,hits_raw,IbexNubian,Bovidae,Caprini,Capra,nubiana,FJ207527,2
B2ancient,ExtNegCtrl2,ELO-SJWLQ-B2ancient_S82_L005_R1_001.fastq.gz,SE,hits_raw,IbexNubian,Bovidae,Caprini,Capra,nubiana,FJ207527,2
Fossil936,CGG_1_024411,ELO-SJWLQ-936_S70_L005_R1_001.fastq.gz,SE,hits_raw,IbexNubian,Bovidae,Caprini,Capra,nubiana,FJ207527,1110
IBancient,indexPCRNegCtrl,ELO-SJWLQ-IBancient_S83_L005_R1_001.fastq.gz,SE,hits_raw,IbexNubian,Bovidae,Caprini,Capra,nubiana,FJ207527,0
LBancient,LibNegCtrl,ELO-SJWLQ-LBancient_S84_L005_R1_001.fastq.gz,SE,hits_raw,IbexNubian,Bovidae,Caprini,Capra,nubiana,FJ207527,4
B1ancient,ExtNegCtrl1,ELO-SJWLQ-B1ancient_S81_L005_R1_001.fastq.gz,SE,hits_raw_frac,IbexNubian,Bovidae,Caprini,Capra,nubiana,FJ207527,0.00000198
B2ancient,ExtNegCtrl2,ELO-SJWLQ-B2ancient_S82_L005_R1_001.fastq.gz,SE,hits_raw_frac,IbexNubian,Bovidae,Caprini,Capra,nubiana,FJ207527,0.00000167
Fossil936,CGG_1_024411,ELO-SJWLQ-936_S70_L005_R1_001.fastq.gz,SE,hits_raw_frac,IbexNubian,Bovidae,Caprini,Capra,nubiana,FJ207527,0.00012326
IBancient,indexPCRNegCtrl,ELO-SJWLQ-IBancient_S83_L005_R1_001.fastq.gz,SE,hits_raw_frac,IbexNubian,Bovidae,Caprini,Capra,nubiana,FJ207527,0
LBancient,LibNegCtrl,ELO-SJWLQ-LBancient_S84_L005_R1_001.fastq.gz,SE,hits_raw_frac,IbexNubian,Bovidae,Caprini,Capra,nubiana,FJ207527,0.00000502
B1ancient,ExtNegCtrl1,ELO-SJWLQ-B1ancient_S81_L005_R1_001.fastq.gz,SE,hits_clonality,IbexNubian,Bovidae,Caprini,Capra,nubiana,FJ207527,0.5
B2ancient,ExtNegCtrl2,ELO-SJWLQ-B2ancient_S82_L005_R1_001.fastq.gz,SE,hits_clonality,IbexNubian,Bovidae,Caprini,Capra,nubiana,FJ207527,0
Fossil936,CGG_1_024411,ELO-SJWLQ-936_S70_L005_R1_001.fastq.gz,SE,hits_clonality,IbexNubian,Bovidae,Caprini,Capra,nubiana,FJ207527,0.107207207
IBancient,indexPCRNegCtrl,ELO-SJWLQ-IBancient_S83_L005_R1_001.fastq.gz,SE,hits_clonality,IbexNubian,Bovidae,Caprini,Capra,nubiana,FJ207527,
LBancient,LibNegCtrl,ELO-SJWLQ-LBancient_S84_L005_R1_001.fastq.gz,SE,hits_clonality,IbexNubian,Bovidae,Caprini,Capra,nubiana,FJ207527,0.5
B1ancient,ExtNegCtrl1,ELO-SJWLQ-B1ancient_S81_L005_R1_001.fastq.gz,SE,hits_unique,IbexNubian,Bovidae,Caprini,Capra,nubiana,FJ207527,1
B2ancient,ExtNegCtrl2,ELO-SJWLQ-B2ancient_S82_L005_R1_001.fastq.gz,SE,hits_unique,IbexNubian,Bovidae,Caprini,Capra,nubiana,FJ207527,2
Fossil936,CGG_1_024411,ELO-SJWLQ-936_S70_L005_R1_001.fastq.gz,SE,hits_unique,IbexNubian,Bovidae,Caprini,Capra,nubiana,FJ207527,991
IBancient,indexPCRNegCtrl,ELO-SJWLQ-IBancient_S83_L005_R1_001.fastq.gz,SE,hits_unique,IbexNubian,Bovidae,Caprini,Capra,nubiana,FJ207527,0
LBancient,LibNegCtrl,ELO-SJWLQ-LBancient_S84_L005_R1_001.fastq.gz,SE,hits_unique,IbexNubian,Bovidae,Caprini,Capra,nubiana,FJ207527,2
B1ancient,ExtNegCtrl1,ELO-SJWLQ-B1ancient_S81_L005_R1_001.fastq.gz,SE,hits_unique_frac,IbexNubian,Bovidae,Caprini,Capra,nubiana,FJ207527,0.000000988
B2ancient,ExtNegCtrl2,ELO-SJWLQ-B2ancient_S82_L005_R1_001.fastq.gz,SE,hits_unique_frac,IbexNubian,Bovidae,Caprini,Capra,nubiana,FJ207527,0.00000167
Fossil936,CGG_1_024411,ELO-SJWLQ-936_S70_L005_R1_001.fastq.gz,SE,hits_unique_frac,IbexNubian,Bovidae,Caprini,Capra,nubiana,FJ207527,0.000110045
IBancient,indexPCRNegCtrl,ELO-SJWLQ-IBancient_S83_L005_R1_001.fastq.gz,SE,hits_unique_frac,IbexNubian,Bovidae,Caprini,Capra,nubiana,FJ207527,0
LBancient,LibNegCtrl,ELO-SJWLQ-LBancient_S84_L005_R1_001.fastq.gz,SE,hits_unique_frac,IbexNubian,Bovidae,Caprini,Capra,nubiana,FJ207527,0.00000251
B1ancient,ExtNegCtrl1,ELO-SJWLQ-B1ancient_S81_L005_R1_001.fastq.gz,SE,hits_coverage,IbexNubian,Bovidae,Caprini,Capra,nubiana,FJ207527,0.002214906
B2ancient,ExtNegCtrl2,ELO-SJWLQ-B2ancient_S82_L005_R1_001.fastq.gz,SE,hits_coverage,IbexNubian,Bovidae,Caprini,Capra,nubiana,FJ207527,0.004489674
Fossil936,CGG_1_024411,ELO-SJWLQ-936_S70_L005_R1_001.fastq.gz,SE,hits_coverage,IbexNubian,Bovidae,Caprini,Capra,nubiana,FJ207527,2.42376534
IBancient,indexPCRNegCtrl,ELO-SJWLQ-IBancient_S83_L005_R1_001.fastq.gz,SE,hits_coverage,IbexNubian,Bovidae,Caprini,Capra,nubiana,FJ207527,0
LBancient,LibNegCtrl,ELO-SJWLQ-LBancient_S84_L005_R1_001.fastq.gz,SE,hits_coverage,IbexNubian,Bovidae,Caprini,Capra,nubiana,FJ207527,0.007003891
B1ancient,ExtNegCtrl1,ELO-SJWLQ-B1ancient_S81_L005_R1_001.fastq.gz,SE,hits_length,IbexNubian,Bovidae,Caprini,Capra,nubiana,FJ207527,37
B2ancient,ExtNegCtrl2,ELO-SJWLQ-B2ancient_S82_L005_R1_001.fastq.gz,SE,hits_length,IbexNubian,Bovidae,Caprini,Capra,nubiana,FJ207527,37.5
Fossil936,CGG_1_024411,ELO-SJWLQ-936_S70_L005_R1_001.fastq.gz,SE,hits_length,IbexNubian,Bovidae,Caprini,Capra,nubiana,FJ207527,40.85671039
IBancient,indexPCRNegCtrl,ELO-SJWLQ-IBancient_S83_L005_R1_001.fastq.gz,SE,hits_length,IbexNubian,Bovidae,Caprini,Capra,nubiana,FJ207527,
LBancient,LibNegCtrl,ELO-SJWLQ-LBancient_S84_L005_R1_001.fastq.gz,SE,hits_length,IbexNubian,Bovidae,Caprini,Capra,nubiana,FJ207527,58.5
B1ancient,ExtNegCtrl1,ELO-SJWLQ-B1ancient_S81_L005_R1_001.fastq.gz,SE,hits_raw,IbexWalia,Bovidae,Caprini,Capra,walie,OW568914,2
B2ancient,ExtNegCtrl2,ELO-SJWLQ-B2ancient_S82_L005_R1_001.fastq.gz,SE,hits_raw,IbexWalia,Bovidae,Caprini,Capra,walie,OW568914,2
Fossil936,CGG_1_024411,ELO-SJWLQ-936_S70_L005_R1_001.fastq.gz,SE,hits_raw,IbexWalia,Bovidae,Caprini,Capra,walie,OW568914,1109
IBancient,indexPCRNegCtrl,ELO-SJWLQ-IBancient_S83_L005_R1_001.fastq.gz,SE,hits_raw,IbexWalia,Bovidae,Caprini,Capra,walie,OW568914,0
LBancient,LibNegCtrl,ELO-SJWLQ-LBancient_S84_L005_R1_001.fastq.gz,SE,hits_raw,IbexWalia,Bovidae,Caprini,Capra,walie,OW568914,4
B1ancient,ExtNegCtrl1,ELO-SJWLQ-B1ancient_S81_L005_R1_001.fastq.gz,SE,hits_raw_frac,IbexWalia,Bovidae,Caprini,Capra,walie,OW568914,0.00000198
B2ancient,ExtNegCtrl2,ELO-SJWLQ-B2ancient_S82_L005_R1_001.fastq.gz,SE,hits_raw_frac,IbexWalia,Bovidae,Caprini,Capra,walie,OW568914,0.00000167
Fossil936,CGG_1_024411,ELO-SJWLQ-936_S70_L005_R1_001.fastq.gz,SE,hits_raw_frac,IbexWalia,Bovidae,Caprini,Capra,walie,OW568914,0.000123149
IBancient,indexPCRNegCtrl,ELO-SJWLQ-IBancient_S83_L005_R1_001.fastq.gz,SE,hits_raw_frac,IbexWalia,Bovidae,Caprini,Capra,walie,OW568914,0
LBancient,LibNegCtrl,ELO-SJWLQ-LBancient_S84_L005_R1_001.fastq.gz,SE,hits_raw_frac,IbexWalia,Bovidae,Caprini,Capra,walie,OW568914,0.00000502
B1ancient,ExtNegCtrl1,ELO-SJWLQ-B1ancient_S81_L005_R1_001.fastq.gz,SE,hits_clonality,IbexWalia,Bovidae,Caprini,Capra,walie,OW568914,0.5
B2ancient,ExtNegCtrl2,ELO-SJWLQ-B2ancient_S82_L005_R1_001.fastq.gz,SE,hits_clonality,IbexWalia,Bovidae,Caprini,Capra,walie,OW568914,0
Fossil936,CGG_1_024411,ELO-SJWLQ-936_S70_L005_R1_001.fastq.gz,SE,hits_clonality,IbexWalia,Bovidae,Caprini,Capra,walie,OW568914,0.107303877
IBancient,indexPCRNegCtrl,ELO-SJWLQ-IBancient_S83_L005_R1_001.fastq.gz,SE,hits_clonality,IbexWalia,Bovidae,Caprini,Capra,walie,OW568914,
LBancient,LibNegCtrl,ELO-SJWLQ-LBancient_S84_L005_R1_001.fastq.gz,SE,hits_clonality,IbexWalia,Bovidae,Caprini,Capra,walie,OW568914,0.5
B1ancient,ExtNegCtrl1,ELO-SJWLQ-B1ancient_S81_L005_R1_001.fastq.gz,SE,hits_unique,IbexWalia,Bovidae,Caprini,Capra,walie,OW568914,1
B2ancient,ExtNegCtrl2,ELO-SJWLQ-B2ancient_S82_L005_R1_001.fastq.gz,SE,hits_unique,IbexWalia,Bovidae,Caprini,Capra,walie,OW568914,2
Fossil936,CGG_1_024411,ELO-SJWLQ-936_S70_L005_R1_001.fastq.gz,SE,hits_unique,IbexWalia,Bovidae,Caprini,Capra,walie,OW568914,990
IBancient,indexPCRNegCtrl,ELO-SJWLQ-IBancient_S83_L005_R1_001.fastq.gz,SE,hits_unique,IbexWalia,Bovidae,Caprini,Capra,walie,OW568914,0
LBancient,LibNegCtrl,ELO-SJWLQ-LBancient_S84_L005_R1_001.fastq.gz,SE,hits_unique,IbexWalia,Bovidae,Caprini,Capra,walie,OW568914,2
B1ancient,ExtNegCtrl1,ELO-SJWLQ-B1ancient_S81_L005_R1_001.fastq.gz,SE,hits_unique_frac,IbexWalia,Bovidae,Caprini,Capra,walie,OW568914,0.000000988
B2ancient,ExtNegCtrl2,ELO-SJWLQ-B2ancient_S82_L005_R1_001.fastq.gz,SE,hits_unique_frac,IbexWalia,Bovidae,Caprini,Capra,walie,OW568914,0.00000167
Fossil936,CGG_1_024411,ELO-SJWLQ-936_S70_L005_R1_001.fastq.gz,SE,hits_unique_frac,IbexWalia,Bovidae,Caprini,Capra,walie,OW568914,0.000109934
IBancient,indexPCRNegCtrl,ELO-SJWLQ-IBancient_S83_L005_R1_001.fastq.gz,SE,hits_unique_frac,IbexWalia,Bovidae,Caprini,Capra,walie,OW568914,0
LBancient,LibNegCtrl,ELO-SJWLQ-LBancient_S84_L005_R1_001.fastq.gz,SE,hits_unique_frac,IbexWalia,Bovidae,Caprini,Capra,walie,OW568914,0.00000251
B1ancient,ExtNegCtrl1,ELO-SJWLQ-B1ancient_S81_L005_R1_001.fastq.gz,SE,hits_coverage,IbexWalia,Bovidae,Caprini,Capra,walie,OW568914,0.002214906
B2ancient,ExtNegCtrl2,ELO-SJWLQ-B2ancient_S82_L005_R1_001.fastq.gz,SE,hits_coverage,IbexWalia,Bovidae,Caprini,Capra,walie,OW568914,0.004489674
Fossil936,CGG_1_024411,ELO-SJWLQ-936_S70_L005_R1_001.fastq.gz,SE,hits_coverage,IbexWalia,Bovidae,Caprini,Capra,walie,OW568914,2.420712362
IBancient,indexPCRNegCtrl,ELO-SJWLQ-IBancient_S83_L005_R1_001.fastq.gz,SE,hits_coverage,IbexWalia,Bovidae,Caprini,Capra,walie,OW568914,0
LBancient,LibNegCtrl,ELO-SJWLQ-LBancient_S84_L005_R1_001.fastq.gz,SE,hits_coverage,IbexWalia,Bovidae,Caprini,Capra,walie,OW568914,0.007003891
B1ancient,ExtNegCtrl1,ELO-SJWLQ-B1ancient_S81_L005_R1_001.fastq.gz,SE,hits_length,IbexWalia,Bovidae,Caprini,Capra,walie,OW568914,37
B2ancient,ExtNegCtrl2,ELO-SJWLQ-B2ancient_S82_L005_R1_001.fastq.gz,SE,hits_length,IbexWalia,Bovidae,Caprini,Capra,walie,OW568914,37.5
Fossil936,CGG_1_024411,ELO-SJWLQ-936_S70_L005_R1_001.fastq.gz,SE,hits_length,IbexWalia,Bovidae,Caprini,Capra,walie,OW568914,40.84646465
IBancient,indexPCRNegCtrl,ELO-SJWLQ-IBancient_S83_L005_R1_001.fastq.gz,SE,hits_length,IbexWalia,Bovidae,Caprini,Capra,walie,OW568914,
LBancient,LibNegCtrl,ELO-SJWLQ-LBancient_S84_L005_R1_001.fastq.gz,SE,hits_length,IbexWalia,Bovidae,Caprini,Capra,walie,OW568914,58.5
B1ancient,ExtNegCtrl1,ELO-SJWLQ-B1ancient_S81_L005_R1_001.fastq.gz,SE,hits_raw,Impala,Bovidae,Aepycerotini,Aepyceros,melampus,JN632592,2
B2ancient,ExtNegCtrl2,ELO-SJWLQ-B2ancient_S82_L005_R1_001.fastq.gz,SE,hits_raw,Impala,Bovidae,Aepycerotini,Aepyceros,melampus,JN632592,2
Fossil936,CGG_1_024411,ELO-SJWLQ-936_S70_L005_R1_001.fastq.gz,SE,hits_raw,Impala,Bovidae,Aepycerotini,Aepyceros,melampus,JN632592,897
IBancient,indexPCRNegCtrl,ELO-SJWLQ-IBancient_S83_L005_R1_001.fastq.gz,SE,hits_raw,Impala,Bovidae,Aepycerotini,Aepyceros,melampus,JN632592,0
LBancient,LibNegCtrl,ELO-SJWLQ-LBancient_S84_L005_R1_001.fastq.gz,SE,hits_raw,Impala,Bovidae,Aepycerotini,Aepyceros,melampus,JN632592,4
B1ancient,ExtNegCtrl1,ELO-SJWLQ-B1ancient_S81_L005_R1_001.fastq.gz,SE,hits_raw_frac,Impala,Bovidae,Aepycerotini,Aepyceros,melampus,JN632592,0.00000198
B2ancient,ExtNegCtrl2,ELO-SJWLQ-B2ancient_S82_L005_R1_001.fastq.gz,SE,hits_raw_frac,Impala,Bovidae,Aepycerotini,Aepyceros,melampus,JN632592,0.00000167
Fossil936,CGG_1_024411,ELO-SJWLQ-936_S70_L005_R1_001.fastq.gz,SE,hits_raw_frac,Impala,Bovidae,Aepycerotini,Aepyceros,melampus,JN632592,0.0000996
IBancient,indexPCRNegCtrl,ELO-SJWLQ-IBancient_S83_L005_R1_001.fastq.gz,SE,hits_raw_frac,Impala,Bovidae,Aepycerotini,Aepyceros,melampus,JN632592,0
LBancient,LibNegCtrl,ELO-SJWLQ-LBancient_S84_L005_R1_001.fastq.gz,SE,hits_raw_frac,Impala,Bovidae,Aepycerotini,Aepyceros,melampus,JN632592,0.00000502
B1ancient,ExtNegCtrl1,ELO-SJWLQ-B1ancient_S81_L005_R1_001.fastq.gz,SE,hits_clonality,Impala,Bovidae,Aepycerotini,Aepyceros,melampus,JN632592,0.5
B2ancient,ExtNegCtrl2,ELO-SJWLQ-B2ancient_S82_L005_R1_001.fastq.gz,SE,hits_clonality,Impala,Bovidae,Aepycerotini,Aepyceros,melampus,JN632592,0
Fossil936,CGG_1_024411,ELO-SJWLQ-936_S70_L005_R1_001.fastq.gz,SE,hits_clonality,Impala,Bovidae,Aepycerotini,Aepyceros,melampus,JN632592,0.107023411
IBancient,indexPCRNegCtrl,ELO-SJWLQ-IBancient_S83_L005_R1_001.fastq.gz,SE,hits_clonality,Impala,Bovidae,Aepycerotini,Aepyceros,melampus,JN632592,
LBancient,LibNegCtrl,ELO-SJWLQ-LBancient_S84_L005_R1_001.fastq.gz,SE,hits_clonality,Impala,Bovidae,Aepycerotini,Aepyceros,melampus,JN632592,0.5
B1ancient,ExtNegCtrl1,ELO-SJWLQ-B1ancient_S81_L005_R1_001.fastq.gz,SE,hits_unique,Impala,Bovidae,Aepycerotini,Aepyceros,melampus,JN632592,1
B2ancient,ExtNegCtrl2,ELO-SJWLQ-B2ancient_S82_L005_R1_001.fastq.gz,SE,hits_unique,Impala,Bovidae,Aepycerotini,Aepyceros,melampus,JN632592,2
Fossil936,CGG_1_024411,ELO-SJWLQ-936_S70_L005_R1_001.fastq.gz,SE,hits_unique,Impala,Bovidae,Aepycerotini,Aepyceros,melampus,JN632592,801
IBancient,indexPCRNegCtrl,ELO-SJWLQ-IBancient_S83_L005_R1_001.fastq.gz,SE,hits_unique,Impala,Bovidae,Aepycerotini,Aepyceros,melampus,JN632592,0
LBancient,LibNegCtrl,ELO-SJWLQ-LBancient_S84_L005_R1_001.fastq.gz,SE,hits_unique,Impala,Bovidae,Aepycerotini,Aepyceros,melampus,JN632592,2
B1ancient,ExtNegCtrl1,ELO-SJWLQ-B1ancient_S81_L005_R1_001.fastq.gz,SE,hits_unique_frac,Impala,Bovidae,Aepycerotini,Aepyceros,melampus,JN632592,0.000000988
B2ancient,ExtNegCtrl2,ELO-SJWLQ-B2ancient_S82_L005_R1_001.fastq.gz,SE,hits_unique_frac,Impala,Bovidae,Aepycerotini,Aepyceros,melampus,JN632592,0.00000167
Fossil936,CGG_1_024411,ELO-SJWLQ-936_S70_L005_R1_001.fastq.gz,SE,hits_unique_frac,Impala,Bovidae,Aepycerotini,Aepyceros,melampus,JN632592,0.0000889
IBancient,indexPCRNegCtrl,ELO-SJWLQ-IBancient_S83_L005_R1_001.fastq.gz,SE,hits_unique_frac,Impala,Bovidae,Aepycerotini,Aepyceros,melampus,JN632592,0
LBancient,LibNegCtrl,ELO-SJWLQ-LBancient_S84_L005_R1_001.fastq.gz,SE,hits_unique_frac,Impala,Bovidae,Aepycerotini,Aepyceros,melampus,JN632592,0.00000251
B1ancient,ExtNegCtrl1,ELO-SJWLQ-B1ancient_S81_L005_R1_001.fastq.gz,SE,hits_coverage,Impala,Bovidae,Aepycerotini,Aepyceros,melampus,JN632592,0.002253075
B2ancient,ExtNegCtrl2,ELO-SJWLQ-B2ancient_S82_L005_R1_001.fastq.gz,SE,hits_coverage,Impala,Bovidae,Aepycerotini,Aepyceros,melampus,JN632592,0.004262575
Fossil936,CGG_1_024411,ELO-SJWLQ-936_S70_L005_R1_001.fastq.gz,SE,hits_coverage,Impala,Bovidae,Aepycerotini,Aepyceros,melampus,JN632592,1.988064791
IBancient,indexPCRNegCtrl,ELO-SJWLQ-IBancient_S83_L005_R1_001.fastq.gz,SE,hits_coverage,Impala,Bovidae,Aepycerotini,Aepyceros,melampus,JN632592,0
LBancient,LibNegCtrl,ELO-SJWLQ-LBancient_S84_L005_R1_001.fastq.gz,SE,hits_coverage,Impala,Bovidae,Aepycerotini,Aepyceros,melampus,JN632592,0.007124589
B1ancient,ExtNegCtrl1,ELO-SJWLQ-B1ancient_S81_L005_R1_001.fastq.gz,SE,hits_length,Impala,Bovidae,Aepycerotini,Aepyceros,melampus,JN632592,37
B2ancient,ExtNegCtrl2,ELO-SJWLQ-B2ancient_S82_L005_R1_001.fastq.gz,SE,hits_length,Impala,Bovidae,Aepycerotini,Aepyceros,melampus,JN632592,35
Fossil936,CGG_1_024411,ELO-SJWLQ-936_S70_L005_R1_001.fastq.gz,SE,hits_length,Impala,Bovidae,Aepycerotini,Aepyceros,melampus,JN632592,40.75905119
IBancient,indexPCRNegCtrl,ELO-SJWLQ-IBancient_S83_L005_R1_001.fastq.gz,SE,hits_length,Impala,Bovidae,Aepycerotini,Aepyceros,melampus,JN632592,
LBancient,LibNegCtrl,ELO-SJWLQ-LBancient_S84_L005_R1_001.fastq.gz,SE,hits_length,Impala,Bovidae,Aepycerotini,Aepyceros,melampus,JN632592,58.5
B1ancient,ExtNegCtrl1,ELO-SJWLQ-B1ancient_S81_L005_R1_001.fastq.gz,SE,hits_raw,Klipspringer,Bovidae,Oreotragini,Oreotragus,oreotragus,NC_020731,3
B2ancient,ExtNegCtrl2,ELO-SJWLQ-B2ancient_S82_L005_R1_001.fastq.gz,SE,hits_raw,Klipspringer,Bovidae,Oreotragini,Oreotragus,oreotragus,NC_020731,1
Fossil936,CGG_1_024411,ELO-SJWLQ-936_S70_L005_R1_001.fastq.gz,SE,hits_raw,Klipspringer,Bovidae,Oreotragini,Oreotragus,oreotragus,NC_020731,956
IBancient,indexPCRNegCtrl,ELO-SJWLQ-IBancient_S83_L005_R1_001.fastq.gz,SE,hits_raw,Klipspringer,Bovidae,Oreotragini,Oreotragus,oreotragus,NC_020731,0
LBancient,LibNegCtrl,ELO-SJWLQ-LBancient_S84_L005_R1_001.fastq.gz,SE,hits_raw,Klipspringer,Bovidae,Oreotragini,Oreotragus,oreotragus,NC_020731,4
B1ancient,ExtNegCtrl1,ELO-SJWLQ-B1ancient_S81_L005_R1_001.fastq.gz,SE,hits_raw_frac,Klipspringer,Bovidae,Oreotragini,Oreotragus,oreotragus,NC_020731,0.00000296
B2ancient,ExtNegCtrl2,ELO-SJWLQ-B2ancient_S82_L005_R1_001.fastq.gz,SE,hits_raw_frac,Klipspringer,Bovidae,Oreotragini,Oreotragus,oreotragus,NC_020731,0.000000833
Fossil936,CGG_1_024411,ELO-SJWLQ-936_S70_L005_R1_001.fastq.gz,SE,hits_raw_frac,Klipspringer,Bovidae,Oreotragini,Oreotragus,oreotragus,NC_020731,0.000106159
IBancient,indexPCRNegCtrl,ELO-SJWLQ-IBancient_S83_L005_R1_001.fastq.gz,SE,hits_raw_frac,Klipspringer,Bovidae,Oreotragini,Oreotragus,oreotragus,NC_020731,0
LBancient,LibNegCtrl,ELO-SJWLQ-LBancient_S84_L005_R1_001.fastq.gz,SE,hits_raw_frac,Klipspringer,Bovidae,Oreotragini,Oreotragus,oreotragus,NC_020731,0.00000502
B1ancient,ExtNegCtrl1,ELO-SJWLQ-B1ancient_S81_L005_R1_001.fastq.gz,SE,hits_clonality,Klipspringer,Bovidae,Oreotragini,Oreotragus,oreotragus,NC_020731,0.333333333
B2ancient,ExtNegCtrl2,ELO-SJWLQ-B2ancient_S82_L005_R1_001.fastq.gz,SE,hits_clonality,Klipspringer,Bovidae,Oreotragini,Oreotragus,oreotragus,NC_020731,0
Fossil936,CGG_1_024411,ELO-SJWLQ-936_S70_L005_R1_001.fastq.gz,SE,hits_clonality,Klipspringer,Bovidae,Oreotragini,Oreotragus,oreotragus,NC_020731,0.117154812
IBancient,indexPCRNegCtrl,ELO-SJWLQ-IBancient_S83_L005_R1_001.fastq.gz,SE,hits_clonality,Klipspringer,Bovidae,Oreotragini,Oreotragus,oreotragus,NC_020731,
LBancient,LibNegCtrl,ELO-SJWLQ-LBancient_S84_L005_R1_001.fastq.gz,SE,hits_clonality,Klipspringer,Bovidae,Oreotragini,Oreotragus,oreotragus,NC_020731,0.5
B1ancient,ExtNegCtrl1,ELO-SJWLQ-B1ancient_S81_L005_R1_001.fastq.gz,SE,hits_unique,Klipspringer,Bovidae,Oreotragini,Oreotragus,oreotragus,NC_020731,2
B2ancient,ExtNegCtrl2,ELO-SJWLQ-B2ancient_S82_L005_R1_001.fastq.gz,SE,hits_unique,Klipspringer,Bovidae,Oreotragini,Oreotragus,oreotragus,NC_020731,1
Fossil936,CGG_1_024411,ELO-SJWLQ-936_S70_L005_R1_001.fastq.gz,SE,hits_unique,Klipspringer,Bovidae,Oreotragini,Oreotragus,oreotragus,NC_020731,844
IBancient,indexPCRNegCtrl,ELO-SJWLQ-IBancient_S83_L005_R1_001.fastq.gz,SE,hits_unique,Klipspringer,Bovidae,Oreotragini,Oreotragus,oreotragus,NC_020731,0
LBancient,LibNegCtrl,ELO-SJWLQ-LBancient_S84_L005_R1_001.fastq.gz,SE,hits_unique,Klipspringer,Bovidae,Oreotragini,Oreotragus,oreotragus,NC_020731,2
B1ancient,ExtNegCtrl1,ELO-SJWLQ-B1ancient_S81_L005_R1_001.fastq.gz,SE,hits_unique_frac,Klipspringer,Bovidae,Oreotragini,Oreotragus,oreotragus,NC_020731,0.00000198
B2ancient,ExtNegCtrl2,ELO-SJWLQ-B2ancient_S82_L005_R1_001.fastq.gz,SE,hits_unique_frac,Klipspringer,Bovidae,Oreotragini,Oreotragus,oreotragus,NC_020731,0.000000833
Fossil936,CGG_1_024411,ELO-SJWLQ-936_S70_L005_R1_001.fastq.gz,SE,hits_unique_frac,Klipspringer,Bovidae,Oreotragini,Oreotragus,oreotragus,NC_020731,0.0000937
IBancient,indexPCRNegCtrl,ELO-SJWLQ-IBancient_S83_L005_R1_001.fastq.gz,SE,hits_unique_frac,Klipspringer,Bovidae,Oreotragini,Oreotragus,oreotragus,NC_020731,0
LBancient,LibNegCtrl,ELO-SJWLQ-LBancient_S84_L005_R1_001.fastq.gz,SE,hits_unique_frac,Klipspringer,Bovidae,Oreotragini,Oreotragus,oreotragus,NC_020731,0.00000251
B1ancient,ExtNegCtrl1,ELO-SJWLQ-B1ancient_S81_L005_R1_001.fastq.gz,SE,hits_coverage,Klipspringer,Bovidae,Oreotragini,Oreotragus,oreotragus,NC_020731,0.004417282
B2ancient,ExtNegCtrl2,ELO-SJWLQ-B2ancient_S82_L005_R1_001.fastq.gz,SE,hits_coverage,Klipspringer,Bovidae,Oreotragini,Oreotragus,oreotragus,NC_020731,0.002238896
Fossil936,CGG_1_024411,ELO-SJWLQ-936_S70_L005_R1_001.fastq.gz,SE,hits_coverage,Klipspringer,Bovidae,Oreotragini,Oreotragus,oreotragus,NC_020731,2.079329541
IBancient,indexPCRNegCtrl,ELO-SJWLQ-IBancient_S83_L005_R1_001.fastq.gz,SE,hits_coverage,Klipspringer,Bovidae,Oreotragini,Oreotragus,oreotragus,NC_020731,0
LBancient,LibNegCtrl,ELO-SJWLQ-LBancient_S84_L005_R1_001.fastq.gz,SE,hits_coverage,Klipspringer,Bovidae,Oreotragini,Oreotragus,oreotragus,NC_020731,0.007079753
B1ancient,ExtNegCtrl1,ELO-SJWLQ-B1ancient_S81_L005_R1_001.fastq.gz,SE,hits_length,Klipspringer,Bovidae,Oreotragini,Oreotragus,oreotragus,NC_020731,36.5
B2ancient,ExtNegCtrl2,ELO-SJWLQ-B2ancient_S82_L005_R1_001.fastq.gz,SE,hits_length,Klipspringer,Bovidae,Oreotragini,Oreotragus,oreotragus,NC_020731,37
Fossil936,CGG_1_024411,ELO-SJWLQ-936_S70_L005_R1_001.fastq.gz,SE,hits_length,Klipspringer,Bovidae,Oreotragini,Oreotragus,oreotragus,NC_020731,40.71445498
IBancient,indexPCRNegCtrl,ELO-SJWLQ-IBancient_S83_L005_R1_001.fastq.gz,SE,hits_length,Klipspringer,Bovidae,Oreotragini,Oreotragus,oreotragus,NC_020731,
LBancient,LibNegCtrl,ELO-SJWLQ-LBancient_S84_L005_R1_001.fastq.gz,SE,hits_length,Klipspringer,Bovidae,Oreotragini,Oreotragus,oreotragus,NC_020731,58.5
B1ancient,ExtNegCtrl1,ELO-SJWLQ-B1ancient_S81_L005_R1_001.fastq.gz,SE,hits_raw,KuduGreater,Bovidae,Tragelaphini,Tragelaphus,strepsiceros,NC_020752,2
B2ancient,ExtNegCtrl2,ELO-SJWLQ-B2ancient_S82_L005_R1_001.fastq.gz,SE,hits_raw,KuduGreater,Bovidae,Tragelaphini,Tragelaphus,strepsiceros,NC_020752,2
Fossil936,CGG_1_024411,ELO-SJWLQ-936_S70_L005_R1_001.fastq.gz,SE,hits_raw,KuduGreater,Bovidae,Tragelaphini,Tragelaphus,strepsiceros,NC_020752,813
IBancient,indexPCRNegCtrl,ELO-SJWLQ-IBancient_S83_L005_R1_001.fastq.gz,SE,hits_raw,KuduGreater,Bovidae,Tragelaphini,Tragelaphus,strepsiceros,NC_020752,0
LBancient,LibNegCtrl,ELO-SJWLQ-LBancient_S84_L005_R1_001.fastq.gz,SE,hits_raw,KuduGreater,Bovidae,Tragelaphini,Tragelaphus,strepsiceros,NC_020752,4
B1ancient,ExtNegCtrl1,ELO-SJWLQ-B1ancient_S81_L005_R1_001.fastq.gz,SE,hits_raw_frac,KuduGreater,Bovidae,Tragelaphini,Tragelaphus,strepsiceros,NC_020752,0.00000198
B2ancient,ExtNegCtrl2,ELO-SJWLQ-B2ancient_S82_L005_R1_001.fastq.gz,SE,hits_raw_frac,KuduGreater,Bovidae,Tragelaphini,Tragelaphus,strepsiceros,NC_020752,0.00000167
Fossil936,CGG_1_024411,ELO-SJWLQ-936_S70_L005_R1_001.fastq.gz,SE,hits_raw_frac,KuduGreater,Bovidae,Tragelaphini,Tragelaphus,strepsiceros,NC_020752,0.0000903
IBancient,indexPCRNegCtrl,ELO-SJWLQ-IBancient_S83_L005_R1_001.fastq.gz,SE,hits_raw_frac,KuduGreater,Bovidae,Tragelaphini,Tragelaphus,strepsiceros,NC_020752,0
LBancient,LibNegCtrl,ELO-SJWLQ-LBancient_S84_L005_R1_001.fastq.gz,SE,hits_raw_frac,KuduGreater,Bovidae,Tragelaphini,Tragelaphus,strepsiceros,NC_020752,0.00000502
B1ancient,ExtNegCtrl1,ELO-SJWLQ-B1ancient_S81_L005_R1_001.fastq.gz,SE,hits_clonality,KuduGreater,Bovidae,Tragelaphini,Tragelaphus,strepsiceros,NC_020752,0.5
B2ancient,ExtNegCtrl2,ELO-SJWLQ-B2ancient_S82_L005_R1_001.fastq.gz,SE,hits_clonality,KuduGreater,Bovidae,Tragelaphini,Tragelaphus,strepsiceros,NC_020752,0
Fossil936,CGG_1_024411,ELO-SJWLQ-936_S70_L005_R1_001.fastq.gz,SE,hits_clonality,KuduGreater,Bovidae,Tragelaphini,Tragelaphus,strepsiceros,NC_020752,0.092250923
IBancient,indexPCRNegCtrl,ELO-SJWLQ-IBancient_S83_L005_R1_001.fastq.gz,SE,hits_clonality,KuduGreater,Bovidae,Tragelaphini,Tragelaphus,strepsiceros,NC_020752,
LBancient,LibNegCtrl,ELO-SJWLQ-LBancient_S84_L005_R1_001.fastq.gz,SE,hits_clonality,KuduGreater,Bovidae,Tragelaphini,Tragelaphus,strepsiceros,NC_020752,0.5
B1ancient,ExtNegCtrl1,ELO-SJWLQ-B1ancient_S81_L005_R1_001.fastq.gz,SE,hits_unique,KuduGreater,Bovidae,Tragelaphini,Tragelaphus,strepsiceros,NC_020752,1
B2ancient,ExtNegCtrl2,ELO-SJWLQ-B2ancient_S82_L005_R1_001.fastq.gz,SE,hits_unique,KuduGreater,Bovidae,Tragelaphini,Tragelaphus,strepsiceros,NC_020752,2
Fossil936,CGG_1_024411,ELO-SJWLQ-936_S70_L005_R1_001.fastq.gz,SE,hits_unique,KuduGreater,Bovidae,Tragelaphini,Tragelaphus,strepsiceros,NC_020752,738
IBancient,indexPCRNegCtrl,ELO-SJWLQ-IBancient_S83_L005_R1_001.fastq.gz,SE,hits_unique,KuduGreater,Bovidae,Tragelaphini,Tragelaphus,strepsiceros,NC_020752,0
LBancient,LibNegCtrl,ELO-SJWLQ-LBancient_S84_L005_R1_001.fastq.gz,SE,hits_unique,KuduGreater,Bovidae,Tragelaphini,Tragelaphus,strepsiceros,NC_020752,2
B1ancient,ExtNegCtrl1,ELO-SJWLQ-B1ancient_S81_L005_R1_001.fastq.gz,SE,hits_unique_frac,KuduGreater,Bovidae,Tragelaphini,Tragelaphus,strepsiceros,NC_020752,0.000000988
B2ancient,ExtNegCtrl2,ELO-SJWLQ-B2ancient_S82_L005_R1_001.fastq.gz,SE,hits_unique_frac,KuduGreater,Bovidae,Tragelaphini,Tragelaphus,strepsiceros,NC_020752,0.00000167
Fossil936,CGG_1_024411,ELO-SJWLQ-936_S70_L005_R1_001.fastq.gz,SE,hits_unique_frac,KuduGreater,Bovidae,Tragelaphini,Tragelaphus,strepsiceros,NC_020752,0.000082
IBancient,indexPCRNegCtrl,ELO-SJWLQ-IBancient_S83_L005_R1_001.fastq.gz,SE,hits_unique_frac,KuduGreater,Bovidae,Tragelaphini,Tragelaphus,strepsiceros,NC_020752,0
LBancient,LibNegCtrl,ELO-SJWLQ-LBancient_S84_L005_R1_001.fastq.gz,SE,hits_unique_frac,KuduGreater,Bovidae,Tragelaphini,Tragelaphus,strepsiceros,NC_020752,0.00000251
B1ancient,ExtNegCtrl1,ELO-SJWLQ-B1ancient_S81_L005_R1_001.fastq.gz,SE,hits_coverage,KuduGreater,Bovidae,Tragelaphini,Tragelaphus,strepsiceros,NC_020752,0.002258576
B2ancient,ExtNegCtrl2,ELO-SJWLQ-B2ancient_S82_L005_R1_001.fastq.gz,SE,hits_coverage,KuduGreater,Bovidae,Tragelaphini,Tragelaphus,strepsiceros,NC_020752,0.004272983
Fossil936,CGG_1_024411,ELO-SJWLQ-936_S70_L005_R1_001.fastq.gz,SE,hits_coverage,KuduGreater,Bovidae,Tragelaphini,Tragelaphus,strepsiceros,NC_020752,1.80148944
IBancient,indexPCRNegCtrl,ELO-SJWLQ-IBancient_S83_L005_R1_001.fastq.gz,SE,hits_coverage,KuduGreater,Bovidae,Tragelaphini,Tragelaphus,strepsiceros,NC_020752,0
LBancient,LibNegCtrl,ELO-SJWLQ-LBancient_S84_L005_R1_001.fastq.gz,SE,hits_coverage,KuduGreater,Bovidae,Tragelaphini,Tragelaphus,strepsiceros,NC_020752,0.007141985
B1ancient,ExtNegCtrl1,ELO-SJWLQ-B1ancient_S81_L005_R1_001.fastq.gz,SE,hits_length,KuduGreater,Bovidae,Tragelaphini,Tragelaphus,strepsiceros,NC_020752,37
B2ancient,ExtNegCtrl2,ELO-SJWLQ-B2ancient_S82_L005_R1_001.fastq.gz,SE,hits_length,KuduGreater,Bovidae,Tragelaphini,Tragelaphus,strepsiceros,NC_020752,35
Fossil936,CGG_1_024411,ELO-SJWLQ-936_S70_L005_R1_001.fastq.gz,SE,hits_length,KuduGreater,Bovidae,Tragelaphini,Tragelaphus,strepsiceros,NC_020752,39.98915989
IBancient,indexPCRNegCtrl,ELO-SJWLQ-IBancient_S83_L005_R1_001.fastq.gz,SE,hits_length,KuduGreater,Bovidae,Tragelaphini,Tragelaphus,strepsiceros,NC_020752,
LBancient,LibNegCtrl,ELO-SJWLQ-LBancient_S84_L005_R1_001.fastq.gz,SE,hits_length,KuduGreater,Bovidae,Tragelaphini,Tragelaphus,strepsiceros,NC_020752,58.5
B1ancient,ExtNegCtrl1,ELO-SJWLQ-B1ancient_S81_L005_R1_001.fastq.gz,SE,hits_raw,KuduLesser,Bovidae,Tragelaphini,Tragelaphus,imberbis,EF536356,2
B2ancient,ExtNegCtrl2,ELO-SJWLQ-B2ancient_S82_L005_R1_001.fastq.gz,SE,hits_raw,KuduLesser,Bovidae,Tragelaphini,Tragelaphus,imberbis,EF536356,2
Fossil936,CGG_1_024411,ELO-SJWLQ-936_S70_L005_R1_001.fastq.gz,SE,hits_raw,KuduLesser,Bovidae,Tragelaphini,Tragelaphus,imberbis,EF536356,731
IBancient,indexPCRNegCtrl,ELO-SJWLQ-IBancient_S83_L005_R1_001.fastq.gz,SE,hits_raw,KuduLesser,Bovidae,Tragelaphini,Tragelaphus,imberbis,EF536356,0
LBancient,LibNegCtrl,ELO-SJWLQ-LBancient_S84_L005_R1_001.fastq.gz,SE,hits_raw,KuduLesser,Bovidae,Tragelaphini,Tragelaphus,imberbis,EF536356,4
B1ancient,ExtNegCtrl1,ELO-SJWLQ-B1ancient_S81_L005_R1_001.fastq.gz,SE,hits_raw_frac,KuduLesser,Bovidae,Tragelaphini,Tragelaphus,imberbis,EF536356,0.00000198
B2ancient,ExtNegCtrl2,ELO-SJWLQ-B2ancient_S82_L005_R1_001.fastq.gz,SE,hits_raw_frac,KuduLesser,Bovidae,Tragelaphini,Tragelaphus,imberbis,EF536356,0.00000167
Fossil936,CGG_1_024411,ELO-SJWLQ-936_S70_L005_R1_001.fastq.gz,SE,hits_raw_frac,KuduLesser,Bovidae,Tragelaphini,Tragelaphus,imberbis,EF536356,0.0000812
IBancient,indexPCRNegCtrl,ELO-SJWLQ-IBancient_S83_L005_R1_001.fastq.gz,SE,hits_raw_frac,KuduLesser,Bovidae,Tragelaphini,Tragelaphus,imberbis,EF536356,0
LBancient,LibNegCtrl,ELO-SJWLQ-LBancient_S84_L005_R1_001.fastq.gz,SE,hits_raw_frac,KuduLesser,Bovidae,Tragelaphini,Tragelaphus,imberbis,EF536356,0.00000502
B1ancient,ExtNegCtrl1,ELO-SJWLQ-B1ancient_S81_L005_R1_001.fastq.gz,SE,hits_clonality,KuduLesser,Bovidae,Tragelaphini,Tragelaphus,imberbis,EF536356,0.5
B2ancient,ExtNegCtrl2,ELO-SJWLQ-B2ancient_S82_L005_R1_001.fastq.gz,SE,hits_clonality,KuduLesser,Bovidae,Tragelaphini,Tragelaphus,imberbis,EF536356,0
Fossil936,CGG_1_024411,ELO-SJWLQ-936_S70_L005_R1_001.fastq.gz,SE,hits_clonality,KuduLesser,Bovidae,Tragelaphini,Tragelaphus,imberbis,EF536356,0.098495212
IBancient,indexPCRNegCtrl,ELO-SJWLQ-IBancient_S83_L005_R1_001.fastq.gz,SE,hits_clonality,KuduLesser,Bovidae,Tragelaphini,Tragelaphus,imberbis,EF536356,
LBancient,LibNegCtrl,ELO-SJWLQ-LBancient_S84_L005_R1_001.fastq.gz,SE,hits_clonality,KuduLesser,Bovidae,Tragelaphini,Tragelaphus,imberbis,EF536356,0.5
B1ancient,ExtNegCtrl1,ELO-SJWLQ-B1ancient_S81_L005_R1_001.fastq.gz,SE,hits_unique,KuduLesser,Bovidae,Tragelaphini,Tragelaphus,imberbis,EF536356,1
B2ancient,ExtNegCtrl2,ELO-SJWLQ-B2ancient_S82_L005_R1_001.fastq.gz,SE,hits_unique,KuduLesser,Bovidae,Tragelaphini,Tragelaphus,imberbis,EF536356,2
Fossil936,CGG_1_024411,ELO-SJWLQ-936_S70_L005_R1_001.fastq.gz,SE,hits_unique,KuduLesser,Bovidae,Tragelaphini,Tragelaphus,imberbis,EF536356,659
IBancient,indexPCRNegCtrl,ELO-SJWLQ-IBancient_S83_L005_R1_001.fastq.gz,SE,hits_unique,KuduLesser,Bovidae,Tragelaphini,Tragelaphus,imberbis,EF536356,0
LBancient,LibNegCtrl,ELO-SJWLQ-LBancient_S84_L005_R1_001.fastq.gz,SE,hits_unique,KuduLesser,Bovidae,Tragelaphini,Tragelaphus,imberbis,EF536356,2
B1ancient,ExtNegCtrl1,ELO-SJWLQ-B1ancient_S81_L005_R1_001.fastq.gz,SE,hits_unique_frac,KuduLesser,Bovidae,Tragelaphini,Tragelaphus,imberbis,EF536356,0.000000988
B2ancient,ExtNegCtrl2,ELO-SJWLQ-B2ancient_S82_L005_R1_001.fastq.gz,SE,hits_unique_frac,KuduLesser,Bovidae,Tragelaphini,Tragelaphus,imberbis,EF536356,0.00000167
Fossil936,CGG_1_024411,ELO-SJWLQ-936_S70_L005_R1_001.fastq.gz,SE,hits_unique_frac,KuduLesser,Bovidae,Tragelaphini,Tragelaphus,imberbis,EF536356,0.0000732
IBancient,indexPCRNegCtrl,ELO-SJWLQ-IBancient_S83_L005_R1_001.fastq.gz,SE,hits_unique_frac,KuduLesser,Bovidae,Tragelaphini,Tragelaphus,imberbis,EF536356,0
LBancient,LibNegCtrl,ELO-SJWLQ-LBancient_S84_L005_R1_001.fastq.gz,SE,hits_unique_frac,KuduLesser,Bovidae,Tragelaphini,Tragelaphus,imberbis,EF536356,0.00000251
B1ancient,ExtNegCtrl1,ELO-SJWLQ-B1ancient_S81_L005_R1_001.fastq.gz,SE,hits_coverage,KuduLesser,Bovidae,Tragelaphini,Tragelaphus,imberbis,EF536356,0.00225541
B2ancient,ExtNegCtrl2,ELO-SJWLQ-B2ancient_S82_L005_R1_001.fastq.gz,SE,hits_coverage,KuduLesser,Bovidae,Tragelaphini,Tragelaphus,imberbis,EF536356,0.004266992
Fossil936,CGG_1_024411,ELO-SJWLQ-936_S70_L005_R1_001.fastq.gz,SE,hits_coverage,KuduLesser,Bovidae,Tragelaphini,Tragelaphus,imberbis,EF536356,1.638281012
IBancient,indexPCRNegCtrl,ELO-SJWLQ-IBancient_S83_L005_R1_001.fastq.gz,SE,hits_coverage,KuduLesser,Bovidae,Tragelaphini,Tragelaphus,imberbis,EF536356,0
LBancient,LibNegCtrl,ELO-SJWLQ-LBancient_S84_L005_R1_001.fastq.gz,SE,hits_coverage,KuduLesser,Bovidae,Tragelaphini,Tragelaphus,imberbis,EF536356,0.007131972
B1ancient,ExtNegCtrl1,ELO-SJWLQ-B1ancient_S81_L005_R1_001.fastq.gz,SE,hits_length,KuduLesser,Bovidae,Tragelaphini,Tragelaphus,imberbis,EF536356,37
B2ancient,ExtNegCtrl2,ELO-SJWLQ-B2ancient_S82_L005_R1_001.fastq.gz,SE,hits_length,KuduLesser,Bovidae,Tragelaphini,Tragelaphus,imberbis,EF536356,35
Fossil936,CGG_1_024411,ELO-SJWLQ-936_S70_L005_R1_001.fastq.gz,SE,hits_length,KuduLesser,Bovidae,Tragelaphini,Tragelaphus,imberbis,EF536356,40.78300455
IBancient,indexPCRNegCtrl,ELO-SJWLQ-IBancient_S83_L005_R1_001.fastq.gz,SE,hits_length,KuduLesser,Bovidae,Tragelaphini,Tragelaphus,imberbis,EF536356,
LBancient,LibNegCtrl,ELO-SJWLQ-LBancient_S84_L005_R1_001.fastq.gz,SE,hits_length,KuduLesser,Bovidae,Tragelaphini,Tragelaphus,imberbis,EF536356,58.5
B1ancient,ExtNegCtrl1,ELO-SJWLQ-B1ancient_S81_L005_R1_001.fastq.gz,SE,hits_raw,Leopard,Felidae,,Panthera,pardus,NC_010641,2
B2ancient,ExtNegCtrl2,ELO-SJWLQ-B2ancient_S82_L005_R1_001.fastq.gz,SE,hits_raw,Leopard,Felidae,,Panthera,pardus,NC_010641,1
Fossil936,CGG_1_024411,ELO-SJWLQ-936_S70_L005_R1_001.fastq.gz,SE,hits_raw,Leopard,Felidae,,Panthera,pardus,NC_010641,221
IBancient,indexPCRNegCtrl,ELO-SJWLQ-IBancient_S83_L005_R1_001.fastq.gz,SE,hits_raw,Leopard,Felidae,,Panthera,pardus,NC_010641,0
LBancient,LibNegCtrl,ELO-SJWLQ-LBancient_S84_L005_R1_001.fastq.gz,SE,hits_raw,Leopard,Felidae,,Panthera,pardus,NC_010641,3
B1ancient,ExtNegCtrl1,ELO-SJWLQ-B1ancient_S81_L005_R1_001.fastq.gz,SE,hits_raw_frac,Leopard,Felidae,,Panthera,pardus,NC_010641,0.00000198
B2ancient,ExtNegCtrl2,ELO-SJWLQ-B2ancient_S82_L005_R1_001.fastq.gz,SE,hits_raw_frac,Leopard,Felidae,,Panthera,pardus,NC_010641,0.000000833
Fossil936,CGG_1_024411,ELO-SJWLQ-936_S70_L005_R1_001.fastq.gz,SE,hits_raw_frac,Leopard,Felidae,,Panthera,pardus,NC_010641,0.0000245
IBancient,indexPCRNegCtrl,ELO-SJWLQ-IBancient_S83_L005_R1_001.fastq.gz,SE,hits_raw_frac,Leopard,Felidae,,Panthera,pardus,NC_010641,0
LBancient,LibNegCtrl,ELO-SJWLQ-LBancient_S84_L005_R1_001.fastq.gz,SE,hits_raw_frac,Leopard,Felidae,,Panthera,pardus,NC_010641,0.00000376
B1ancient,ExtNegCtrl1,ELO-SJWLQ-B1ancient_S81_L005_R1_001.fastq.gz,SE,hits_clonality,Leopard,Felidae,,Panthera,pardus,NC_010641,0.5
B2ancient,ExtNegCtrl2,ELO-SJWLQ-B2ancient_S82_L005_R1_001.fastq.gz,SE,hits_clonality,Leopard,Felidae,,Panthera,pardus,NC_010641,0
Fossil936,CGG_1_024411,ELO-SJWLQ-936_S70_L005_R1_001.fastq.gz,SE,hits_clonality,Leopard,Felidae,,Panthera,pardus,NC_010641,0.07239819
IBancient,indexPCRNegCtrl,ELO-SJWLQ-IBancient_S83_L005_R1_001.fastq.gz,SE,hits_clonality,Leopard,Felidae,,Panthera,pardus,NC_010641,
LBancient,LibNegCtrl,ELO-SJWLQ-LBancient_S84_L005_R1_001.fastq.gz,SE,hits_clonality,Leopard,Felidae,,Panthera,pardus,NC_010641,0.666666667
B1ancient,ExtNegCtrl1,ELO-SJWLQ-B1ancient_S81_L005_R1_001.fastq.gz,SE,hits_unique,Leopard,Felidae,,Panthera,pardus,NC_010641,1
B2ancient,ExtNegCtrl2,ELO-SJWLQ-B2ancient_S82_L005_R1_001.fastq.gz,SE,hits_unique,Leopard,Felidae,,Panthera,pardus,NC_010641,1
Fossil936,CGG_1_024411,ELO-SJWLQ-936_S70_L005_R1_001.fastq.gz,SE,hits_unique,Leopard,Felidae,,Panthera,pardus,NC_010641,205
IBancient,indexPCRNegCtrl,ELO-SJWLQ-IBancient_S83_L005_R1_001.fastq.gz,SE,hits_unique,Leopard,Felidae,,Panthera,pardus,NC_010641,0
LBancient,LibNegCtrl,ELO-SJWLQ-LBancient_S84_L005_R1_001.fastq.gz,SE,hits_unique,Leopard,Felidae,,Panthera,pardus,NC_010641,1
B1ancient,ExtNegCtrl1,ELO-SJWLQ-B1ancient_S81_L005_R1_001.fastq.gz,SE,hits_unique_frac,Leopard,Felidae,,Panthera,pardus,NC_010641,0.000000988
B2ancient,ExtNegCtrl2,ELO-SJWLQ-B2ancient_S82_L005_R1_001.fastq.gz,SE,hits_unique_frac,Leopard,Felidae,,Panthera,pardus,NC_010641,0.000000833
Fossil936,CGG_1_024411,ELO-SJWLQ-936_S70_L005_R1_001.fastq.gz,SE,hits_unique_frac,Leopard,Felidae,,Panthera,pardus,NC_010641,0.0000228
IBancient,indexPCRNegCtrl,ELO-SJWLQ-IBancient_S83_L005_R1_001.fastq.gz,SE,hits_unique_frac,Leopard,Felidae,,Panthera,pardus,NC_010641,0
LBancient,LibNegCtrl,ELO-SJWLQ-LBancient_S84_L005_R1_001.fastq.gz,SE,hits_unique_frac,Leopard,Felidae,,Panthera,pardus,NC_010641,0.00000125
B1ancient,ExtNegCtrl1,ELO-SJWLQ-B1ancient_S81_L005_R1_001.fastq.gz,SE,hits_coverage,Leopard,Felidae,,Panthera,pardus,NC_010641,0.002181089
B2ancient,ExtNegCtrl2,ELO-SJWLQ-B2ancient_S82_L005_R1_001.fastq.gz,SE,hits_coverage,Leopard,Felidae,,Panthera,pardus,NC_010641,0.002181089
Fossil936,CGG_1_024411,ELO-SJWLQ-936_S70_L005_R1_001.fastq.gz,SE,hits_coverage,Leopard,Felidae,,Panthera,pardus,NC_010641,0.465043622
IBancient,indexPCRNegCtrl,ELO-SJWLQ-IBancient_S83_L005_R1_001.fastq.gz,SE,hits_coverage,Leopard,Felidae,,Panthera,pardus,NC_010641,0
LBancient,LibNegCtrl,ELO-SJWLQ-LBancient_S84_L005_R1_001.fastq.gz,SE,hits_coverage,Leopard,Felidae,,Panthera,pardus,NC_010641,0.002181089
B1ancient,ExtNegCtrl1,ELO-SJWLQ-B1ancient_S81_L005_R1_001.fastq.gz,SE,hits_length,Leopard,Felidae,,Panthera,pardus,NC_010641,37
B2ancient,ExtNegCtrl2,ELO-SJWLQ-B2ancient_S82_L005_R1_001.fastq.gz,SE,hits_length,Leopard,Felidae,,Panthera,pardus,NC_010641,37
Fossil936,CGG_1_024411,ELO-SJWLQ-936_S70_L005_R1_001.fastq.gz,SE,hits_length,Leopard,Felidae,,Panthera,pardus,NC_010641,38.48292683
IBancient,indexPCRNegCtrl,ELO-SJWLQ-IBancient_S83_L005_R1_001.fastq.gz,SE,hits_length,Leopard,Felidae,,Panthera,pardus,NC_010641,
LBancient,LibNegCtrl,ELO-SJWLQ-LBancient_S84_L005_R1_001.fastq.gz,SE,hits_length,Leopard,Felidae,,Panthera,pardus,NC_010641,37
B1ancient,ExtNegCtrl1,ELO-SJWLQ-B1ancient_S81_L005_R1_001.fastq.gz,SE,hits_raw,NyalaMountain,Bovidae,Tragelaphini,Tragelaphus,buxtoni,MG657356,2
B2ancient,ExtNegCtrl2,ELO-SJWLQ-B2ancient_S82_L005_R1_001.fastq.gz,SE,hits_raw,NyalaMountain,Bovidae,Tragelaphini,Tragelaphus,buxtoni,MG657356,2
Fossil936,CGG_1_024411,ELO-SJWLQ-936_S70_L005_R1_001.fastq.gz,SE,hits_raw,NyalaMountain,Bovidae,Tragelaphini,Tragelaphus,buxtoni,MG657356,806
IBancient,indexPCRNegCtrl,ELO-SJWLQ-IBancient_S83_L005_R1_001.fastq.gz,SE,hits_raw,NyalaMountain,Bovidae,Tragelaphini,Tragelaphus,buxtoni,MG657356,0
LBancient,LibNegCtrl,ELO-SJWLQ-LBancient_S84_L005_R1_001.fastq.gz,SE,hits_raw,NyalaMountain,Bovidae,Tragelaphini,Tragelaphus,buxtoni,MG657356,4
B1ancient,ExtNegCtrl1,ELO-SJWLQ-B1ancient_S81_L005_R1_001.fastq.gz,SE,hits_raw_frac,NyalaMountain,Bovidae,Tragelaphini,Tragelaphus,buxtoni,MG657356,0.00000198
B2ancient,ExtNegCtrl2,ELO-SJWLQ-B2ancient_S82_L005_R1_001.fastq.gz,SE,hits_raw_frac,NyalaMountain,Bovidae,Tragelaphini,Tragelaphus,buxtoni,MG657356,0.00000167
Fossil936,CGG_1_024411,ELO-SJWLQ-936_S70_L005_R1_001.fastq.gz,SE,hits_raw_frac,NyalaMountain,Bovidae,Tragelaphini,Tragelaphus,buxtoni,MG657356,0.0000895
IBancient,indexPCRNegCtrl,ELO-SJWLQ-IBancient_S83_L005_R1_001.fastq.gz,SE,hits_raw_frac,NyalaMountain,Bovidae,Tragelaphini,Tragelaphus,buxtoni,MG657356,0
LBancient,LibNegCtrl,ELO-SJWLQ-LBancient_S84_L005_R1_001.fastq.gz,SE,hits_raw_frac,NyalaMountain,Bovidae,Tragelaphini,Tragelaphus,buxtoni,MG657356,0.00000502
B1ancient,ExtNegCtrl1,ELO-SJWLQ-B1ancient_S81_L005_R1_001.fastq.gz,SE,hits_clonality,NyalaMountain,Bovidae,Tragelaphini,Tragelaphus,buxtoni,MG657356,0.5
B2ancient,ExtNegCtrl2,ELO-SJWLQ-B2ancient_S82_L005_R1_001.fastq.gz,SE,hits_clonality,NyalaMountain,Bovidae,Tragelaphini,Tragelaphus,buxtoni,MG657356,0
Fossil936,CGG_1_024411,ELO-SJWLQ-936_S70_L005_R1_001.fastq.gz,SE,hits_clonality,NyalaMountain,Bovidae,Tragelaphini,Tragelaphus,buxtoni,MG657356,0.094292804
IBancient,indexPCRNegCtrl,ELO-SJWLQ-IBancient_S83_L005_R1_001.fastq.gz,SE,hits_clonality,NyalaMountain,Bovidae,Tragelaphini,Tragelaphus,buxtoni,MG657356,
LBancient,LibNegCtrl,ELO-SJWLQ-LBancient_S84_L005_R1_001.fastq.gz,SE,hits_clonality,NyalaMountain,Bovidae,Tragelaphini,Tragelaphus,buxtoni,MG657356,0.5
B1ancient,ExtNegCtrl1,ELO-SJWLQ-B1ancient_S81_L005_R1_001.fastq.gz,SE,hits_unique,NyalaMountain,Bovidae,Tragelaphini,Tragelaphus,buxtoni,MG657356,1
B2ancient,ExtNegCtrl2,ELO-SJWLQ-B2ancient_S82_L005_R1_001.fastq.gz,SE,hits_unique,NyalaMountain,Bovidae,Tragelaphini,Tragelaphus,buxtoni,MG657356,2
Fossil936,CGG_1_024411,ELO-SJWLQ-936_S70_L005_R1_001.fastq.gz,SE,hits_unique,NyalaMountain,Bovidae,Tragelaphini,Tragelaphus,buxtoni,MG657356,730
IBancient,indexPCRNegCtrl,ELO-SJWLQ-IBancient_S83_L005_R1_001.fastq.gz,SE,hits_unique,NyalaMountain,Bovidae,Tragelaphini,Tragelaphus,buxtoni,MG657356,0
LBancient,LibNegCtrl,ELO-SJWLQ-LBancient_S84_L005_R1_001.fastq.gz,SE,hits_unique,NyalaMountain,Bovidae,Tragelaphini,Tragelaphus,buxtoni,MG657356,2
B1ancient,ExtNegCtrl1,ELO-SJWLQ-B1ancient_S81_L005_R1_001.fastq.gz,SE,hits_unique_frac,NyalaMountain,Bovidae,Tragelaphini,Tragelaphus,buxtoni,MG657356,0.000000988
B2ancient,ExtNegCtrl2,ELO-SJWLQ-B2ancient_S82_L005_R1_001.fastq.gz,SE,hits_unique_frac,NyalaMountain,Bovidae,Tragelaphini,Tragelaphus,buxtoni,MG657356,0.00000167
Fossil936,CGG_1_024411,ELO-SJWLQ-936_S70_L005_R1_001.fastq.gz,SE,hits_unique_frac,NyalaMountain,Bovidae,Tragelaphini,Tragelaphus,buxtoni,MG657356,0.0000811
IBancient,indexPCRNegCtrl,ELO-SJWLQ-IBancient_S83_L005_R1_001.fastq.gz,SE,hits_unique_frac,NyalaMountain,Bovidae,Tragelaphini,Tragelaphus,buxtoni,MG657356,0
LBancient,LibNegCtrl,ELO-SJWLQ-LBancient_S84_L005_R1_001.fastq.gz,SE,hits_unique_frac,NyalaMountain,Bovidae,Tragelaphini,Tragelaphus,buxtoni,MG657356,0.00000251
B1ancient,ExtNegCtrl1,ELO-SJWLQ-B1ancient_S81_L005_R1_001.fastq.gz,SE,hits_coverage,NyalaMountain,Bovidae,Tragelaphini,Tragelaphus,buxtoni,MG657356,0.002228781
B2ancient,ExtNegCtrl2,ELO-SJWLQ-B2ancient_S82_L005_R1_001.fastq.gz,SE,hits_coverage,NyalaMountain,Bovidae,Tragelaphini,Tragelaphus,buxtoni,MG657356,0.004216613
Fossil936,CGG_1_024411,ELO-SJWLQ-936_S70_L005_R1_001.fastq.gz,SE,hits_coverage,NyalaMountain,Bovidae,Tragelaphini,Tragelaphus,buxtoni,MG657356,1.773808807
IBancient,indexPCRNegCtrl,ELO-SJWLQ-IBancient_S83_L005_R1_001.fastq.gz,SE,hits_coverage,NyalaMountain,Bovidae,Tragelaphini,Tragelaphus,buxtoni,MG657356,0
LBancient,LibNegCtrl,ELO-SJWLQ-LBancient_S84_L005_R1_001.fastq.gz,SE,hits_coverage,NyalaMountain,Bovidae,Tragelaphini,Tragelaphus,buxtoni,MG657356,0.007047768
B1ancient,ExtNegCtrl1,ELO-SJWLQ-B1ancient_S81_L005_R1_001.fastq.gz,SE,hits_length,NyalaMountain,Bovidae,Tragelaphini,Tragelaphus,buxtoni,MG657356,37
B2ancient,ExtNegCtrl2,ELO-SJWLQ-B2ancient_S82_L005_R1_001.fastq.gz,SE,hits_length,NyalaMountain,Bovidae,Tragelaphini,Tragelaphus,buxtoni,MG657356,35
Fossil936,CGG_1_024411,ELO-SJWLQ-936_S70_L005_R1_001.fastq.gz,SE,hits_length,NyalaMountain,Bovidae,Tragelaphini,Tragelaphus,buxtoni,MG657356,40.33835616
IBancient,indexPCRNegCtrl,ELO-SJWLQ-IBancient_S83_L005_R1_001.fastq.gz,SE,hits_length,NyalaMountain,Bovidae,Tragelaphini,Tragelaphus,buxtoni,MG657356,
LBancient,LibNegCtrl,ELO-SJWLQ-LBancient_S84_L005_R1_001.fastq.gz,SE,hits_length,NyalaMountain,Bovidae,Tragelaphini,Tragelaphus,buxtoni,MG657356,58.5
B1ancient,ExtNegCtrl1,ELO-SJWLQ-B1ancient_S81_L005_R1_001.fastq.gz,SE,hits_raw,ReedbuckMt,Bovidae,Reduncini,Redunca,fulvorufula,NC_020742,2
B2ancient,ExtNegCtrl2,ELO-SJWLQ-B2ancient_S82_L005_R1_001.fastq.gz,SE,hits_raw,ReedbuckMt,Bovidae,Reduncini,Redunca,fulvorufula,NC_020742,2
Fossil936,CGG_1_024411,ELO-SJWLQ-936_S70_L005_R1_001.fastq.gz,SE,hits_raw,ReedbuckMt,Bovidae,Reduncini,Redunca,fulvorufula,NC_020742,941
IBancient,indexPCRNegCtrl,ELO-SJWLQ-IBancient_S83_L005_R1_001.fastq.gz,SE,hits_raw,ReedbuckMt,Bovidae,Reduncini,Redunca,fulvorufula,NC_020742,0
LBancient,LibNegCtrl,ELO-SJWLQ-LBancient_S84_L005_R1_001.fastq.gz,SE,hits_raw,ReedbuckMt,Bovidae,Reduncini,Redunca,fulvorufula,NC_020742,4
B1ancient,ExtNegCtrl1,ELO-SJWLQ-B1ancient_S81_L005_R1_001.fastq.gz,SE,hits_raw_frac,ReedbuckMt,Bovidae,Reduncini,Redunca,fulvorufula,NC_020742,0.00000198
B2ancient,ExtNegCtrl2,ELO-SJWLQ-B2ancient_S82_L005_R1_001.fastq.gz,SE,hits_raw_frac,ReedbuckMt,Bovidae,Reduncini,Redunca,fulvorufula,NC_020742,0.00000167
Fossil936,CGG_1_024411,ELO-SJWLQ-936_S70_L005_R1_001.fastq.gz,SE,hits_raw_frac,ReedbuckMt,Bovidae,Reduncini,Redunca,fulvorufula,NC_020742,0.000104493
IBancient,indexPCRNegCtrl,ELO-SJWLQ-IBancient_S83_L005_R1_001.fastq.gz,SE,hits_raw_frac,ReedbuckMt,Bovidae,Reduncini,Redunca,fulvorufula,NC_020742,0
LBancient,LibNegCtrl,ELO-SJWLQ-LBancient_S84_L005_R1_001.fastq.gz,SE,hits_raw_frac,ReedbuckMt,Bovidae,Reduncini,Redunca,fulvorufula,NC_020742,0.00000502
B1ancient,ExtNegCtrl1,ELO-SJWLQ-B1ancient_S81_L005_R1_001.fastq.gz,SE,hits_clonality,ReedbuckMt,Bovidae,Reduncini,Redunca,fulvorufula,NC_020742,0.5
B2ancient,ExtNegCtrl2,ELO-SJWLQ-B2ancient_S82_L005_R1_001.fastq.gz,SE,hits_clonality,ReedbuckMt,Bovidae,Reduncini,Redunca,fulvorufula,NC_020742,0
Fossil936,CGG_1_024411,ELO-SJWLQ-936_S70_L005_R1_001.fastq.gz,SE,hits_clonality,ReedbuckMt,Bovidae,Reduncini,Redunca,fulvorufula,NC_020742,0.108395324
IBancient,indexPCRNegCtrl,ELO-SJWLQ-IBancient_S83_L005_R1_001.fastq.gz,SE,hits_clonality,ReedbuckMt,Bovidae,Reduncini,Redunca,fulvorufula,NC_020742,
LBancient,LibNegCtrl,ELO-SJWLQ-LBancient_S84_L005_R1_001.fastq.gz,SE,hits_clonality,ReedbuckMt,Bovidae,Reduncini,Redunca,fulvorufula,NC_020742,0.5
B1ancient,ExtNegCtrl1,ELO-SJWLQ-B1ancient_S81_L005_R1_001.fastq.gz,SE,hits_unique,ReedbuckMt,Bovidae,Reduncini,Redunca,fulvorufula,NC_020742,1
B2ancient,ExtNegCtrl2,ELO-SJWLQ-B2ancient_S82_L005_R1_001.fastq.gz,SE,hits_unique,ReedbuckMt,Bovidae,Reduncini,Redunca,fulvorufula,NC_020742,2
Fossil936,CGG_1_024411,ELO-SJWLQ-936_S70_L005_R1_001.fastq.gz,SE,hits_unique,ReedbuckMt,Bovidae,Reduncini,Redunca,fulvorufula,NC_020742,839
IBancient,indexPCRNegCtrl,ELO-SJWLQ-IBancient_S83_L005_R1_001.fastq.gz,SE,hits_unique,ReedbuckMt,Bovidae,Reduncini,Redunca,fulvorufula,NC_020742,0
LBancient,LibNegCtrl,ELO-SJWLQ-LBancient_S84_L005_R1_001.fastq.gz,SE,hits_unique,ReedbuckMt,Bovidae,Reduncini,Redunca,fulvorufula,NC_020742,2
B1ancient,ExtNegCtrl1,ELO-SJWLQ-B1ancient_S81_L005_R1_001.fastq.gz,SE,hits_unique_frac,ReedbuckMt,Bovidae,Reduncini,Redunca,fulvorufula,NC_020742,0.000000988
B2ancient,ExtNegCtrl2,ELO-SJWLQ-B2ancient_S82_L005_R1_001.fastq.gz,SE,hits_unique_frac,ReedbuckMt,Bovidae,Reduncini,Redunca,fulvorufula,NC_020742,0.00000167
Fossil936,CGG_1_024411,ELO-SJWLQ-936_S70_L005_R1_001.fastq.gz,SE,hits_unique_frac,ReedbuckMt,Bovidae,Reduncini,Redunca,fulvorufula,NC_020742,0.0000932
IBancient,indexPCRNegCtrl,ELO-SJWLQ-IBancient_S83_L005_R1_001.fastq.gz,SE,hits_unique_frac,ReedbuckMt,Bovidae,Reduncini,Redunca,fulvorufula,NC_020742,0
LBancient,LibNegCtrl,ELO-SJWLQ-LBancient_S84_L005_R1_001.fastq.gz,SE,hits_unique_frac,ReedbuckMt,Bovidae,Reduncini,Redunca,fulvorufula,NC_020742,0.00000251
B1ancient,ExtNegCtrl1,ELO-SJWLQ-B1ancient_S81_L005_R1_001.fastq.gz,SE,hits_coverage,ReedbuckMt,Bovidae,Reduncini,Redunca,fulvorufula,NC_020742,0.00225143
B2ancient,ExtNegCtrl2,ELO-SJWLQ-B2ancient_S82_L005_R1_001.fastq.gz,SE,hits_coverage,ReedbuckMt,Bovidae,Reduncini,Redunca,fulvorufula,NC_020742,0.004259462
Fossil936,CGG_1_024411,ELO-SJWLQ-936_S70_L005_R1_001.fastq.gz,SE,hits_coverage,ReedbuckMt,Bovidae,Reduncini,Redunca,fulvorufula,NC_020742,2.100158209
IBancient,indexPCRNegCtrl,ELO-SJWLQ-IBancient_S83_L005_R1_001.fastq.gz,SE,hits_coverage,ReedbuckMt,Bovidae,Reduncini,Redunca,fulvorufula,NC_020742,0
LBancient,LibNegCtrl,ELO-SJWLQ-LBancient_S84_L005_R1_001.fastq.gz,SE,hits_coverage,ReedbuckMt,Bovidae,Reduncini,Redunca,fulvorufula,NC_020742,0.007119387
B1ancient,ExtNegCtrl1,ELO-SJWLQ-B1ancient_S81_L005_R1_001.fastq.gz,SE,hits_length,ReedbuckMt,Bovidae,Reduncini,Redunca,fulvorufula,NC_020742,37
B2ancient,ExtNegCtrl2,ELO-SJWLQ-B2ancient_S82_L005_R1_001.fastq.gz,SE,hits_length,ReedbuckMt,Bovidae,Reduncini,Redunca,fulvorufula,NC_020742,35
Fossil936,CGG_1_024411,ELO-SJWLQ-936_S70_L005_R1_001.fastq.gz,SE,hits_length,ReedbuckMt,Bovidae,Reduncini,Redunca,fulvorufula,NC_020742,41.13706794
IBancient,indexPCRNegCtrl,ELO-SJWLQ-IBancient_S83_L005_R1_001.fastq.gz,SE,hits_length,ReedbuckMt,Bovidae,Reduncini,Redunca,fulvorufula,NC_020742,
LBancient,LibNegCtrl,ELO-SJWLQ-LBancient_S84_L005_R1_001.fastq.gz,SE,hits_length,ReedbuckMt,Bovidae,Reduncini,Redunca,fulvorufula,NC_020742,58.5
B1ancient,ExtNegCtrl1,ELO-SJWLQ-B1ancient_S81_L005_R1_001.fastq.gz,SE,hits_raw,RoanAntelope,Bovidae,Hippotragini,Hippotragus,equinus,NC_020712,2
B2ancient,ExtNegCtrl2,ELO-SJWLQ-B2ancient_S82_L005_R1_001.fastq.gz,SE,hits_raw,RoanAntelope,Bovidae,Hippotragini,Hippotragus,equinus,NC_020712,2
Fossil936,CGG_1_024411,ELO-SJWLQ-936_S70_L005_R1_001.fastq.gz,SE,hits_raw,RoanAntelope,Bovidae,Hippotragini,Hippotragus,equinus,NC_020712,1155
IBancient,indexPCRNegCtrl,ELO-SJWLQ-IBancient_S83_L005_R1_001.fastq.gz,SE,hits_raw,RoanAntelope,Bovidae,Hippotragini,Hippotragus,equinus,NC_020712,0
LBancient,LibNegCtrl,ELO-SJWLQ-LBancient_S84_L005_R1_001.fastq.gz,SE,hits_raw,RoanAntelope,Bovidae,Hippotragini,Hippotragus,equinus,NC_020712,4
B1ancient,ExtNegCtrl1,ELO-SJWLQ-B1ancient_S81_L005_R1_001.fastq.gz,SE,hits_raw_frac,RoanAntelope,Bovidae,Hippotragini,Hippotragus,equinus,NC_020712,0.00000198
B2ancient,ExtNegCtrl2,ELO-SJWLQ-B2ancient_S82_L005_R1_001.fastq.gz,SE,hits_raw_frac,RoanAntelope,Bovidae,Hippotragini,Hippotragus,equinus,NC_020712,0.00000167
Fossil936,CGG_1_024411,ELO-SJWLQ-936_S70_L005_R1_001.fastq.gz,SE,hits_raw_frac,RoanAntelope,Bovidae,Hippotragini,Hippotragus,equinus,NC_020712,0.000128257
IBancient,indexPCRNegCtrl,ELO-SJWLQ-IBancient_S83_L005_R1_001.fastq.gz,SE,hits_raw_frac,RoanAntelope,Bovidae,Hippotragini,Hippotragus,equinus,NC_020712,0
LBancient,LibNegCtrl,ELO-SJWLQ-LBancient_S84_L005_R1_001.fastq.gz,SE,hits_raw_frac,RoanAntelope,Bovidae,Hippotragini,Hippotragus,equinus,NC_020712,0.00000502
B1ancient,ExtNegCtrl1,ELO-SJWLQ-B1ancient_S81_L005_R1_001.fastq.gz,SE,hits_clonality,RoanAntelope,Bovidae,Hippotragini,Hippotragus,equinus,NC_020712,0.5
B2ancient,ExtNegCtrl2,ELO-SJWLQ-B2ancient_S82_L005_R1_001.fastq.gz,SE,hits_clonality,RoanAntelope,Bovidae,Hippotragini,Hippotragus,equinus,NC_020712,0
Fossil936,CGG_1_024411,ELO-SJWLQ-936_S70_L005_R1_001.fastq.gz,SE,hits_clonality,RoanAntelope,Bovidae,Hippotragini,Hippotragus,equinus,NC_020712,0.103030303
IBancient,indexPCRNegCtrl,ELO-SJWLQ-IBancient_S83_L005_R1_001.fastq.gz,SE,hits_clonality,RoanAntelope,Bovidae,Hippotragini,Hippotragus,equinus,NC_020712,
LBancient,LibNegCtrl,ELO-SJWLQ-LBancient_S84_L005_R1_001.fastq.gz,SE,hits_clonality,RoanAntelope,Bovidae,Hippotragini,Hippotragus,equinus,NC_020712,0.5
B1ancient,ExtNegCtrl1,ELO-SJWLQ-B1ancient_S81_L005_R1_001.fastq.gz,SE,hits_unique,RoanAntelope,Bovidae,Hippotragini,Hippotragus,equinus,NC_020712,1
B2ancient,ExtNegCtrl2,ELO-SJWLQ-B2ancient_S82_L005_R1_001.fastq.gz,SE,hits_unique,RoanAntelope,Bovidae,Hippotragini,Hippotragus,equinus,NC_020712,2
Fossil936,CGG_1_024411,ELO-SJWLQ-936_S70_L005_R1_001.fastq.gz,SE,hits_unique,RoanAntelope,Bovidae,Hippotragini,Hippotragus,equinus,NC_020712,1036
IBancient,indexPCRNegCtrl,ELO-SJWLQ-IBancient_S83_L005_R1_001.fastq.gz,SE,hits_unique,RoanAntelope,Bovidae,Hippotragini,Hippotragus,equinus,NC_020712,0
LBancient,LibNegCtrl,ELO-SJWLQ-LBancient_S84_L005_R1_001.fastq.gz,SE,hits_unique,RoanAntelope,Bovidae,Hippotragini,Hippotragus,equinus,NC_020712,2
B1ancient,ExtNegCtrl1,ELO-SJWLQ-B1ancient_S81_L005_R1_001.fastq.gz,SE,hits_unique_frac,RoanAntelope,Bovidae,Hippotragini,Hippotragus,equinus,NC_020712,0.000000988
B2ancient,ExtNegCtrl2,ELO-SJWLQ-B2ancient_S82_L005_R1_001.fastq.gz,SE,hits_unique_frac,RoanAntelope,Bovidae,Hippotragini,Hippotragus,equinus,NC_020712,0.00000167
Fossil936,CGG_1_024411,ELO-SJWLQ-936_S70_L005_R1_001.fastq.gz,SE,hits_unique_frac,RoanAntelope,Bovidae,Hippotragini,Hippotragus,equinus,NC_020712,0.000115042
IBancient,indexPCRNegCtrl,ELO-SJWLQ-IBancient_S83_L005_R1_001.fastq.gz,SE,hits_unique_frac,RoanAntelope,Bovidae,Hippotragini,Hippotragus,equinus,NC_020712,0
LBancient,LibNegCtrl,ELO-SJWLQ-LBancient_S84_L005_R1_001.fastq.gz,SE,hits_unique_frac,RoanAntelope,Bovidae,Hippotragini,Hippotragus,equinus,NC_020712,0.00000251
B1ancient,ExtNegCtrl1,ELO-SJWLQ-B1ancient_S81_L005_R1_001.fastq.gz,SE,hits_coverage,RoanAntelope,Bovidae,Hippotragini,Hippotragus,equinus,NC_020712,0.002251156
B2ancient,ExtNegCtrl2,ELO-SJWLQ-B2ancient_S82_L005_R1_001.fastq.gz,SE,hits_coverage,RoanAntelope,Bovidae,Hippotragini,Hippotragus,equinus,NC_020712,0.004258944
Fossil936,CGG_1_024411,ELO-SJWLQ-936_S70_L005_R1_001.fastq.gz,SE,hits_coverage,RoanAntelope,Bovidae,Hippotragini,Hippotragus,equinus,NC_020712,2.596738866
IBancient,indexPCRNegCtrl,ELO-SJWLQ-IBancient_S83_L005_R1_001.fastq.gz,SE,hits_coverage,RoanAntelope,Bovidae,Hippotragini,Hippotragus,equinus,NC_020712,0
LBancient,LibNegCtrl,ELO-SJWLQ-LBancient_S84_L005_R1_001.fastq.gz,SE,hits_coverage,RoanAntelope,Bovidae,Hippotragini,Hippotragus,equinus,NC_020712,0.00711852
B1ancient,ExtNegCtrl1,ELO-SJWLQ-B1ancient_S81_L005_R1_001.fastq.gz,SE,hits_length,RoanAntelope,Bovidae,Hippotragini,Hippotragus,equinus,NC_020712,37
B2ancient,ExtNegCtrl2,ELO-SJWLQ-B2ancient_S82_L005_R1_001.fastq.gz,SE,hits_length,RoanAntelope,Bovidae,Hippotragini,Hippotragus,equinus,NC_020712,35
Fossil936,CGG_1_024411,ELO-SJWLQ-936_S70_L005_R1_001.fastq.gz,SE,hits_length,RoanAntelope,Bovidae,Hippotragini,Hippotragus,equinus,NC_020712,41.1969112
IBancient,indexPCRNegCtrl,ELO-SJWLQ-IBancient_S83_L005_R1_001.fastq.gz,SE,hits_length,RoanAntelope,Bovidae,Hippotragini,Hippotragus,equinus,NC_020712,
LBancient,LibNegCtrl,ELO-SJWLQ-LBancient_S84_L005_R1_001.fastq.gz,SE,hits_length,RoanAntelope,Bovidae,Hippotragini,Hippotragus,equinus,NC_020712,58.5
B1ancient,ExtNegCtrl1,ELO-SJWLQ-B1ancient_S81_L005_R1_001.fastq.gz,SE,hits_raw,RootRatGiant,Spalacidae,,Tachyoryctes,macrocephalus,MW751806,2
B2ancient,ExtNegCtrl2,ELO-SJWLQ-B2ancient_S82_L005_R1_001.fastq.gz,SE,hits_raw,RootRatGiant,Spalacidae,,Tachyoryctes,macrocephalus,MW751806,3
Fossil936,CGG_1_024411,ELO-SJWLQ-936_S70_L005_R1_001.fastq.gz,SE,hits_raw,RootRatGiant,Spalacidae,,Tachyoryctes,macrocephalus,MW751806,103
IBancient,indexPCRNegCtrl,ELO-SJWLQ-IBancient_S83_L005_R1_001.fastq.gz,SE,hits_raw,RootRatGiant,Spalacidae,,Tachyoryctes,macrocephalus,MW751806,0
LBancient,LibNegCtrl,ELO-SJWLQ-LBancient_S84_L005_R1_001.fastq.gz,SE,hits_raw,RootRatGiant,Spalacidae,,Tachyoryctes,macrocephalus,MW751806,3
B1ancient,ExtNegCtrl1,ELO-SJWLQ-B1ancient_S81_L005_R1_001.fastq.gz,SE,hits_raw_frac,RootRatGiant,Spalacidae,,Tachyoryctes,macrocephalus,MW751806,0.00000198
B2ancient,ExtNegCtrl2,ELO-SJWLQ-B2ancient_S82_L005_R1_001.fastq.gz,SE,hits_raw_frac,RootRatGiant,Spalacidae,,Tachyoryctes,macrocephalus,MW751806,0.0000025
Fossil936,CGG_1_024411,ELO-SJWLQ-936_S70_L005_R1_001.fastq.gz,SE,hits_raw_frac,RootRatGiant,Spalacidae,,Tachyoryctes,macrocephalus,MW751806,0.0000114
IBancient,indexPCRNegCtrl,ELO-SJWLQ-IBancient_S83_L005_R1_001.fastq.gz,SE,hits_raw_frac,RootRatGiant,Spalacidae,,Tachyoryctes,macrocephalus,MW751806,0
LBancient,LibNegCtrl,ELO-SJWLQ-LBancient_S84_L005_R1_001.fastq.gz,SE,hits_raw_frac,RootRatGiant,Spalacidae,,Tachyoryctes,macrocephalus,MW751806,0.00000376
B1ancient,ExtNegCtrl1,ELO-SJWLQ-B1ancient_S81_L005_R1_001.fastq.gz,SE,hits_clonality,RootRatGiant,Spalacidae,,Tachyoryctes,macrocephalus,MW751806,0.5
B2ancient,ExtNegCtrl2,ELO-SJWLQ-B2ancient_S82_L005_R1_001.fastq.gz,SE,hits_clonality,RootRatGiant,Spalacidae,,Tachyoryctes,macrocephalus,MW751806,0
Fossil936,CGG_1_024411,ELO-SJWLQ-936_S70_L005_R1_001.fastq.gz,SE,hits_clonality,RootRatGiant,Spalacidae,,Tachyoryctes,macrocephalus,MW751806,0.058252427
IBancient,indexPCRNegCtrl,ELO-SJWLQ-IBancient_S83_L005_R1_001.fastq.gz,SE,hits_clonality,RootRatGiant,Spalacidae,,Tachyoryctes,macrocephalus,MW751806,
LBancient,LibNegCtrl,ELO-SJWLQ-LBancient_S84_L005_R1_001.fastq.gz,SE,hits_clonality,RootRatGiant,Spalacidae,,Tachyoryctes,macrocephalus,MW751806,0.666666667
B1ancient,ExtNegCtrl1,ELO-SJWLQ-B1ancient_S81_L005_R1_001.fastq.gz,SE,hits_unique,RootRatGiant,Spalacidae,,Tachyoryctes,macrocephalus,MW751806,1
B2ancient,ExtNegCtrl2,ELO-SJWLQ-B2ancient_S82_L005_R1_001.fastq.gz,SE,hits_unique,RootRatGiant,Spalacidae,,Tachyoryctes,macrocephalus,MW751806,3
Fossil936,CGG_1_024411,ELO-SJWLQ-936_S70_L005_R1_001.fastq.gz,SE,hits_unique,RootRatGiant,Spalacidae,,Tachyoryctes,macrocephalus,MW751806,97
IBancient,indexPCRNegCtrl,ELO-SJWLQ-IBancient_S83_L005_R1_001.fastq.gz,SE,hits_unique,RootRatGiant,Spalacidae,,Tachyoryctes,macrocephalus,MW751806,0
LBancient,LibNegCtrl,ELO-SJWLQ-LBancient_S84_L005_R1_001.fastq.gz,SE,hits_unique,RootRatGiant,Spalacidae,,Tachyoryctes,macrocephalus,MW751806,1
B1ancient,ExtNegCtrl1,ELO-SJWLQ-B1ancient_S81_L005_R1_001.fastq.gz,SE,hits_unique_frac,RootRatGiant,Spalacidae,,Tachyoryctes,macrocephalus,MW751806,0.000000988
B2ancient,ExtNegCtrl2,ELO-SJWLQ-B2ancient_S82_L005_R1_001.fastq.gz,SE,hits_unique_frac,RootRatGiant,Spalacidae,,Tachyoryctes,macrocephalus,MW751806,0.0000025
Fossil936,CGG_1_024411,ELO-SJWLQ-936_S70_L005_R1_001.fastq.gz,SE,hits_unique_frac,RootRatGiant,Spalacidae,,Tachyoryctes,macrocephalus,MW751806,0.0000108
IBancient,indexPCRNegCtrl,ELO-SJWLQ-IBancient_S83_L005_R1_001.fastq.gz,SE,hits_unique_frac,RootRatGiant,Spalacidae,,Tachyoryctes,macrocephalus,MW751806,0
LBancient,LibNegCtrl,ELO-SJWLQ-LBancient_S84_L005_R1_001.fastq.gz,SE,hits_unique_frac,RootRatGiant,Spalacidae,,Tachyoryctes,macrocephalus,MW751806,0.00000125
B1ancient,ExtNegCtrl1,ELO-SJWLQ-B1ancient_S81_L005_R1_001.fastq.gz,SE,hits_coverage,RootRatGiant,Spalacidae,,Tachyoryctes,macrocephalus,MW751806,0.002222756
B2ancient,ExtNegCtrl2,ELO-SJWLQ-B2ancient_S82_L005_R1_001.fastq.gz,SE,hits_coverage,RootRatGiant,Spalacidae,,Tachyoryctes,macrocephalus,MW751806,0.008891025
Fossil936,CGG_1_024411,ELO-SJWLQ-936_S70_L005_R1_001.fastq.gz,SE,hits_coverage,RootRatGiant,Spalacidae,,Tachyoryctes,macrocephalus,MW751806,0.216027875
IBancient,indexPCRNegCtrl,ELO-SJWLQ-IBancient_S83_L005_R1_001.fastq.gz,SE,hits_coverage,RootRatGiant,Spalacidae,,Tachyoryctes,macrocephalus,MW751806,0
LBancient,LibNegCtrl,ELO-SJWLQ-LBancient_S84_L005_R1_001.fastq.gz,SE,hits_coverage,RootRatGiant,Spalacidae,,Tachyoryctes,macrocephalus,MW751806,0.002222756
B1ancient,ExtNegCtrl1,ELO-SJWLQ-B1ancient_S81_L005_R1_001.fastq.gz,SE,hits_length,RootRatGiant,Spalacidae,,Tachyoryctes,macrocephalus,MW751806,37
B2ancient,ExtNegCtrl2,ELO-SJWLQ-B2ancient_S82_L005_R1_001.fastq.gz,SE,hits_length,RootRatGiant,Spalacidae,,Tachyoryctes,macrocephalus,MW751806,49.33333333
Fossil936,CGG_1_024411,ELO-SJWLQ-936_S70_L005_R1_001.fastq.gz,SE,hits_length,RootRatGiant,Spalacidae,,Tachyoryctes,macrocephalus,MW751806,37.07216495
IBancient,indexPCRNegCtrl,ELO-SJWLQ-IBancient_S83_L005_R1_001.fastq.gz,SE,hits_length,RootRatGiant,Spalacidae,,Tachyoryctes,macrocephalus,MW751806,
LBancient,LibNegCtrl,ELO-SJWLQ-LBancient_S84_L005_R1_001.fastq.gz,SE,hits_length,RootRatGiant,Spalacidae,,Tachyoryctes,macrocephalus,MW751806,37
B1ancient,ExtNegCtrl1,ELO-SJWLQ-B1ancient_S81_L005_R1_001.fastq.gz,SE,hits_raw,Warthog,Suidae,,Phacochoerus,africanus,NC_008830,2
B2ancient,ExtNegCtrl2,ELO-SJWLQ-B2ancient_S82_L005_R1_001.fastq.gz,SE,hits_raw,Warthog,Suidae,,Phacochoerus,africanus,NC_008830,3
Fossil936,CGG_1_024411,ELO-SJWLQ-936_S70_L005_R1_001.fastq.gz,SE,hits_raw,Warthog,Suidae,,Phacochoerus,africanus,NC_008830,337
IBancient,indexPCRNegCtrl,ELO-SJWLQ-IBancient_S83_L005_R1_001.fastq.gz,SE,hits_raw,Warthog,Suidae,,Phacochoerus,africanus,NC_008830,0
LBancient,LibNegCtrl,ELO-SJWLQ-LBancient_S84_L005_R1_001.fastq.gz,SE,hits_raw,Warthog,Suidae,,Phacochoerus,africanus,NC_008830,4
B1ancient,ExtNegCtrl1,ELO-SJWLQ-B1ancient_S81_L005_R1_001.fastq.gz,SE,hits_raw_frac,Warthog,Suidae,,Phacochoerus,africanus,NC_008830,0.00000198
B2ancient,ExtNegCtrl2,ELO-SJWLQ-B2ancient_S82_L005_R1_001.fastq.gz,SE,hits_raw_frac,Warthog,Suidae,,Phacochoerus,africanus,NC_008830,0.0000025
Fossil936,CGG_1_024411,ELO-SJWLQ-936_S70_L005_R1_001.fastq.gz,SE,hits_raw_frac,Warthog,Suidae,,Phacochoerus,africanus,NC_008830,0.0000374
IBancient,indexPCRNegCtrl,ELO-SJWLQ-IBancient_S83_L005_R1_001.fastq.gz,SE,hits_raw_frac,Warthog,Suidae,,Phacochoerus,africanus,NC_008830,0
LBancient,LibNegCtrl,ELO-SJWLQ-LBancient_S84_L005_R1_001.fastq.gz,SE,hits_raw_frac,Warthog,Suidae,,Phacochoerus,africanus,NC_008830,0.00000502
B1ancient,ExtNegCtrl1,ELO-SJWLQ-B1ancient_S81_L005_R1_001.fastq.gz,SE,hits_clonality,Warthog,Suidae,,Phacochoerus,africanus,NC_008830,0.5
B2ancient,ExtNegCtrl2,ELO-SJWLQ-B2ancient_S82_L005_R1_001.fastq.gz,SE,hits_clonality,Warthog,Suidae,,Phacochoerus,africanus,NC_008830,0
Fossil936,CGG_1_024411,ELO-SJWLQ-936_S70_L005_R1_001.fastq.gz,SE,hits_clonality,Warthog,Suidae,,Phacochoerus,africanus,NC_008830,0.106824926
IBancient,indexPCRNegCtrl,ELO-SJWLQ-IBancient_S83_L005_R1_001.fastq.gz,SE,hits_clonality,Warthog,Suidae,,Phacochoerus,africanus,NC_008830,
LBancient,LibNegCtrl,ELO-SJWLQ-LBancient_S84_L005_R1_001.fastq.gz,SE,hits_clonality,Warthog,Suidae,,Phacochoerus,africanus,NC_008830,0.5
B1ancient,ExtNegCtrl1,ELO-SJWLQ-B1ancient_S81_L005_R1_001.fastq.gz,SE,hits_unique,Warthog,Suidae,,Phacochoerus,africanus,NC_008830,1
B2ancient,ExtNegCtrl2,ELO-SJWLQ-B2ancient_S82_L005_R1_001.fastq.gz,SE,hits_unique,Warthog,Suidae,,Phacochoerus,africanus,NC_008830,3
Fossil936,CGG_1_024411,ELO-SJWLQ-936_S70_L005_R1_001.fastq.gz,SE,hits_unique,Warthog,Suidae,,Phacochoerus,africanus,NC_008830,301
IBancient,indexPCRNegCtrl,ELO-SJWLQ-IBancient_S83_L005_R1_001.fastq.gz,SE,hits_unique,Warthog,Suidae,,Phacochoerus,africanus,NC_008830,0
LBancient,LibNegCtrl,ELO-SJWLQ-LBancient_S84_L005_R1_001.fastq.gz,SE,hits_unique,Warthog,Suidae,,Phacochoerus,africanus,NC_008830,2
B1ancient,ExtNegCtrl1,ELO-SJWLQ-B1ancient_S81_L005_R1_001.fastq.gz,SE,hits_unique_frac,Warthog,Suidae,,Phacochoerus,africanus,NC_008830,0.000000988
B2ancient,ExtNegCtrl2,ELO-SJWLQ-B2ancient_S82_L005_R1_001.fastq.gz,SE,hits_unique_frac,Warthog,Suidae,,Phacochoerus,africanus,NC_008830,0.0000025
Fossil936,CGG_1_024411,ELO-SJWLQ-936_S70_L005_R1_001.fastq.gz,SE,hits_unique_frac,Warthog,Suidae,,Phacochoerus,africanus,NC_008830,0.0000334
IBancient,indexPCRNegCtrl,ELO-SJWLQ-IBancient_S83_L005_R1_001.fastq.gz,SE,hits_unique_frac,Warthog,Suidae,,Phacochoerus,africanus,NC_008830,0
LBancient,LibNegCtrl,ELO-SJWLQ-LBancient_S84_L005_R1_001.fastq.gz,SE,hits_unique_frac,Warthog,Suidae,,Phacochoerus,africanus,NC_008830,0.00000251
B1ancient,ExtNegCtrl1,ELO-SJWLQ-B1ancient_S81_L005_R1_001.fastq.gz,SE,hits_coverage,Warthog,Suidae,,Phacochoerus,africanus,NC_008830,0.002213051
B2ancient,ExtNegCtrl2,ELO-SJWLQ-B2ancient_S82_L005_R1_001.fastq.gz,SE,hits_coverage,Warthog,Suidae,,Phacochoerus,africanus,NC_008830,0.006041031
Fossil936,CGG_1_024411,ELO-SJWLQ-936_S70_L005_R1_001.fastq.gz,SE,hits_coverage,Warthog,Suidae,,Phacochoerus,africanus,NC_008830,0.701836234
IBancient,indexPCRNegCtrl,ELO-SJWLQ-IBancient_S83_L005_R1_001.fastq.gz,SE,hits_coverage,Warthog,Suidae,,Phacochoerus,africanus,NC_008830,0
LBancient,LibNegCtrl,ELO-SJWLQ-LBancient_S84_L005_R1_001.fastq.gz,SE,hits_coverage,Warthog,Suidae,,Phacochoerus,africanus,NC_008830,0.006998026
B1ancient,ExtNegCtrl1,ELO-SJWLQ-B1ancient_S81_L005_R1_001.fastq.gz,SE,hits_length,Warthog,Suidae,,Phacochoerus,africanus,NC_008830,37
B2ancient,ExtNegCtrl2,ELO-SJWLQ-B2ancient_S82_L005_R1_001.fastq.gz,SE,hits_length,Warthog,Suidae,,Phacochoerus,africanus,NC_008830,33.66666667
Fossil936,CGG_1_024411,ELO-SJWLQ-936_S70_L005_R1_001.fastq.gz,SE,hits_length,Warthog,Suidae,,Phacochoerus,africanus,NC_008830,38.9833887
IBancient,indexPCRNegCtrl,ELO-SJWLQ-IBancient_S83_L005_R1_001.fastq.gz,SE,hits_length,Warthog,Suidae,,Phacochoerus,africanus,NC_008830,
LBancient,LibNegCtrl,ELO-SJWLQ-LBancient_S84_L005_R1_001.fastq.gz,SE,hits_length,Warthog,Suidae,,Phacochoerus,africanus,NC_008830,58.5
B1ancient,ExtNegCtrl1,ELO-SJWLQ-B1ancient_S81_L005_R1_001.fastq.gz,SE,hits_raw,Waterbuck,Bovidae,Reduncini,Kobus,ellipsiprymnus,JN632651,2
B2ancient,ExtNegCtrl2,ELO-SJWLQ-B2ancient_S82_L005_R1_001.fastq.gz,SE,hits_raw,Waterbuck,Bovidae,Reduncini,Kobus,ellipsiprymnus,JN632651,2
Fossil936,CGG_1_024411,ELO-SJWLQ-936_S70_L005_R1_001.fastq.gz,SE,hits_raw,Waterbuck,Bovidae,Reduncini,Kobus,ellipsiprymnus,JN632651,937
IBancient,indexPCRNegCtrl,ELO-SJWLQ-IBancient_S83_L005_R1_001.fastq.gz,SE,hits_raw,Waterbuck,Bovidae,Reduncini,Kobus,ellipsiprymnus,JN632651,0
LBancient,LibNegCtrl,ELO-SJWLQ-LBancient_S84_L005_R1_001.fastq.gz,SE,hits_raw,Waterbuck,Bovidae,Reduncini,Kobus,ellipsiprymnus,JN632651,4
B1ancient,ExtNegCtrl1,ELO-SJWLQ-B1ancient_S81_L005_R1_001.fastq.gz,SE,hits_raw_frac,Waterbuck,Bovidae,Reduncini,Kobus,ellipsiprymnus,JN632651,0.00000198
B2ancient,ExtNegCtrl2,ELO-SJWLQ-B2ancient_S82_L005_R1_001.fastq.gz,SE,hits_raw_frac,Waterbuck,Bovidae,Reduncini,Kobus,ellipsiprymnus,JN632651,0.00000167
Fossil936,CGG_1_024411,ELO-SJWLQ-936_S70_L005_R1_001.fastq.gz,SE,hits_raw_frac,Waterbuck,Bovidae,Reduncini,Kobus,ellipsiprymnus,JN632651,0.000104049
IBancient,indexPCRNegCtrl,ELO-SJWLQ-IBancient_S83_L005_R1_001.fastq.gz,SE,hits_raw_frac,Waterbuck,Bovidae,Reduncini,Kobus,ellipsiprymnus,JN632651,0
LBancient,LibNegCtrl,ELO-SJWLQ-LBancient_S84_L005_R1_001.fastq.gz,SE,hits_raw_frac,Waterbuck,Bovidae,Reduncini,Kobus,ellipsiprymnus,JN632651,0.00000502
B1ancient,ExtNegCtrl1,ELO-SJWLQ-B1ancient_S81_L005_R1_001.fastq.gz,SE,hits_clonality,Waterbuck,Bovidae,Reduncini,Kobus,ellipsiprymnus,JN632651,0.5
B2ancient,ExtNegCtrl2,ELO-SJWLQ-B2ancient_S82_L005_R1_001.fastq.gz,SE,hits_clonality,Waterbuck,Bovidae,Reduncini,Kobus,ellipsiprymnus,JN632651,0
Fossil936,CGG_1_024411,ELO-SJWLQ-936_S70_L005_R1_001.fastq.gz,SE,hits_clonality,Waterbuck,Bovidae,Reduncini,Kobus,ellipsiprymnus,JN632651,0.108858058
IBancient,indexPCRNegCtrl,ELO-SJWLQ-IBancient_S83_L005_R1_001.fastq.gz,SE,hits_clonality,Waterbuck,Bovidae,Reduncini,Kobus,ellipsiprymnus,JN632651,
LBancient,LibNegCtrl,ELO-SJWLQ-LBancient_S84_L005_R1_001.fastq.gz,SE,hits_clonality,Waterbuck,Bovidae,Reduncini,Kobus,ellipsiprymnus,JN632651,0.5
B1ancient,ExtNegCtrl1,ELO-SJWLQ-B1ancient_S81_L005_R1_001.fastq.gz,SE,hits_unique,Waterbuck,Bovidae,Reduncini,Kobus,ellipsiprymnus,JN632651,1
B2ancient,ExtNegCtrl2,ELO-SJWLQ-B2ancient_S82_L005_R1_001.fastq.gz,SE,hits_unique,Waterbuck,Bovidae,Reduncini,Kobus,ellipsiprymnus,JN632651,2
Fossil936,CGG_1_024411,ELO-SJWLQ-936_S70_L005_R1_001.fastq.gz,SE,hits_unique,Waterbuck,Bovidae,Reduncini,Kobus,ellipsiprymnus,JN632651,835
IBancient,indexPCRNegCtrl,ELO-SJWLQ-IBancient_S83_L005_R1_001.fastq.gz,SE,hits_unique,Waterbuck,Bovidae,Reduncini,Kobus,ellipsiprymnus,JN632651,0
LBancient,LibNegCtrl,ELO-SJWLQ-LBancient_S84_L005_R1_001.fastq.gz,SE,hits_unique,Waterbuck,Bovidae,Reduncini,Kobus,ellipsiprymnus,JN632651,2
B1ancient,ExtNegCtrl1,ELO-SJWLQ-B1ancient_S81_L005_R1_001.fastq.gz,SE,hits_unique_frac,Waterbuck,Bovidae,Reduncini,Kobus,ellipsiprymnus,JN632651,0.000000988
B2ancient,ExtNegCtrl2,ELO-SJWLQ-B2ancient_S82_L005_R1_001.fastq.gz,SE,hits_unique_frac,Waterbuck,Bovidae,Reduncini,Kobus,ellipsiprymnus,JN632651,0.00000167
Fossil936,CGG_1_024411,ELO-SJWLQ-936_S70_L005_R1_001.fastq.gz,SE,hits_unique_frac,Waterbuck,Bovidae,Reduncini,Kobus,ellipsiprymnus,JN632651,0.0000927
IBancient,indexPCRNegCtrl,ELO-SJWLQ-IBancient_S83_L005_R1_001.fastq.gz,SE,hits_unique_frac,Waterbuck,Bovidae,Reduncini,Kobus,ellipsiprymnus,JN632651,0
LBancient,LibNegCtrl,ELO-SJWLQ-LBancient_S84_L005_R1_001.fastq.gz,SE,hits_unique_frac,Waterbuck,Bovidae,Reduncini,Kobus,ellipsiprymnus,JN632651,0.00000251
B1ancient,ExtNegCtrl1,ELO-SJWLQ-B1ancient_S81_L005_R1_001.fastq.gz,SE,hits_coverage,Waterbuck,Bovidae,Reduncini,Kobus,ellipsiprymnus,JN632651,0.002252389
B2ancient,ExtNegCtrl2,ELO-SJWLQ-B2ancient_S82_L005_R1_001.fastq.gz,SE,hits_coverage,Waterbuck,Bovidae,Reduncini,Kobus,ellipsiprymnus,JN632651,0.004261277
Fossil936,CGG_1_024411,ELO-SJWLQ-936_S70_L005_R1_001.fastq.gz,SE,hits_coverage,Waterbuck,Bovidae,Reduncini,Kobus,ellipsiprymnus,JN632651,2.079625008
IBancient,indexPCRNegCtrl,ELO-SJWLQ-IBancient_S83_L005_R1_001.fastq.gz,SE,hits_coverage,Waterbuck,Bovidae,Reduncini,Kobus,ellipsiprymnus,JN632651,0
LBancient,LibNegCtrl,ELO-SJWLQ-LBancient_S84_L005_R1_001.fastq.gz,SE,hits_coverage,Waterbuck,Bovidae,Reduncini,Kobus,ellipsiprymnus,JN632651,0.00712242
B1ancient,ExtNegCtrl1,ELO-SJWLQ-B1ancient_S81_L005_R1_001.fastq.gz,SE,hits_length,Waterbuck,Bovidae,Reduncini,Kobus,ellipsiprymnus,JN632651,37
B2ancient,ExtNegCtrl2,ELO-SJWLQ-B2ancient_S82_L005_R1_001.fastq.gz,SE,hits_length,Waterbuck,Bovidae,Reduncini,Kobus,ellipsiprymnus,JN632651,35
Fossil936,CGG_1_024411,ELO-SJWLQ-936_S70_L005_R1_001.fastq.gz,SE,hits_length,Waterbuck,Bovidae,Reduncini,Kobus,ellipsiprymnus,JN632651,40.91257485
IBancient,indexPCRNegCtrl,ELO-SJWLQ-IBancient_S83_L005_R1_001.fastq.gz,SE,hits_length,Waterbuck,Bovidae,Reduncini,Kobus,ellipsiprymnus,JN632651,
LBancient,LibNegCtrl,ELO-SJWLQ-LBancient_S84_L005_R1_001.fastq.gz,SE,hits_length,Waterbuck,Bovidae,Reduncini,Kobus,ellipsiprymnus,JN632651,58.5
B1ancient,ExtNegCtrl1,ELO-SJWLQ-B1ancient_S81_L005_R1_001.fastq.gz,SE,hits_raw,WildebeestBlue,Bovidae,Alceplaphini,Connochaetes,taurinus,JN632628,2
B2ancient,ExtNegCtrl2,ELO-SJWLQ-B2ancient_S82_L005_R1_001.fastq.gz,SE,hits_raw,WildebeestBlue,Bovidae,Alceplaphini,Connochaetes,taurinus,JN632628,2
Fossil936,CGG_1_024411,ELO-SJWLQ-936_S70_L005_R1_001.fastq.gz,SE,hits_raw,WildebeestBlue,Bovidae,Alceplaphini,Connochaetes,taurinus,JN632628,3039
IBancient,indexPCRNegCtrl,ELO-SJWLQ-IBancient_S83_L005_R1_001.fastq.gz,SE,hits_raw,WildebeestBlue,Bovidae,Alceplaphini,Connochaetes,taurinus,JN632628,0
LBancient,LibNegCtrl,ELO-SJWLQ-LBancient_S84_L005_R1_001.fastq.gz,SE,hits_raw,WildebeestBlue,Bovidae,Alceplaphini,Connochaetes,taurinus,JN632628,3
B1ancient,ExtNegCtrl1,ELO-SJWLQ-B1ancient_S81_L005_R1_001.fastq.gz,SE,hits_raw_frac,WildebeestBlue,Bovidae,Alceplaphini,Connochaetes,taurinus,JN632628,0.00000198
B2ancient,ExtNegCtrl2,ELO-SJWLQ-B2ancient_S82_L005_R1_001.fastq.gz,SE,hits_raw_frac,WildebeestBlue,Bovidae,Alceplaphini,Connochaetes,taurinus,JN632628,0.00000167
Fossil936,CGG_1_024411,ELO-SJWLQ-936_S70_L005_R1_001.fastq.gz,SE,hits_raw_frac,WildebeestBlue,Bovidae,Alceplaphini,Connochaetes,taurinus,JN632628,0.000337465
IBancient,indexPCRNegCtrl,ELO-SJWLQ-IBancient_S83_L005_R1_001.fastq.gz,SE,hits_raw_frac,WildebeestBlue,Bovidae,Alceplaphini,Connochaetes,taurinus,JN632628,0
LBancient,LibNegCtrl,ELO-SJWLQ-LBancient_S84_L005_R1_001.fastq.gz,SE,hits_raw_frac,WildebeestBlue,Bovidae,Alceplaphini,Connochaetes,taurinus,JN632628,0.00000376
B1ancient,ExtNegCtrl1,ELO-SJWLQ-B1ancient_S81_L005_R1_001.fastq.gz,SE,hits_clonality,WildebeestBlue,Bovidae,Alceplaphini,Connochaetes,taurinus,JN632628,0.5
B2ancient,ExtNegCtrl2,ELO-SJWLQ-B2ancient_S82_L005_R1_001.fastq.gz,SE,hits_clonality,WildebeestBlue,Bovidae,Alceplaphini,Connochaetes,taurinus,JN632628,0
Fossil936,CGG_1_024411,ELO-SJWLQ-936_S70_L005_R1_001.fastq.gz,SE,hits_clonality,WildebeestBlue,Bovidae,Alceplaphini,Connochaetes,taurinus,JN632628,0.113524186
IBancient,indexPCRNegCtrl,ELO-SJWLQ-IBancient_S83_L005_R1_001.fastq.gz,SE,hits_clonality,WildebeestBlue,Bovidae,Alceplaphini,Connochaetes,taurinus,JN632628,
LBancient,LibNegCtrl,ELO-SJWLQ-LBancient_S84_L005_R1_001.fastq.gz,SE,hits_clonality,WildebeestBlue,Bovidae,Alceplaphini,Connochaetes,taurinus,JN632628,0.666666667
B1ancient,ExtNegCtrl1,ELO-SJWLQ-B1ancient_S81_L005_R1_001.fastq.gz,SE,hits_unique,WildebeestBlue,Bovidae,Alceplaphini,Connochaetes,taurinus,JN632628,1
B2ancient,ExtNegCtrl2,ELO-SJWLQ-B2ancient_S82_L005_R1_001.fastq.gz,SE,hits_unique,WildebeestBlue,Bovidae,Alceplaphini,Connochaetes,taurinus,JN632628,2
Fossil936,CGG_1_024411,ELO-SJWLQ-936_S70_L005_R1_001.fastq.gz,SE,hits_unique,WildebeestBlue,Bovidae,Alceplaphini,Connochaetes,taurinus,JN632628,2694
IBancient,indexPCRNegCtrl,ELO-SJWLQ-IBancient_S83_L005_R1_001.fastq.gz,SE,hits_unique,WildebeestBlue,Bovidae,Alceplaphini,Connochaetes,taurinus,JN632628,0
LBancient,LibNegCtrl,ELO-SJWLQ-LBancient_S84_L005_R1_001.fastq.gz,SE,hits_unique,WildebeestBlue,Bovidae,Alceplaphini,Connochaetes,taurinus,JN632628,1
B1ancient,ExtNegCtrl1,ELO-SJWLQ-B1ancient_S81_L005_R1_001.fastq.gz,SE,hits_unique_frac,WildebeestBlue,Bovidae,Alceplaphini,Connochaetes,taurinus,JN632628,0.000000988
B2ancient,ExtNegCtrl2,ELO-SJWLQ-B2ancient_S82_L005_R1_001.fastq.gz,SE,hits_unique_frac,WildebeestBlue,Bovidae,Alceplaphini,Connochaetes,taurinus,JN632628,0.00000167
Fossil936,CGG_1_024411,ELO-SJWLQ-936_S70_L005_R1_001.fastq.gz,SE,hits_unique_frac,WildebeestBlue,Bovidae,Alceplaphini,Connochaetes,taurinus,JN632628,0.000299155
IBancient,indexPCRNegCtrl,ELO-SJWLQ-IBancient_S83_L005_R1_001.fastq.gz,SE,hits_unique_frac,WildebeestBlue,Bovidae,Alceplaphini,Connochaetes,taurinus,JN632628,0
LBancient,LibNegCtrl,ELO-SJWLQ-LBancient_S84_L005_R1_001.fastq.gz,SE,hits_unique_frac,WildebeestBlue,Bovidae,Alceplaphini,Connochaetes,taurinus,JN632628,0.00000125
B1ancient,ExtNegCtrl1,ELO-SJWLQ-B1ancient_S81_L005_R1_001.fastq.gz,SE,hits_coverage,WildebeestBlue,Bovidae,Alceplaphini,Connochaetes,taurinus,JN632628,0.002254723
B2ancient,ExtNegCtrl2,ELO-SJWLQ-B2ancient_S82_L005_R1_001.fastq.gz,SE,hits_coverage,WildebeestBlue,Bovidae,Alceplaphini,Connochaetes,taurinus,JN632628,0.004265692
Fossil936,CGG_1_024411,ELO-SJWLQ-936_S70_L005_R1_001.fastq.gz,SE,hits_coverage,WildebeestBlue,Bovidae,Alceplaphini,Connochaetes,taurinus,JN632628,7.234613041
IBancient,indexPCRNegCtrl,ELO-SJWLQ-IBancient_S83_L005_R1_001.fastq.gz,SE,hits_coverage,WildebeestBlue,Bovidae,Alceplaphini,Connochaetes,taurinus,JN632628,0
LBancient,LibNegCtrl,ELO-SJWLQ-LBancient_S84_L005_R1_001.fastq.gz,SE,hits_coverage,WildebeestBlue,Bovidae,Alceplaphini,Connochaetes,taurinus,JN632628,0.002254723
B1ancient,ExtNegCtrl1,ELO-SJWLQ-B1ancient_S81_L005_R1_001.fastq.gz,SE,hits_length,WildebeestBlue,Bovidae,Alceplaphini,Connochaetes,taurinus,JN632628,37
B2ancient,ExtNegCtrl2,ELO-SJWLQ-B2ancient_S82_L005_R1_001.fastq.gz,SE,hits_length,WildebeestBlue,Bovidae,Alceplaphini,Connochaetes,taurinus,JN632628,35
Fossil936,CGG_1_024411,ELO-SJWLQ-936_S70_L005_R1_001.fastq.gz,SE,hits_length,WildebeestBlue,Bovidae,Alceplaphini,Connochaetes,taurinus,JN632628,44.06829993
IBancient,indexPCRNegCtrl,ELO-SJWLQ-IBancient_S83_L005_R1_001.fastq.gz,SE,hits_length,WildebeestBlue,Bovidae,Alceplaphini,Connochaetes,taurinus,JN632628,
LBancient,LibNegCtrl,ELO-SJWLQ-LBancient_S84_L005_R1_001.fastq.gz,SE,hits_length,WildebeestBlue,Bovidae,Alceplaphini,Connochaetes,taurinus,JN632628,37
B1ancient,ExtNegCtrl1,ELO-SJWLQ-B1ancient_S81_L005_R1_001.fastq.gz,SE,hits_raw,ZebraPlains,Equidae,,Equus,quagga,JX312721,2
B2ancient,ExtNegCtrl2,ELO-SJWLQ-B2ancient_S82_L005_R1_001.fastq.gz,SE,hits_raw,ZebraPlains,Equidae,,Equus,quagga,JX312721,2
Fossil936,CGG_1_024411,ELO-SJWLQ-936_S70_L005_R1_001.fastq.gz,SE,hits_raw,ZebraPlains,Equidae,,Equus,quagga,JX312721,246
IBancient,indexPCRNegCtrl,ELO-SJWLQ-IBancient_S83_L005_R1_001.fastq.gz,SE,hits_raw,ZebraPlains,Equidae,,Equus,quagga,JX312721,0
LBancient,LibNegCtrl,ELO-SJWLQ-LBancient_S84_L005_R1_001.fastq.gz,SE,hits_raw,ZebraPlains,Equidae,,Equus,quagga,JX312721,3
B1ancient,ExtNegCtrl1,ELO-SJWLQ-B1ancient_S81_L005_R1_001.fastq.gz,SE,hits_raw_frac,ZebraPlains,Equidae,,Equus,quagga,JX312721,0.00000198
B2ancient,ExtNegCtrl2,ELO-SJWLQ-B2ancient_S82_L005_R1_001.fastq.gz,SE,hits_raw_frac,ZebraPlains,Equidae,,Equus,quagga,JX312721,0.00000167
Fossil936,CGG_1_024411,ELO-SJWLQ-936_S70_L005_R1_001.fastq.gz,SE,hits_raw_frac,ZebraPlains,Equidae,,Equus,quagga,JX312721,0.0000273
IBancient,indexPCRNegCtrl,ELO-SJWLQ-IBancient_S83_L005_R1_001.fastq.gz,SE,hits_raw_frac,ZebraPlains,Equidae,,Equus,quagga,JX312721,0
LBancient,LibNegCtrl,ELO-SJWLQ-LBancient_S84_L005_R1_001.fastq.gz,SE,hits_raw_frac,ZebraPlains,Equidae,,Equus,quagga,JX312721,0.00000376
B1ancient,ExtNegCtrl1,ELO-SJWLQ-B1ancient_S81_L005_R1_001.fastq.gz,SE,hits_clonality,ZebraPlains,Equidae,,Equus,quagga,JX312721,0.5
B2ancient,ExtNegCtrl2,ELO-SJWLQ-B2ancient_S82_L005_R1_001.fastq.gz,SE,hits_clonality,ZebraPlains,Equidae,,Equus,quagga,JX312721,0
Fossil936,CGG_1_024411,ELO-SJWLQ-936_S70_L005_R1_001.fastq.gz,SE,hits_clonality,ZebraPlains,Equidae,,Equus,quagga,JX312721,0.093495935
IBancient,indexPCRNegCtrl,ELO-SJWLQ-IBancient_S83_L005_R1_001.fastq.gz,SE,hits_clonality,ZebraPlains,Equidae,,Equus,quagga,JX312721,
LBancient,LibNegCtrl,ELO-SJWLQ-LBancient_S84_L005_R1_001.fastq.gz,SE,hits_clonality,ZebraPlains,Equidae,,Equus,quagga,JX312721,0.666666667
B1ancient,ExtNegCtrl1,ELO-SJWLQ-B1ancient_S81_L005_R1_001.fastq.gz,SE,hits_unique,ZebraPlains,Equidae,,Equus,quagga,JX312721,1
B2ancient,ExtNegCtrl2,ELO-SJWLQ-B2ancient_S82_L005_R1_001.fastq.gz,SE,hits_unique,ZebraPlains,Equidae,,Equus,quagga,JX312721,2
Fossil936,CGG_1_024411,ELO-SJWLQ-936_S70_L005_R1_001.fastq.gz,SE,hits_unique,ZebraPlains,Equidae,,Equus,quagga,JX312721,223
IBancient,indexPCRNegCtrl,ELO-SJWLQ-IBancient_S83_L005_R1_001.fastq.gz,SE,hits_unique,ZebraPlains,Equidae,,Equus,quagga,JX312721,0
LBancient,LibNegCtrl,ELO-SJWLQ-LBancient_S84_L005_R1_001.fastq.gz,SE,hits_unique,ZebraPlains,Equidae,,Equus,quagga,JX312721,1
B1ancient,ExtNegCtrl1,ELO-SJWLQ-B1ancient_S81_L005_R1_001.fastq.gz,SE,hits_unique_frac,ZebraPlains,Equidae,,Equus,quagga,JX312721,0.000000988
B2ancient,ExtNegCtrl2,ELO-SJWLQ-B2ancient_S82_L005_R1_001.fastq.gz,SE,hits_unique_frac,ZebraPlains,Equidae,,Equus,quagga,JX312721,0.00000167
Fossil936,CGG_1_024411,ELO-SJWLQ-936_S70_L005_R1_001.fastq.gz,SE,hits_unique_frac,ZebraPlains,Equidae,,Equus,quagga,JX312721,0.0000248
IBancient,indexPCRNegCtrl,ELO-SJWLQ-IBancient_S83_L005_R1_001.fastq.gz,SE,hits_unique_frac,ZebraPlains,Equidae,,Equus,quagga,JX312721,0
LBancient,LibNegCtrl,ELO-SJWLQ-LBancient_S84_L005_R1_001.fastq.gz,SE,hits_unique_frac,ZebraPlains,Equidae,,Equus,quagga,JX312721,0.00000125
B1ancient,ExtNegCtrl1,ELO-SJWLQ-B1ancient_S81_L005_R1_001.fastq.gz,SE,hits_coverage,ZebraPlains,Equidae,,Equus,quagga,JX312721,0.002255135
B2ancient,ExtNegCtrl2,ELO-SJWLQ-B2ancient_S82_L005_R1_001.fastq.gz,SE,hits_coverage,ZebraPlains,Equidae,,Equus,quagga,JX312721,0.004266472
Fossil936,CGG_1_024411,ELO-SJWLQ-936_S70_L005_R1_001.fastq.gz,SE,hits_coverage,ZebraPlains,Equidae,,Equus,quagga,JX312721,0.522642774
IBancient,indexPCRNegCtrl,ELO-SJWLQ-IBancient_S83_L005_R1_001.fastq.gz,SE,hits_coverage,ZebraPlains,Equidae,,Equus,quagga,JX312721,0
LBancient,LibNegCtrl,ELO-SJWLQ-LBancient_S84_L005_R1_001.fastq.gz,SE,hits_coverage,ZebraPlains,Equidae,,Equus,quagga,JX312721,0.002255135
B1ancient,ExtNegCtrl1,ELO-SJWLQ-B1ancient_S81_L005_R1_001.fastq.gz,SE,hits_length,ZebraPlains,Equidae,,Equus,quagga,JX312721,37
B2ancient,ExtNegCtrl2,ELO-SJWLQ-B2ancient_S82_L005_R1_001.fastq.gz,SE,hits_length,ZebraPlains,Equidae,,Equus,quagga,JX312721,35
Fossil936,CGG_1_024411,ELO-SJWLQ-936_S70_L005_R1_001.fastq.gz,SE,hits_length,ZebraPlains,Equidae,,Equus,quagga,JX312721,38.4529148
IBancient,indexPCRNegCtrl,ELO-SJWLQ-IBancient_S83_L005_R1_001.fastq.gz,SE,hits_length,ZebraPlains,Equidae,,Equus,quagga,JX312721,
LBancient,LibNegCtrl,ELO-SJWLQ-LBancient_S84_L005_R1_001.fastq.gz,SE,hits_length,ZebraPlains,Equidae,,Equus,quagga,JX312721,37
