gbifID	datasetKey	occurrenceID	kingdom	phylum	class	order	family	genus	species	infraspecificEpithet	taxonRank	scientificName	verbatimScientificName	verbatimScientificNameAuthorship	countryCode	locality	stateProvince	occurrenceStatus	individualCount	publishingOrgKey	decimalLatitude	decimalLongitude	coordinateUncertaintyInMeters	coordinatePrecision	elevation	elevationAccuracy	depth	depthAccuracy	eventDate	day	month	year	taxonKey	speciesKey	basisOfRecord	institutionCode	collectionCode	catalogNumber	recordNumber	identifiedBy	dateIdentified	license	rightsHolder	recordedBy	typeStatus	establishmentMeans	lastInterpreted	mediaType	issue
932830959	6ac3f774-d9fb-4796-b3e9-92bf6c81c084		Animalia	Chordata	Mammalia	Artiodactyla	Bovidae	Connochaetes	Connochaetes gnou		SPECIES	Connochaetes gnou (Zimmermann, 1780)	Connochaetes gnou		KE	Mara-Siria-Camp, Masai Mara		PRESENT		bb646dff-a905-4403-a49b-6d378c2cf0d9	-1.227628	35.027161	250.0						2010-03-02T00:00	2	3	2010	2441106	2441106	HUMAN_OBSERVATION	naturgucker	naturgucker	-2086787382				CC_BY_4_0		598891556			2024-03-15T23:24:00.246Z		COORDINATE_ROUNDED;GEODETIC_DATUM_ASSUMED_WGS84;CONTINENT_DERIVED_FROM_COORDINATES;MULTIMEDIA_URI_INVALID
932825852	6ac3f774-d9fb-4796-b3e9-92bf6c81c084		Animalia	Chordata	Mammalia	Artiodactyla	Bovidae	Connochaetes	Connochaetes gnou		SPECIES	Connochaetes gnou (Zimmermann, 1780)	Connochaetes gnou		KE	Mara-Siria-Camp, Masai Mara		PRESENT		bb646dff-a905-4403-a49b-6d378c2cf0d9	-1.227628	35.027161	250.0						2010-03-01T00:00	1	3	2010	2441106	2441106	HUMAN_OBSERVATION	naturgucker	naturgucker	-1444166793				CC_BY_4_0		598891556			2024-03-15T23:27:46.873Z		COORDINATE_ROUNDED;GEODETIC_DATUM_ASSUMED_WGS84;CONTINENT_DERIVED_FROM_COORDINATES;MULTIMEDIA_URI_INVALID
932820451	6ac3f774-d9fb-4796-b3e9-92bf6c81c084		Animalia	Chordata	Mammalia	Artiodactyla	Bovidae	Connochaetes	Connochaetes gnou		SPECIES	Connochaetes gnou (Zimmermann, 1780)	Connochaetes gnou		ZA	Basotho Cultural Village und Umgebung		PRESENT		bb646dff-a905-4403-a49b-6d378c2cf0d9	-28.490419	28.737659	250.0						1996-10-05T00:00	5	10	1996	2441106	2441106	HUMAN_OBSERVATION	naturgucker	naturgucker	-1106090742				CC_BY_4_0		1647598034			2024-03-15T23:22:53.730Z		COORDINATE_ROUNDED;GEODETIC_DATUM_ASSUMED_WGS84;CONTINENT_DERIVED_FROM_COORDINATES;MULTIMEDIA_URI_INVALID
932794121	6ac3f774-d9fb-4796-b3e9-92bf6c81c084		Animalia	Chordata	Mammalia	Artiodactyla	Bovidae	Connochaetes	Connochaetes gnou		SPECIES	Connochaetes gnou (Zimmermann, 1780)	Connochaetes gnou		ZA	Golden Gate Highlands National Park		PRESENT		bb646dff-a905-4403-a49b-6d378c2cf0d9	-28.505886	28.617819	250.0						1996-10-06T00:00	6	10	1996	2441106	2441106	HUMAN_OBSERVATION	naturgucker	naturgucker	56187546				CC_BY_4_0		1647598034			2024-03-15T23:18:11.180Z		COORDINATE_ROUNDED;GEODETIC_DATUM_ASSUMED_WGS84;CONTINENT_DERIVED_FROM_COORDINATES;MULTIMEDIA_URI_INVALID
921327430	6ac3f774-d9fb-4796-b3e9-92bf6c81c084		Animalia	Chordata	Mammalia	Artiodactyla	Bovidae	Connochaetes	Connochaetes gnou		SPECIES	Connochaetes gnou (Zimmermann, 1780)	Connochaetes gnou		NA	Okapuka Ranch		PRESENT		bb646dff-a905-4403-a49b-6d378c2cf0d9	-22.302557	17.065331	250.0						2009-03-16T00:00	16	3	2009	2441106	2441106	HUMAN_OBSERVATION	naturgucker	naturgucker	1963190220				CC_BY_4_0		1526045636			2024-03-15T23:27:12.617Z		COORDINATE_ROUNDED;GEODETIC_DATUM_ASSUMED_WGS84;CONTINENT_DERIVED_FROM_COORDINATES;MULTIMEDIA_URI_INVALID
921326103	6ac3f774-d9fb-4796-b3e9-92bf6c81c084		Animalia	Chordata	Mammalia	Artiodactyla	Bovidae	Connochaetes	Connochaetes gnou		SPECIES	Connochaetes gnou (Zimmermann, 1780)	Connochaetes gnou		ZA	UTM50_36J_0250_7300		PRESENT		bb646dff-a905-4403-a49b-6d378c2cf0d9	-24.171541	30.785275	250.0						2001-07-14T00:00	14	7	2001	2441106	2441106	HUMAN_OBSERVATION	naturgucker	naturgucker	898505347				CC_BY_4_0		-1491671874			2024-03-15T23:25:42.594Z		COORDINATE_ROUNDED;GEODETIC_DATUM_ASSUMED_WGS84;CONTINENT_DERIVED_FROM_COORDINATES;MULTIMEDIA_URI_INVALID
921310162	6ac3f774-d9fb-4796-b3e9-92bf6c81c084		Animalia	Chordata	Mammalia	Artiodactyla	Bovidae	Connochaetes	Connochaetes gnou		SPECIES	Connochaetes gnou (Zimmermann, 1780)	Connochaetes gnou		ZA	Botshabelo Klein Olifants River		PRESENT		bb646dff-a905-4403-a49b-6d378c2cf0d9	-25.700455	29.406763	250.0						1996-10-08T00:00	8	10	1996	2441106	2441106	HUMAN_OBSERVATION	naturgucker	naturgucker	1082111990				CC_BY_4_0		1647598034			2024-03-15T23:26:25.955Z		COORDINATE_ROUNDED;GEODETIC_DATUM_ASSUMED_WGS84;CONTINENT_DERIVED_FROM_COORDINATES;MULTIMEDIA_URI_INVALID
891094856	50c9509d-22c7-4a22-a47d-8c48425ef4a7	http://www.inaturalist.org/observations/116923	Animalia	Chordata	Mammalia	Artiodactyla	Bovidae	Connochaetes	Connochaetes gnou		SPECIES	Connochaetes gnou (Zimmermann, 1780)	Connochaetes gnou		ZA		Eastern Cape	PRESENT		28eb1a3f-1c15-4a95-931a-4af90ecb574d	-33.563479	26.14776	10013.0						2012-04-05	5	4	2012	2441106	2441106	HUMAN_OBSERVATION	iNaturalist	Observations	116923		Ry Beaver	2012-08-27T06:59:51	CC_BY_NC_4_0	Ry Beaver	Ry Beaver			2024-07-09T16:50:05.761Z	StillImage	COORDINATE_ROUNDED;CONTINENT_DERIVED_FROM_COORDINATES;TAXON_MATCH_TAXON_ID_IGNORED
865722098	5a659248-1f70-11e3-b2c5-00145eb45e9a		Animalia	Chordata	Mammalia	Artiodactyla	Bovidae	Connochaetes	Connochaetes gnou		SPECIES	Connochaetes gnou (Zimmermann, 1780)	Connochaetes gnou (Zimmermann, 1780)		ZA	Afrique méridionale		PRESENT		23539a57-1347-4dd3-af2a-cf9478563baa	-26.8	28.27											2441106	2441106	PRESERVED_SPECIMEN	MHNG	Mammals housed at MHNG, Geneva	MHNG-MAM-616.024				CC_BY_NC_4_0					2024-01-24T18:36:18.920Z		GEODETIC_DATUM_ASSUMED_WGS84;COUNTRY_DERIVED_FROM_COORDINATES;CONTINENT_DERIVED_FROM_COORDINATES;RECORDED_DATE_INVALID;COLLECTION_MATCH_NONE;INSTITUTION_MATCH_FUZZY
865722091	5a659248-1f70-11e3-b2c5-00145eb45e9a		Animalia	Chordata	Mammalia	Artiodactyla	Bovidae	Connochaetes	Connochaetes gnou		SPECIES	Connochaetes gnou (Zimmermann, 1780)	Connochaetes gnou (Zimmermann, 1780)		ZA	Afrique méridionale		PRESENT		23539a57-1347-4dd3-af2a-cf9478563baa	-26.8	28.27											2441106	2441106	PRESERVED_SPECIMEN	MHNG	Mammals housed at MHNG, Geneva	MHNG-MAM-616.026				CC_BY_NC_4_0					2024-01-24T18:36:18.920Z		GEODETIC_DATUM_ASSUMED_WGS84;COUNTRY_DERIVED_FROM_COORDINATES;CONTINENT_DERIVED_FROM_COORDINATES;RECORDED_DATE_INVALID;COLLECTION_MATCH_NONE;INSTITUTION_MATCH_FUZZY
583534865	6ce7290f-47f6-4046-8356-371f5b6749df	urn:catalog:CAS:MAM:27888	Animalia	Chordata	Mammalia	Artiodactyla	Bovidae	Connochaetes	Connochaetes gnou		SPECIES	Connochaetes gnou (Zimmermann, 1780)	Connochaetes gnou		ZA	Kouga Region, Brakfontein Range, Gamtoos River Valley, Kleinhans Ranch, 6 km so. of town of Loerie.	Eastern Cape Province	PRESENT		66522820-055c-11d8-b84e-b8a03c50a862	-33.906055	25.034721			171.0				2004-12-04	4	12	2004	2441106	2441106	PRESERVED_SPECIMEN	CAS	MAM	27888		Douglas J. Long	2004-12-04T00:00:00	CC0_1_0		Douglas J. Long			2024-07-22T23:02:32.149Z		COORDINATE_ROUNDED;GEODETIC_DATUM_ASSUMED_WGS84
583490871	6ce7290f-47f6-4046-8356-371f5b6749df	urn:catalog:CAS:MAM:15404	Animalia	Chordata	Mammalia	Artiodactyla	Bovidae	Connochaetes	Connochaetes gnou		SPECIES	Connochaetes gnou (Zimmermann, 1780)	Connochaetes gnou		KE	Loita		PRESENT		66522820-055c-11d8-b84e-b8a03c50a862	-1.86667	36.01667	5016.0						1930-07-16	16	7	1930	2441106	2441106	PRESERVED_SPECIMEN	CAS	MAM	15404				CC0_1_0		L. Simson			2024-07-22T23:02:23.495Z		
4904304197	50c9509d-22c7-4a22-a47d-8c48425ef4a7	https://www.inaturalist.org/observations/225689654	Animalia	Chordata	Mammalia	Artiodactyla	Bovidae	Connochaetes	Connochaetes gnou		SPECIES	Connochaetes gnou (Zimmermann, 1780)	Connochaetes gnou		ZA		Free State	PRESENT		28eb1a3f-1c15-4a95-931a-4af90ecb574d	-28.494816	28.646656	61.0						2022-09-18T13:42	18	9	2022	2441106	2441106	HUMAN_OBSERVATION	iNaturalist	Observations	225689654		Heinrich Human	2024-06-28T10:33:54	CC_BY_NC_4_0	Heinrich Human	Heinrich Human			2024-07-09T16:50:07.869Z	StillImage	COORDINATE_ROUNDED;CONTINENT_DERIVED_FROM_COORDINATES;TAXON_MATCH_TAXON_ID_IGNORED
4904203727	50c9509d-22c7-4a22-a47d-8c48425ef4a7	https://www.inaturalist.org/observations/225331787	Animalia	Chordata	Mammalia	Artiodactyla	Bovidae	Connochaetes	Connochaetes gnou		SPECIES	Connochaetes gnou (Zimmermann, 1780)	Connochaetes gnou		NA		Khomas	PRESENT		28eb1a3f-1c15-4a95-931a-4af90ecb574d	-22.706631	17.077054	30258.0						2024-06-26T12:01:02	26	6	2024	2441106	2441106	HUMAN_OBSERVATION	iNaturalist	Observations	225331787		Stephen Kent	2024-06-27T03:49:25	CC_BY_NC_4_0	Max Allen	Max Allen			2024-07-09T17:15:12.210Z	StillImage	COORDINATE_ROUNDED;CONTINENT_DERIVED_FROM_COORDINATES;TAXON_MATCH_TAXON_ID_IGNORED
4902037418	50c9509d-22c7-4a22-a47d-8c48425ef4a7	https://www.inaturalist.org/observations/222212122	Animalia	Chordata	Mammalia	Artiodactyla	Bovidae	Connochaetes	Connochaetes gnou		SPECIES	Connochaetes gnou (Zimmermann, 1780)	Connochaetes gnou		NA		Hardap	PRESENT		28eb1a3f-1c15-4a95-931a-4af90ecb574d	-24.656368	16.013519	2372.0						2024-06-05T17:06	5	6	2024	2441106	2441106	HUMAN_OBSERVATION	iNaturalist	Observations	222212122		Timothy Lie	2024-06-12T11:15:12	CC_BY_NC_4_0	Timothy Lie	Timothy Lie			2024-07-09T17:14:26.613Z	StillImage	COORDINATE_ROUNDED;CONTINENT_DERIVED_FROM_COORDINATES;TAXON_MATCH_TAXON_ID_IGNORED
4901815952	50c9509d-22c7-4a22-a47d-8c48425ef4a7	https://www.inaturalist.org/observations/224379714	Animalia	Chordata	Mammalia	Artiodactyla	Bovidae	Connochaetes	Connochaetes gnou		SPECIES	Connochaetes gnou (Zimmermann, 1780)	Connochaetes gnou		ZA		Gauteng	PRESENT		28eb1a3f-1c15-4a95-931a-4af90ecb574d	-26.520412	28.268609	61.0						2024-06-21T16:15	21	6	2024	2441106	2441106	HUMAN_OBSERVATION	iNaturalist	Observations	224379714		Andy Bridges	2024-06-22T12:57:28	CC_BY_NC_4_0	Andy Bridges	Andy Bridges			2024-07-09T17:15:08.837Z	StillImage	COORDINATE_ROUNDED;CONTINENT_DERIVED_FROM_COORDINATES;TAXON_MATCH_TAXON_ID_IGNORED
4901653146	50c9509d-22c7-4a22-a47d-8c48425ef4a7	https://www.inaturalist.org/observations/223400032	Animalia	Chordata	Mammalia	Artiodactyla	Bovidae	Connochaetes	Connochaetes gnou		SPECIES	Connochaetes gnou (Zimmermann, 1780)	Connochaetes gnou		ZA		Free State	PRESENT		28eb1a3f-1c15-4a95-931a-4af90ecb574d	-28.502086	29.003817	8.0						2024-03-30T12:09	30	3	2024	2441106	2441106	HUMAN_OBSERVATION	iNaturalist	Observations	223400032		Jaco Barry	2024-06-17T19:30:51	CC_BY_NC_4_0	Jaco Barry	Jaco Barry			2024-07-09T17:15:52.125Z	StillImage	COORDINATE_ROUNDED;CONTINENT_DERIVED_FROM_COORDINATES;TAXON_MATCH_TAXON_ID_IGNORED
4901443883	50c9509d-22c7-4a22-a47d-8c48425ef4a7	https://www.inaturalist.org/observations/222211441	Animalia	Chordata	Mammalia	Artiodactyla	Bovidae	Connochaetes	Connochaetes gnou		SPECIES	Connochaetes gnou (Zimmermann, 1780)	Connochaetes gnou		NA		Hardap	PRESENT		28eb1a3f-1c15-4a95-931a-4af90ecb574d	-24.658864	15.991032	1406.0						2024-06-05T17:02	5	6	2024	2441106	2441106	HUMAN_OBSERVATION	iNaturalist	Observations	222211441		Timothy Lie	2024-06-12T11:09:38	CC_BY_NC_4_0	Timothy Lie	Timothy Lie			2024-07-09T16:49:10.878Z	StillImage	COORDINATE_ROUNDED;CONTINENT_DERIVED_FROM_COORDINATES;TAXON_MATCH_TAXON_ID_IGNORED
4901051537	50c9509d-22c7-4a22-a47d-8c48425ef4a7	https://www.inaturalist.org/observations/222209730	Animalia	Chordata	Mammalia	Artiodactyla	Bovidae	Connochaetes	Connochaetes gnou		SPECIES	Connochaetes gnou (Zimmermann, 1780)	Connochaetes gnou		NA		Hardap	PRESENT		28eb1a3f-1c15-4a95-931a-4af90ecb574d	-24.660346	16.008627	1755.0						2024-06-05T16:58	5	6	2024	2441106	2441106	HUMAN_OBSERVATION	iNaturalist	Observations	222209730		Joseph Heymans	2024-06-12T10:58:22	CC_BY_NC_4_0	Timothy Lie	Timothy Lie			2024-07-09T16:48:10.379Z	StillImage	COORDINATE_ROUNDED;CONTINENT_DERIVED_FROM_COORDINATES;TAXON_MATCH_TAXON_ID_IGNORED
4900918372	50c9509d-22c7-4a22-a47d-8c48425ef4a7	https://www.inaturalist.org/observations/223817650	Animalia	Chordata	Mammalia	Artiodactyla	Bovidae	Connochaetes	Connochaetes gnou		SPECIES	Connochaetes gnou (Zimmermann, 1780)	Connochaetes gnou		ZA		Free State	PRESENT		28eb1a3f-1c15-4a95-931a-4af90ecb574d	-28.597977	28.411685	3.0						2023-12-10T22:45	10	12	2023	2441106	2441106	HUMAN_OBSERVATION	iNaturalist	Observations	223817650		joshbwin	2024-06-19T19:25:25	CC_BY_NC_4_0	joshbwin	joshbwin			2024-07-09T16:49:39.005Z	StillImage	COORDINATE_ROUNDED;CONTINENT_DERIVED_FROM_COORDINATES;TAXON_MATCH_TAXON_ID_IGNORED
4892161393	50c9509d-22c7-4a22-a47d-8c48425ef4a7	https://www.inaturalist.org/observations/220842209	Animalia	Chordata	Mammalia	Artiodactyla	Bovidae	Connochaetes	Connochaetes gnou		SPECIES	Connochaetes gnou (Zimmermann, 1780)	Connochaetes gnou		ZA		Eastern Cape	PRESENT		28eb1a3f-1c15-4a95-931a-4af90ecb574d	-32.171444	25.435032	15.0						2024-05-21T14:51	21	5	2024	2441106	2441106	HUMAN_OBSERVATION	iNaturalist	Observations	220842209		jean hirons	2024-06-06T08:14:19	CC_BY_NC_4_0	jean hirons	jean hirons			2024-07-09T16:49:02.364Z	StillImage	COORDINATE_ROUNDED;CONTINENT_DERIVED_FROM_COORDINATES;TAXON_MATCH_TAXON_ID_IGNORED
4892137742	50c9509d-22c7-4a22-a47d-8c48425ef4a7	https://www.inaturalist.org/observations/220842216	Animalia	Chordata	Mammalia	Artiodactyla	Bovidae	Connochaetes	Connochaetes gnou		SPECIES	Connochaetes gnou (Zimmermann, 1780)	Connochaetes gnou		ZA		Eastern Cape	PRESENT		28eb1a3f-1c15-4a95-931a-4af90ecb574d	-32.200368	25.428469	4.0						2024-05-21T15:25	21	5	2024	2441106	2441106	HUMAN_OBSERVATION	iNaturalist	Observations	220842216		jean hirons	2024-06-06T08:14:21	CC_BY_NC_4_0	jean hirons	jean hirons			2024-07-09T16:49:43.032Z	StillImage	COORDINATE_ROUNDED;CONTINENT_DERIVED_FROM_COORDINATES;TAXON_MATCH_TAXON_ID_IGNORED
4891665642	50c9509d-22c7-4a22-a47d-8c48425ef4a7	https://www.inaturalist.org/observations/221052018	Animalia	Chordata	Mammalia	Artiodactyla	Bovidae	Connochaetes	Connochaetes gnou		SPECIES	Connochaetes gnou (Zimmermann, 1780)	Connochaetes gnou		ZA		Gauteng	PRESENT		28eb1a3f-1c15-4a95-931a-4af90ecb574d	-25.902623	28.281108	31.0						2013-04-06T16:40	6	4	2013	2441106	2441106	HUMAN_OBSERVATION	iNaturalist	Observations	221052018		jandutoit	2024-06-07T07:51:36	CC_BY_NC_4_0	jandutoit	jandutoit			2024-07-09T17:14:55.202Z	StillImage	COORDINATE_ROUNDED;CONTINENT_DERIVED_FROM_COORDINATES;TAXON_MATCH_TAXON_ID_IGNORED
4891308114	8a863029-f435-446a-821e-275f4f641165	https://observation.org/observation/301405550	Animalia	Chordata	Mammalia	Artiodactyla	Bovidae	Connochaetes	Connochaetes gnou		SPECIES	Connochaetes gnou (Zimmermann, 1780)	Connochaetes gnou		ZA	Golden Gate Highlands NP	Free State	PRESENT	1	c8d737e0-2ff8-42e8-b8fc-6b805d26fc5f	-28.5058	28.6182	100.0						2012-01-25	25	1	2012	2441106	2441106	HUMAN_OBSERVATION		Observations	OBS.301405550				CC_BY_NC_4_0	Stichting Observation International	User 50108			2024-06-18T20:43:04.149Z		OCCURRENCE_STATUS_INFERRED_FROM_INDIVIDUAL_COUNT
4890775028	8a863029-f435-446a-821e-275f4f641165	https://observation.org/observation/295715039	Animalia	Chordata	Mammalia	Artiodactyla	Bovidae	Connochaetes	Connochaetes gnou		SPECIES	Connochaetes gnou (Zimmermann, 1780)	Connochaetes gnou		ZA	Golden Gate Highlands NP	Free State	PRESENT	2	c8d737e0-2ff8-42e8-b8fc-6b805d26fc5f	-28.50363	28.614793							2011-10-29	29	10	2011	2441106	2441106	HUMAN_OBSERVATION		Observations	OBS.295715039				CC_BY_NC_4_0	Stichting Observation International	User 86092			2024-06-18T20:30:34.156Z		COORDINATE_ROUNDED;OCCURRENCE_STATUS_INFERRED_FROM_INDIVIDUAL_COUNT
4887218570	8a863029-f435-446a-821e-275f4f641165	https://observation.org/observation/301694778	Animalia	Chordata	Mammalia	Artiodactyla	Bovidae	Connochaetes	Connochaetes gnou		SPECIES	Connochaetes gnou (Zimmermann, 1780)	Connochaetes gnou		ZA	Mountain Zebra NP	Eastern Cape	PRESENT	1	c8d737e0-2ff8-42e8-b8fc-6b805d26fc5f	-32.192914	25.491955	25.0						2017-09-27	27	9	2017	2441106	2441106	HUMAN_OBSERVATION		Observations	OBS.301694778				CC_BY_NC_4_0	Stichting Observation International	User 50484			2024-06-18T20:31:27.146Z		COORDINATE_ROUNDED;OCCURRENCE_STATUS_INFERRED_FROM_INDIVIDUAL_COUNT
4887151851	8a863029-f435-446a-821e-275f4f641165	https://observation.org/observation/301416767	Animalia	Chordata	Mammalia	Artiodactyla	Bovidae	Connochaetes	Connochaetes gnou		SPECIES	Connochaetes gnou (Zimmermann, 1780)	Connochaetes gnou		ZA	Free State	Free State	PRESENT	1	c8d737e0-2ff8-42e8-b8fc-6b805d26fc5f	-28.4872	28.5619	100.0						2012-01-26	26	1	2012	2441106	2441106	HUMAN_OBSERVATION		Observations	OBS.301416767				CC_BY_NC_4_0	Stichting Observation International	User 50484			2024-06-18T20:41:41.189Z		OCCURRENCE_STATUS_INFERRED_FROM_INDIVIDUAL_COUNT
4886720509	8a863029-f435-446a-821e-275f4f641165	https://observation.org/observation/301405554	Animalia	Chordata	Mammalia	Artiodactyla	Bovidae	Connochaetes	Connochaetes gnou		SPECIES	Connochaetes gnou (Zimmermann, 1780)	Connochaetes gnou		ZA	Free State	Free State	PRESENT	1	c8d737e0-2ff8-42e8-b8fc-6b805d26fc5f	-28.4872	28.5619	100.0						2012-01-26	26	1	2012	2441106	2441106	HUMAN_OBSERVATION		Observations	OBS.301405554				CC_BY_NC_4_0	Stichting Observation International	User 50108			2024-06-18T20:31:15.809Z		OCCURRENCE_STATUS_INFERRED_FROM_INDIVIDUAL_COUNT
4886083686	8a863029-f435-446a-821e-275f4f641165	https://observation.org/observation/301693849	Animalia	Chordata	Mammalia	Artiodactyla	Bovidae	Connochaetes	Connochaetes gnou		SPECIES	Connochaetes gnou (Zimmermann, 1780)	Connochaetes gnou		ZA	Camdeboo NP	Eastern Cape	PRESENT	1	c8d737e0-2ff8-42e8-b8fc-6b805d26fc5f	-32.236633	24.526735	25.0						2017-09-25	25	9	2017	2441106	2441106	HUMAN_OBSERVATION		Observations	OBS.301693849				CC_BY_NC_4_0	Stichting Observation International	User 50484			2024-06-18T20:43:06.420Z		COORDINATE_ROUNDED;OCCURRENCE_STATUS_INFERRED_FROM_INDIVIDUAL_COUNT
4882852730	8a863029-f435-446a-821e-275f4f641165	https://observation.org/observation/301694216	Animalia	Chordata	Mammalia	Artiodactyla	Bovidae	Connochaetes	Connochaetes gnou		SPECIES	Connochaetes gnou (Zimmermann, 1780)	Connochaetes gnou		ZA	Mountain Zebra NP	Eastern Cape	PRESENT	1	c8d737e0-2ff8-42e8-b8fc-6b805d26fc5f	-32.225296	25.43066	25.0						2017-09-26	26	9	2017	2441106	2441106	HUMAN_OBSERVATION		Observations	OBS.301694216				CC_BY_NC_4_0	Stichting Observation International	User 50484			2024-06-18T20:31:19.538Z		COORDINATE_ROUNDED;OCCURRENCE_STATUS_INFERRED_FROM_INDIVIDUAL_COUNT
4881423597	8a863029-f435-446a-821e-275f4f641165	https://observation.org/observation/301416763	Animalia	Chordata	Mammalia	Artiodactyla	Bovidae	Connochaetes	Connochaetes gnou		SPECIES	Connochaetes gnou (Zimmermann, 1780)	Connochaetes gnou		ZA	Golden Gate Highlands NP	Free State	PRESENT	1	c8d737e0-2ff8-42e8-b8fc-6b805d26fc5f	-28.5058	28.6182	100.0						2012-01-25	25	1	2012	2441106	2441106	HUMAN_OBSERVATION		Observations	OBS.301416763				CC_BY_NC_4_0	Stichting Observation International	User 50484			2024-06-18T20:31:29.624Z		OCCURRENCE_STATUS_INFERRED_FROM_INDIVIDUAL_COUNT
4881423586	8a863029-f435-446a-821e-275f4f641165	https://observation.org/observation/301403224	Animalia	Chordata	Mammalia	Artiodactyla	Bovidae	Connochaetes	Connochaetes gnou		SPECIES	Connochaetes gnou (Zimmermann, 1780)	Connochaetes gnou		ZA	Golden Gate Highlands NP	Free State	PRESENT	1	c8d737e0-2ff8-42e8-b8fc-6b805d26fc5f	-28.5054	28.6177	100.0						2011-07-21	21	7	2011	2441106	2441106	HUMAN_OBSERVATION		Observations	OBS.301403224				CC_BY_NC_4_0	Stichting Observation International	User 50108			2024-06-18T20:43:32.348Z		OCCURRENCE_STATUS_INFERRED_FROM_INDIVIDUAL_COUNT
4880912283	8a863029-f435-446a-821e-275f4f641165	https://observation.org/observation/301694012	Animalia	Chordata	Mammalia	Artiodactyla	Bovidae	Connochaetes	Connochaetes gnou		SPECIES	Connochaetes gnou (Zimmermann, 1780)	Connochaetes gnou		ZA	Mountain Zebra NP	Eastern Cape	PRESENT	1	c8d737e0-2ff8-42e8-b8fc-6b805d26fc5f	-32.149137	25.494042	25.0						2017-09-25	25	9	2017	2441106	2441106	HUMAN_OBSERVATION		Observations	OBS.301694012				CC_BY_NC_4_0	Stichting Observation International	User 50484			2024-06-18T20:31:19.510Z		COORDINATE_ROUNDED;OCCURRENCE_STATUS_INFERRED_FROM_INDIVIDUAL_COUNT
4880729091	8a863029-f435-446a-821e-275f4f641165	https://observation.org/observation/301403202	Animalia	Chordata	Mammalia	Artiodactyla	Bovidae	Connochaetes	Connochaetes gnou		SPECIES	Connochaetes gnou (Zimmermann, 1780)	Connochaetes gnou		ZA	Golden Gate Highlands NP	Free State	PRESENT	1	c8d737e0-2ff8-42e8-b8fc-6b805d26fc5f	-28.5054	28.6177	100.0						2011-07-20	20	7	2011	2441106	2441106	HUMAN_OBSERVATION		Observations	OBS.301403202				CC_BY_NC_4_0	Stichting Observation International	User 50108			2024-06-18T20:42:05.731Z		OCCURRENCE_STATUS_INFERRED_FROM_INDIVIDUAL_COUNT
4880616937	8a863029-f435-446a-821e-275f4f641165	https://observation.org/observation/301694869	Animalia	Chordata	Mammalia	Artiodactyla	Bovidae	Connochaetes	Connochaetes gnou		SPECIES	Connochaetes gnou (Zimmermann, 1780)	Connochaetes gnou		ZA	Mountain Zebra NP	Eastern Cape	PRESENT	1	c8d737e0-2ff8-42e8-b8fc-6b805d26fc5f	-32.142745	25.468967	25.0						2017-09-27	27	9	2017	2441106	2441106	HUMAN_OBSERVATION		Observations	OBS.301694869				CC_BY_NC_4_0	Stichting Observation International	User 50484			2024-06-18T20:43:04.828Z		COORDINATE_ROUNDED;OCCURRENCE_STATUS_INFERRED_FROM_INDIVIDUAL_COUNT
4880616935	8a863029-f435-446a-821e-275f4f641165	https://observation.org/observation/301694544	Animalia	Chordata	Mammalia	Artiodactyla	Bovidae	Connochaetes	Connochaetes gnou		SPECIES	Connochaetes gnou (Zimmermann, 1780)	Connochaetes gnou		ZA	Mountain Zebra NP	Eastern Cape	PRESENT	1	c8d737e0-2ff8-42e8-b8fc-6b805d26fc5f	-32.217222	25.434167	25.0						2017-09-26	26	9	2017	2441106	2441106	HUMAN_OBSERVATION		Observations	OBS.301694544				CC_BY_NC_4_0	Stichting Observation International	User 50484			2024-06-18T20:41:46.586Z		OCCURRENCE_STATUS_INFERRED_FROM_INDIVIDUAL_COUNT
4875501594	50c9509d-22c7-4a22-a47d-8c48425ef4a7	https://www.inaturalist.org/observations/219055484	Animalia	Chordata	Mammalia	Artiodactyla	Bovidae	Connochaetes	Connochaetes gnou		SPECIES	Connochaetes gnou (Zimmermann, 1780)	Connochaetes gnou		ZA		Western Cape	PRESENT		28eb1a3f-1c15-4a95-931a-4af90ecb574d	-33.521007	22.276731	4.0						2024-05-28T19:33:51	28	5	2024	2441106	2441106	HUMAN_OBSERVATION	iNaturalist	Observations	219055484		Juan	2024-05-29T05:46:13	CC_BY_NC_4_0	Juan	Juan			2024-07-09T16:48:40.787Z	StillImage	COORDINATE_ROUNDED;CONTINENT_DERIVED_FROM_COORDINATES;TAXON_MATCH_TAXON_ID_IGNORED
4872321309	50c9509d-22c7-4a22-a47d-8c48425ef4a7	https://www.inaturalist.org/observations/217908838	Animalia	Chordata	Mammalia	Artiodactyla	Bovidae	Connochaetes	Connochaetes gnou		SPECIES	Connochaetes gnou (Zimmermann, 1780)	Connochaetes gnou		ZA		Free State	PRESENT		28eb1a3f-1c15-4a95-931a-4af90ecb574d	-28.502872	28.583688	7551.0						2013-01-09T08:58	9	1	2013	2441106	2441106	HUMAN_OBSERVATION	iNaturalist	Observations	217908838		reisegali	2024-05-24T15:18:35	CC_BY_NC_4_0	reisegali	reisegali			2024-07-09T17:14:23.359Z	StillImage	COORDINATE_ROUNDED;CONTINENT_DERIVED_FROM_COORDINATES;TAXON_MATCH_TAXON_ID_IGNORED
4868150229	50c9509d-22c7-4a22-a47d-8c48425ef4a7	https://www.inaturalist.org/observations/217276272	Animalia	Chordata	Mammalia	Artiodactyla	Bovidae	Connochaetes	Connochaetes gnou		SPECIES	Connochaetes gnou (Zimmermann, 1780)	Connochaetes gnou		ZA		Eastern Cape	PRESENT		28eb1a3f-1c15-4a95-931a-4af90ecb574d	-32.206392	25.427746	244.0						2018-04-20T15:10	20	4	2018	2441106	2441106	HUMAN_OBSERVATION	iNaturalist	Observations	217276272		Alexandre Thouzeau	2024-05-21T13:02:48	CC_BY_NC_4_0	Alexandre Thouzeau	Alexandre Thouzeau			2024-07-09T16:49:09.352Z	StillImage	COORDINATE_ROUNDED;CONTINENT_DERIVED_FROM_COORDINATES;TAXON_MATCH_TAXON_ID_IGNORED
4867902869	50c9509d-22c7-4a22-a47d-8c48425ef4a7	https://www.inaturalist.org/observations/217145790	Animalia	Chordata	Mammalia	Artiodactyla	Bovidae	Connochaetes	Connochaetes gnou		SPECIES	Connochaetes gnou (Zimmermann, 1780)	Connochaetes gnou		ZA		Eastern Cape	PRESENT		28eb1a3f-1c15-4a95-931a-4af90ecb574d	-32.154702	25.478385	1990.0						2017-08-01T07:26	1	8	2017	2441106	2441106	HUMAN_OBSERVATION	iNaturalist	Observations	217145790		Jérémy Calvo	2024-05-20T20:33:23	CC_BY_NC_4_0	Jérémy Calvo	Jérémy Calvo			2024-07-09T17:15:30.214Z	StillImage	COORDINATE_ROUNDED;CONTINENT_DERIVED_FROM_COORDINATES;TAXON_MATCH_TAXON_ID_IGNORED
4867585557	50c9509d-22c7-4a22-a47d-8c48425ef4a7	https://www.inaturalist.org/observations/217145793	Animalia	Chordata	Mammalia	Artiodactyla	Bovidae	Connochaetes	Connochaetes gnou		SPECIES	Connochaetes gnou (Zimmermann, 1780)	Connochaetes gnou		ZA		Free State	PRESENT		28eb1a3f-1c15-4a95-931a-4af90ecb574d	-28.505145	28.646706	656.0						2017-08-15T08:50	15	8	2017	2441106	2441106	HUMAN_OBSERVATION	iNaturalist	Observations	217145793		Jérémy Calvo	2024-05-20T20:33:24	CC_BY_NC_4_0	Jérémy Calvo	Jérémy Calvo			2024-07-09T17:14:45.109Z	StillImage	COORDINATE_ROUNDED;CONTINENT_DERIVED_FROM_COORDINATES;TAXON_MATCH_TAXON_ID_IGNORED
4855272813	50c9509d-22c7-4a22-a47d-8c48425ef4a7	https://www.inaturalist.org/observations/214211334	Animalia	Chordata	Mammalia	Artiodactyla	Bovidae	Connochaetes	Connochaetes gnou		SPECIES	Connochaetes gnou (Zimmermann, 1780)	Connochaetes gnou		ZA		Eastern Cape	PRESENT		28eb1a3f-1c15-4a95-931a-4af90ecb574d	-32.136362	25.459541	488.0						2024-01-18T12:39	18	1	2024	2441106	2441106	HUMAN_OBSERVATION	iNaturalist	Observations	214211334		guyrufray	2024-05-07T16:17:00	CC_BY_NC_4_0	guyrufray	guyrufray			2024-07-09T16:49:32.076Z	StillImage	COORDINATE_ROUNDED;CONTINENT_DERIVED_FROM_COORDINATES;TAXON_MATCH_TAXON_ID_IGNORED
4854812874	50c9509d-22c7-4a22-a47d-8c48425ef4a7	https://www.inaturalist.org/observations/213172368	Animalia	Chordata	Mammalia	Artiodactyla	Bovidae	Connochaetes	Connochaetes gnou		SPECIES	Connochaetes gnou (Zimmermann, 1780)	Connochaetes gnou		ZA		Western Cape	PRESENT		28eb1a3f-1c15-4a95-931a-4af90ecb574d	-33.52723	21.24217	76.0						2024-05-03T12:27	3	5	2024	2441106	2441106	HUMAN_OBSERVATION	iNaturalist	Observations	213172368		Hugh Sussens	2024-05-03T16:02:16	CC_BY_NC_4_0	Hugh Sussens	Hugh Sussens			2024-07-09T17:12:29.870Z	StillImage	COORDINATE_ROUNDED;CONTINENT_DERIVED_FROM_COORDINATES;TAXON_MATCH_TAXON_ID_IGNORED
4853159891	50c9509d-22c7-4a22-a47d-8c48425ef4a7	https://www.inaturalist.org/observations/211003123	Animalia	Chordata	Mammalia	Artiodactyla	Bovidae	Connochaetes	Connochaetes gnou		SPECIES	Connochaetes gnou (Zimmermann, 1780)	Connochaetes gnou		ZA		Gauteng	PRESENT		28eb1a3f-1c15-4a95-931a-4af90ecb574d	-25.865543	28.28953	639.0						2024-04-28T14:58:58	28	4	2024	2441106	2441106	HUMAN_OBSERVATION	iNaturalist	Observations	211003123		Natalie Vos	2024-04-28T18:26:38	CC_BY_NC_4_0	Natalie Vos	Natalie Vos			2024-07-09T16:47:52.459Z	StillImage	COORDINATE_ROUNDED;CONTINENT_DERIVED_FROM_COORDINATES;TAXON_MATCH_TAXON_ID_IGNORED
4852995260	50c9509d-22c7-4a22-a47d-8c48425ef4a7	https://www.inaturalist.org/observations/209650092	Animalia	Chordata	Mammalia	Artiodactyla	Bovidae	Connochaetes	Connochaetes gnou		SPECIES	Connochaetes gnou (Zimmermann, 1780)	Connochaetes gnou		ZA		North West	PRESENT		28eb1a3f-1c15-4a95-931a-4af90ecb574d	-26.652067	27.180673	9.0						2024-04-26T15:27:07	26	4	2024	2441106	2441106	HUMAN_OBSERVATION	iNaturalist	Observations	209650092		phaeoptilum	2024-04-26T16:41:51	CC_BY_NC_4_0	phaeoptilum	phaeoptilum			2024-07-09T16:47:21.641Z	StillImage	COORDINATE_ROUNDED;CONTINENT_DERIVED_FROM_COORDINATES;TAXON_MATCH_TAXON_ID_IGNORED
4852846999	50c9509d-22c7-4a22-a47d-8c48425ef4a7	https://www.inaturalist.org/observations/207779210	Animalia	Chordata	Mammalia	Artiodactyla	Bovidae	Connochaetes	Connochaetes gnou		SPECIES	Connochaetes gnou (Zimmermann, 1780)	Connochaetes gnou		ZA		Eastern Cape	PRESENT		28eb1a3f-1c15-4a95-931a-4af90ecb574d	-33.527459	25.854412	128.0						2024-03-18T15:58	18	3	2024	2441106	2441106	HUMAN_OBSERVATION	iNaturalist	Observations	207779210		Sarah Foote	2024-04-17T16:39:30	CC_BY_NC_4_0	Sarah Foote	Sarah Foote			2024-07-09T17:14:41.598Z		COORDINATE_ROUNDED;CONTINENT_DERIVED_FROM_COORDINATES;TAXON_MATCH_TAXON_ID_IGNORED
4851906938	50c9509d-22c7-4a22-a47d-8c48425ef4a7	https://www.inaturalist.org/observations/208182628	Animalia	Chordata	Mammalia	Artiodactyla	Bovidae	Connochaetes	Connochaetes gnou		SPECIES	Connochaetes gnou (Zimmermann, 1780)	Connochaetes gnou		ZA		Gauteng	PRESENT		28eb1a3f-1c15-4a95-931a-4af90ecb574d	-25.712411	28.951617							2024-03-30T11:45:45	30	3	2024	2441106	2441106	HUMAN_OBSERVATION	iNaturalist	Observations	208182628		wanessa25347	2024-04-19T23:55:42	CC_BY_NC_4_0	wanessa25347	wanessa25347			2024-07-09T16:47:39.351Z	StillImage	COORDINATE_ROUNDED;CONTINENT_DERIVED_FROM_COORDINATES;TAXON_MATCH_TAXON_ID_IGNORED
4851828040	50c9509d-22c7-4a22-a47d-8c48425ef4a7	https://www.inaturalist.org/observations/207779211	Animalia	Chordata	Mammalia	Artiodactyla	Bovidae	Connochaetes	Connochaetes gnou		SPECIES	Connochaetes gnou (Zimmermann, 1780)	Connochaetes gnou		ZA		Eastern Cape	PRESENT		28eb1a3f-1c15-4a95-931a-4af90ecb574d	-33.527556	25.85471	132.0						2024-03-18T15:59	18	3	2024	2441106	2441106	HUMAN_OBSERVATION	iNaturalist	Observations	207779211		Sarah Foote	2024-04-17T16:39:30	CC_BY_NC_4_0	Sarah Foote	Sarah Foote			2024-07-09T17:14:17.663Z		COORDINATE_ROUNDED;CONTINENT_DERIVED_FROM_COORDINATES;TAXON_MATCH_TAXON_ID_IGNORED
4846743242	50c9509d-22c7-4a22-a47d-8c48425ef4a7	https://www.inaturalist.org/observations/206590926	Animalia	Chordata	Mammalia	Artiodactyla	Bovidae	Connochaetes	Connochaetes gnou		SPECIES	Connochaetes gnou (Zimmermann, 1780)	Connochaetes gnou		NA		Hardap	PRESENT		28eb1a3f-1c15-4a95-931a-4af90ecb574d	-24.125982	17.963587	20.0						2024-03-29T16:04	29	3	2024	2441106	2441106	HUMAN_OBSERVATION	iNaturalist	Observations	206590926		Nogga_Eugene	2024-04-11T10:44:27	CC_BY_NC_4_0	Nogga_Eugene	Nogga_Eugene			2024-07-09T17:13:38.093Z	StillImage	COORDINATE_ROUNDED;CONTINENT_DERIVED_FROM_COORDINATES;TAXON_MATCH_TAXON_ID_IGNORED
476859677	4bfac3ea-8763-4f4b-a71a-76a6f5f243d3	MCZ:Mamm:37820	Animalia	Chordata	Mammalia	Artiodactyla	Bovidae	Connochaetes	Connochaetes gnou		SPECIES	Connochaetes gnou (Zimmermann, 1780)	Connochaetes gnou (Zimmermann, 1780)	(Zimmermann, 1780)	ZA	[no specific locality data]		PRESENT	1	b4640710-8e03-11d8-b956-b8a03c50a862	-28.7306	25.52734	917927.0	1.0E-5									2441106	2441106	PRESERVED_SPECIMEN	MCZ	Mamm	37820		[no agent data]		CC_BY_NC_4_0	President and Fellows of Harvard College	[no agent data]			2024-07-24T00:26:30.984Z		INSTITUTION_MATCH_FUZZY;COLLECTION_MATCH_FUZZY
476859676	4bfac3ea-8763-4f4b-a71a-76a6f5f243d3	MCZ:Mamm:BOM-8288	Animalia	Chordata	Mammalia	Artiodactyla	Bovidae	Connochaetes	Connochaetes gnou		SPECIES	Connochaetes gnou (Zimmermann, 1780)	Connochaetes gnou (Zimmermann, 1780)	(Zimmermann, 1780)	ZA	[no specific locality data]		PRESENT	1	b4640710-8e03-11d8-b956-b8a03c50a862	-28.7306	25.52734	917927.0	1.0E-5									2441106	2441106	PRESERVED_SPECIMEN	MCZ	Mamm	BOM-8288		[no agent data]		CC_BY_NC_4_0	President and Fellows of Harvard College	[no agent data]			2024-07-24T00:29:19.654Z		INSTITUTION_MATCH_FUZZY;COLLECTION_MATCH_FUZZY
476818231	4bfac3ea-8763-4f4b-a71a-76a6f5f243d3	MCZ:Mamm:52333	Animalia	Chordata	Mammalia	Artiodactyla	Bovidae	Connochaetes	Connochaetes gnou		SPECIES	Connochaetes gnou (Zimmermann, 1780)	Connochaetes gnou (Zimmermann, 1780)	(Zimmermann, 1780)	ZA	William [Willem] Pretorius Reserve	Free State	PRESENT	1	b4640710-8e03-11d8-b956-b8a03c50a862	-28.28639	27.22734	8290.0	1.0E-5					1965			1965	2441106	2441106	PRESERVED_SPECIMEN	MCZ	Mamm	52333		[no agent data]		CC_BY_NC_4_0	President and Fellows of Harvard College	Richard D. Estes			2024-07-24T00:26:33.673Z		RECORDED_DATE_MISMATCH;INSTITUTION_MATCH_FUZZY;COLLECTION_MATCH_FUZZY
476813000	4bfac3ea-8763-4f4b-a71a-76a6f5f243d3	MCZ:Mamm:52295	Animalia	Chordata	Mammalia	Artiodactyla	Bovidae	Connochaetes	Connochaetes gnou		SPECIES	Connochaetes gnou (Zimmermann, 1780)	Connochaetes gnou (Zimmermann, 1780)	(Zimmermann, 1780)	ZA	Witlem Pretorius Reserve	Free State	PRESENT	1	b4640710-8e03-11d8-b956-b8a03c50a862	-28.28301	27.23747	31573.0	1.0E-5					1965-02-01/1965-02-28		2	1965	2441106	2441106	PRESERVED_SPECIMEN	MCZ	Mamm	52295		[no agent data]		CC_BY_NC_4_0	President and Fellows of Harvard College	Richard D. Estes			2024-07-24T00:26:35.331Z		INSTITUTION_MATCH_FUZZY;COLLECTION_MATCH_FUZZY
476810793	4bfac3ea-8763-4f4b-a71a-76a6f5f243d3	MCZ:Mamm:64103	Animalia	Chordata	Mammalia	Artiodactyla	Bovidae	Connochaetes	Connochaetes gnou		SPECIES	Connochaetes gnou (Zimmermann, 1780)	Connochaetes gnou (Zimmermann, 1780)	(Zimmermann, 1780)	ZA	Imbabala, near Elizabethtown	Eastern Cape	PRESENT	1	b4640710-8e03-11d8-b956-b8a03c50a862	-33.79302	25.46946	261133.0	1.0E-5					1989-08-13	13	8	1989	2441106	2441106	PRESERVED_SPECIMEN	MCZ	Mamm	64103		[no agent data]		CC_BY_NC_4_0	President and Fellows of Harvard College	E. J. Milani			2024-07-24T00:28:17.474Z		INSTITUTION_MATCH_FUZZY;COLLECTION_MATCH_FUZZY
4607480775	50c9509d-22c7-4a22-a47d-8c48425ef4a7	https://www.inaturalist.org/observations/204430177	Animalia	Chordata	Mammalia	Artiodactyla	Bovidae	Connochaetes	Connochaetes gnou		SPECIES	Connochaetes gnou (Zimmermann, 1780)	Connochaetes gnou		ZA		Gauteng	PRESENT		28eb1a3f-1c15-4a95-931a-4af90ecb574d	-25.708728	28.941058	5005.0						2024-03-29T14:55:20	29	3	2024	2441106	2441106	HUMAN_OBSERVATION	iNaturalist	Observations	204430177		Anna	2024-03-29T18:23:21	CC_BY_NC_4_0	Anna	Anna			2024-07-09T16:46:31.748Z	StillImage	COORDINATE_ROUNDED;CONTINENT_DERIVED_FROM_COORDINATES;TAXON_MATCH_TAXON_ID_IGNORED
4607288266	50c9509d-22c7-4a22-a47d-8c48425ef4a7	https://www.inaturalist.org/observations/206202587	Animalia	Chordata	Mammalia	Artiodactyla	Bovidae	Connochaetes	Connochaetes gnou		SPECIES	Connochaetes gnou (Zimmermann, 1780)	Connochaetes gnou		ZA		Eastern Cape	PRESENT		28eb1a3f-1c15-4a95-931a-4af90ecb574d	-32.152227	25.497393	122.0						2024-04-04T17:19	4	4	2024	2441106	2441106	HUMAN_OBSERVATION	iNaturalist	Observations	206202587		Johan Heyns	2024-04-09T05:47:07	CC_BY_NC_4_0	Johan Heyns	Johan Heyns			2024-07-09T17:13:49.148Z	StillImage	COORDINATE_ROUNDED;CONTINENT_DERIVED_FROM_COORDINATES;TAXON_MATCH_TAXON_ID_IGNORED
4606993530	50c9509d-22c7-4a22-a47d-8c48425ef4a7	https://www.inaturalist.org/observations/205067177	Animalia	Chordata	Mammalia	Artiodactyla	Bovidae	Connochaetes	Connochaetes gnou		SPECIES	Connochaetes gnou (Zimmermann, 1780)	Connochaetes gnou		ZA		Gauteng	PRESENT		28eb1a3f-1c15-4a95-931a-4af90ecb574d	-25.708577	28.92995	204.0						2022-12-09T11:14	9	12	2022	2441106	2441106	HUMAN_OBSERVATION	iNaturalist	Observations	205067177		altagray	2024-04-02T09:58:06	CC_BY_NC_4_0	altagray	altagray			2024-07-09T16:47:52.799Z	StillImage	COORDINATE_ROUNDED;CONTINENT_DERIVED_FROM_COORDINATES;TAXON_MATCH_TAXON_ID_IGNORED
4606793614	50c9509d-22c7-4a22-a47d-8c48425ef4a7	https://www.inaturalist.org/observations/204907402	Animalia	Chordata	Mammalia	Artiodactyla	Bovidae	Connochaetes	Connochaetes gnou		SPECIES	Connochaetes gnou (Zimmermann, 1780)	Connochaetes gnou		ZA		Gauteng	PRESENT		28eb1a3f-1c15-4a95-931a-4af90ecb574d	-25.711497	28.95255	90.0						2024-04-01T10:35:46	1	4	2024	2441106	2441106	HUMAN_OBSERVATION	iNaturalist	Observations	204907402		Anna	2024-04-01T11:41:00	CC_BY_NC_4_0	Anna	Anna			2024-07-09T16:47:14.448Z	StillImage	COORDINATE_ROUNDED;CONTINENT_DERIVED_FROM_COORDINATES;TAXON_MATCH_TAXON_ID_IGNORED
4606785694	50c9509d-22c7-4a22-a47d-8c48425ef4a7	https://www.inaturalist.org/observations/204430283	Animalia	Chordata	Mammalia	Artiodactyla	Bovidae	Connochaetes	Connochaetes gnou		SPECIES	Connochaetes gnou (Zimmermann, 1780)	Connochaetes gnou		ZA		Gauteng	PRESENT		28eb1a3f-1c15-4a95-931a-4af90ecb574d	-25.672137	28.956245	122.0						2024-03-29T14:58:43	29	3	2024	2441106	2441106	HUMAN_OBSERVATION	iNaturalist	Observations	204430283		Anna	2024-03-29T18:24:02	CC_BY_NC_4_0	Anna	Anna			2024-07-09T16:46:48.980Z	StillImage	COORDINATE_ROUNDED;CONTINENT_DERIVED_FROM_COORDINATES;TAXON_MATCH_TAXON_ID_IGNORED
4606783831	50c9509d-22c7-4a22-a47d-8c48425ef4a7	https://www.inaturalist.org/observations/204527804	Animalia	Chordata	Mammalia	Artiodactyla	Bovidae	Connochaetes	Connochaetes gnou		SPECIES	Connochaetes gnou (Zimmermann, 1780)	Connochaetes gnou		ZA		Gauteng	PRESENT		28eb1a3f-1c15-4a95-931a-4af90ecb574d	-25.712708	28.9507	10.0						2024-03-30T11:46:50	30	3	2024	2441106	2441106	HUMAN_OBSERVATION	iNaturalist	Observations	204527804		Anna	2024-03-30T10:32:09	CC_BY_NC_4_0	Anna	Anna			2024-07-09T16:47:49.257Z	StillImage	COORDINATE_ROUNDED;CONTINENT_DERIVED_FROM_COORDINATES;TAXON_MATCH_TAXON_ID_IGNORED
4606777474	50c9509d-22c7-4a22-a47d-8c48425ef4a7	https://www.inaturalist.org/observations/204376581	Animalia	Chordata	Mammalia	Artiodactyla	Bovidae	Connochaetes	Connochaetes gnou		SPECIES	Connochaetes gnou (Zimmermann, 1780)	Connochaetes gnou		ZA		Gauteng	PRESENT		28eb1a3f-1c15-4a95-931a-4af90ecb574d	-25.67715	28.947455	8.0						2024-03-29T10:10:28	29	3	2024	2441106	2441106	HUMAN_OBSERVATION	iNaturalist	Observations	204376581		Anna	2024-03-29T10:28:49	CC_BY_NC_4_0	Anna	Anna			2024-07-09T16:48:24.416Z	StillImage	CONTINENT_DERIVED_FROM_COORDINATES;TAXON_MATCH_TAXON_ID_IGNORED
4606704769	50c9509d-22c7-4a22-a47d-8c48425ef4a7	https://www.inaturalist.org/observations/204377106	Animalia	Chordata	Mammalia	Artiodactyla	Bovidae	Connochaetes	Connochaetes gnou		SPECIES	Connochaetes gnou (Zimmermann, 1780)	Connochaetes gnou		ZA		Gauteng	PRESENT		28eb1a3f-1c15-4a95-931a-4af90ecb574d	-25.672117	28.953337	37.0						2024-03-29T10:32:28	29	3	2024	2441106	2441106	HUMAN_OBSERVATION	iNaturalist	Observations	204377106		Anna	2024-03-29T10:37:19	CC_BY_NC_4_0	Anna	Anna			2024-07-09T16:47:19.277Z	StillImage	COORDINATE_ROUNDED;CONTINENT_DERIVED_FROM_COORDINATES;TAXON_MATCH_TAXON_ID_IGNORED
4597120050	50c9509d-22c7-4a22-a47d-8c48425ef4a7	https://www.inaturalist.org/observations/202856873	Animalia	Chordata	Mammalia	Artiodactyla	Bovidae	Connochaetes	Connochaetes gnou		SPECIES	Connochaetes gnou (Zimmermann, 1780)	Connochaetes gnou		ZA		Gauteng	PRESENT		28eb1a3f-1c15-4a95-931a-4af90ecb574d	-25.882454	28.26387	201.0						2024-03-17T12:52	17	3	2024	2441106	2441106	HUMAN_OBSERVATION	iNaturalist	Observations	202856873		moxcalvitiumtorgos	2024-03-17T20:28:26	CC_BY_NC_4_0	joat	joat			2024-07-09T17:13:07.594Z	StillImage	COORDINATE_ROUNDED;CONTINENT_DERIVED_FROM_COORDINATES;TAXON_MATCH_TAXON_ID_IGNORED
4535782451	50c9509d-22c7-4a22-a47d-8c48425ef4a7	https://www.inaturalist.org/observations/201403013	Animalia	Chordata	Mammalia	Artiodactyla	Bovidae	Connochaetes	Connochaetes gnou		SPECIES	Connochaetes gnou (Zimmermann, 1780)	Connochaetes gnou		ZA		Gauteng	PRESENT		28eb1a3f-1c15-4a95-931a-4af90ecb574d	-25.9032	28.28	50.0						2018-10-31T11:39	31	10	2018	2441106	2441106	HUMAN_OBSERVATION	iNaturalist	Observations	201403013		Ingmar van der Brugge	2024-03-05T20:39:42	CC_BY_NC_4_0	Ingmar van der Brugge	Ingmar van der Brugge			2024-07-09T17:13:22.187Z	StillImage	CONTINENT_DERIVED_FROM_COORDINATES;TAXON_MATCH_TAXON_ID_IGNORED
4528050522	50c9509d-22c7-4a22-a47d-8c48425ef4a7	https://www.inaturalist.org/observations/200330209	Animalia	Chordata	Mammalia	Artiodactyla	Bovidae	Connochaetes	Connochaetes gnou		SPECIES	Connochaetes gnou (Zimmermann, 1780)	Connochaetes gnou		ZA		Eastern Cape	PRESENT		28eb1a3f-1c15-4a95-931a-4af90ecb574d	-32.196252	25.430442	77.0						2024-02-06T09:48	6	2	2024	2441106	2441106	HUMAN_OBSERVATION	iNaturalist	Observations	200330209		Sharon Louw	2024-02-24T22:49:33	CC_BY_NC_4_0	Sharon Louw	Sharon Louw			2024-07-09T17:13:23.163Z	StillImage	COORDINATE_ROUNDED;CONTINENT_DERIVED_FROM_COORDINATES;TAXON_MATCH_TAXON_ID_IGNORED
4525295959	50c9509d-22c7-4a22-a47d-8c48425ef4a7	https://www.inaturalist.org/observations/199872457	Animalia	Chordata	Mammalia	Artiodactyla	Bovidae	Connochaetes	Connochaetes gnou		SPECIES	Connochaetes gnou (Zimmermann, 1780)	Connochaetes gnou		ZA		Gauteng	PRESENT		28eb1a3f-1c15-4a95-931a-4af90ecb574d	-25.898616	28.283653	31.0						2013-08-10T15:33	10	8	2013	2441106	2441106	HUMAN_OBSERVATION	iNaturalist	Observations	199872457		jandutoit	2024-02-20T06:22:30	CC_BY_NC_4_0	jandutoit	jandutoit			2024-07-09T17:11:15.890Z	StillImage	COORDINATE_ROUNDED;CONTINENT_DERIVED_FROM_COORDINATES;TAXON_MATCH_TAXON_ID_IGNORED
4525228982	50c9509d-22c7-4a22-a47d-8c48425ef4a7	https://www.inaturalist.org/observations/199764258	Animalia	Chordata	Mammalia	Artiodactyla	Bovidae	Connochaetes	Connochaetes gnou		SPECIES	Connochaetes gnou (Zimmermann, 1780)	Connochaetes gnou		ZA		Gauteng	PRESENT		28eb1a3f-1c15-4a95-931a-4af90ecb574d	-25.977529	27.644608	77.0						2023-10-15T10:11:32	15	10	2023	2441106	2441106	HUMAN_OBSERVATION	iNaturalist	Observations	199764258		Alistair Tuckett	2024-02-19T06:03:49	CC_BY_NC_4_0	Alistair Tuckett	Alistair Tuckett			2024-07-09T17:12:56.288Z	StillImage	COORDINATE_ROUNDED;CONTINENT_DERIVED_FROM_COORDINATES;TAXON_MATCH_TAXON_ID_IGNORED
4525210897	50c9509d-22c7-4a22-a47d-8c48425ef4a7	https://www.inaturalist.org/observations/199439519	Animalia	Chordata	Mammalia	Artiodactyla	Bovidae	Connochaetes	Connochaetes gnou		SPECIES	Connochaetes gnou (Zimmermann, 1780)	Connochaetes gnou		ZA		Gauteng	PRESENT		28eb1a3f-1c15-4a95-931a-4af90ecb574d	-25.895103	28.284656	31.0						2013-07-25T16:40	25	7	2013	2441106	2441106	HUMAN_OBSERVATION	iNaturalist	Observations	199439519		jandutoit	2024-02-16T08:11:57	CC_BY_NC_4_0	jandutoit	jandutoit			2024-07-09T16:46:16.164Z	StillImage	COORDINATE_ROUNDED;CONTINENT_DERIVED_FROM_COORDINATES;TAXON_MATCH_TAXON_ID_IGNORED
4525095121	50c9509d-22c7-4a22-a47d-8c48425ef4a7	https://www.inaturalist.org/observations/199339852	Animalia	Chordata	Mammalia	Artiodactyla	Bovidae	Connochaetes	Connochaetes gnou		SPECIES	Connochaetes gnou (Zimmermann, 1780)	Connochaetes gnou		ZA		Gauteng	PRESENT		28eb1a3f-1c15-4a95-931a-4af90ecb574d	-25.910005	28.300182	31.0						2013-07-25T16:33	25	7	2013	2441106	2441106	HUMAN_OBSERVATION	iNaturalist	Observations	199339852		jandutoit	2024-02-15T06:03:40	CC_BY_NC_4_0	jandutoit	jandutoit			2024-07-09T16:46:44.046Z	StillImage	COORDINATE_ROUNDED;CONTINENT_DERIVED_FROM_COORDINATES;TAXON_MATCH_TAXON_ID_IGNORED
4525007609	50c9509d-22c7-4a22-a47d-8c48425ef4a7	https://www.inaturalist.org/observations/109816824	Animalia	Chordata	Mammalia	Artiodactyla	Bovidae	Connochaetes	Connochaetes gnou		SPECIES	Connochaetes gnou (Zimmermann, 1780)	Connochaetes gnou		NA		Khomas	PRESENT		28eb1a3f-1c15-4a95-931a-4af90ecb574d	-22.62154	18.222102	5.0						2022-03-28T18:46:28	28	3	2022	2441106	2441106	HUMAN_OBSERVATION	iNaturalist	Observations	109816824		Max Allen	2022-03-29T06:43:44	CC_BY_NC_4_0	Max Allen	Max Allen			2024-07-09T17:02:20.833Z	StillImage	COORDINATE_ROUNDED;CONTINENT_DERIVED_FROM_COORDINATES;TAXON_MATCH_TAXON_ID_IGNORED
4522740480	50c9509d-22c7-4a22-a47d-8c48425ef4a7	https://www.inaturalist.org/observations/198884914	Animalia	Chordata	Mammalia	Artiodactyla	Bovidae	Connochaetes	Connochaetes gnou		SPECIES	Connochaetes gnou (Zimmermann, 1780)	Connochaetes gnou		ZA		Free State	PRESENT		28eb1a3f-1c15-4a95-931a-4af90ecb574d	-28.511457	28.974423	154.0						2024-02-05T11:56	5	2	2024	2441106	2441106	HUMAN_OBSERVATION	iNaturalist	Observations	198884914		Richard Gill	2024-02-10T11:02:36	CC_BY_NC_4_0	Richard Gill	Richard Gill			2024-07-09T17:12:54.866Z	StillImage	COORDINATE_ROUNDED;CONTINENT_DERIVED_FROM_COORDINATES;TAXON_MATCH_TAXON_ID_IGNORED
4516224790	50c9509d-22c7-4a22-a47d-8c48425ef4a7	https://www.inaturalist.org/observations/192319261	Animalia	Chordata	Mammalia	Artiodactyla	Bovidae	Connochaetes	Connochaetes gnou		SPECIES	Connochaetes gnou (Zimmermann, 1780)	Connochaetes gnou		ZA		Eastern Cape	PRESENT		28eb1a3f-1c15-4a95-931a-4af90ecb574d	-30.300222	28.786626	1.0						2023-11-27T09:55:29	27	11	2023	2441106	2441106	HUMAN_OBSERVATION	iNaturalist	Observations	192319261		morapedi	2023-12-01T06:37:05	CC_BY_NC_4_0	morapedi	morapedi			2024-07-09T16:45:55.744Z	StillImage	COORDINATE_ROUNDED;CONTINENT_DERIVED_FROM_COORDINATES;TAXON_MATCH_TAXON_ID_IGNORED
4512348572	50c9509d-22c7-4a22-a47d-8c48425ef4a7	https://www.inaturalist.org/observations/196669165	Animalia	Chordata	Mammalia	Artiodactyla	Bovidae	Connochaetes	Connochaetes gnou		SPECIES	Connochaetes gnou (Zimmermann, 1780)	Connochaetes gnou		SZ		Hhohho	PRESENT		28eb1a3f-1c15-4a95-931a-4af90ecb574d	-26.135708	31.111933	61.0						2011-12-25T18:20	25	12	2011	2441106	2441106	HUMAN_OBSERVATION	iNaturalist	Observations	196669165		Heinrich Human	2024-01-14T15:36:52	CC_BY_NC_4_0	Heinrich Human	Heinrich Human			2024-07-09T16:45:28.987Z	StillImage	COORDINATE_ROUNDED;CONTINENT_DERIVED_FROM_COORDINATES;TAXON_MATCH_TAXON_ID_IGNORED
4512323388	50c9509d-22c7-4a22-a47d-8c48425ef4a7	https://www.inaturalist.org/observations/196637281	Animalia	Chordata	Mammalia	Artiodactyla	Bovidae	Connochaetes	Connochaetes gnou		SPECIES	Connochaetes gnou (Zimmermann, 1780)	Connochaetes gnou		ZA		Free State	PRESENT		28eb1a3f-1c15-4a95-931a-4af90ecb574d	-28.385584	29.034388	15.0						2019-02-21T19:09	21	2	2019	2441106	2441106	HUMAN_OBSERVATION	iNaturalist	Observations	196637281		Svyatoslav Knyazev	2024-01-14T05:44:58	CC_BY_4_0	Svyatoslav Knyazev	Svyatoslav Knyazev			2024-07-09T17:12:41.576Z	StillImage	COORDINATE_ROUNDED;CONTINENT_DERIVED_FROM_COORDINATES;TAXON_MATCH_TAXON_ID_IGNORED
4512300137	50c9509d-22c7-4a22-a47d-8c48425ef4a7	https://www.inaturalist.org/observations/196637283	Animalia	Chordata	Mammalia	Artiodactyla	Bovidae	Connochaetes	Connochaetes gnou		SPECIES	Connochaetes gnou (Zimmermann, 1780)	Connochaetes gnou		ZA		Free State	PRESENT		28eb1a3f-1c15-4a95-931a-4af90ecb574d	-28.385584	29.034388	15.0						2019-02-21T19:09	21	2	2019	2441106	2441106	HUMAN_OBSERVATION	iNaturalist	Observations	196637283		Svyatoslav Knyazev	2024-01-14T05:44:58	CC_BY_4_0	Svyatoslav Knyazev	Svyatoslav Knyazev			2024-07-09T17:12:40.151Z	StillImage	COORDINATE_ROUNDED;CONTINENT_DERIVED_FROM_COORDINATES;TAXON_MATCH_TAXON_ID_IGNORED
4510187629	50c9509d-22c7-4a22-a47d-8c48425ef4a7	https://www.inaturalist.org/observations/195938226	Animalia	Chordata	Mammalia	Artiodactyla	Bovidae	Connochaetes	Connochaetes gnou		SPECIES	Connochaetes gnou (Zimmermann, 1780)	Connochaetes gnou		ZA		Eastern Cape	PRESENT		28eb1a3f-1c15-4a95-931a-4af90ecb574d	-32.17991	25.423009	813.0						2018-08-17T07:25	17	8	2018	2441106	2441106	HUMAN_OBSERVATION	iNaturalist	Observations	195938226		Joss Carr	2024-01-06T17:05:16	CC_BY_4_0	Joss Carr	Joss Carr			2024-07-09T17:13:18.354Z	StillImage	COORDINATE_ROUNDED;CONTINENT_DERIVED_FROM_COORDINATES;TAXON_MATCH_TAXON_ID_IGNORED
4510068953	50c9509d-22c7-4a22-a47d-8c48425ef4a7	https://www.inaturalist.org/observations/195726415	Animalia	Chordata	Mammalia	Artiodactyla	Bovidae	Connochaetes	Connochaetes gnou		SPECIES	Connochaetes gnou (Zimmermann, 1780)	Connochaetes gnou		ZA		Eastern Cape	PRESENT		28eb1a3f-1c15-4a95-931a-4af90ecb574d	-32.193319	24.509561	5.0						2024-01-03T11:06	3	1	2024	2441106	2441106	HUMAN_OBSERVATION	iNaturalist	Observations	195726415		Nick Leggatt	2024-01-04T04:58:09	CC_BY_NC_4_0	Nick Leggatt	Nick Leggatt			2024-07-09T17:12:15.636Z	StillImage	COORDINATE_ROUNDED;CONTINENT_DERIVED_FROM_COORDINATES;TAXON_MATCH_TAXON_ID_IGNORED
4507917580	50c9509d-22c7-4a22-a47d-8c48425ef4a7	https://www.inaturalist.org/observations/194960461	Animalia	Chordata	Mammalia	Artiodactyla	Bovidae	Connochaetes	Connochaetes gnou		SPECIES	Connochaetes gnou (Zimmermann, 1780)	Connochaetes gnou		ZA		Free State	PRESENT		28eb1a3f-1c15-4a95-931a-4af90ecb574d	-28.516174	28.63428	5.0						2023-12-22T12:57:54	22	12	2023	2441106	2441106	HUMAN_OBSERVATION	iNaturalist	Observations	194960461		Elmar van Rooyen	2023-12-27T06:49:30	CC_BY_NC_4_0	Elmar van Rooyen	Elmar van Rooyen			2024-07-09T17:12:25.819Z	StillImage	COORDINATE_ROUNDED;CONTINENT_DERIVED_FROM_COORDINATES;TAXON_MATCH_TAXON_ID_IGNORED
4507693492	50c9509d-22c7-4a22-a47d-8c48425ef4a7	https://www.inaturalist.org/observations/195279514	Animalia	Chordata	Mammalia	Artiodactyla	Bovidae	Connochaetes	Connochaetes gnou		SPECIES	Connochaetes gnou (Zimmermann, 1780)	Connochaetes gnou		ZA		Free State	PRESENT		28eb1a3f-1c15-4a95-931a-4af90ecb574d	-28.506906	28.624136	4316.0						2016-12-01T15:35	1	12	2016	2441106	2441106	HUMAN_OBSERVATION	iNaturalist	Observations	195279514		John P Martin	2023-12-30T17:14:04	CC_BY_NC_4_0	John P Martin	John P Martin			2024-07-09T16:45:18.632Z	StillImage	COORDINATE_ROUNDED;CONTINENT_DERIVED_FROM_COORDINATES;TAXON_MATCH_TAXON_ID_IGNORED
4507672230	50c9509d-22c7-4a22-a47d-8c48425ef4a7	https://www.inaturalist.org/observations/195159520	Animalia	Chordata	Mammalia	Artiodactyla	Bovidae	Connochaetes	Connochaetes gnou		SPECIES	Connochaetes gnou (Zimmermann, 1780)	Connochaetes gnou		ZA		Western Cape	PRESENT		28eb1a3f-1c15-4a95-931a-4af90ecb574d	-33.415047	19.024618	1000.0						2023-12-29T11:27:17	29	12	2023	2441106	2441106	HUMAN_OBSERVATION	iNaturalist	Observations	195159520		Brendan O'Loughlin	2023-12-29T10:57:57	CC_BY_NC_4_0	Brendan O'Loughlin	Brendan O'Loughlin			2024-07-09T17:12:58.844Z	StillImage	COORDINATE_ROUNDED;CONTINENT_DERIVED_FROM_COORDINATES;TAXON_MATCH_TAXON_ID_IGNORED
4500823145	50c9509d-22c7-4a22-a47d-8c48425ef4a7	https://www.inaturalist.org/observations/193928134	Animalia	Chordata	Mammalia	Artiodactyla	Bovidae	Connochaetes	Connochaetes gnou		SPECIES	Connochaetes gnou (Zimmermann, 1780)	Connochaetes gnou		ZA		Free State	PRESENT		28eb1a3f-1c15-4a95-931a-4af90ecb574d	-28.482113	28.719942	8.0						2023-12-12T18:14:11	12	12	2023	2441106	2441106	HUMAN_OBSERVATION	iNaturalist	Observations	193928134		Kaleb Goff	2023-12-14T05:13:49	CC_BY_NC_4_0	Kaleb Goff	Kaleb Goff			2024-07-09T16:45:10.825Z	StillImage	COORDINATE_ROUNDED;CONTINENT_DERIVED_FROM_COORDINATES;TAXON_MATCH_TAXON_ID_IGNORED
4465734455	50c9509d-22c7-4a22-a47d-8c48425ef4a7	https://www.inaturalist.org/observations/193458049	Animalia	Chordata	Mammalia	Artiodactyla	Bovidae	Connochaetes	Connochaetes gnou		SPECIES	Connochaetes gnou (Zimmermann, 1780)	Connochaetes gnou		ZA		Eastern Cape	PRESENT		28eb1a3f-1c15-4a95-931a-4af90ecb574d	-32.207374	25.426832	3000.0						2023-01-05T12:36	5	1	2023	2441106	2441106	HUMAN_OBSERVATION	iNaturalist	Observations	193458049		Andre Harmse	2023-12-09T04:52:04	CC_BY_NC_4_0	Andre Harmse	Andre Harmse			2024-07-09T17:10:52.492Z	StillImage	COORDINATE_ROUNDED;CONTINENT_DERIVED_FROM_COORDINATES;TAXON_MATCH_TAXON_ID_IGNORED
4465732397	50c9509d-22c7-4a22-a47d-8c48425ef4a7	https://www.inaturalist.org/observations/193458051	Animalia	Chordata	Mammalia	Artiodactyla	Bovidae	Connochaetes	Connochaetes gnou		SPECIES	Connochaetes gnou (Zimmermann, 1780)	Connochaetes gnou		ZA		Eastern Cape	PRESENT		28eb1a3f-1c15-4a95-931a-4af90ecb574d	-32.207374	25.426832	3000.0						2023-01-05T12:46	5	1	2023	2441106	2441106	HUMAN_OBSERVATION	iNaturalist	Observations	193458051		Andre Harmse	2023-12-09T04:52:05	CC_BY_NC_4_0	Andre Harmse	Andre Harmse			2024-07-09T17:12:15.735Z	StillImage	COORDINATE_ROUNDED;CONTINENT_DERIVED_FROM_COORDINATES;TAXON_MATCH_TAXON_ID_IGNORED
4465457393	50c9509d-22c7-4a22-a47d-8c48425ef4a7	https://www.inaturalist.org/observations/192317420	Animalia	Chordata	Mammalia	Artiodactyla	Bovidae	Connochaetes	Connochaetes gnou		SPECIES	Connochaetes gnou (Zimmermann, 1780)	Connochaetes gnou		ZA		Eastern Cape	PRESENT		28eb1a3f-1c15-4a95-931a-4af90ecb574d	-30.304283	28.789332	1.0						2023-11-27T09:40:09	27	11	2023	2441106	2441106	HUMAN_OBSERVATION	iNaturalist	Observations	192317420		MHUltimate2015	2023-12-07T06:11:11	CC_BY_NC_4_0	morapedi	morapedi			2024-07-09T16:45:25.496Z	StillImage	COORDINATE_ROUNDED;CONTINENT_DERIVED_FROM_COORDINATES;TAXON_MATCH_TAXON_ID_IGNORED
4458801021	50c9509d-22c7-4a22-a47d-8c48425ef4a7	https://www.inaturalist.org/observations/192619983	Animalia	Chordata	Mammalia	Artiodactyla	Bovidae	Connochaetes	Connochaetes gnou		SPECIES	Connochaetes gnou (Zimmermann, 1780)	Connochaetes gnou		ZA		Gauteng	PRESENT		28eb1a3f-1c15-4a95-931a-4af90ecb574d	-25.90327	28.281815	15.0						2013-11-18T10:45	18	11	2013	2441106	2441106	HUMAN_OBSERVATION	iNaturalist	Observations	192619983		jandutoit	2023-11-30T07:38:42	CC_BY_NC_4_0	jandutoit	jandutoit			2024-07-09T16:45:29.693Z	StillImage	COORDINATE_ROUNDED;CONTINENT_DERIVED_FROM_COORDINATES;TAXON_MATCH_TAXON_ID_IGNORED
4458768519	50c9509d-22c7-4a22-a47d-8c48425ef4a7	https://www.inaturalist.org/observations/193147823	Animalia	Chordata	Mammalia	Artiodactyla	Bovidae	Connochaetes	Connochaetes gnou		SPECIES	Connochaetes gnou (Zimmermann, 1780)	Connochaetes gnou		NA		Otjozondjupa	PRESENT		28eb1a3f-1c15-4a95-931a-4af90ecb574d	-19.53757	17.288652	31.0						2023-11-23T10:01	23	11	2023	2441106	2441106	HUMAN_OBSERVATION	iNaturalist	Observations	193147823		Alan Horstmann	2023-12-05T19:48:20	CC_BY_4_0	Linda Lötjönen	Linda Lötjönen			2024-07-09T17:12:59.391Z	StillImage	COORDINATE_ROUNDED;CONTINENT_DERIVED_FROM_COORDINATES;TAXON_MATCH_TAXON_ID_IGNORED
4458764326	50c9509d-22c7-4a22-a47d-8c48425ef4a7	https://www.inaturalist.org/observations/193063352	Animalia	Chordata	Mammalia	Artiodactyla	Bovidae	Connochaetes	Connochaetes gnou		SPECIES	Connochaetes gnou (Zimmermann, 1780)	Connochaetes gnou		ZA		Eastern Cape	PRESENT		28eb1a3f-1c15-4a95-931a-4af90ecb574d	-32.163614	25.5082	300.0						2023-01-04T08:04	4	1	2023	2441106	2441106	HUMAN_OBSERVATION	iNaturalist	Observations	193063352		Andre Harmse	2023-12-04T20:31:23	CC_BY_NC_4_0	Andre Harmse	Andre Harmse			2024-07-09T16:46:23.512Z	StillImage	COORDINATE_ROUNDED;CONTINENT_DERIVED_FROM_COORDINATES;TAXON_MATCH_TAXON_ID_IGNORED
4458722295	50c9509d-22c7-4a22-a47d-8c48425ef4a7	https://www.inaturalist.org/observations/193063342	Animalia	Chordata	Mammalia	Artiodactyla	Bovidae	Connochaetes	Connochaetes gnou		SPECIES	Connochaetes gnou (Zimmermann, 1780)	Connochaetes gnou		ZA		Eastern Cape	PRESENT		28eb1a3f-1c15-4a95-931a-4af90ecb574d	-32.16729	25.510196	300.0						2023-01-04T07:58	4	1	2023	2441106	2441106	HUMAN_OBSERVATION	iNaturalist	Observations	193063342		Andre Harmse	2023-12-04T20:31:21	CC_BY_NC_4_0	Andre Harmse	Andre Harmse			2024-07-09T17:12:36.073Z	StillImage	COORDINATE_ROUNDED;CONTINENT_DERIVED_FROM_COORDINATES;TAXON_MATCH_TAXON_ID_IGNORED
4458642945	50c9509d-22c7-4a22-a47d-8c48425ef4a7	https://www.inaturalist.org/observations/192623460	Animalia	Chordata	Mammalia	Artiodactyla	Bovidae	Connochaetes	Connochaetes gnou		SPECIES	Connochaetes gnou (Zimmermann, 1780)	Connochaetes gnou		ZA		Western Cape	PRESENT		28eb1a3f-1c15-4a95-931a-4af90ecb574d	-34.640273	19.82873	19.0						2023-11-26T08:54	26	11	2023	2441106	2441106	HUMAN_OBSERVATION	iNaturalist	Observations	192623460		linkie	2023-11-30T08:53:50	CC_BY_NC_4_0	linkie	linkie			2024-07-09T17:12:21.863Z	StillImage	COORDINATE_ROUNDED;CONTINENT_DERIVED_FROM_COORDINATES;TAXON_MATCH_TAXON_ID_IGNORED
4458553482	50c9509d-22c7-4a22-a47d-8c48425ef4a7	https://www.inaturalist.org/observations/193122769	Animalia	Chordata	Mammalia	Artiodactyla	Bovidae	Connochaetes	Connochaetes gnou		SPECIES	Connochaetes gnou (Zimmermann, 1780)	Connochaetes gnou		ZA		Western Cape	PRESENT		28eb1a3f-1c15-4a95-931a-4af90ecb574d	-34.641092	19.824781	4.0						2023-11-26T08:52	26	11	2023	2441106	2441106	HUMAN_OBSERVATION	iNaturalist	Observations	193122769		Hafeez Sonday	2023-12-05T13:29:35	CC_BY_NC_4_0	Hafeez Sonday	Hafeez Sonday			2024-07-09T16:46:54.435Z	StillImage	COORDINATE_ROUNDED;CONTINENT_DERIVED_FROM_COORDINATES;TAXON_MATCH_TAXON_ID_IGNORED
4458520365	50c9509d-22c7-4a22-a47d-8c48425ef4a7	https://www.inaturalist.org/observations/193063320	Animalia	Chordata	Mammalia	Artiodactyla	Bovidae	Connochaetes	Connochaetes gnou		SPECIES	Connochaetes gnou (Zimmermann, 1780)	Connochaetes gnou		ZA		Eastern Cape	PRESENT		28eb1a3f-1c15-4a95-931a-4af90ecb574d	-32.189669	25.502544	100.0						2023-01-04T07:26	4	1	2023	2441106	2441106	HUMAN_OBSERVATION	iNaturalist	Observations	193063320		Andre Harmse	2023-12-04T20:31:17	CC_BY_NC_4_0	Andre Harmse	Andre Harmse			2024-07-09T17:10:47.168Z	StillImage	COORDINATE_ROUNDED;CONTINENT_DERIVED_FROM_COORDINATES;TAXON_MATCH_TAXON_ID_IGNORED
4458497171	50c9509d-22c7-4a22-a47d-8c48425ef4a7	https://www.inaturalist.org/observations/193015298	Animalia	Chordata	Mammalia	Artiodactyla	Bovidae	Connochaetes	Connochaetes gnou		SPECIES	Connochaetes gnou (Zimmermann, 1780)	Connochaetes gnou		ZA		Free State	PRESENT		28eb1a3f-1c15-4a95-931a-4af90ecb574d	-28.417717	29.060677	70.0						2023-11-27T15:14	27	11	2023	2441106	2441106	HUMAN_OBSERVATION	iNaturalist	Observations	193015298		Sandra Falanga	2023-12-04T07:11:10	CC_BY_NC_4_0	Sandra Falanga	Sandra Falanga			2024-07-09T17:11:57Z	StillImage	COORDINATE_ROUNDED;CONTINENT_DERIVED_FROM_COORDINATES;TAXON_MATCH_TAXON_ID_IGNORED
4458479908	50c9509d-22c7-4a22-a47d-8c48425ef4a7	https://www.inaturalist.org/observations/192924349	Animalia	Chordata	Mammalia	Artiodactyla	Bovidae	Connochaetes	Connochaetes gnou		SPECIES	Connochaetes gnou (Zimmermann, 1780)	Connochaetes gnou		ZA		Free State	PRESENT		28eb1a3f-1c15-4a95-931a-4af90ecb574d	-28.415098	29.057973	60.0						2023-11-27T12:56	27	11	2023	2441106	2441106	HUMAN_OBSERVATION	iNaturalist	Observations	192924349		Sandra Falanga	2023-12-03T13:45:21	CC_BY_NC_4_0	Sandra Falanga	Sandra Falanga			2024-07-09T17:12:01.135Z	StillImage	COORDINATE_ROUNDED;CONTINENT_DERIVED_FROM_COORDINATES;TAXON_MATCH_TAXON_ID_IGNORED
4458388031	50c9509d-22c7-4a22-a47d-8c48425ef4a7	https://www.inaturalist.org/observations/192633063	Animalia	Chordata	Mammalia	Artiodactyla	Bovidae	Connochaetes	Connochaetes gnou		SPECIES	Connochaetes gnou (Zimmermann, 1780)	Connochaetes gnou		ZA		Gauteng	PRESENT		28eb1a3f-1c15-4a95-931a-4af90ecb574d	-25.892545	28.285421	15.0						2013-11-18T10:34	18	11	2013	2441106	2441106	HUMAN_OBSERVATION	iNaturalist	Observations	192633063		jandutoit	2023-11-30T12:32:24	CC_BY_NC_4_0	jandutoit	jandutoit			2024-07-09T16:45:25.962Z	StillImage	COORDINATE_ROUNDED;CONTINENT_DERIVED_FROM_COORDINATES;TAXON_MATCH_TAXON_ID_IGNORED
4458370886	50c9509d-22c7-4a22-a47d-8c48425ef4a7	https://www.inaturalist.org/observations/164966611	Animalia	Chordata	Mammalia	Artiodactyla	Bovidae	Connochaetes	Connochaetes gnou		SPECIES	Connochaetes gnou (Zimmermann, 1780)	Connochaetes gnou		ZA		Free State	PRESENT		28eb1a3f-1c15-4a95-931a-4af90ecb574d	-28.552622	28.625125	25.0						2023-05-19T12:40	19	5	2023	2441106	2441106	HUMAN_OBSERVATION	iNaturalist	Observations	164966611		Tony Rebelo	2023-06-01T12:50:01	CC_BY_NC_4_0	Tony Rebelo	Tony Rebelo			2024-07-09T17:08:26.456Z	StillImage	COORDINATE_ROUNDED;CONTINENT_DERIVED_FROM_COORDINATES;TAXON_MATCH_TAXON_ID_IGNORED
4453862813	50c9509d-22c7-4a22-a47d-8c48425ef4a7	https://www.inaturalist.org/observations/192254319	Animalia	Chordata	Mammalia	Artiodactyla	Bovidae	Connochaetes	Connochaetes gnou		SPECIES	Connochaetes gnou (Zimmermann, 1780)	Connochaetes gnou		ZA		Eastern Cape	PRESENT		28eb1a3f-1c15-4a95-931a-4af90ecb574d	-32.160933	25.491558	4919.0						2015-09-21T08:04	21	9	2015	2441106	2441106	HUMAN_OBSERVATION	iNaturalist	Observations	192254319		David Bree	2023-11-26T21:52:10	CC_BY_NC_4_0	David Bree	David Bree			2024-07-09T16:46:08.033Z	StillImage	COORDINATE_ROUNDED;CONTINENT_DERIVED_FROM_COORDINATES;TAXON_MATCH_TAXON_ID_IGNORED
4453793884	50c9509d-22c7-4a22-a47d-8c48425ef4a7	https://www.inaturalist.org/observations/192222725	Animalia	Chordata	Mammalia	Artiodactyla	Bovidae	Connochaetes	Connochaetes gnou		SPECIES	Connochaetes gnou (Zimmermann, 1780)	Connochaetes gnou		ZA		Gauteng	PRESENT		28eb1a3f-1c15-4a95-931a-4af90ecb574d	-25.861702	28.286897	3.0						2023-11-25T18:01:04	25	11	2023	2441106	2441106	HUMAN_OBSERVATION	iNaturalist	Observations	192222725		adelenel	2023-11-26T17:15:51	CC_BY_NC_4_0	adelenel	adelenel			2024-07-09T17:12:08.190Z	StillImage	COORDINATE_ROUNDED;CONTINENT_DERIVED_FROM_COORDINATES;TAXON_MATCH_TAXON_ID_IGNORED
4453772454	50c9509d-22c7-4a22-a47d-8c48425ef4a7	https://www.inaturalist.org/observations/191900324	Animalia	Chordata	Mammalia	Artiodactyla	Bovidae	Connochaetes	Connochaetes gnou		SPECIES	Connochaetes gnou (Zimmermann, 1780)	Connochaetes gnou		ZA		Western Cape	PRESENT		28eb1a3f-1c15-4a95-931a-4af90ecb574d	-32.515388	22.558227	4999.0						2015-09-15T14:38	15	9	2015	2441106	2441106	HUMAN_OBSERVATION	iNaturalist	Observations	191900324		David Bree	2023-11-24T02:24:23	CC_BY_NC_4_0	David Bree	David Bree			2024-07-09T16:45:50.181Z	StillImage	COORDINATE_ROUNDED;CONTINENT_DERIVED_FROM_COORDINATES;TAXON_MATCH_TAXON_ID_IGNORED
4453737208	50c9509d-22c7-4a22-a47d-8c48425ef4a7	https://www.inaturalist.org/observations/192427101	Animalia	Chordata	Mammalia	Artiodactyla	Bovidae	Connochaetes	Connochaetes gnou		SPECIES	Connochaetes gnou (Zimmermann, 1780)	Connochaetes gnou		ZA		Eastern Cape	PRESENT		28eb1a3f-1c15-4a95-931a-4af90ecb574d	-32.442249	24.876827	428.0						2023-11-27T18:12	27	11	2023	2441106	2441106	HUMAN_OBSERVATION	iNaturalist	Observations	192427101		Katie Herold	2023-11-28T06:14:32	CC_BY_NC_4_0	Katie Herold	Katie Herold			2024-07-09T16:45:49.306Z	StillImage	COORDINATE_ROUNDED;CONTINENT_DERIVED_FROM_COORDINATES;TAXON_MATCH_TAXON_ID_IGNORED
4442516073	50c9509d-22c7-4a22-a47d-8c48425ef4a7	https://www.inaturalist.org/observations/191487524	Animalia	Chordata	Mammalia	Artiodactyla	Bovidae	Connochaetes	Connochaetes gnou		SPECIES	Connochaetes gnou (Zimmermann, 1780)	Connochaetes gnou		ZA		Western Cape	PRESENT		28eb1a3f-1c15-4a95-931a-4af90ecb574d	-34.201295	21.636512							2023-11-10T14:44	10	11	2023	2441106	2441106	HUMAN_OBSERVATION	iNaturalist	Observations	191487524		davidmatos39o2ow-_	2023-11-19T17:57:44	CC_BY_NC_4_0	steffen592	steffen592			2024-07-09T16:44:52.333Z	StillImage	COORDINATE_ROUNDED;CONTINENT_DERIVED_FROM_COORDINATES;TAXON_MATCH_TAXON_ID_IGNORED
4440935651	50c9509d-22c7-4a22-a47d-8c48425ef4a7	https://www.inaturalist.org/observations/190372128	Animalia	Chordata	Mammalia	Artiodactyla	Bovidae	Connochaetes	Connochaetes gnou		SPECIES	Connochaetes gnou (Zimmermann, 1780)	Connochaetes gnou		ZA		Gauteng	PRESENT		28eb1a3f-1c15-4a95-931a-4af90ecb574d	-25.885113	28.288925	25.0						2023-08-18T13:12	18	8	2023	2441106	2441106	HUMAN_OBSERVATION	iNaturalist	Observations	190372128		Dave Brown	2023-11-08T04:22:28	CC0_1_0	Dave Brown	Dave Brown			2024-07-09T16:45:42.785Z	StillImage	CONTINENT_DERIVED_FROM_COORDINATES;TAXON_MATCH_TAXON_ID_IGNORED
4440875698	50c9509d-22c7-4a22-a47d-8c48425ef4a7	https://www.inaturalist.org/observations/190887786	Animalia	Chordata	Mammalia	Artiodactyla	Bovidae	Connochaetes	Connochaetes gnou		SPECIES	Connochaetes gnou (Zimmermann, 1780)	Connochaetes gnou		ZA		Eastern Cape	PRESENT		28eb1a3f-1c15-4a95-931a-4af90ecb574d	-32.1487	25.488061	488.0						2023-09-19T12:57	19	9	2023	2441106	2441106	HUMAN_OBSERVATION	iNaturalist	Observations	190887786		Pierre-Louis Stenger	2023-11-13T09:13:49	CC_BY_NC_4_0	Pierre-Louis Stenger	Pierre-Louis Stenger			2024-07-09T17:12:31.314Z	StillImage	COORDINATE_ROUNDED;CONTINENT_DERIVED_FROM_COORDINATES;TAXON_MATCH_TAXON_ID_IGNORED
4440869771	50c9509d-22c7-4a22-a47d-8c48425ef4a7	https://www.inaturalist.org/observations/190685445	Animalia	Chordata	Mammalia	Artiodactyla	Bovidae	Connochaetes	Connochaetes gnou		SPECIES	Connochaetes gnou (Zimmermann, 1780)	Connochaetes gnou		ZA		Gauteng	PRESENT		28eb1a3f-1c15-4a95-931a-4af90ecb574d	-26.500868	28.287931	14.0						2023-10-19T10:40	19	10	2023	2441106	2441106	HUMAN_OBSERVATION	iNaturalist	Observations	190685445		Dave Brown	2023-11-11T15:53:04	CC0_1_0	Dave Brown	Dave Brown			2024-07-09T16:45:55.110Z	StillImage	CONTINENT_DERIVED_FROM_COORDINATES;TAXON_MATCH_TAXON_ID_IGNORED
4440865496	50c9509d-22c7-4a22-a47d-8c48425ef4a7	https://www.inaturalist.org/observations/190574697	Animalia	Chordata	Mammalia	Artiodactyla	Bovidae	Connochaetes	Connochaetes gnou		SPECIES	Connochaetes gnou (Zimmermann, 1780)	Connochaetes gnou		ZA		Gauteng	PRESENT		28eb1a3f-1c15-4a95-931a-4af90ecb574d	-25.898968	28.276303	15.0						2014-02-16T07:26	16	2	2014	2441106	2441106	HUMAN_OBSERVATION	iNaturalist	Observations	190574697		jandutoit	2023-11-10T13:19:28	CC_BY_NC_4_0	jandutoit	jandutoit			2024-07-09T16:46:06.971Z	StillImage	COORDINATE_ROUNDED;CONTINENT_DERIVED_FROM_COORDINATES;TAXON_MATCH_TAXON_ID_IGNORED
4440753898	50c9509d-22c7-4a22-a47d-8c48425ef4a7	https://www.inaturalist.org/observations/190704812	Animalia	Chordata	Mammalia	Artiodactyla	Bovidae	Connochaetes	Connochaetes gnou		SPECIES	Connochaetes gnou (Zimmermann, 1780)	Connochaetes gnou		ZA		Gauteng	PRESENT		28eb1a3f-1c15-4a95-931a-4af90ecb574d	-26.541397	28.200437	7.0						2023-10-19T11:45	19	10	2023	2441106	2441106	HUMAN_OBSERVATION	iNaturalist	Observations	190704812		Dave Brown	2023-11-11T18:57:25	CC0_1_0	Dave Brown	Dave Brown			2024-07-09T17:12:03.849Z	StillImage	CONTINENT_DERIVED_FROM_COORDINATES;TAXON_MATCH_TAXON_ID_IGNORED
4440750498	50c9509d-22c7-4a22-a47d-8c48425ef4a7	https://www.inaturalist.org/observations/190887743	Animalia	Chordata	Mammalia	Artiodactyla	Bovidae	Connochaetes	Connochaetes gnou		SPECIES	Connochaetes gnou (Zimmermann, 1780)	Connochaetes gnou		ZA		Eastern Cape	PRESENT		28eb1a3f-1c15-4a95-931a-4af90ecb574d	-32.201192	25.417041	1488.0						2023-09-18T14:04	18	9	2023	2441106	2441106	HUMAN_OBSERVATION	iNaturalist	Observations	190887743		Pierre-Louis Stenger	2023-11-13T09:13:29	CC_BY_NC_4_0	Pierre-Louis Stenger	Pierre-Louis Stenger			2024-07-09T16:45:02.299Z	StillImage	COORDINATE_ROUNDED;CONTINENT_DERIVED_FROM_COORDINATES;TAXON_MATCH_TAXON_ID_IGNORED
4440734463	50c9509d-22c7-4a22-a47d-8c48425ef4a7	https://www.inaturalist.org/observations/190887752	Animalia	Chordata	Mammalia	Artiodactyla	Bovidae	Connochaetes	Connochaetes gnou		SPECIES	Connochaetes gnou (Zimmermann, 1780)	Connochaetes gnou		ZA		Eastern Cape	PRESENT		28eb1a3f-1c15-4a95-931a-4af90ecb574d	-32.21066	25.436761	488.0						2023-09-18T14:38	18	9	2023	2441106	2441106	HUMAN_OBSERVATION	iNaturalist	Observations	190887752		Pierre-Louis Stenger	2023-11-13T09:13:33	CC_BY_NC_4_0	Pierre-Louis Stenger	Pierre-Louis Stenger			2024-07-09T16:45:47.472Z	StillImage	COORDINATE_ROUNDED;CONTINENT_DERIVED_FROM_COORDINATES;TAXON_MATCH_TAXON_ID_IGNORED
4440683695	50c9509d-22c7-4a22-a47d-8c48425ef4a7	https://www.inaturalist.org/observations/190376804	Animalia	Chordata	Mammalia	Artiodactyla	Bovidae	Connochaetes	Connochaetes gnou		SPECIES	Connochaetes gnou (Zimmermann, 1780)	Connochaetes gnou		ZA		Gauteng	PRESENT		28eb1a3f-1c15-4a95-931a-4af90ecb574d	-25.866358	28.298521	15.0						2014-03-21T09:55	21	3	2014	2441106	2441106	HUMAN_OBSERVATION	iNaturalist	Observations	190376804		jandutoit	2023-11-08T05:45:27	CC_BY_NC_4_0	jandutoit	jandutoit			2024-07-09T16:45:11.175Z	StillImage	COORDINATE_ROUNDED;CONTINENT_DERIVED_FROM_COORDINATES;TAXON_MATCH_TAXON_ID_IGNORED
4439025327	50c9509d-22c7-4a22-a47d-8c48425ef4a7	https://www.inaturalist.org/observations/190318867	Animalia	Chordata	Mammalia	Artiodactyla	Bovidae	Connochaetes	Connochaetes gnou		SPECIES	Connochaetes gnou (Zimmermann, 1780)	Connochaetes gnou		ZA		Gauteng	PRESENT		28eb1a3f-1c15-4a95-931a-4af90ecb574d	-25.883045	28.292736	3279.0						2023-11-07T03:48	7	11	2023	2441106	2441106	HUMAN_OBSERVATION	iNaturalist	Observations	190318867		Ben Keen	2023-11-07T16:55:35	CC0_1_0	Ben Keen	Ben Keen			2024-07-09T17:10:29.219Z	StillImage	COORDINATE_ROUNDED;CONTINENT_DERIVED_FROM_COORDINATES;TAXON_MATCH_TAXON_ID_IGNORED
4439004396	50c9509d-22c7-4a22-a47d-8c48425ef4a7	https://www.inaturalist.org/observations/190283451	Animalia	Chordata	Mammalia	Artiodactyla	Bovidae	Connochaetes	Connochaetes gnou		SPECIES	Connochaetes gnou (Zimmermann, 1780)	Connochaetes gnou		ZA		Gauteng	PRESENT		28eb1a3f-1c15-4a95-931a-4af90ecb574d	-25.899391	28.283247	15.0						2014-03-21T15:25	21	3	2014	2441106	2441106	HUMAN_OBSERVATION	iNaturalist	Observations	190283451		jandutoit	2023-11-07T06:49:41	CC_BY_NC_4_0	jandutoit	jandutoit			2024-07-09T16:45:01.390Z	StillImage	COORDINATE_ROUNDED;CONTINENT_DERIVED_FROM_COORDINATES;TAXON_MATCH_TAXON_ID_IGNORED
4438886671	50c9509d-22c7-4a22-a47d-8c48425ef4a7	https://www.inaturalist.org/observations/190347442	Animalia	Chordata	Mammalia	Artiodactyla	Bovidae	Connochaetes	Connochaetes gnou		SPECIES	Connochaetes gnou (Zimmermann, 1780)	Connochaetes gnou		ZA		Eastern Cape	PRESENT		28eb1a3f-1c15-4a95-931a-4af90ecb574d	-32.233957	25.385032	10875.0						2021-08-21T13:56	21	8	2021	2441106	2441106	HUMAN_OBSERVATION	iNaturalist	Observations	190347442		asanoth	2023-11-07T22:16:21	CC_BY_NC_4_0	asanoth	asanoth			2024-07-09T17:12:15.705Z	StillImage	COORDINATE_ROUNDED;CONTINENT_DERIVED_FROM_COORDINATES;TAXON_MATCH_TAXON_ID_IGNORED
4438790525	50c9509d-22c7-4a22-a47d-8c48425ef4a7	https://www.inaturalist.org/observations/190304090	Animalia	Chordata	Mammalia	Artiodactyla	Bovidae	Connochaetes	Connochaetes gnou		SPECIES	Connochaetes gnou (Zimmermann, 1780)	Connochaetes gnou		ZA		Eastern Cape	PRESENT		28eb1a3f-1c15-4a95-931a-4af90ecb574d	-33.53058	26.122814	771.0						2023-11-07T03:54:44	7	11	2023	2441106	2441106	HUMAN_OBSERVATION	iNaturalist	Observations	190304090		balayska	2023-11-07T13:41:19	CC_BY_NC_4_0	balayska	balayska			2024-07-09T17:11:17.983Z	StillImage	COORDINATE_ROUNDED;CONTINENT_DERIVED_FROM_COORDINATES;TAXON_MATCH_TAXON_ID_IGNORED
4438748270	50c9509d-22c7-4a22-a47d-8c48425ef4a7	https://www.inaturalist.org/observations/189650031	Animalia	Chordata	Mammalia	Artiodactyla	Bovidae	Connochaetes	Connochaetes gnou		SPECIES	Connochaetes gnou (Zimmermann, 1780)	Connochaetes gnou		ZA		Western Cape	PRESENT		28eb1a3f-1c15-4a95-931a-4af90ecb574d	-34.655814	19.832222	15.0						2016-11-01T06:05	1	11	2016	2441106	2441106	HUMAN_OBSERVATION	iNaturalist	Observations	189650031		Eugene Hahndiek	2023-11-01T10:06:34	CC_BY_NC_4_0	Eugene Hahndiek	Eugene Hahndiek			2024-07-09T17:11:47.883Z	StillImage	COORDINATE_ROUNDED;CONTINENT_DERIVED_FROM_COORDINATES;TAXON_MATCH_TAXON_ID_IGNORED
4436478470	50c9509d-22c7-4a22-a47d-8c48425ef4a7	https://www.inaturalist.org/observations/189276615	Animalia	Chordata	Mammalia	Artiodactyla	Bovidae	Connochaetes	Connochaetes gnou		SPECIES	Connochaetes gnou (Zimmermann, 1780)	Connochaetes gnou		ZA		Free State	PRESENT		28eb1a3f-1c15-4a95-931a-4af90ecb574d	-28.50489	28.572983	289.0						2023-09-28T07:09	28	9	2023	2441106	2441106	HUMAN_OBSERVATION	iNaturalist	Observations	189276615		Valentin Moser	2023-10-28T21:33:34	CC_BY_4_0	Valentin Moser	Valentin Moser			2024-07-09T17:11:59.238Z	StillImage	COORDINATE_ROUNDED;CONTINENT_DERIVED_FROM_COORDINATES;TAXON_MATCH_TAXON_ID_IGNORED
4431124835	50c9509d-22c7-4a22-a47d-8c48425ef4a7	https://www.inaturalist.org/observations/187809661	Animalia	Chordata	Mammalia	Artiodactyla	Bovidae	Connochaetes	Connochaetes gnou		SPECIES	Connochaetes gnou (Zimmermann, 1780)	Connochaetes gnou		NA		Hardap	PRESENT		28eb1a3f-1c15-4a95-931a-4af90ecb574d	-24.91905	16.251317							2023-10-16T15:00:46	16	10	2023	2441106	2441106	HUMAN_OBSERVATION	iNaturalist	Observations	187809661		Bruno Wodrich	2023-10-16T18:50:41	CC_BY_NC_4_0	Bruno Wodrich	Bruno Wodrich			2024-07-09T17:12:22.260Z	StillImage	COORDINATE_ROUNDED;CONTINENT_DERIVED_FROM_COORDINATES;TAXON_MATCH_TAXON_ID_IGNORED
4431085489	50c9509d-22c7-4a22-a47d-8c48425ef4a7	https://www.inaturalist.org/observations/187680999	Animalia	Chordata	Mammalia	Artiodactyla	Bovidae	Connochaetes	Connochaetes gnou		SPECIES	Connochaetes gnou (Zimmermann, 1780)	Connochaetes gnou		NA		Hardap	PRESENT		28eb1a3f-1c15-4a95-931a-4af90ecb574d	-24.244883	18.034983							2023-10-15T18:05:23	15	10	2023	2441106	2441106	HUMAN_OBSERVATION	iNaturalist	Observations	187680999		Bruno Wodrich	2023-10-15T19:56:58	CC_BY_NC_4_0	Bruno Wodrich	Bruno Wodrich			2024-07-09T16:45:26.380Z	StillImage	COORDINATE_ROUNDED;CONTINENT_DERIVED_FROM_COORDINATES;TAXON_MATCH_TAXON_ID_IGNORED
4431079980	50c9509d-22c7-4a22-a47d-8c48425ef4a7	https://www.inaturalist.org/observations/187481716	Animalia	Chordata	Mammalia	Artiodactyla	Bovidae	Connochaetes	Connochaetes gnou		SPECIES	Connochaetes gnou (Zimmermann, 1780)	Connochaetes gnou		ZA		Gauteng	PRESENT		28eb1a3f-1c15-4a95-931a-4af90ecb574d	-25.881141	28.272624	5.0						2022-07-17T08:36	17	7	2022	2441106	2441106	HUMAN_OBSERVATION	iNaturalist	Observations	187481716		Piet du Preez	2023-10-14T12:44:57	CC_BY_NC_4_0	Piet du Preez	Piet du Preez			2024-07-09T17:10:11.301Z	StillImage	COORDINATE_ROUNDED;CONTINENT_DERIVED_FROM_COORDINATES;TAXON_MATCH_TAXON_ID_IGNORED
4431072924	50c9509d-22c7-4a22-a47d-8c48425ef4a7	https://www.inaturalist.org/observations/187463046	Animalia	Chordata	Mammalia	Artiodactyla	Bovidae	Connochaetes	Connochaetes gnou		SPECIES	Connochaetes gnou (Zimmermann, 1780)	Connochaetes gnou		ZA		Free State	PRESENT		28eb1a3f-1c15-4a95-931a-4af90ecb574d	-28.508653	28.644335	10.0						2023-10-10T11:48	10	10	2023	2441106	2441106	HUMAN_OBSERVATION	iNaturalist	Observations	187463046		Mahomed Desai	2023-10-14T08:05:16	CC_BY_4_0	Mahomed Desai	Mahomed Desai			2024-07-09T17:11:23.666Z	StillImage	COORDINATE_ROUNDED;CONTINENT_DERIVED_FROM_COORDINATES;TAXON_MATCH_TAXON_ID_IGNORED
4431022275	50c9509d-22c7-4a22-a47d-8c48425ef4a7	https://www.inaturalist.org/observations/187218976	Animalia	Chordata	Mammalia	Artiodactyla	Bovidae	Connochaetes	Connochaetes gnou		SPECIES	Connochaetes gnou (Zimmermann, 1780)	Connochaetes gnou		ZA		Gauteng	PRESENT		28eb1a3f-1c15-4a95-931a-4af90ecb574d	-25.711343	28.941113	512.0						2023-10-12T08:27:31	12	10	2023	2441106	2441106	HUMAN_OBSERVATION	iNaturalist	Observations	187218976		Ben Costamagna	2023-10-12T08:06:12	CC_BY_4_0	Ben Costamagna	Ben Costamagna			2024-07-09T16:45:15.219Z	StillImage	COORDINATE_ROUNDED;CONTINENT_DERIVED_FROM_COORDINATES;TAXON_MATCH_TAXON_ID_IGNORED
4430685718	50c9509d-22c7-4a22-a47d-8c48425ef4a7	https://www.inaturalist.org/observations/188124608	Animalia	Chordata	Mammalia	Artiodactyla	Bovidae	Connochaetes	Connochaetes gnou		SPECIES	Connochaetes gnou (Zimmermann, 1780)	Connochaetes gnou		ZA		North West	PRESENT		28eb1a3f-1c15-4a95-931a-4af90ecb574d	-26.553336	27.11863	19305.0						2023-06-28T12:14	28	6	2023	2441106	2441106	HUMAN_OBSERVATION	iNaturalist	Observations	188124608		Jacques	2023-10-19T10:16:14	CC_BY_NC_4_0	Jacques	Jacques			2024-07-09T16:44:44.074Z	StillImage	COORDINATE_ROUNDED;CONTINENT_DERIVED_FROM_COORDINATES;TAXON_MATCH_TAXON_ID_IGNORED
4430604005	50c9509d-22c7-4a22-a47d-8c48425ef4a7	https://www.inaturalist.org/observations/187481718	Animalia	Chordata	Mammalia	Artiodactyla	Bovidae	Connochaetes	Connochaetes gnou		SPECIES	Connochaetes gnou (Zimmermann, 1780)	Connochaetes gnou		ZA		Gauteng	PRESENT		28eb1a3f-1c15-4a95-931a-4af90ecb574d	-25.881141	28.272624	5.0						2022-07-17T08:37	17	7	2022	2441106	2441106	HUMAN_OBSERVATION	iNaturalist	Observations	187481718		Piet du Preez	2023-10-14T12:44:58	CC_BY_NC_4_0	Piet du Preez	Piet du Preez			2024-07-09T16:44:18.591Z	StillImage	COORDINATE_ROUNDED;CONTINENT_DERIVED_FROM_COORDINATES;TAXON_MATCH_TAXON_ID_IGNORED
4430453277	50c9509d-22c7-4a22-a47d-8c48425ef4a7	https://www.inaturalist.org/observations/183663258	Animalia	Chordata	Mammalia	Artiodactyla	Bovidae	Connochaetes	Connochaetes gnou		SPECIES	Connochaetes gnou (Zimmermann, 1780)	Connochaetes gnou		ZA		Northern Cape	PRESENT		28eb1a3f-1c15-4a95-931a-4af90ecb574d	-30.733263	24.069086	10.0						2023-08-18T17:56	18	8	2023	2441106	2441106	HUMAN_OBSERVATION	iNaturalist	Observations	183663258		Craig Peter	2023-09-17T13:44:41	CC_BY_NC_4_0	Craig Peter	Craig Peter			2024-07-09T17:11:14.837Z	StillImage	COORDINATE_ROUNDED;CONTINENT_DERIVED_FROM_COORDINATES;TAXON_MATCH_TAXON_ID_IGNORED
4424371820	50c9509d-22c7-4a22-a47d-8c48425ef4a7	https://www.inaturalist.org/observations/186531384	Animalia	Chordata	Mammalia	Artiodactyla	Bovidae	Connochaetes	Connochaetes gnou		SPECIES	Connochaetes gnou (Zimmermann, 1780)	Connochaetes gnou		ZA		Free State	PRESENT		28eb1a3f-1c15-4a95-931a-4af90ecb574d	-28.50376	28.655385	31.0						2023-10-02T10:22	2	10	2023	2441106	2441106	HUMAN_OBSERVATION	iNaturalist	Observations	186531384		Daniel France	2023-10-07T12:30:21	CC_BY_NC_4_0	Daniel France	Daniel France			2024-07-09T16:45:12.613Z	StillImage	COORDINATE_ROUNDED;CONTINENT_DERIVED_FROM_COORDINATES;TAXON_MATCH_TAXON_ID_IGNORED
4424337833	50c9509d-22c7-4a22-a47d-8c48425ef4a7	https://www.inaturalist.org/observations/186882646	Animalia	Chordata	Mammalia	Artiodactyla	Bovidae	Connochaetes	Connochaetes gnou		SPECIES	Connochaetes gnou (Zimmermann, 1780)	Connochaetes gnou		ZA		Eastern Cape	PRESENT		28eb1a3f-1c15-4a95-931a-4af90ecb574d	-33.377397	26.194972	974.0						2023-09-05T11:10:06	5	9	2023	2441106	2441106	HUMAN_OBSERVATION	iNaturalist	Observations	186882646		Callum Evans	2023-10-09T18:49:50	CC_BY_NC_4_0	Callum Evans	Callum Evans			2024-07-09T16:45:45.055Z	StillImage	COORDINATE_ROUNDED;CONTINENT_DERIVED_FROM_COORDINATES;TAXON_MATCH_TAXON_ID_IGNORED
4424164294	50c9509d-22c7-4a22-a47d-8c48425ef4a7	https://www.inaturalist.org/observations/186321305	Animalia	Chordata	Mammalia	Artiodactyla	Bovidae	Connochaetes	Connochaetes gnou		SPECIES	Connochaetes gnou (Zimmermann, 1780)	Connochaetes gnou		ZA		Gauteng	PRESENT		28eb1a3f-1c15-4a95-931a-4af90ecb574d	-26.533989	28.25655	61.0						2023-05-26T03:08	26	5	2023	2441106	2441106	HUMAN_OBSERVATION	iNaturalist	Observations	186321305		bcur155	2023-10-05T19:44:23	CC_BY_NC_4_0	bcur155	bcur155			2024-07-09T17:11:15.319Z	StillImage	COORDINATE_ROUNDED;CONTINENT_DERIVED_FROM_COORDINATES;TAXON_MATCH_TAXON_ID_IGNORED
4421376337	6ac3f774-d9fb-4796-b3e9-92bf6c81c084		Animalia	Chordata	Mammalia	Artiodactyla	Bovidae	Connochaetes	Connochaetes gnou		SPECIES	Connochaetes gnou (Zimmermann, 1780)	Connochaetes gnou		ZA	Straße R 540 zwischen Dullstrom bis Belfast		PRESENT		bb646dff-a905-4403-a49b-6d378c2cf0d9	-25.559278	30.059526	250.0						2023-08-16T00:00	16	8	2023	2441106	2441106	HUMAN_OBSERVATION	naturgucker	naturgucker	-59810803				CC_BY_4_0		539637721			2024-03-15T23:18:31.371Z		COORDINATE_ROUNDED;GEODETIC_DATUM_ASSUMED_WGS84;CONTINENT_DERIVED_FROM_COORDINATES;MULTIMEDIA_URI_INVALID
4421166541	50c9509d-22c7-4a22-a47d-8c48425ef4a7	https://www.inaturalist.org/observations/185640428	Animalia	Chordata	Mammalia	Artiodactyla	Bovidae	Connochaetes	Connochaetes gnou		SPECIES	Connochaetes gnou (Zimmermann, 1780)	Connochaetes gnou		ZA		KwaZulu-Natal	PRESENT		28eb1a3f-1c15-4a95-931a-4af90ecb574d	-27.694176	31.724729	1873.0						2012-01-19T12:19	19	1	2012	2441106	2441106	HUMAN_OBSERVATION	iNaturalist	Observations	185640428		Richard Johnstone	2023-09-30T21:43:25	CC_BY_NC_4_0	Richard Johnstone	Richard Johnstone			2024-07-09T16:45:36.180Z	StillImage	COORDINATE_ROUNDED;CONTINENT_DERIVED_FROM_COORDINATES;TAXON_MATCH_TAXON_ID_IGNORED
4421166125	50c9509d-22c7-4a22-a47d-8c48425ef4a7	https://www.inaturalist.org/observations/185411450	Animalia	Chordata	Mammalia	Artiodactyla	Bovidae	Connochaetes	Connochaetes gnou		SPECIES	Connochaetes gnou (Zimmermann, 1780)	Connochaetes gnou		ZA		Gauteng	PRESENT		28eb1a3f-1c15-4a95-931a-4af90ecb574d	-25.899052	28.283612	15.0						2014-04-20T14:50	20	4	2014	2441106	2441106	HUMAN_OBSERVATION	iNaturalist	Observations	185411450		jandutoit	2023-09-29T12:51:29	CC_BY_NC_4_0	jandutoit	jandutoit			2024-07-09T17:11:27.457Z	StillImage	COORDINATE_ROUNDED;CONTINENT_DERIVED_FROM_COORDINATES;TAXON_MATCH_TAXON_ID_IGNORED
4420920004	50c9509d-22c7-4a22-a47d-8c48425ef4a7	https://www.inaturalist.org/observations/185601482	Animalia	Chordata	Mammalia	Artiodactyla	Bovidae	Connochaetes	Connochaetes gnou		SPECIES	Connochaetes gnou (Zimmermann, 1780)	Connochaetes gnou		ZA		Free State	PRESENT		28eb1a3f-1c15-4a95-931a-4af90ecb574d	-28.521702	28.613753	657.0						2023-09-28T09:33	28	9	2023	2441106	2441106	HUMAN_OBSERVATION	iNaturalist	Observations	185601482		Valentin Moser	2023-09-30T17:43:33	CC_BY_4_0	Valentin Moser	Valentin Moser			2024-07-09T16:45:11.832Z	StillImage	COORDINATE_ROUNDED;CONTINENT_DERIVED_FROM_COORDINATES;TAXON_MATCH_TAXON_ID_IGNORED
4420757787	50c9509d-22c7-4a22-a47d-8c48425ef4a7	https://www.inaturalist.org/observations/185124391	Animalia	Chordata	Mammalia	Artiodactyla	Bovidae	Connochaetes	Connochaetes gnou		SPECIES	Connochaetes gnou (Zimmermann, 1780)	Connochaetes gnou		ZA		Free State	PRESENT		28eb1a3f-1c15-4a95-931a-4af90ecb574d	-28.411	29.042	30.0						2018-10-18T14:34	18	10	2018	2441106	2441106	HUMAN_OBSERVATION	iNaturalist	Observations	185124391		Helen Badenhorst	2023-09-27T10:57:21	CC_BY_NC_4_0	Helen Badenhorst	Helen Badenhorst			2024-07-09T16:44:42.179Z	StillImage	CONTINENT_DERIVED_FROM_COORDINATES;TAXON_MATCH_TAXON_ID_IGNORED
4420697075	50c9509d-22c7-4a22-a47d-8c48425ef4a7	https://www.inaturalist.org/observations/185109718	Animalia	Chordata	Mammalia	Artiodactyla	Bovidae	Connochaetes	Connochaetes gnou		SPECIES	Connochaetes gnou (Zimmermann, 1780)	Connochaetes gnou		ZA		Gauteng	PRESENT		28eb1a3f-1c15-4a95-931a-4af90ecb574d	-25.887255	28.298202	4.0						2014-06-05T13:01	5	6	2014	2441106	2441106	HUMAN_OBSERVATION	iNaturalist	Observations	185109718		jandutoit	2023-09-27T06:31:56	CC_BY_NC_4_0	jandutoit	jandutoit			2024-07-09T17:11:02.373Z	StillImage	COORDINATE_ROUNDED;CONTINENT_DERIVED_FROM_COORDINATES;TAXON_MATCH_TAXON_ID_IGNORED
4417194459	50c9509d-22c7-4a22-a47d-8c48425ef4a7	https://www.inaturalist.org/observations/184979529	Animalia	Chordata	Mammalia	Artiodactyla	Bovidae	Connochaetes	Connochaetes gnou		SPECIES	Connochaetes gnou (Zimmermann, 1780)	Connochaetes gnou		ZA		Eastern Cape	PRESENT		28eb1a3f-1c15-4a95-931a-4af90ecb574d	-33.523964	26.513081	10.0						2023-07-01T11:17:02	1	7	2023	2441106	2441106	HUMAN_OBSERVATION	iNaturalist	Observations	184979529		Henry de Lange	2023-09-26T08:23:17	CC_BY_4_0	Henry de Lange	Henry de Lange			2024-07-09T16:45:31.255Z	StillImage	COORDINATE_ROUNDED;CONTINENT_DERIVED_FROM_COORDINATES;TAXON_MATCH_TAXON_ID_IGNORED
4417168462	50c9509d-22c7-4a22-a47d-8c48425ef4a7	https://www.inaturalist.org/observations/184988339	Animalia	Chordata	Mammalia	Artiodactyla	Bovidae	Connochaetes	Connochaetes gnou		SPECIES	Connochaetes gnou (Zimmermann, 1780)	Connochaetes gnou		ZA		Gauteng	PRESENT		28eb1a3f-1c15-4a95-931a-4af90ecb574d	-25.898047	28.283909	8.0						2014-06-05T14:25	5	6	2014	2441106	2441106	HUMAN_OBSERVATION	iNaturalist	Observations	184988339		jandutoit	2023-09-26T11:07:54	CC_BY_NC_4_0	jandutoit	jandutoit			2024-07-09T17:11:31.033Z	StillImage	COORDINATE_ROUNDED;CONTINENT_DERIVED_FROM_COORDINATES;TAXON_MATCH_TAXON_ID_IGNORED
4417053412	50c9509d-22c7-4a22-a47d-8c48425ef4a7	https://www.inaturalist.org/observations/184357665	Animalia	Chordata	Mammalia	Artiodactyla	Bovidae	Connochaetes	Connochaetes gnou		SPECIES	Connochaetes gnou (Zimmermann, 1780)	Connochaetes gnou		ZA		Gauteng	PRESENT		28eb1a3f-1c15-4a95-931a-4af90ecb574d	-25.861405	28.287154	8.0						2014-06-29T09:31	29	6	2014	2441106	2441106	HUMAN_OBSERVATION	iNaturalist	Observations	184357665		jandutoit	2023-09-22T09:39:46	CC_BY_NC_4_0	jandutoit	jandutoit			2024-07-09T16:43:27.120Z	StillImage	COORDINATE_ROUNDED;CONTINENT_DERIVED_FROM_COORDINATES;TAXON_MATCH_TAXON_ID_IGNORED
4416840092	50c9509d-22c7-4a22-a47d-8c48425ef4a7	https://www.inaturalist.org/observations/184249972	Animalia	Chordata	Mammalia	Artiodactyla	Bovidae	Connochaetes	Connochaetes gnou		SPECIES	Connochaetes gnou (Zimmermann, 1780)	Connochaetes gnou		ZA		Gauteng	PRESENT		28eb1a3f-1c15-4a95-931a-4af90ecb574d	-25.860381	28.285573	4.0						2014-06-29T09:30	29	6	2014	2441106	2441106	HUMAN_OBSERVATION	iNaturalist	Observations	184249972		jandutoit	2023-09-21T12:59:28	CC_BY_NC_4_0	jandutoit	jandutoit			2024-07-09T17:11:36.319Z	StillImage	COORDINATE_ROUNDED;CONTINENT_DERIVED_FROM_COORDINATES;TAXON_MATCH_TAXON_ID_IGNORED
4416751048	50c9509d-22c7-4a22-a47d-8c48425ef4a7	https://www.inaturalist.org/observations/184110033	Animalia	Chordata	Mammalia	Artiodactyla	Bovidae	Connochaetes	Connochaetes gnou		SPECIES	Connochaetes gnou (Zimmermann, 1780)	Connochaetes gnou		ZA		Gauteng	PRESENT		28eb1a3f-1c15-4a95-931a-4af90ecb574d	-25.855332	28.283284	61.0						2023-05-02T10:04	2	5	2023	2441106	2441106	HUMAN_OBSERVATION	iNaturalist	Observations	184110033		hermanviviers	2023-09-20T12:52:49	CC_BY_NC_4_0	hermanviviers	hermanviviers			2024-07-09T17:11:58.782Z	StillImage	COORDINATE_ROUNDED;CONTINENT_DERIVED_FROM_COORDINATES;TAXON_MATCH_TAXON_ID_IGNORED
4416738266	50c9509d-22c7-4a22-a47d-8c48425ef4a7	https://www.inaturalist.org/observations/184236459	Animalia	Chordata	Mammalia	Artiodactyla	Bovidae	Connochaetes	Connochaetes gnou		SPECIES	Connochaetes gnou (Zimmermann, 1780)	Connochaetes gnou		ZA		Gauteng	PRESENT		28eb1a3f-1c15-4a95-931a-4af90ecb574d	-25.894647	28.285144	15.0						2014-06-29T15:13	29	6	2014	2441106	2441106	HUMAN_OBSERVATION	iNaturalist	Observations	184236459		jandutoit	2023-09-21T10:02:02	CC_BY_NC_4_0	jandutoit	jandutoit			2024-07-09T16:45:00.827Z	StillImage	COORDINATE_ROUNDED;CONTINENT_DERIVED_FROM_COORDINATES;TAXON_MATCH_TAXON_ID_IGNORED
4416729740	50c9509d-22c7-4a22-a47d-8c48425ef4a7	https://www.inaturalist.org/observations/184504185	Animalia	Chordata	Mammalia	Artiodactyla	Bovidae	Connochaetes	Connochaetes gnou		SPECIES	Connochaetes gnou (Zimmermann, 1780)	Connochaetes gnou		ZA		Northern Cape	PRESENT		28eb1a3f-1c15-4a95-931a-4af90ecb574d	-29.028736	24.468382	1493.0						2023-08-22T12:32	22	8	2023	2441106	2441106	HUMAN_OBSERVATION	iNaturalist	Observations	184504185		Jonathan Ben Simon	2023-09-23T09:53:59	CC_BY_NC_4_0	Jonathan Ben Simon	Jonathan Ben Simon			2024-07-09T16:44:59.491Z		COORDINATE_ROUNDED;CONTINENT_DERIVED_FROM_COORDINATES;TAXON_MATCH_TAXON_ID_IGNORED
4414191276	50c9509d-22c7-4a22-a47d-8c48425ef4a7	https://www.inaturalist.org/observations/183067481	Animalia	Chordata	Mammalia	Artiodactyla	Bovidae	Connochaetes	Connochaetes gnou		SPECIES	Connochaetes gnou (Zimmermann, 1780)	Connochaetes gnou		ZA		Gauteng	PRESENT		28eb1a3f-1c15-4a95-931a-4af90ecb574d	-25.889018	28.293386	4.0						2014-09-18T07:55	18	9	2014	2441106	2441106	HUMAN_OBSERVATION	iNaturalist	Observations	183067481		jandutoit	2023-09-13T12:04:31	CC_BY_NC_4_0	jandutoit	jandutoit			2024-07-09T17:11:08.341Z	StillImage	COORDINATE_ROUNDED;CONTINENT_DERIVED_FROM_COORDINATES;TAXON_MATCH_TAXON_ID_IGNORED
4414127889	50c9509d-22c7-4a22-a47d-8c48425ef4a7	https://www.inaturalist.org/observations/183682507	Animalia	Chordata	Mammalia	Artiodactyla	Bovidae	Connochaetes	Connochaetes gnou		SPECIES	Connochaetes gnou (Zimmermann, 1780)	Connochaetes gnou		ZA		Mpumalanga	PRESENT		28eb1a3f-1c15-4a95-931a-4af90ecb574d	-26.655628	30.176042	25.0						2023-09-12T12:45	12	9	2023	2441106	2441106	HUMAN_OBSERVATION	iNaturalist	Observations	183682507		David Hoare	2023-09-17T15:50:57	CC_BY_NC_4_0	David Hoare	David Hoare			2024-07-09T17:11:32.601Z	StillImage	COORDINATE_ROUNDED;CONTINENT_DERIVED_FROM_COORDINATES;TAXON_MATCH_TAXON_ID_IGNORED
4414084543	50c9509d-22c7-4a22-a47d-8c48425ef4a7	https://www.inaturalist.org/observations/183050430	Animalia	Chordata	Mammalia	Artiodactyla	Bovidae	Connochaetes	Connochaetes gnou		SPECIES	Connochaetes gnou (Zimmermann, 1780)	Connochaetes gnou		ZA		Gauteng	PRESENT		28eb1a3f-1c15-4a95-931a-4af90ecb574d	-25.897743	28.289131	15.0						2014-09-18T14:02	18	9	2014	2441106	2441106	HUMAN_OBSERVATION	iNaturalist	Observations	183050430		jandutoit	2023-09-13T06:57:27	CC_BY_NC_4_0	jandutoit	jandutoit			2024-07-09T16:44:29.782Z	StillImage	COORDINATE_ROUNDED;CONTINENT_DERIVED_FROM_COORDINATES;TAXON_MATCH_TAXON_ID_IGNORED
4413907756	50c9509d-22c7-4a22-a47d-8c48425ef4a7	https://www.inaturalist.org/observations/182157675	Animalia	Chordata	Mammalia	Artiodactyla	Bovidae	Connochaetes	Connochaetes gnou		SPECIES	Connochaetes gnou (Zimmermann, 1780)	Connochaetes gnou		ZA		Gauteng	PRESENT		28eb1a3f-1c15-4a95-931a-4af90ecb574d	-25.893748	28.301482	15.0						2014-11-24T12:15	24	11	2014	2441106	2441106	HUMAN_OBSERVATION	iNaturalist	Observations	182157675		jandutoit	2023-09-07T08:31:40	CC_BY_NC_4_0	jandutoit	jandutoit			2024-07-09T16:45:51.328Z	StillImage	COORDINATE_ROUNDED;CONTINENT_DERIVED_FROM_COORDINATES;TAXON_MATCH_TAXON_ID_IGNORED
4413897179	50c9509d-22c7-4a22-a47d-8c48425ef4a7	https://www.inaturalist.org/observations/183999020	Animalia	Chordata	Mammalia	Artiodactyla	Bovidae	Connochaetes	Connochaetes gnou		SPECIES	Connochaetes gnou (Zimmermann, 1780)	Connochaetes gnou		ZA		Northern Cape	PRESENT		28eb1a3f-1c15-4a95-931a-4af90ecb574d	-28.767325	24.598107	3906.0						2023-08-16T08:48	16	8	2023	2441106	2441106	HUMAN_OBSERVATION	iNaturalist	Observations	183999020		Jonathan Ben Simon	2023-09-19T16:46:17	CC_BY_NC_4_0	Jonathan Ben Simon	Jonathan Ben Simon			2024-07-09T16:44:10.616Z		COORDINATE_ROUNDED;CONTINENT_DERIVED_FROM_COORDINATES;TAXON_MATCH_TAXON_ID_IGNORED
4413773286	50c9509d-22c7-4a22-a47d-8c48425ef4a7	https://www.inaturalist.org/observations/182441733	Animalia	Chordata	Mammalia	Artiodactyla	Bovidae	Connochaetes	Connochaetes gnou		SPECIES	Connochaetes gnou (Zimmermann, 1780)	Connochaetes gnou		ZA		Gauteng	PRESENT		28eb1a3f-1c15-4a95-931a-4af90ecb574d	-25.904908	28.285022							2023-08-27T12:17	27	8	2023	2441106	2441106	HUMAN_OBSERVATION	iNaturalist	Observations	182441733		Luca Boscain	2023-09-09T10:19:54	CC_BY_NC_4_0	Luca Boscain	Luca Boscain			2024-07-09T17:11:31.381Z	StillImage	COORDINATE_ROUNDED;CONTINENT_DERIVED_FROM_COORDINATES;TAXON_MATCH_TAXON_ID_IGNORED
4413762918	50c9509d-22c7-4a22-a47d-8c48425ef4a7	https://www.inaturalist.org/observations/182432342	Animalia	Chordata	Mammalia	Artiodactyla	Bovidae	Connochaetes	Connochaetes gnou		SPECIES	Connochaetes gnou (Zimmermann, 1780)	Connochaetes gnou		ZA		Gauteng	PRESENT		28eb1a3f-1c15-4a95-931a-4af90ecb574d	-25.903397	28.282032							2023-08-27T07:04	27	8	2023	2441106	2441106	HUMAN_OBSERVATION	iNaturalist	Observations	182432342		Luca Boscain	2023-09-09T08:07:20	CC_BY_NC_4_0	Luca Boscain	Luca Boscain			2024-07-09T17:11:12.767Z	StillImage	COORDINATE_ROUNDED;CONTINENT_DERIVED_FROM_COORDINATES;TAXON_MATCH_TAXON_ID_IGNORED
4413653369	50c9509d-22c7-4a22-a47d-8c48425ef4a7	https://www.inaturalist.org/observations/182924287	Animalia	Chordata	Mammalia	Artiodactyla	Bovidae	Connochaetes	Connochaetes gnou		SPECIES	Connochaetes gnou (Zimmermann, 1780)	Connochaetes gnou		ZA		Free State	PRESENT		28eb1a3f-1c15-4a95-931a-4af90ecb574d	-28.504035	28.685484	841.0						2020-11-15T10:38	15	11	2020	2441106	2441106	HUMAN_OBSERVATION	iNaturalist	Observations	182924287		setapion	2023-09-12T10:06:57	CC_BY_NC_4_0	setapion	setapion			2024-07-09T16:44:04.946Z	StillImage	COORDINATE_ROUNDED;CONTINENT_DERIVED_FROM_COORDINATES;TAXON_MATCH_TAXON_ID_IGNORED
4407572369	50c9509d-22c7-4a22-a47d-8c48425ef4a7	https://www.inaturalist.org/observations/181264778	Animalia	Chordata	Mammalia	Artiodactyla	Bovidae	Connochaetes	Connochaetes gnou		SPECIES	Connochaetes gnou (Zimmermann, 1780)	Connochaetes gnou		ZA		Gauteng	PRESENT		28eb1a3f-1c15-4a95-931a-4af90ecb574d	-25.777753	28.175364							2023-08-10T10:11	10	8	2023	2441106	2441106	HUMAN_OBSERVATION	iNaturalist	Observations	181264778		Lucas Lennon	2023-09-01T21:46:05	CC_BY_NC_4_0	Lucas Lennon	Lucas Lennon			2024-07-09T16:43:47.513Z	StillImage	COORDINATE_ROUNDED;CONTINENT_DERIVED_FROM_COORDINATES;TAXON_MATCH_TAXON_ID_IGNORED
4407117280	50c9509d-22c7-4a22-a47d-8c48425ef4a7	https://www.inaturalist.org/observations/181264779	Animalia	Chordata	Mammalia	Artiodactyla	Bovidae	Connochaetes	Connochaetes gnou		SPECIES	Connochaetes gnou (Zimmermann, 1780)	Connochaetes gnou		ZA		Gauteng	PRESENT		28eb1a3f-1c15-4a95-931a-4af90ecb574d	-25.777348	28.175454	1249.0						2023-08-10T20:08	10	8	2023	2441106	2441106	HUMAN_OBSERVATION	iNaturalist	Observations	181264779		Lucas Lennon	2023-09-01T21:46:05	CC_BY_NC_4_0	Lucas Lennon	Lucas Lennon			2024-07-09T16:43:50.751Z	StillImage	COORDINATE_ROUNDED;CONTINENT_DERIVED_FROM_COORDINATES;TAXON_MATCH_TAXON_ID_IGNORED
4405519354	50c9509d-22c7-4a22-a47d-8c48425ef4a7	https://www.inaturalist.org/observations/179935517	Animalia	Chordata	Mammalia	Artiodactyla	Bovidae	Connochaetes	Connochaetes gnou		SPECIES	Connochaetes gnou (Zimmermann, 1780)	Connochaetes gnou		ZA		KwaZulu-Natal	PRESENT		28eb1a3f-1c15-4a95-931a-4af90ecb574d	-29.081639	29.812839							2011-09-18T10:29	18	9	2011	2441106	2441106	HUMAN_OBSERVATION	iNaturalist	Observations	179935517		moxcalvitiumtorgos	2023-08-24T06:53:57	CC_BY_NC_4_0	moxcalvitiumtorgos	moxcalvitiumtorgos			2024-07-09T17:09:05.970Z	StillImage	COORDINATE_ROUNDED;CONTINENT_DERIVED_FROM_COORDINATES;TAXON_MATCH_TAXON_ID_IGNORED
4405449488	50c9509d-22c7-4a22-a47d-8c48425ef4a7	https://www.inaturalist.org/observations/179937515	Animalia	Chordata	Mammalia	Artiodactyla	Bovidae	Connochaetes	Connochaetes gnou		SPECIES	Connochaetes gnou (Zimmermann, 1780)	Connochaetes gnou		ZA		Eastern Cape	PRESENT		28eb1a3f-1c15-4a95-931a-4af90ecb574d	-32.226722	25.432166	8.0						2014-12-18T09:11	18	12	2014	2441106	2441106	HUMAN_OBSERVATION	iNaturalist	Observations	179937515		jandutoit	2023-08-24T07:22:09	CC_BY_NC_4_0	jandutoit	jandutoit			2024-07-09T17:10:56.795Z	StillImage	COORDINATE_ROUNDED;CONTINENT_DERIVED_FROM_COORDINATES;TAXON_MATCH_TAXON_ID_IGNORED
4405445356	50c9509d-22c7-4a22-a47d-8c48425ef4a7	https://www.inaturalist.org/observations/179935600	Animalia	Chordata	Mammalia	Artiodactyla	Bovidae	Connochaetes	Connochaetes gnou		SPECIES	Connochaetes gnou (Zimmermann, 1780)	Connochaetes gnou		ZA		KwaZulu-Natal	PRESENT		28eb1a3f-1c15-4a95-931a-4af90ecb574d	-29.528051	30.169991							2012-10-20T12:15	20	10	2012	2441106	2441106	HUMAN_OBSERVATION	iNaturalist	Observations	179935600		moxcalvitiumtorgos	2023-08-24T06:54:20	CC_BY_NC_4_0	moxcalvitiumtorgos	moxcalvitiumtorgos			2024-07-09T17:11:56.716Z	StillImage	COORDINATE_ROUNDED;CONTINENT_DERIVED_FROM_COORDINATES;TAXON_MATCH_TAXON_ID_IGNORED
4405433079	50c9509d-22c7-4a22-a47d-8c48425ef4a7	https://www.inaturalist.org/observations/180394356	Animalia	Chordata	Mammalia	Artiodactyla	Bovidae	Connochaetes	Connochaetes gnou		SPECIES	Connochaetes gnou (Zimmermann, 1780)	Connochaetes gnou		ZA		KwaZulu-Natal	PRESENT		28eb1a3f-1c15-4a95-931a-4af90ecb574d	-30.133875	29.457377	122.0						2021-06-17T11:03	17	6	2021	2441106	2441106	HUMAN_OBSERVATION	iNaturalist	Observations	180394356		Richard Johnstone	2023-08-27T05:25:44	CC_BY_NC_4_0	Richard Johnstone	Richard Johnstone			2024-07-09T16:43:11.733Z	StillImage	COORDINATE_ROUNDED;CONTINENT_DERIVED_FROM_COORDINATES;TAXON_MATCH_TAXON_ID_IGNORED
4405349589	50c9509d-22c7-4a22-a47d-8c48425ef4a7	https://www.inaturalist.org/observations/180085722	Animalia	Chordata	Mammalia	Artiodactyla	Bovidae	Connochaetes	Connochaetes gnou		SPECIES	Connochaetes gnou (Zimmermann, 1780)	Connochaetes gnou		ZA		Eastern Cape	PRESENT		28eb1a3f-1c15-4a95-931a-4af90ecb574d	-32.158165	25.479552	4.0						2014-12-17T13:45	17	12	2014	2441106	2441106	HUMAN_OBSERVATION	iNaturalist	Observations	180085722		jandutoit	2023-08-25T07:29:57	CC_BY_NC_4_0	jandutoit	jandutoit			2024-07-09T16:42:22.049Z	StillImage	COORDINATE_ROUNDED;CONTINENT_DERIVED_FROM_COORDINATES;TAXON_MATCH_TAXON_ID_IGNORED
4405329016	50c9509d-22c7-4a22-a47d-8c48425ef4a7	https://www.inaturalist.org/observations/180394368	Animalia	Chordata	Mammalia	Artiodactyla	Bovidae	Connochaetes	Connochaetes gnou		SPECIES	Connochaetes gnou (Zimmermann, 1780)	Connochaetes gnou		ZA		KwaZulu-Natal	PRESENT		28eb1a3f-1c15-4a95-931a-4af90ecb574d	-30.194204	29.472852	31.0						2021-06-17T07:44	17	6	2021	2441106	2441106	HUMAN_OBSERVATION	iNaturalist	Observations	180394368		Richard Johnstone	2023-08-27T05:25:49	CC_BY_NC_4_0	Richard Johnstone	Richard Johnstone			2024-07-09T17:10:50.054Z	StillImage	COORDINATE_ROUNDED;CONTINENT_DERIVED_FROM_COORDINATES;TAXON_MATCH_TAXON_ID_IGNORED
4405190189	50c9509d-22c7-4a22-a47d-8c48425ef4a7	https://www.inaturalist.org/observations/179935652	Animalia	Chordata	Mammalia	Artiodactyla	Bovidae	Connochaetes	Connochaetes gnou		SPECIES	Connochaetes gnou (Zimmermann, 1780)	Connochaetes gnou		ZA		KwaZulu-Natal	PRESENT		28eb1a3f-1c15-4a95-931a-4af90ecb574d	-29.958076	29.45411							2012-12-27T08:47	27	12	2012	2441106	2441106	HUMAN_OBSERVATION	iNaturalist	Observations	179935652		moxcalvitiumtorgos	2023-08-24T06:54:36	CC_BY_NC_4_0	moxcalvitiumtorgos	moxcalvitiumtorgos			2024-07-09T17:11:28.161Z	StillImage	COORDINATE_ROUNDED;CONTINENT_DERIVED_FROM_COORDINATES;TAXON_MATCH_TAXON_ID_IGNORED
4405140014	50c9509d-22c7-4a22-a47d-8c48425ef4a7	https://www.inaturalist.org/observations/179944065	Animalia	Chordata	Mammalia	Artiodactyla	Bovidae	Connochaetes	Connochaetes gnou		SPECIES	Connochaetes gnou (Zimmermann, 1780)	Connochaetes gnou		ZA		Eastern Cape	PRESENT		28eb1a3f-1c15-4a95-931a-4af90ecb574d	-32.225029	25.456961	4.0						2014-12-18T16:50	18	12	2014	2441106	2441106	HUMAN_OBSERVATION	iNaturalist	Observations	179944065		jandutoit	2023-08-24T09:07:15	CC_BY_NC_4_0	jandutoit	jandutoit			2024-07-09T17:10:58.916Z	StillImage	COORDINATE_ROUNDED;CONTINENT_DERIVED_FROM_COORDINATES;TAXON_MATCH_TAXON_ID_IGNORED
4405069242	50c9509d-22c7-4a22-a47d-8c48425ef4a7	https://www.inaturalist.org/observations/179962326	Animalia	Chordata	Mammalia	Artiodactyla	Bovidae	Connochaetes	Connochaetes gnou		SPECIES	Connochaetes gnou (Zimmermann, 1780)	Connochaetes gnou		ZA		Eastern Cape	PRESENT		28eb1a3f-1c15-4a95-931a-4af90ecb574d	-32.224943	25.456536	8.0						2014-12-18T16:42	18	12	2014	2441106	2441106	HUMAN_OBSERVATION	iNaturalist	Observations	179962326		jandutoit	2023-08-24T13:01:21	CC_BY_NC_4_0	jandutoit	jandutoit			2024-07-09T17:10:28.460Z	StillImage	COORDINATE_ROUNDED;CONTINENT_DERIVED_FROM_COORDINATES;TAXON_MATCH_TAXON_ID_IGNORED
4405042014	50c9509d-22c7-4a22-a47d-8c48425ef4a7	https://www.inaturalist.org/observations/180082427	Animalia	Chordata	Mammalia	Artiodactyla	Bovidae	Connochaetes	Connochaetes gnou		SPECIES	Connochaetes gnou (Zimmermann, 1780)	Connochaetes gnou		ZA		Eastern Cape	PRESENT		28eb1a3f-1c15-4a95-931a-4af90ecb574d	-32.226927	25.434146	4.0						2014-12-18T09:56	18	12	2014	2441106	2441106	HUMAN_OBSERVATION	iNaturalist	Observations	180082427		jandutoit	2023-08-25T06:32:18	CC_BY_NC_4_0	jandutoit	jandutoit			2024-07-09T16:43:30.583Z	StillImage	COORDINATE_ROUNDED;CONTINENT_DERIVED_FROM_COORDINATES;TAXON_MATCH_TAXON_ID_IGNORED
4400457778	50c9509d-22c7-4a22-a47d-8c48425ef4a7	https://www.inaturalist.org/observations/179655762	Animalia	Chordata	Mammalia	Artiodactyla	Bovidae	Connochaetes	Connochaetes gnou		SPECIES	Connochaetes gnou (Zimmermann, 1780)	Connochaetes gnou		ZA		Eastern Cape	PRESENT		28eb1a3f-1c15-4a95-931a-4af90ecb574d	-32.226842	25.448281	8.0						2014-12-18T12:21	18	12	2014	2441106	2441106	HUMAN_OBSERVATION	iNaturalist	Observations	179655762		jandutoit	2023-08-22T10:16:57	CC_BY_NC_4_0	jandutoit	jandutoit			2024-07-09T16:44:37.475Z	StillImage	COORDINATE_ROUNDED;CONTINENT_DERIVED_FROM_COORDINATES;TAXON_MATCH_TAXON_ID_IGNORED
4400392165	50c9509d-22c7-4a22-a47d-8c48425ef4a7	https://www.inaturalist.org/observations/178819679	Animalia	Chordata	Mammalia	Artiodactyla	Bovidae	Connochaetes	Connochaetes gnou		SPECIES	Connochaetes gnou (Zimmermann, 1780)	Connochaetes gnou		ZA		KwaZulu-Natal	PRESENT		28eb1a3f-1c15-4a95-931a-4af90ecb574d	-29.525568	30.169263							2020-11-29T10:01	29	11	2020	2441106	2441106	HUMAN_OBSERVATION	iNaturalist	Observations	178819679		moxcalvitiumtorgos	2023-08-17T11:06:12	CC_BY_NC_4_0	moxcalvitiumtorgos	moxcalvitiumtorgos			2024-07-09T17:10:17.716Z	StillImage	COORDINATE_ROUNDED;CONTINENT_DERIVED_FROM_COORDINATES;TAXON_MATCH_TAXON_ID_IGNORED
4400358047	50c9509d-22c7-4a22-a47d-8c48425ef4a7	https://www.inaturalist.org/observations/179719116	Animalia	Chordata	Mammalia	Artiodactyla	Bovidae	Connochaetes	Connochaetes gnou		SPECIES	Connochaetes gnou (Zimmermann, 1780)	Connochaetes gnou		NA		Hardap	PRESENT		28eb1a3f-1c15-4a95-931a-4af90ecb574d	-25.466469	16.442727	5680.0						2023-08-13T17:10	13	8	2023	2441106	2441106	HUMAN_OBSERVATION	iNaturalist	Observations	179719116		stefan hochreutener	2023-08-22T18:57:55	CC_BY_NC_4_0	stefan hochreutener	stefan hochreutener			2024-07-09T17:10:41.911Z	StillImage	COORDINATE_ROUNDED;CONTINENT_DERIVED_FROM_COORDINATES;TAXON_MATCH_TAXON_ID_IGNORED
4400306168	50c9509d-22c7-4a22-a47d-8c48425ef4a7	https://www.inaturalist.org/observations/178672241	Animalia	Chordata	Mammalia	Artiodactyla	Bovidae	Connochaetes	Connochaetes gnou		SPECIES	Connochaetes gnou (Zimmermann, 1780)	Connochaetes gnou		ZA		Eastern Cape	PRESENT		28eb1a3f-1c15-4a95-931a-4af90ecb574d	-32.192225	24.508224	8.0						2014-12-19T15:04	19	12	2014	2441106	2441106	HUMAN_OBSERVATION	iNaturalist	Observations	178672241		jandutoit	2023-08-16T12:18:45	CC_BY_NC_4_0	jandutoit	jandutoit			2024-07-09T17:11:16.406Z	StillImage	COORDINATE_ROUNDED;CONTINENT_DERIVED_FROM_COORDINATES;TAXON_MATCH_TAXON_ID_IGNORED
4400003399	50c9509d-22c7-4a22-a47d-8c48425ef4a7	https://www.inaturalist.org/observations/178796543	Animalia	Chordata	Mammalia	Artiodactyla	Bovidae	Connochaetes	Connochaetes gnou		SPECIES	Connochaetes gnou (Zimmermann, 1780)	Connochaetes gnou		ZA		Eastern Cape	PRESENT		28eb1a3f-1c15-4a95-931a-4af90ecb574d	-32.171	25.435							2021-10-29T12:02	29	10	2021	2441106	2441106	HUMAN_OBSERVATION	iNaturalist	Observations	178796543		Helen Badenhorst	2023-08-17T04:53:28	CC_BY_NC_4_0	Helen Badenhorst	Helen Badenhorst			2024-07-09T16:42:56.429Z	StillImage	CONTINENT_DERIVED_FROM_COORDINATES;TAXON_MATCH_TAXON_ID_IGNORED
4399985334	50c9509d-22c7-4a22-a47d-8c48425ef4a7	https://www.inaturalist.org/observations/37632721	Animalia	Chordata	Mammalia	Artiodactyla	Bovidae	Connochaetes	Connochaetes gnou		SPECIES	Connochaetes gnou (Zimmermann, 1780)	Connochaetes gnou		ZA		Eastern Cape	PRESENT		28eb1a3f-1c15-4a95-931a-4af90ecb574d	-32.20416	25.431628	1606.0						2008-05-21T08:27:57	21	5	2008	2441106	2441106	HUMAN_OBSERVATION	iNaturalist	Observations	37632721		Glynn Alard	2020-01-16T00:16:18	CC_BY_NC_4_0	Glynn Alard	Glynn Alard			2024-07-09T16:54:43.918Z		COORDINATE_ROUNDED;CONTINENT_DERIVED_FROM_COORDINATES;TAXON_MATCH_TAXON_ID_IGNORED
4399960912	50c9509d-22c7-4a22-a47d-8c48425ef4a7	https://www.inaturalist.org/observations/179652862	Animalia	Chordata	Mammalia	Artiodactyla	Bovidae	Connochaetes	Connochaetes gnou		SPECIES	Connochaetes gnou (Zimmermann, 1780)	Connochaetes gnou		ZA		Eastern Cape	PRESENT		28eb1a3f-1c15-4a95-931a-4af90ecb574d	-32.225315	25.457013	8.0						2014-12-18T08:23	18	12	2014	2441106	2441106	HUMAN_OBSERVATION	iNaturalist	Observations	179652862		jandutoit	2023-08-22T09:29:45	CC_BY_NC_4_0	jandutoit	jandutoit			2024-07-09T16:45:23.587Z	StillImage	COORDINATE_ROUNDED;CONTINENT_DERIVED_FROM_COORDINATES;TAXON_MATCH_TAXON_ID_IGNORED
4177583878	50c9509d-22c7-4a22-a47d-8c48425ef4a7	https://www.inaturalist.org/observations/178467143	Animalia	Chordata	Mammalia	Artiodactyla	Bovidae	Connochaetes	Connochaetes gnou		SPECIES	Connochaetes gnou (Zimmermann, 1780)	Connochaetes gnou		ZA		Gauteng	PRESENT		28eb1a3f-1c15-4a95-931a-4af90ecb574d	-26.101	27.722207	15.0						2004-12-04T21:26	4	12	2004	2441106	2441106	HUMAN_OBSERVATION	iNaturalist	Observations	178467143		Copris	2023-08-15T01:59:14	CC_BY_NC_4_0	Copris	Copris			2024-07-09T17:10:17.709Z	StillImage	COORDINATE_ROUNDED;CONTINENT_DERIVED_FROM_COORDINATES;TAXON_MATCH_TAXON_ID_IGNORED
4177031319	50c9509d-22c7-4a22-a47d-8c48425ef4a7	https://www.inaturalist.org/observations/26397867	Animalia	Chordata	Mammalia	Artiodactyla	Bovidae	Connochaetes	Connochaetes gnou		SPECIES	Connochaetes gnou (Zimmermann, 1780)	Connochaetes gnou		ZA		Free State	PRESENT		28eb1a3f-1c15-4a95-931a-4af90ecb574d	-28.511838	28.65164	31.0						2017-10-09T13:50	9	10	2017	2441106	2441106	HUMAN_OBSERVATION	iNaturalist	Observations	26397867		Karen Eichholz	2019-06-04T18:33:06	CC_BY_4_0	Karen Eichholz	Karen Eichholz			2024-07-09T16:54:04.122Z	StillImage	COORDINATE_ROUNDED;CONTINENT_DERIVED_FROM_COORDINATES;TAXON_MATCH_TAXON_ID_IGNORED
4177009340	50c9509d-22c7-4a22-a47d-8c48425ef4a7	https://www.inaturalist.org/observations/31557823	Animalia	Chordata	Mammalia	Artiodactyla	Bovidae	Connochaetes	Connochaetes gnou		SPECIES	Connochaetes gnou (Zimmermann, 1780)	Connochaetes gnou		ZA		Eastern Cape	PRESENT		28eb1a3f-1c15-4a95-931a-4af90ecb574d	-32.170543	25.477496	8.0						2019-08-11T08:25	11	8	2019	2441106	2441106	HUMAN_OBSERVATION	iNaturalist	Observations	31557823		Karen Eichholz	2019-08-26T17:05:58	CC_BY_4_0	Karen Eichholz	Karen Eichholz			2024-07-09T16:18:41.452Z	StillImage	COORDINATE_ROUNDED;CONTINENT_DERIVED_FROM_COORDINATES;TAXON_MATCH_TAXON_ID_IGNORED
4176938418	50c9509d-22c7-4a22-a47d-8c48425ef4a7	https://www.inaturalist.org/observations/69717936	Animalia	Chordata	Mammalia	Artiodactyla	Bovidae	Connochaetes	Connochaetes gnou		SPECIES	Connochaetes gnou (Zimmermann, 1780)	Connochaetes gnou		ZA		Eastern Cape	PRESENT		28eb1a3f-1c15-4a95-931a-4af90ecb574d	-32.216179	25.424494	31.0						2021-01-19T09:03Z	19	1	2021	2441106	2441106	HUMAN_OBSERVATION	iNaturalist	Observations	69717936		Justin Ponder	2021-02-17T13:49:23	CC_BY_4_0	Justin Ponder	Justin Ponder			2024-07-09T16:26:10.176Z	StillImage	COORDINATE_ROUNDED;CONTINENT_DERIVED_FROM_COORDINATES;TAXON_MATCH_TAXON_ID_IGNORED
4176937416	50c9509d-22c7-4a22-a47d-8c48425ef4a7	https://www.inaturalist.org/observations/77047198	Animalia	Chordata	Mammalia	Artiodactyla	Bovidae	Connochaetes	Connochaetes gnou		SPECIES	Connochaetes gnou (Zimmermann, 1780)	Connochaetes gnou		ZA		Western Cape	PRESENT		28eb1a3f-1c15-4a95-931a-4af90ecb574d	-33.949695	18.714651	50.0						2021-05-03T14:38	3	5	2021	2441106	2441106	HUMAN_OBSERVATION	iNaturalist	Observations	77047198		Karen Eichholz	2021-05-03T19:38:22	CC_BY_4_0	Karen Eichholz	Karen Eichholz			2024-07-09T16:28:00.447Z	StillImage	COORDINATE_ROUNDED;CONTINENT_DERIVED_FROM_COORDINATES;TAXON_MATCH_TAXON_ID_IGNORED
4175952551	6ac3f774-d9fb-4796-b3e9-92bf6c81c084		Animalia	Chordata	Mammalia	Artiodactyla	Bovidae	Connochaetes	Connochaetes gnou		SPECIES	Connochaetes gnou (Zimmermann, 1780)	Connochaetes gnou		NA	Onjala Lodge		PRESENT		bb646dff-a905-4403-a49b-6d378c2cf0d9	-22.204889	17.5807	250.0						2017-02-23T00:00	23	2	2017	2441106	2441106	HUMAN_OBSERVATION	naturgucker	naturgucker	-1059696613				CC_BY_4_0		-410828948			2024-03-15T23:22:40.407Z		COORDINATE_ROUNDED;GEODETIC_DATUM_ASSUMED_WGS84;CONTINENT_DERIVED_FROM_COORDINATES;MULTIMEDIA_URI_INVALID
4175377765	6ac3f774-d9fb-4796-b3e9-92bf6c81c084		Animalia	Chordata	Mammalia	Artiodactyla	Bovidae	Connochaetes	Connochaetes gnou		SPECIES	Connochaetes gnou (Zimmermann, 1780)	Connochaetes gnou		NA	UTM50_33K_0700_7750		PRESENT		bb646dff-a905-4403-a49b-6d378c2cf0d9	-20.301638	16.955734	25.0						2022-11-08T00:00	8	11	2022	2441106	2441106	HUMAN_OBSERVATION	naturgucker	naturgucker	-1943044820				CC_BY_4_0		1963945989			2024-03-15T23:23:55.434Z		COORDINATE_ROUNDED;GEODETIC_DATUM_ASSUMED_WGS84;CONTINENT_DERIVED_FROM_COORDINATES;MULTIMEDIA_URI_INVALID
4172091737	50c9509d-22c7-4a22-a47d-8c48425ef4a7	https://www.inaturalist.org/observations/177315386	Animalia	Chordata	Mammalia	Artiodactyla	Bovidae	Connochaetes	Connochaetes gnou		SPECIES	Connochaetes gnou (Zimmermann, 1780)	Connochaetes gnou		ZA		Gauteng	PRESENT		28eb1a3f-1c15-4a95-931a-4af90ecb574d	-25.891345	28.31799	15.0						2015-01-07T14:35	7	1	2015	2441106	2441106	HUMAN_OBSERVATION	iNaturalist	Observations	177315386		jandutoit	2023-08-08T08:51:37	CC_BY_NC_4_0	jandutoit	jandutoit			2024-07-09T16:42:45.203Z	StillImage	COORDINATE_ROUNDED;CONTINENT_DERIVED_FROM_COORDINATES;TAXON_MATCH_TAXON_ID_IGNORED
4172022643	50c9509d-22c7-4a22-a47d-8c48425ef4a7	https://www.inaturalist.org/observations/176105784	Animalia	Chordata	Mammalia	Artiodactyla	Bovidae	Connochaetes	Connochaetes gnou		SPECIES	Connochaetes gnou (Zimmermann, 1780)	Connochaetes gnou		ZA		KwaZulu-Natal	PRESENT		28eb1a3f-1c15-4a95-931a-4af90ecb574d	-29.537667	30.165304							2019-08-17T09:58	17	8	2019	2441106	2441106	HUMAN_OBSERVATION	iNaturalist	Observations	176105784		moxcalvitiumtorgos	2023-08-01T14:05:51	CC_BY_NC_4_0	moxcalvitiumtorgos	moxcalvitiumtorgos			2024-07-09T16:42:36.896Z	StillImage	COORDINATE_ROUNDED;CONTINENT_DERIVED_FROM_COORDINATES;TAXON_MATCH_TAXON_ID_IGNORED
4171734062	50c9509d-22c7-4a22-a47d-8c48425ef4a7	https://www.inaturalist.org/observations/175150006	Animalia	Chordata	Mammalia	Artiodactyla	Bovidae	Connochaetes	Connochaetes gnou		SPECIES	Connochaetes gnou (Zimmermann, 1780)	Connochaetes gnou		ZA		Eastern Cape	PRESENT		28eb1a3f-1c15-4a95-931a-4af90ecb574d	-33.436837	26.177299	5823.0						2023-07-13T16:03	13	7	2023	2441106	2441106	HUMAN_OBSERVATION	iNaturalist	Observations	175150006		C Hewitt	2023-07-27T04:59:39	CC_BY_NC_4_0	elizabethkm	elizabethkm			2024-07-09T17:10:15.880Z	StillImage	COORDINATE_ROUNDED;CONTINENT_DERIVED_FROM_COORDINATES;TAXON_MATCH_TAXON_ID_IGNORED
4165889874	50c9509d-22c7-4a22-a47d-8c48425ef4a7	https://www.inaturalist.org/observations/174844933	Animalia	Chordata	Mammalia	Artiodactyla	Bovidae	Connochaetes	Connochaetes gnou		SPECIES	Connochaetes gnou (Zimmermann, 1780)	Connochaetes gnou		ZA		Gauteng	PRESENT		28eb1a3f-1c15-4a95-931a-4af90ecb574d	-25.902254	28.285159	31.0						2015-04-25T14:44	25	4	2015	2441106	2441106	HUMAN_OBSERVATION	iNaturalist	Observations	174844933		jandutoit	2023-07-25T11:38:12	CC_BY_NC_4_0	jandutoit	jandutoit			2024-07-09T16:42:25.686Z	StillImage	COORDINATE_ROUNDED;CONTINENT_DERIVED_FROM_COORDINATES;TAXON_MATCH_TAXON_ID_IGNORED
4165375515	50c9509d-22c7-4a22-a47d-8c48425ef4a7	https://www.inaturalist.org/observations/158028795	Animalia	Chordata	Mammalia	Artiodactyla	Bovidae	Connochaetes	Connochaetes gnou		SPECIES	Connochaetes gnou (Zimmermann, 1780)	Connochaetes gnou		ZA		Western Cape	PRESENT		28eb1a3f-1c15-4a95-931a-4af90ecb574d	-33.834059	18.7954	195.0						2023-04-29T13:44:22	29	4	2023	2441106	2441106	HUMAN_OBSERVATION	iNaturalist	Observations	158028795		Simon Tonge	2023-05-15T20:09:18	CC_BY_NC_4_0	alexciolli1	alexciolli1			2024-07-09T16:40:09.469Z	StillImage	COORDINATE_ROUNDED;CONTINENT_DERIVED_FROM_COORDINATES;TAXON_MATCH_TAXON_ID_IGNORED
4165353772	50c9509d-22c7-4a22-a47d-8c48425ef4a7	https://www.inaturalist.org/observations/173738422	Animalia	Chordata	Mammalia	Artiodactyla	Bovidae	Connochaetes	Connochaetes gnou		SPECIES	Connochaetes gnou (Zimmermann, 1780)	Connochaetes gnou		ZA		Gauteng	PRESENT		28eb1a3f-1c15-4a95-931a-4af90ecb574d	-26.480928	28.179255	373.0						2022-08-11T10:42:31	11	8	2022	2441106	2441106	HUMAN_OBSERVATION	iNaturalist	Observations	173738422		Sameer Shaik	2023-07-19T09:42:22	CC_BY_4_0	Sameer Shaik	Sameer Shaik			2024-07-09T16:42:27.426Z	StillImage	COORDINATE_ROUNDED;CONTINENT_DERIVED_FROM_COORDINATES;TAXON_MATCH_TAXON_ID_IGNORED
4161983137	50c9509d-22c7-4a22-a47d-8c48425ef4a7	https://www.inaturalist.org/observations/172521772	Animalia	Chordata	Mammalia	Artiodactyla	Bovidae	Connochaetes	Connochaetes gnou		SPECIES	Connochaetes gnou (Zimmermann, 1780)	Connochaetes gnou		ZA		KwaZulu-Natal	PRESENT		28eb1a3f-1c15-4a95-931a-4af90ecb574d	-30.133168	29.441086	61.0						2020-11-07T10:19	7	11	2020	2441106	2441106	HUMAN_OBSERVATION	iNaturalist	Observations	172521772		Richard Johnstone	2023-07-12T15:50:44	CC_BY_NC_4_0	Richard Johnstone	Richard Johnstone			2024-07-09T16:42:32.266Z	StillImage	COORDINATE_ROUNDED;CONTINENT_DERIVED_FROM_COORDINATES;TAXON_MATCH_TAXON_ID_IGNORED
4153918528	50c9509d-22c7-4a22-a47d-8c48425ef4a7	https://www.inaturalist.org/observations/171907328	Animalia	Chordata	Mammalia	Artiodactyla	Bovidae	Connochaetes	Connochaetes gnou		SPECIES	Connochaetes gnou (Zimmermann, 1780)	Connochaetes gnou		ZA		Western Cape	PRESENT		28eb1a3f-1c15-4a95-931a-4af90ecb574d	-33.722554	20.352258	195.0						2023-06-16T16:24	16	6	2023	2441106	2441106	HUMAN_OBSERVATION	iNaturalist	Observations	171907328		ChristianRM	2023-07-09T19:00:19	CC_BY_NC_4_0	ChristianRM	ChristianRM			2024-07-09T17:09:32.960Z	StillImage	COORDINATE_ROUNDED;CONTINENT_DERIVED_FROM_COORDINATES;TAXON_MATCH_TAXON_ID_IGNORED
4153796557	50c9509d-22c7-4a22-a47d-8c48425ef4a7	https://www.inaturalist.org/observations/171327040	Animalia	Chordata	Mammalia	Artiodactyla	Bovidae	Connochaetes	Connochaetes gnou		SPECIES	Connochaetes gnou (Zimmermann, 1780)	Connochaetes gnou		ZA		Eastern Cape	PRESENT		28eb1a3f-1c15-4a95-931a-4af90ecb574d	-32.162605	25.4815	122.0						2023-05-10T17:13	10	5	2023	2441106	2441106	HUMAN_OBSERVATION	iNaturalist	Observations	171327040		Helen Badenhorst	2023-07-06T04:06:48	CC_BY_NC_4_0	Helen Badenhorst	Helen Badenhorst			2024-07-09T16:42:44.952Z	StillImage	COORDINATE_ROUNDED;CONTINENT_DERIVED_FROM_COORDINATES;TAXON_MATCH_TAXON_ID_IGNORED
4153739190	50c9509d-22c7-4a22-a47d-8c48425ef4a7	https://www.inaturalist.org/observations/171922767	Animalia	Chordata	Mammalia	Artiodactyla	Bovidae	Connochaetes	Connochaetes gnou		SPECIES	Connochaetes gnou (Zimmermann, 1780)	Connochaetes gnou		ZA		Eastern Cape	PRESENT		28eb1a3f-1c15-4a95-931a-4af90ecb574d	-33.513921	26.11709	10.0						2023-07-08T08:28	8	7	2023	2441106	2441106	HUMAN_OBSERVATION	iNaturalist	Observations	171922767		Craig Peter	2023-07-09T10:32:36	CC_BY_NC_4_0	Craig Peter	Craig Peter			2024-07-09T17:09:47.143Z	StillImage	COORDINATE_ROUNDED;CONTINENT_DERIVED_FROM_COORDINATES;TAXON_MATCH_TAXON_ID_IGNORED
4153737784	50c9509d-22c7-4a22-a47d-8c48425ef4a7	https://www.inaturalist.org/observations/172117609	Animalia	Chordata	Mammalia	Artiodactyla	Bovidae	Connochaetes	Connochaetes gnou		SPECIES	Connochaetes gnou (Zimmermann, 1780)	Connochaetes gnou		ZA		Gauteng	PRESENT		28eb1a3f-1c15-4a95-931a-4af90ecb574d	-26.52314	28.27438	20.0						2023-07-09T14:10	9	7	2023	2441106	2441106	HUMAN_OBSERVATION	iNaturalist	Observations	172117609		Andre Harmse	2023-07-10T07:11:02	CC_BY_NC_4_0	Andre Harmse	Andre Harmse			2024-07-09T17:09:15.714Z	StillImage	CONTINENT_DERIVED_FROM_COORDINATES;TAXON_MATCH_TAXON_ID_IGNORED
4153628064	50c9509d-22c7-4a22-a47d-8c48425ef4a7	https://www.inaturalist.org/observations/171187501	Animalia	Chordata	Mammalia	Artiodactyla	Bovidae	Connochaetes	Connochaetes gnou		SPECIES	Connochaetes gnou (Zimmermann, 1780)	Connochaetes gnou		ZA		Gauteng	PRESENT		28eb1a3f-1c15-4a95-931a-4af90ecb574d	-25.872751	28.278674	8.0						2015-09-24T09:39	24	9	2015	2441106	2441106	HUMAN_OBSERVATION	iNaturalist	Observations	171187501		jandutoit	2023-07-05T11:44:30	CC_BY_NC_4_0	jandutoit	jandutoit			2024-07-09T16:41:58.922Z	StillImage	COORDINATE_ROUNDED;CONTINENT_DERIVED_FROM_COORDINATES;TAXON_MATCH_TAXON_ID_IGNORED
4153457892	50c9509d-22c7-4a22-a47d-8c48425ef4a7	https://www.inaturalist.org/observations/172315216	Animalia	Chordata	Mammalia	Artiodactyla	Bovidae	Connochaetes	Connochaetes gnou		SPECIES	Connochaetes gnou (Zimmermann, 1780)	Connochaetes gnou		ZA		Gauteng	PRESENT		28eb1a3f-1c15-4a95-931a-4af90ecb574d	-25.896556	28.290703	15.0						2015-07-04T11:43	4	7	2015	2441106	2441106	HUMAN_OBSERVATION	iNaturalist	Observations	172315216		jandutoit	2023-07-11T11:32:18	CC_BY_NC_4_0	jandutoit	jandutoit			2024-07-09T16:42:51.203Z	StillImage	COORDINATE_ROUNDED;CONTINENT_DERIVED_FROM_COORDINATES;TAXON_MATCH_TAXON_ID_IGNORED
4153410885	50c9509d-22c7-4a22-a47d-8c48425ef4a7	https://www.inaturalist.org/observations/171193974	Animalia	Chordata	Mammalia	Artiodactyla	Bovidae	Connochaetes	Connochaetes gnou		SPECIES	Connochaetes gnou (Zimmermann, 1780)	Connochaetes gnou		ZA		Gauteng	PRESENT		28eb1a3f-1c15-4a95-931a-4af90ecb574d	-25.900829	28.280262	15.0						2015-09-24T10:19	24	9	2015	2441106	2441106	HUMAN_OBSERVATION	iNaturalist	Observations	171193974		jandutoit	2023-07-05T12:44:04	CC_BY_NC_4_0	jandutoit	jandutoit			2024-07-09T16:42:05.478Z	StillImage	COORDINATE_ROUNDED;CONTINENT_DERIVED_FROM_COORDINATES;TAXON_MATCH_TAXON_ID_IGNORED
4145665186	50c9509d-22c7-4a22-a47d-8c48425ef4a7	https://www.inaturalist.org/observations/170532825	Animalia	Chordata	Mammalia	Artiodactyla	Bovidae	Connochaetes	Connochaetes gnou		SPECIES	Connochaetes gnou (Zimmermann, 1780)	Connochaetes gnou		ZA		Free State	PRESENT		28eb1a3f-1c15-4a95-931a-4af90ecb574d	-28.49062	28.640884	31.0						2018-03-01T11:44	1	3	2018	2441106	2441106	HUMAN_OBSERVATION	iNaturalist	Observations	170532825		anatoly_m	2023-07-01T21:54:40	CC_BY_NC_4_0	anatoly_m	anatoly_m			2024-07-09T16:41:44.394Z	StillImage	COORDINATE_ROUNDED;CONTINENT_DERIVED_FROM_COORDINATES;TAXON_MATCH_TAXON_ID_IGNORED
4145648619	50c9509d-22c7-4a22-a47d-8c48425ef4a7	https://www.inaturalist.org/observations/169908202	Animalia	Chordata	Mammalia	Artiodactyla	Bovidae	Connochaetes	Connochaetes gnou		SPECIES	Connochaetes gnou (Zimmermann, 1780)	Connochaetes gnou		ZA		Eastern Cape	PRESENT		28eb1a3f-1c15-4a95-931a-4af90ecb574d	-32.179651	25.508364	61.0						2019-11-30T18:02	30	11	2019	2441106	2441106	HUMAN_OBSERVATION	iNaturalist	Observations	169908202		cirolana	2023-06-28T07:43:40	CC_BY_NC_4_0	cirolana	cirolana			2024-07-09T17:10:11.696Z	StillImage	COORDINATE_ROUNDED;CONTINENT_DERIVED_FROM_COORDINATES;TAXON_MATCH_TAXON_ID_IGNORED
4145363814	50c9509d-22c7-4a22-a47d-8c48425ef4a7	https://www.inaturalist.org/observations/169932690	Animalia	Chordata	Mammalia	Artiodactyla	Bovidae	Connochaetes	Connochaetes gnou		SPECIES	Connochaetes gnou (Zimmermann, 1780)	Connochaetes gnou		ZA		Gauteng	PRESENT		28eb1a3f-1c15-4a95-931a-4af90ecb574d	-25.899521	28.28636	2.0						2015-10-15T13:47	15	10	2015	2441106	2441106	HUMAN_OBSERVATION	iNaturalist	Observations	169932690		jandutoit	2023-06-28T12:46:12	CC_BY_NC_4_0	jandutoit	jandutoit			2024-07-09T17:09:36.404Z	StillImage	COORDINATE_ROUNDED;CONTINENT_DERIVED_FROM_COORDINATES;TAXON_MATCH_TAXON_ID_IGNORED
4145360181	50c9509d-22c7-4a22-a47d-8c48425ef4a7	https://www.inaturalist.org/observations/170077759	Animalia	Chordata	Mammalia	Artiodactyla	Bovidae	Connochaetes	Connochaetes gnou		SPECIES	Connochaetes gnou (Zimmermann, 1780)	Connochaetes gnou		ZA		Gauteng	PRESENT		28eb1a3f-1c15-4a95-931a-4af90ecb574d	-25.901958	28.286097	15.0						2015-10-15T11:17	15	10	2015	2441106	2441106	HUMAN_OBSERVATION	iNaturalist	Observations	170077759		jandutoit	2023-06-29T07:58:26	CC_BY_NC_4_0	jandutoit	jandutoit			2024-07-09T16:41:40.071Z	StillImage	COORDINATE_ROUNDED;CONTINENT_DERIVED_FROM_COORDINATES;TAXON_MATCH_TAXON_ID_IGNORED
4138743210	50c9509d-22c7-4a22-a47d-8c48425ef4a7	https://www.inaturalist.org/observations/169554464	Animalia	Chordata	Mammalia	Artiodactyla	Bovidae	Connochaetes	Connochaetes gnou		SPECIES	Connochaetes gnou (Zimmermann, 1780)	Connochaetes gnou		ZA		Gauteng	PRESENT		28eb1a3f-1c15-4a95-931a-4af90ecb574d	-25.879552	28.305217	2.0						2023-06-17T15:27	17	6	2023	2441106	2441106	HUMAN_OBSERVATION	iNaturalist	Observations	169554464		jandutoit	2023-06-26T09:08:04	CC_BY_NC_4_0	jandutoit	jandutoit			2024-07-09T17:09:33.199Z	StillImage	COORDINATE_ROUNDED;CONTINENT_DERIVED_FROM_COORDINATES;TAXON_MATCH_TAXON_ID_IGNORED
4138687844	50c9509d-22c7-4a22-a47d-8c48425ef4a7	https://www.inaturalist.org/observations/168955439	Animalia	Chordata	Mammalia	Artiodactyla	Bovidae	Connochaetes	Connochaetes gnou		SPECIES	Connochaetes gnou (Zimmermann, 1780)	Connochaetes gnou		ZA		Gauteng	PRESENT		28eb1a3f-1c15-4a95-931a-4af90ecb574d	-25.888349	28.291954	15.0						2023-06-17T09:55	17	6	2023	2441106	2441106	HUMAN_OBSERVATION	iNaturalist	Observations	168955439		jandutoit	2023-06-23T07:04:56	CC_BY_NC_4_0	jandutoit	jandutoit			2024-07-09T17:10:16.385Z	StillImage	COORDINATE_ROUNDED;CONTINENT_DERIVED_FROM_COORDINATES;TAXON_MATCH_TAXON_ID_IGNORED
4138670327	50c9509d-22c7-4a22-a47d-8c48425ef4a7	https://www.inaturalist.org/observations/169425513	Animalia	Chordata	Mammalia	Artiodactyla	Bovidae	Connochaetes	Connochaetes gnou		SPECIES	Connochaetes gnou (Zimmermann, 1780)	Connochaetes gnou		ZA		Eastern Cape	PRESENT		28eb1a3f-1c15-4a95-931a-4af90ecb574d	-32.19615	24.5029	2.0						2018-09-17T09:41	17	9	2018	2441106	2441106	HUMAN_OBSERVATION	iNaturalist	Observations	169425513		Heather and Andrew Hodgson	2023-06-25T17:56:20	CC_BY_NC_4_0	Heather and Andrew Hodgson	Heather and Andrew Hodgson			2024-07-09T17:08:53.364Z	StillImage	CONTINENT_DERIVED_FROM_COORDINATES;TAXON_MATCH_TAXON_ID_IGNORED
4138288039	50c9509d-22c7-4a22-a47d-8c48425ef4a7	https://www.inaturalist.org/observations/168982643	Animalia	Chordata	Mammalia	Artiodactyla	Bovidae	Connochaetes	Connochaetes gnou		SPECIES	Connochaetes gnou (Zimmermann, 1780)	Connochaetes gnou		ZA		Northern Cape	PRESENT		28eb1a3f-1c15-4a95-931a-4af90ecb574d	-29.16585	24.319663	186.0						2015-08-08T16:42	8	8	2015	2441106	2441106	HUMAN_OBSERVATION	iNaturalist	Observations	168982643		Royle Safaris	2023-06-23T12:31:03	CC_BY_NC_4_0	Royle Safaris	Royle Safaris			2024-07-09T16:42:21.188Z	StillImage	COORDINATE_ROUNDED;CONTINENT_DERIVED_FROM_COORDINATES;TAXON_MATCH_TAXON_ID_IGNORED
4138140938	50c9509d-22c7-4a22-a47d-8c48425ef4a7	https://www.inaturalist.org/observations/168982646	Animalia	Chordata	Mammalia	Artiodactyla	Bovidae	Connochaetes	Connochaetes gnou		SPECIES	Connochaetes gnou (Zimmermann, 1780)	Connochaetes gnou		ZA		Northern Cape	PRESENT		28eb1a3f-1c15-4a95-931a-4af90ecb574d	-29.16585	24.319663	186.0						2011-05-15T09:56	15	5	2011	2441106	2441106	HUMAN_OBSERVATION	iNaturalist	Observations	168982646		Royle Safaris	2023-06-23T12:31:03	CC_BY_NC_4_0	Royle Safaris	Royle Safaris			2024-07-09T16:42:52.210Z	StillImage	COORDINATE_ROUNDED;CONTINENT_DERIVED_FROM_COORDINATES;TAXON_MATCH_TAXON_ID_IGNORED
4137275412	ffb14d94-d7b3-4f2a-b449-af1ebf39131a	81749058-8935-4a87-ae38-b441c22e9f4a	Animalia	Chordata	Mammalia	Artiodactyla	Bovidae	Connochaetes	Connochaetes gnou		SPECIES	Connochaetes gnou (Zimmermann, 1780)	Connochaetes gnou	(Zimmermann, 1780)	ZA	Bedford approx 52 km outside Port Elizabeth Roving Hills	Eastern Cape Province	PRESENT		9c7737c0-359c-11da-9a82-b8a03c50a862	-33.377	25.415							1987-02-20	20	2	1987	2441106	2441106	PRESERVED_SPECIMEN	NBM	MA	NBM-MA-016280				CC_BY_NC_4_0		Alward, Arnold; MuKuze Falls Safari			2024-06-27T20:10:30.156Z		GEODETIC_DATUM_ASSUMED_WGS84;CONTINENT_DERIVED_FROM_COORDINATES;TAXON_MATCH_TAXON_ID_IGNORED;MODIFIED_DATE_INVALID;INSTITUTION_MATCH_FUZZY;INSTITUTION_COLLECTION_MISMATCH
4137274997	ffb14d94-d7b3-4f2a-b449-af1ebf39131a	69e46f6f-5e86-4939-b164-a677f2eacd08	Animalia	Chordata	Mammalia	Artiodactyla	Bovidae	Connochaetes	Connochaetes gnou		SPECIES	Connochaetes gnou (Zimmermann, 1780)	Connochaetes gnou	(Zimmermann, 1780)	ZA	Approx. 268 km SW of Johannesburg	Free State	PRESENT		9c7737c0-359c-11da-9a82-b8a03c50a862	-27.68	25.89							1995-08-28	28	8	1995	2441106	2441106	PRESERVED_SPECIMEN	NBM	MA	NBM-MA-016247				CC_BY_NC_4_0		Alward, Arnold; Sandy McDonald			2024-06-27T20:10:30.046Z		GEODETIC_DATUM_ASSUMED_WGS84;CONTINENT_DERIVED_FROM_COORDINATES;TAXON_MATCH_TAXON_ID_IGNORED;MODIFIED_DATE_INVALID;INSTITUTION_MATCH_FUZZY;INSTITUTION_COLLECTION_MISMATCH
4133686584	50c9509d-22c7-4a22-a47d-8c48425ef4a7	https://www.inaturalist.org/observations/166290678	Animalia	Chordata	Mammalia	Artiodactyla	Bovidae	Connochaetes	Connochaetes gnou		SPECIES	Connochaetes gnou (Zimmermann, 1780)	Connochaetes gnou		ZA		Gauteng	PRESENT		28eb1a3f-1c15-4a95-931a-4af90ecb574d	-25.868608	28.289503	244.0						2023-05-27T07:35	27	5	2023	2441106	2441106	HUMAN_OBSERVATION	iNaturalist	Observations	166290678		bcur155	2023-06-08T19:04:05	CC_BY_NC_4_0	bcur155	bcur155			2024-07-09T17:09:44.550Z	StillImage	COORDINATE_ROUNDED;CONTINENT_DERIVED_FROM_COORDINATES;TAXON_MATCH_TAXON_ID_IGNORED
4130140326	50c9509d-22c7-4a22-a47d-8c48425ef4a7	https://www.inaturalist.org/observations/164966703	Animalia	Chordata	Mammalia	Artiodactyla	Bovidae	Connochaetes	Connochaetes gnou		SPECIES	Connochaetes gnou (Zimmermann, 1780)	Connochaetes gnou		ZA		Free State	PRESENT		28eb1a3f-1c15-4a95-931a-4af90ecb574d	-28.537899	28.626729	15.0						2023-05-19T13:08	19	5	2023	2441106	2441106	HUMAN_OBSERVATION	iNaturalist	Observations	164966703		Tony Rebelo	2023-06-01T12:50:23	CC_BY_NC_4_0	Tony Rebelo	Tony Rebelo			2024-07-09T16:40:20.059Z	StillImage	COORDINATE_ROUNDED;CONTINENT_DERIVED_FROM_COORDINATES;TAXON_MATCH_TAXON_ID_IGNORED
4130087506	50c9509d-22c7-4a22-a47d-8c48425ef4a7	https://www.inaturalist.org/observations/165113594	Animalia	Chordata	Mammalia	Artiodactyla	Bovidae	Connochaetes	Connochaetes gnou		SPECIES	Connochaetes gnou (Zimmermann, 1780)	Connochaetes gnou		ZA		Free State	PRESENT		28eb1a3f-1c15-4a95-931a-4af90ecb574d	-28.509449	28.641772	15.0						2023-05-21T14:23	21	5	2023	2441106	2441106	HUMAN_OBSERVATION	iNaturalist	Observations	165113594		Tony Rebelo	2023-06-02T10:35:02	CC_BY_NC_4_0	Tony Rebelo	Tony Rebelo			2024-07-09T16:41:17.442Z	StillImage	COORDINATE_ROUNDED;CONTINENT_DERIVED_FROM_COORDINATES;TAXON_MATCH_TAXON_ID_IGNORED
4130017314	50c9509d-22c7-4a22-a47d-8c48425ef4a7	https://www.inaturalist.org/observations/165039304	Animalia	Chordata	Mammalia	Artiodactyla	Bovidae	Connochaetes	Connochaetes gnou		SPECIES	Connochaetes gnou (Zimmermann, 1780)	Connochaetes gnou		ZA		Free State	PRESENT		28eb1a3f-1c15-4a95-931a-4af90ecb574d	-28.507785	28.568063	10.0						2023-05-20T17:00	20	5	2023	2441106	2441106	HUMAN_OBSERVATION	iNaturalist	Observations	165039304		Tony Rebelo	2023-06-01T21:17:02	CC_BY_NC_4_0	Tony Rebelo	Tony Rebelo			2024-07-09T16:41:48.038Z	StillImage	COORDINATE_ROUNDED;CONTINENT_DERIVED_FROM_COORDINATES;TAXON_MATCH_TAXON_ID_IGNORED
4129985694	50c9509d-22c7-4a22-a47d-8c48425ef4a7	https://www.inaturalist.org/observations/164966690	Animalia	Chordata	Mammalia	Artiodactyla	Bovidae	Connochaetes	Connochaetes gnou		SPECIES	Connochaetes gnou (Zimmermann, 1780)	Connochaetes gnou		ZA		Free State	PRESENT		28eb1a3f-1c15-4a95-931a-4af90ecb574d	-28.545187	28.628164	25.0						2023-05-19T13:04	19	5	2023	2441106	2441106	HUMAN_OBSERVATION	iNaturalist	Observations	164966690		Tony Rebelo	2023-06-01T12:50:19	CC_BY_NC_4_0	Tony Rebelo	Tony Rebelo			2024-07-09T17:08:18.582Z	StillImage	COORDINATE_ROUNDED;CONTINENT_DERIVED_FROM_COORDINATES;TAXON_MATCH_TAXON_ID_IGNORED
4129982580	50c9509d-22c7-4a22-a47d-8c48425ef4a7	https://www.inaturalist.org/observations/165011607	Animalia	Chordata	Mammalia	Artiodactyla	Bovidae	Connochaetes	Connochaetes gnou		SPECIES	Connochaetes gnou (Zimmermann, 1780)	Connochaetes gnou		ZA		Free State	PRESENT		28eb1a3f-1c15-4a95-931a-4af90ecb574d	-28.530719	28.629311	15.0						2023-05-19T14:25	19	5	2023	2441106	2441106	HUMAN_OBSERVATION	iNaturalist	Observations	165011607		Tony Rebelo	2023-06-01T18:03:49	CC_BY_NC_4_0	Tony Rebelo	Tony Rebelo			2024-07-09T17:08:18.873Z	StillImage	COORDINATE_ROUNDED;CONTINENT_DERIVED_FROM_COORDINATES;TAXON_MATCH_TAXON_ID_IGNORED
4129957250	50c9509d-22c7-4a22-a47d-8c48425ef4a7	https://www.inaturalist.org/observations/164966646	Animalia	Chordata	Mammalia	Artiodactyla	Bovidae	Connochaetes	Connochaetes gnou		SPECIES	Connochaetes gnou (Zimmermann, 1780)	Connochaetes gnou		ZA		Free State	PRESENT		28eb1a3f-1c15-4a95-931a-4af90ecb574d	-28.547289	28.628789	15.0						2023-05-19T12:46	19	5	2023	2441106	2441106	HUMAN_OBSERVATION	iNaturalist	Observations	164966646		Tony Rebelo	2023-06-01T12:50:07	CC_BY_NC_4_0	Tony Rebelo	Tony Rebelo			2024-07-09T16:41:31.200Z	StillImage	COORDINATE_ROUNDED;CONTINENT_DERIVED_FROM_COORDINATES;TAXON_MATCH_TAXON_ID_IGNORED
4129909309	50c9509d-22c7-4a22-a47d-8c48425ef4a7	https://www.inaturalist.org/observations/51108295	Animalia	Chordata	Mammalia	Artiodactyla	Bovidae	Connochaetes	Connochaetes gnou		SPECIES	Connochaetes gnou (Zimmermann, 1780)	Connochaetes gnou		ZA		KwaZulu-Natal	PRESENT		28eb1a3f-1c15-4a95-931a-4af90ecb574d	-29.537856	30.163877	164.0						2020-06-27T18:07	27	6	2020	2441106	2441106	HUMAN_OBSERVATION	iNaturalist	Observations	51108295		Colin Ralston	2020-06-27T16:15:56	CC0_1_0	Garth Aiston	Garth Aiston			2024-07-09T16:56:26.596Z		COORDINATE_ROUNDED;CONTINENT_DERIVED_FROM_COORDINATES;TAXON_MATCH_TAXON_ID_IGNORED
4129902087	50c9509d-22c7-4a22-a47d-8c48425ef4a7	https://www.inaturalist.org/observations/164966628	Animalia	Chordata	Mammalia	Artiodactyla	Bovidae	Connochaetes	Connochaetes gnou		SPECIES	Connochaetes gnou (Zimmermann, 1780)	Connochaetes gnou		ZA		Free State	PRESENT		28eb1a3f-1c15-4a95-931a-4af90ecb574d	-28.549926	28.627438	15.0						2023-05-19T12:45	19	5	2023	2441106	2441106	HUMAN_OBSERVATION	iNaturalist	Observations	164966628		Tony Rebelo	2023-06-01T12:50:03	CC_BY_NC_4_0	Tony Rebelo	Tony Rebelo			2024-07-09T17:08:08.034Z	StillImage	COORDINATE_ROUNDED;CONTINENT_DERIVED_FROM_COORDINATES;TAXON_MATCH_TAXON_ID_IGNORED
4129884859	50c9509d-22c7-4a22-a47d-8c48425ef4a7	https://www.inaturalist.org/observations/165204929	Animalia	Chordata	Mammalia	Artiodactyla	Bovidae	Connochaetes	Connochaetes gnou		SPECIES	Connochaetes gnou (Zimmermann, 1780)	Connochaetes gnou		ZA		Free State	PRESENT		28eb1a3f-1c15-4a95-931a-4af90ecb574d	-28.502682	28.651406	10.0						2023-05-22T16:46	22	5	2023	2441106	2441106	HUMAN_OBSERVATION	iNaturalist	Observations	165204929		Tony Rebelo	2023-06-02T21:39:15	CC_BY_NC_4_0	Tony Rebelo	Tony Rebelo			2024-07-09T16:41:15.618Z	StillImage	COORDINATE_ROUNDED;CONTINENT_DERIVED_FROM_COORDINATES;TAXON_MATCH_TAXON_ID_IGNORED
4129837920	50c9509d-22c7-4a22-a47d-8c48425ef4a7	https://www.inaturalist.org/observations/165204906	Animalia	Chordata	Mammalia	Artiodactyla	Bovidae	Connochaetes	Connochaetes gnou		SPECIES	Connochaetes gnou (Zimmermann, 1780)	Connochaetes gnou		ZA		Free State	PRESENT		28eb1a3f-1c15-4a95-931a-4af90ecb574d	-28.521471	28.622408	15.0						2023-05-22T16:07	22	5	2023	2441106	2441106	HUMAN_OBSERVATION	iNaturalist	Observations	165204906		Tony Rebelo	2023-06-02T21:41:04	CC_BY_NC_4_0	Tony Rebelo	Tony Rebelo			2024-07-09T17:10:14.209Z	StillImage	COORDINATE_ROUNDED;CONTINENT_DERIVED_FROM_COORDINATES;TAXON_MATCH_TAXON_ID_IGNORED
4129802024	50c9509d-22c7-4a22-a47d-8c48425ef4a7	https://www.inaturalist.org/observations/165204905	Animalia	Chordata	Mammalia	Artiodactyla	Bovidae	Connochaetes	Connochaetes gnou		SPECIES	Connochaetes gnou (Zimmermann, 1780)	Connochaetes gnou		ZA		Free State	PRESENT		28eb1a3f-1c15-4a95-931a-4af90ecb574d	-28.517325	28.62667	20.0						2023-05-22T16:07	22	5	2023	2441106	2441106	HUMAN_OBSERVATION	iNaturalist	Observations	165204905		Tony Rebelo	2023-06-02T21:39:08	CC_BY_NC_4_0	Tony Rebelo	Tony Rebelo			2024-07-09T17:10:14.507Z	StillImage	COORDINATE_ROUNDED;CONTINENT_DERIVED_FROM_COORDINATES;TAXON_MATCH_TAXON_ID_IGNORED
4129670855	50c9509d-22c7-4a22-a47d-8c48425ef4a7	https://www.inaturalist.org/observations/165011436	Animalia	Chordata	Mammalia	Artiodactyla	Bovidae	Connochaetes	Connochaetes gnou		SPECIES	Connochaetes gnou (Zimmermann, 1780)	Connochaetes gnou		ZA		Free State	PRESENT		28eb1a3f-1c15-4a95-931a-4af90ecb574d	-28.539186	28.633349	30.0						2023-05-19T13:47	19	5	2023	2441106	2441106	HUMAN_OBSERVATION	iNaturalist	Observations	165011436		Tony Rebelo	2023-06-01T18:03:03	CC_BY_NC_4_0	Tony Rebelo	Tony Rebelo			2024-07-09T17:08:45.696Z	StillImage	COORDINATE_ROUNDED;CONTINENT_DERIVED_FROM_COORDINATES;TAXON_MATCH_TAXON_ID_IGNORED
4127458694	50c9509d-22c7-4a22-a47d-8c48425ef4a7	https://www.inaturalist.org/observations/164693310	Animalia	Chordata	Mammalia	Artiodactyla	Bovidae	Connochaetes	Connochaetes gnou		SPECIES	Connochaetes gnou (Zimmermann, 1780)	Connochaetes gnou		ZA		Free State	PRESENT		28eb1a3f-1c15-4a95-931a-4af90ecb574d	-28.508467	28.577204	10.0						2023-05-18T13:20	18	5	2023	2441106	2441106	HUMAN_OBSERVATION	iNaturalist	Observations	164693310		Tony Rebelo	2023-05-30T20:27:35	CC_BY_NC_4_0	Tony Rebelo	Tony Rebelo			2024-07-09T17:08:57.729Z	StillImage	COORDINATE_ROUNDED;CONTINENT_DERIVED_FROM_COORDINATES;TAXON_MATCH_TAXON_ID_IGNORED
4127257359	50c9509d-22c7-4a22-a47d-8c48425ef4a7	https://www.inaturalist.org/observations/10837702	Animalia	Chordata	Mammalia	Artiodactyla	Bovidae	Connochaetes	Connochaetes gnou		SPECIES	Connochaetes gnou (Zimmermann, 1780)	Connochaetes gnou		ZA		Northern Cape	PRESENT		28eb1a3f-1c15-4a95-931a-4af90ecb574d	-29.045098	24.456304	1.0						2012-08-14	14	8	2012	2441106	2441106	HUMAN_OBSERVATION	iNaturalist	Observations	10837702		Tony Rebelo	2012-08-30T04:21:18	CC_BY_NC_4_0	Tony Rebelo	Tony Rebelo			2024-07-09T16:15:28.679Z	StillImage	COORDINATE_ROUNDED;CONTINENT_DERIVED_FROM_COORDINATES;TAXON_MATCH_TAXON_ID_IGNORED
4127195456	50c9509d-22c7-4a22-a47d-8c48425ef4a7	https://www.inaturalist.org/observations/16605130	Animalia	Chordata	Mammalia	Artiodactyla	Bovidae	Connochaetes	Connochaetes gnou		SPECIES	Connochaetes gnou (Zimmermann, 1780)	Connochaetes gnou		ZA		Gauteng	PRESENT		28eb1a3f-1c15-4a95-931a-4af90ecb574d	-26.51378	28.251372	100.0						2018-08-22T12:34	22	8	2018	2441106	2441106	HUMAN_OBSERVATION	iNaturalist	Observations	16605130		Tony Rebelo	2018-09-16T21:51:56	CC_BY_NC_4_0	Tony Rebelo	Tony Rebelo			2024-07-09T16:52:52.106Z	StillImage	COORDINATE_ROUNDED;CONTINENT_DERIVED_FROM_COORDINATES;TAXON_MATCH_TAXON_ID_IGNORED
4127171468	50c9509d-22c7-4a22-a47d-8c48425ef4a7	https://www.inaturalist.org/observations/164022206	Animalia	Chordata	Mammalia	Artiodactyla	Bovidae	Connochaetes	Connochaetes gnou		SPECIES	Connochaetes gnou (Zimmermann, 1780)	Connochaetes gnou		ZA		Eastern Cape	PRESENT		28eb1a3f-1c15-4a95-931a-4af90ecb574d	-32.155314	25.470728	3723.0						2014-08-17T16:42	17	8	2014	2441106	2441106	HUMAN_OBSERVATION	iNaturalist	Observations	164022206		Bitty A. Roy	2023-05-27T16:52:48	CC_BY_4_0	Bitty A. Roy	Bitty A. Roy			2024-07-09T16:41:48.233Z	StillImage	COORDINATE_ROUNDED;CONTINENT_DERIVED_FROM_COORDINATES;TAXON_MATCH_TAXON_ID_IGNORED
4127167371	50c9509d-22c7-4a22-a47d-8c48425ef4a7	https://www.inaturalist.org/observations/10872249	Animalia	Chordata	Mammalia	Artiodactyla	Bovidae	Connochaetes	Connochaetes gnou		SPECIES	Connochaetes gnou (Zimmermann, 1780)	Connochaetes gnou		ZA		Free State	PRESENT		28eb1a3f-1c15-4a95-931a-4af90ecb574d	-28.49559	28.605308	1.0						2013-05-07	7	5	2013	2441106	2441106	HUMAN_OBSERVATION	iNaturalist	Observations	10872249		Riaan Stals	2013-05-18T07:50:24	CC_BY_NC_4_0	Tony Rebelo	Tony Rebelo			2024-07-09T16:15:29.315Z	StillImage	COORDINATE_ROUNDED;CONTINENT_DERIVED_FROM_COORDINATES;TAXON_MATCH_TAXON_ID_IGNORED
4127119401	50c9509d-22c7-4a22-a47d-8c48425ef4a7	https://www.inaturalist.org/observations/11121648	Animalia	Chordata	Mammalia	Artiodactyla	Bovidae	Connochaetes	Connochaetes gnou		SPECIES	Connochaetes gnou (Zimmermann, 1780)	Connochaetes gnou		ZA		Northern Cape	PRESENT		28eb1a3f-1c15-4a95-931a-4af90ecb574d	-32.072681	20.042973	1.0						2015-09-25	25	9	2015	2441106	2441106	HUMAN_OBSERVATION	iNaturalist	Observations	11121648		Alex Dreyer	2015-10-01T10:07:52	CC_BY_NC_4_0	Tony Rebelo	Tony Rebelo			2024-07-09T16:15:37.039Z	StillImage	COORDINATE_ROUNDED;CONTINENT_DERIVED_FROM_COORDINATES;TAXON_MATCH_TAXON_ID_IGNORED
4127083381	50c9509d-22c7-4a22-a47d-8c48425ef4a7	https://www.inaturalist.org/observations/10869723	Animalia	Chordata	Mammalia	Artiodactyla	Bovidae	Connochaetes	Connochaetes gnou		SPECIES	Connochaetes gnou (Zimmermann, 1780)	Connochaetes gnou		ZA		Free State	PRESENT		28eb1a3f-1c15-4a95-931a-4af90ecb574d	-28.479141	28.747523	1.0						2013-05-06	6	5	2013	2441106	2441106	HUMAN_OBSERVATION	iNaturalist	Observations	10869723		Alex Dreyer	2013-05-17T05:19:27	CC_BY_NC_4_0	Tony Rebelo	Tony Rebelo			2024-07-09T16:15:31.670Z	StillImage	COORDINATE_ROUNDED;CONTINENT_DERIVED_FROM_COORDINATES;TAXON_MATCH_TAXON_ID_IGNORED
4127033484	50c9509d-22c7-4a22-a47d-8c48425ef4a7	https://www.inaturalist.org/observations/27142004	Animalia	Chordata	Mammalia	Artiodactyla	Bovidae	Connochaetes	Connochaetes gnou		SPECIES	Connochaetes gnou (Zimmermann, 1780)	Connochaetes gnou		ZA		Free State	PRESENT		28eb1a3f-1c15-4a95-931a-4af90ecb574d	-28.50739	28.643842	20.0						2019-03-28T12:11	28	3	2019	2441106	2441106	HUMAN_OBSERVATION	iNaturalist	Observations	27142004		Tony Rebelo	2019-06-17T08:00:24	CC_BY_NC_4_0	Tony Rebelo	Tony Rebelo			2024-07-09T16:54:01.662Z	StillImage	COORDINATE_ROUNDED;CONTINENT_DERIVED_FROM_COORDINATES;TAXON_MATCH_TAXON_ID_IGNORED
4126977405	50c9509d-22c7-4a22-a47d-8c48425ef4a7	https://www.inaturalist.org/observations/10871374	Animalia	Chordata	Mammalia	Artiodactyla	Bovidae	Connochaetes	Connochaetes gnou		SPECIES	Connochaetes gnou (Zimmermann, 1780)	Connochaetes gnou		ZA		Northern Cape	PRESENT		28eb1a3f-1c15-4a95-931a-4af90ecb574d	-32.443249	20.459866	1.0						2013-07-14	14	7	2013	2441106	2441106	HUMAN_OBSERVATION	iNaturalist	Observations	10871374		Tony Rebelo	2013-07-30T05:03:24	CC_BY_NC_4_0	Tony Rebelo	Tony Rebelo			2024-07-09T16:52:28.683Z	StillImage	COORDINATE_ROUNDED;CONTINENT_DERIVED_FROM_COORDINATES;TAXON_MATCH_TAXON_ID_IGNORED
4126815336	50c9509d-22c7-4a22-a47d-8c48425ef4a7	https://www.inaturalist.org/observations/10784312	Animalia	Chordata	Mammalia	Artiodactyla	Bovidae	Connochaetes	Connochaetes gnou		SPECIES	Connochaetes gnou (Zimmermann, 1780)	Connochaetes gnou		ZA		Western Cape	PRESENT		28eb1a3f-1c15-4a95-931a-4af90ecb574d	-33.75364	18.48231	1.0						2012-05-02	2	5	2012	2441106	2441106	HUMAN_OBSERVATION	iNaturalist	Observations	10784312		Tony Rebelo	2012-05-05T20:26:15	CC_BY_NC_4_0	Tony Rebelo	Tony Rebelo			2024-07-09T16:15:31.381Z	StillImage	CONTINENT_DERIVED_FROM_COORDINATES;TAXON_MATCH_TAXON_ID_IGNORED
4126805411	50c9509d-22c7-4a22-a47d-8c48425ef4a7	https://www.inaturalist.org/observations/16605182	Animalia	Chordata	Mammalia	Artiodactyla	Bovidae	Connochaetes	Connochaetes gnou		SPECIES	Connochaetes gnou (Zimmermann, 1780)	Connochaetes gnou		ZA		Gauteng	PRESENT		28eb1a3f-1c15-4a95-931a-4af90ecb574d	-26.523086	28.2746	100.0						2018-08-22T13:08	22	8	2018	2441106	2441106	HUMAN_OBSERVATION	iNaturalist	Observations	16605182		Tony Rebelo	2018-09-16T21:52:23	CC_BY_NC_4_0	Tony Rebelo	Tony Rebelo			2024-07-09T16:52:01.241Z	StillImage	COORDINATE_ROUNDED;CONTINENT_DERIVED_FROM_COORDINATES;TAXON_MATCH_TAXON_ID_IGNORED
4126795378	50c9509d-22c7-4a22-a47d-8c48425ef4a7	https://www.inaturalist.org/observations/10869813	Animalia	Chordata	Mammalia	Artiodactyla	Bovidae	Connochaetes	Connochaetes gnou		SPECIES	Connochaetes gnou (Zimmermann, 1780)	Connochaetes gnou		ZA		Free State	PRESENT		28eb1a3f-1c15-4a95-931a-4af90ecb574d	-28.489273	28.716188	1.0						2013-05-06	6	5	2013	2441106	2441106	HUMAN_OBSERVATION	iNaturalist	Observations	10869813		Alex Dreyer	2013-05-17T05:18:50	CC_BY_NC_4_0	Tony Rebelo	Tony Rebelo			2024-07-09T16:50:37.495Z	StillImage	COORDINATE_ROUNDED;CONTINENT_DERIVED_FROM_COORDINATES;TAXON_MATCH_TAXON_ID_IGNORED
4126792697	50c9509d-22c7-4a22-a47d-8c48425ef4a7	https://www.inaturalist.org/observations/70348657	Animalia	Chordata	Mammalia	Artiodactyla	Bovidae	Connochaetes	Connochaetes gnou		SPECIES	Connochaetes gnou (Zimmermann, 1780)	Connochaetes gnou		ZA		Eastern Cape	PRESENT		28eb1a3f-1c15-4a95-931a-4af90ecb574d	-32.202576	25.424136	50.0						2021-02-14T09:13	14	2	2021	2441106	2441106	HUMAN_OBSERVATION	iNaturalist	Observations	70348657		Tony Rebelo	2021-02-28T21:24:48	CC_BY_NC_4_0	Tony Rebelo	Tony Rebelo			2024-07-09T16:58:31.297Z	StillImage	COORDINATE_ROUNDED;CONTINENT_DERIVED_FROM_COORDINATES;TAXON_MATCH_TAXON_ID_IGNORED
4126784405	50c9509d-22c7-4a22-a47d-8c48425ef4a7	https://www.inaturalist.org/observations/16605191	Animalia	Chordata	Mammalia	Artiodactyla	Bovidae	Connochaetes	Connochaetes gnou		SPECIES	Connochaetes gnou (Zimmermann, 1780)	Connochaetes gnou		ZA		Gauteng	PRESENT		28eb1a3f-1c15-4a95-931a-4af90ecb574d	-26.523082	28.274606	100.0						2018-08-22T11:09	22	8	2018	2441106	2441106	HUMAN_OBSERVATION	iNaturalist	Observations	16605191		Henry de Lange	2018-09-17T10:24:59	CC_BY_NC_4_0	Tony Rebelo	Tony Rebelo			2024-07-09T16:52:06.139Z	StillImage	COORDINATE_ROUNDED;CONTINENT_DERIVED_FROM_COORDINATES;TAXON_MATCH_TAXON_ID_IGNORED
4126761382	50c9509d-22c7-4a22-a47d-8c48425ef4a7	https://www.inaturalist.org/observations/11283925	Animalia	Chordata	Mammalia	Artiodactyla	Bovidae	Connochaetes	Connochaetes gnou		SPECIES	Connochaetes gnou (Zimmermann, 1780)	Connochaetes gnou		ZA		Northern Cape	PRESENT		28eb1a3f-1c15-4a95-931a-4af90ecb574d	-29.041213	24.488701	1.0						2016-09-07	7	9	2016	2441106	2441106	HUMAN_OBSERVATION	iNaturalist	Observations	11283925		Colin Ralston	2017-01-07T15:40:43	CC_BY_NC_4_0	Tony Rebelo	Tony Rebelo			2024-07-09T16:51:49.416Z	StillImage	COORDINATE_ROUNDED;CONTINENT_DERIVED_FROM_COORDINATES;TAXON_MATCH_TAXON_ID_IGNORED
4126760660	50c9509d-22c7-4a22-a47d-8c48425ef4a7	https://www.inaturalist.org/observations/27142075	Animalia	Chordata	Mammalia	Artiodactyla	Bovidae	Connochaetes	Connochaetes gnou		SPECIES	Connochaetes gnou (Zimmermann, 1780)	Connochaetes gnou		ZA		Free State	PRESENT		28eb1a3f-1c15-4a95-931a-4af90ecb574d	-28.509768	28.654893	20.0						2019-03-28T13:03	28	3	2019	2441106	2441106	HUMAN_OBSERVATION	iNaturalist	Observations	27142075		Tony Rebelo	2019-06-17T08:46:41	CC_BY_NC_4_0	Tony Rebelo	Tony Rebelo			2024-07-09T16:54:13.370Z	StillImage	COORDINATE_ROUNDED;CONTINENT_DERIVED_FROM_COORDINATES;TAXON_MATCH_TAXON_ID_IGNORED
4126741362	50c9509d-22c7-4a22-a47d-8c48425ef4a7	https://www.inaturalist.org/observations/10872110	Animalia	Chordata	Mammalia	Artiodactyla	Bovidae	Connochaetes	Connochaetes gnou		SPECIES	Connochaetes gnou (Zimmermann, 1780)	Connochaetes gnou		ZA		Free State	PRESENT		28eb1a3f-1c15-4a95-931a-4af90ecb574d	-28.492436	28.614493	1.0						2013-05-07	7	5	2013	2441106	2441106	HUMAN_OBSERVATION	iNaturalist	Observations	10872110		Tony Rebelo	2013-05-18T07:23:03	CC_BY_NC_4_0	Tony Rebelo	Tony Rebelo			2024-07-09T16:15:36.554Z	StillImage	COORDINATE_ROUNDED;CONTINENT_DERIVED_FROM_COORDINATES;TAXON_MATCH_TAXON_ID_IGNORED
4126734373	50c9509d-22c7-4a22-a47d-8c48425ef4a7	https://www.inaturalist.org/observations/10850502	Animalia	Chordata	Mammalia	Artiodactyla	Bovidae	Connochaetes	Connochaetes gnou		SPECIES	Connochaetes gnou (Zimmermann, 1780)	Connochaetes gnou		ZA		Free State	PRESENT		28eb1a3f-1c15-4a95-931a-4af90ecb574d	-28.514458	28.648671	1.0						2013-05-10	10	5	2013	2441106	2441106	HUMAN_OBSERVATION	iNaturalist	Observations	10850502		Alex Dreyer	2013-05-18T14:08:43	CC_BY_NC_4_0	Tony Rebelo	Tony Rebelo			2024-07-09T16:15:28.919Z	StillImage	COORDINATE_ROUNDED;CONTINENT_DERIVED_FROM_COORDINATES;TAXON_MATCH_TAXON_ID_IGNORED
4126732480	50c9509d-22c7-4a22-a47d-8c48425ef4a7	https://www.inaturalist.org/observations/70348580	Animalia	Chordata	Mammalia	Artiodactyla	Bovidae	Connochaetes	Connochaetes gnou		SPECIES	Connochaetes gnou (Zimmermann, 1780)	Connochaetes gnou		ZA		Eastern Cape	PRESENT		28eb1a3f-1c15-4a95-931a-4af90ecb574d	-32.219738	25.428658	50.0						2021-02-14T10:42	14	2	2021	2441106	2441106	HUMAN_OBSERVATION	iNaturalist	Observations	70348580		Tony Rebelo	2021-02-28T21:24:29	CC_BY_NC_4_0	Tony Rebelo	Tony Rebelo			2024-07-09T16:26:15.940Z	StillImage	COORDINATE_ROUNDED;CONTINENT_DERIVED_FROM_COORDINATES;TAXON_MATCH_TAXON_ID_IGNORED
4126725422	50c9509d-22c7-4a22-a47d-8c48425ef4a7	https://www.inaturalist.org/observations/11139927	Animalia	Chordata	Mammalia	Artiodactyla	Bovidae	Connochaetes	Connochaetes gnou		SPECIES	Connochaetes gnou (Zimmermann, 1780)	Connochaetes gnou		ZA		Northern Cape	PRESENT		28eb1a3f-1c15-4a95-931a-4af90ecb574d	-32.072488	20.042086	1.0						2015-09-27	27	9	2015	2441106	2441106	HUMAN_OBSERVATION	iNaturalist	Observations	11139927		Alex Dreyer	2015-10-12T13:03:34	CC_BY_NC_4_0	Tony Rebelo	Tony Rebelo			2024-07-09T16:51:15.399Z	StillImage	COORDINATE_ROUNDED;CONTINENT_DERIVED_FROM_COORDINATES;TAXON_MATCH_TAXON_ID_IGNORED
4126720333	50c9509d-22c7-4a22-a47d-8c48425ef4a7	https://www.inaturalist.org/observations/8613196	Animalia	Chordata	Mammalia	Artiodactyla	Bovidae	Connochaetes	Connochaetes gnou		SPECIES	Connochaetes gnou (Zimmermann, 1780)	Connochaetes gnou		ZA		Western Cape	PRESENT		28eb1a3f-1c15-4a95-931a-4af90ecb574d	-33.742674	18.485988	5.0						2017-10-28T08:23	28	10	2017	2441106	2441106	HUMAN_OBSERVATION	iNaturalist	Observations	8613196		Tony Rebelo	2017-10-30T09:22:32	CC_BY_NC_4_0	Tony Rebelo	Tony Rebelo			2024-07-09T16:15:08.815Z	StillImage	COORDINATE_ROUNDED;CONTINENT_DERIVED_FROM_COORDINATES;TAXON_MATCH_TAXON_ID_IGNORED
4126693405	50c9509d-22c7-4a22-a47d-8c48425ef4a7	https://www.inaturalist.org/observations/10872148	Animalia	Chordata	Mammalia	Artiodactyla	Bovidae	Connochaetes	Connochaetes gnou		SPECIES	Connochaetes gnou (Zimmermann, 1780)	Connochaetes gnou		ZA		Free State	PRESENT		28eb1a3f-1c15-4a95-931a-4af90ecb574d	-28.493153	28.610557	1.0						2013-05-07	7	5	2013	2441106	2441106	HUMAN_OBSERVATION	iNaturalist	Observations	10872148		Tony Rebelo	2013-05-18T07:22:22	CC_BY_NC_4_0	Tony Rebelo	Tony Rebelo			2024-07-09T16:15:33.437Z	StillImage	COORDINATE_ROUNDED;CONTINENT_DERIVED_FROM_COORDINATES;TAXON_MATCH_TAXON_ID_IGNORED
4126688674	50c9509d-22c7-4a22-a47d-8c48425ef4a7	https://www.inaturalist.org/observations/34468531	Animalia	Chordata	Mammalia	Artiodactyla	Bovidae	Connochaetes	Connochaetes gnou		SPECIES	Connochaetes gnou (Zimmermann, 1780)	Connochaetes gnou		ZA		Free State	PRESENT		28eb1a3f-1c15-4a95-931a-4af90ecb574d	-28.837343	24.824987	20.0						2019-10-11T08:43	11	10	2019	2441106	2441106	HUMAN_OBSERVATION	iNaturalist	Observations	34468531		Tony Rebelo	2019-10-16T20:00:04	CC_BY_NC_4_0	Tony Rebelo	Tony Rebelo			2024-07-09T16:19:04.841Z	StillImage	COORDINATE_ROUNDED;CONTINENT_DERIVED_FROM_COORDINATES;TAXON_MATCH_TAXON_ID_IGNORED
4126681384	50c9509d-22c7-4a22-a47d-8c48425ef4a7	https://www.inaturalist.org/observations/10850585	Animalia	Chordata	Mammalia	Artiodactyla	Bovidae	Connochaetes	Connochaetes gnou		SPECIES	Connochaetes gnou (Zimmermann, 1780)	Connochaetes gnou		ZA		Free State	PRESENT		28eb1a3f-1c15-4a95-931a-4af90ecb574d	-28.494029	28.606885	1.0						2013-05-07	7	5	2013	2441106	2441106	HUMAN_OBSERVATION	iNaturalist	Observations	10850585		Alex Dreyer	2013-05-19T06:04:52	CC_BY_NC_4_0	Tony Rebelo	Tony Rebelo			2024-07-09T16:15:31.831Z	StillImage	COORDINATE_ROUNDED;CONTINENT_DERIVED_FROM_COORDINATES;TAXON_MATCH_TAXON_ID_IGNORED
4121460447	50c9509d-22c7-4a22-a47d-8c48425ef4a7	https://www.inaturalist.org/observations/163288149	Animalia	Chordata	Mammalia	Artiodactyla	Bovidae	Connochaetes	Connochaetes gnou		SPECIES	Connochaetes gnou (Zimmermann, 1780)	Connochaetes gnou		ZA		Gauteng	PRESENT		28eb1a3f-1c15-4a95-931a-4af90ecb574d	-25.859774	28.285556	15.0						2016-04-04T11:37	4	4	2016	2441106	2441106	HUMAN_OBSERVATION	iNaturalist	Observations	163288149		jandutoit	2023-05-23T11:07:06	CC_BY_NC_4_0	jandutoit	jandutoit			2024-07-09T16:41:04.882Z	StillImage	COORDINATE_ROUNDED;CONTINENT_DERIVED_FROM_COORDINATES;TAXON_MATCH_TAXON_ID_IGNORED
4121451208	50c9509d-22c7-4a22-a47d-8c48425ef4a7	https://www.inaturalist.org/observations/163074120	Animalia	Chordata	Mammalia	Artiodactyla	Bovidae	Connochaetes	Connochaetes gnou		SPECIES	Connochaetes gnou (Zimmermann, 1780)	Connochaetes gnou		ZA		Gauteng	PRESENT		28eb1a3f-1c15-4a95-931a-4af90ecb574d	-26.510935	28.257152	31.0						2016-04-05T12:13	5	4	2016	2441106	2441106	HUMAN_OBSERVATION	iNaturalist	Observations	163074120		jandutoit	2023-05-22T06:38:21	CC_BY_NC_4_0	jandutoit	jandutoit			2024-07-09T17:08:47.592Z	StillImage	COORDINATE_ROUNDED;CONTINENT_DERIVED_FROM_COORDINATES;TAXON_MATCH_TAXON_ID_IGNORED
4121431664	50c9509d-22c7-4a22-a47d-8c48425ef4a7	https://www.inaturalist.org/observations/162828857	Animalia	Chordata	Mammalia	Artiodactyla	Bovidae	Connochaetes	Connochaetes gnou		SPECIES	Connochaetes gnou (Zimmermann, 1780)	Connochaetes gnou		ZA		Free State	PRESENT		28eb1a3f-1c15-4a95-931a-4af90ecb574d	-28.505527	28.65005	354.0						2023-04-29T17:53:42	29	4	2023	2441106	2441106	HUMAN_OBSERVATION	iNaturalist	Observations	162828857		beardedvulture	2023-05-21T07:18:20	CC_BY_NC_4_0	beardedvulture	beardedvulture			2024-07-09T17:08:47.262Z	StillImage	COORDINATE_ROUNDED;CONTINENT_DERIVED_FROM_COORDINATES;TAXON_MATCH_TAXON_ID_IGNORED
4121408553	50c9509d-22c7-4a22-a47d-8c48425ef4a7	https://www.inaturalist.org/observations/163179138	Animalia	Chordata	Mammalia	Artiodactyla	Bovidae	Connochaetes	Connochaetes gnou		SPECIES	Connochaetes gnou (Zimmermann, 1780)	Connochaetes gnou		ZA		Eastern Cape	PRESENT		28eb1a3f-1c15-4a95-931a-4af90ecb574d	-32.189616	25.417726	10.0						2023-05-07T11:23	7	5	2023	2441106	2441106	HUMAN_OBSERVATION	iNaturalist	Observations	163179138		Craig Peter	2023-05-22T19:33:27	CC_BY_NC_4_0	Craig Peter	Craig Peter			2024-07-09T16:41:23.948Z	StillImage	COORDINATE_ROUNDED;CONTINENT_DERIVED_FROM_COORDINATES;TAXON_MATCH_TAXON_ID_IGNORED
4121405719	50c9509d-22c7-4a22-a47d-8c48425ef4a7	https://www.inaturalist.org/observations/163179126	Animalia	Chordata	Mammalia	Artiodactyla	Bovidae	Connochaetes	Connochaetes gnou		SPECIES	Connochaetes gnou (Zimmermann, 1780)	Connochaetes gnou		ZA		Eastern Cape	PRESENT		28eb1a3f-1c15-4a95-931a-4af90ecb574d	-32.201417	25.417995	10.0						2023-05-07T11:20	7	5	2023	2441106	2441106	HUMAN_OBSERVATION	iNaturalist	Observations	163179126		Craig Peter	2023-05-22T19:33:24	CC_BY_NC_4_0	Craig Peter	Craig Peter			2024-07-09T17:09:03.914Z	StillImage	COORDINATE_ROUNDED;CONTINENT_DERIVED_FROM_COORDINATES;TAXON_MATCH_TAXON_ID_IGNORED
4121387629	50c9509d-22c7-4a22-a47d-8c48425ef4a7	https://www.inaturalist.org/observations/162831264	Animalia	Chordata	Mammalia	Artiodactyla	Bovidae	Connochaetes	Connochaetes gnou		SPECIES	Connochaetes gnou (Zimmermann, 1780)	Connochaetes gnou		ZA		Free State	PRESENT		28eb1a3f-1c15-4a95-931a-4af90ecb574d	-28.527096	28.624463	185.0						2023-05-01T01:07:01	1	5	2023	2441106	2441106	HUMAN_OBSERVATION	iNaturalist	Observations	162831264		beardedvulture	2023-05-21T07:38:43	CC_BY_NC_4_0	beardedvulture	beardedvulture			2024-07-09T16:40:51.087Z	StillImage	COORDINATE_ROUNDED;CONTINENT_DERIVED_FROM_COORDINATES;TAXON_MATCH_TAXON_ID_IGNORED
4121299763	50c9509d-22c7-4a22-a47d-8c48425ef4a7	https://www.inaturalist.org/observations/162918483	Animalia	Chordata	Mammalia	Artiodactyla	Bovidae	Connochaetes	Connochaetes gnou		SPECIES	Connochaetes gnou (Zimmermann, 1780)	Connochaetes gnou		ZA		Eastern Cape	PRESENT		28eb1a3f-1c15-4a95-931a-4af90ecb574d	-32.196497	25.430366	10.0						2023-05-07T09:06	7	5	2023	2441106	2441106	HUMAN_OBSERVATION	iNaturalist	Observations	162918483		Craig Peter	2023-05-21T16:32:09	CC_BY_NC_4_0	Craig Peter	Craig Peter			2024-07-09T16:40:53.643Z	StillImage	COORDINATE_ROUNDED;CONTINENT_DERIVED_FROM_COORDINATES;TAXON_MATCH_TAXON_ID_IGNORED
4121203353	50c9509d-22c7-4a22-a47d-8c48425ef4a7	https://www.inaturalist.org/observations/163078294	Animalia	Chordata	Mammalia	Artiodactyla	Bovidae	Connochaetes	Connochaetes gnou		SPECIES	Connochaetes gnou (Zimmermann, 1780)	Connochaetes gnou		ZA		Gauteng	PRESENT		28eb1a3f-1c15-4a95-931a-4af90ecb574d	-26.514784	28.258571	2.0						2016-04-05T12:01	5	4	2016	2441106	2441106	HUMAN_OBSERVATION	iNaturalist	Observations	163078294		jandutoit	2023-05-22T07:32:14	CC_BY_NC_4_0	jandutoit	jandutoit			2024-07-09T17:09:17.871Z	StillImage	COORDINATE_ROUNDED;CONTINENT_DERIVED_FROM_COORDINATES;TAXON_MATCH_TAXON_ID_IGNORED
4121184200	50c9509d-22c7-4a22-a47d-8c48425ef4a7	https://www.inaturalist.org/observations/162918459	Animalia	Chordata	Mammalia	Artiodactyla	Bovidae	Connochaetes	Connochaetes gnou		SPECIES	Connochaetes gnou (Zimmermann, 1780)	Connochaetes gnou		ZA		Eastern Cape	PRESENT		28eb1a3f-1c15-4a95-931a-4af90ecb574d	-32.205714	25.433897	10.0						2023-05-07T08:57	7	5	2023	2441106	2441106	HUMAN_OBSERVATION	iNaturalist	Observations	162918459		Craig Peter	2023-05-21T16:32:04	CC_BY_NC_4_0	Craig Peter	Craig Peter			2024-07-09T16:41:22.314Z	StillImage	COORDINATE_ROUNDED;CONTINENT_DERIVED_FROM_COORDINATES;TAXON_MATCH_TAXON_ID_IGNORED
4121066958	50c9509d-22c7-4a22-a47d-8c48425ef4a7	https://www.inaturalist.org/observations/162831727	Animalia	Chordata	Mammalia	Artiodactyla	Bovidae	Connochaetes	Connochaetes gnou		SPECIES	Connochaetes gnou (Zimmermann, 1780)	Connochaetes gnou		ZA		Free State	PRESENT		28eb1a3f-1c15-4a95-931a-4af90ecb574d	-28.513461	28.655722	41.0						2023-05-01T17:56:13	1	5	2023	2441106	2441106	HUMAN_OBSERVATION	iNaturalist	Observations	162831727		beardedvulture	2023-05-21T07:44:06	CC_BY_NC_4_0	beardedvulture	beardedvulture			2024-07-09T16:41:33.663Z	StillImage	COORDINATE_ROUNDED;CONTINENT_DERIVED_FROM_COORDINATES;TAXON_MATCH_TAXON_ID_IGNORED
4121020538	50c9509d-22c7-4a22-a47d-8c48425ef4a7	https://www.inaturalist.org/observations/163111980	Animalia	Chordata	Mammalia	Artiodactyla	Bovidae	Connochaetes	Connochaetes gnou		SPECIES	Connochaetes gnou (Zimmermann, 1780)	Connochaetes gnou		ZA		Gauteng	PRESENT		28eb1a3f-1c15-4a95-931a-4af90ecb574d	-25.899412	28.283373	4.0						2016-04-04T11:12	4	4	2016	2441106	2441106	HUMAN_OBSERVATION	iNaturalist	Observations	163111980		jandutoit	2023-05-22T13:07:27	CC_BY_NC_4_0	jandutoit	jandutoit			2024-07-09T16:41:39.104Z	StillImage	COORDINATE_ROUNDED;CONTINENT_DERIVED_FROM_COORDINATES;TAXON_MATCH_TAXON_ID_IGNORED
4121002772	50c9509d-22c7-4a22-a47d-8c48425ef4a7	https://www.inaturalist.org/observations/162918471	Animalia	Chordata	Mammalia	Artiodactyla	Bovidae	Connochaetes	Connochaetes gnou		SPECIES	Connochaetes gnou (Zimmermann, 1780)	Connochaetes gnou		ZA		Eastern Cape	PRESENT		28eb1a3f-1c15-4a95-931a-4af90ecb574d	-32.201134	25.426378	10.0						2023-05-07T09:02	7	5	2023	2441106	2441106	HUMAN_OBSERVATION	iNaturalist	Observations	162918471		Craig Peter	2023-05-21T16:32:06	CC_BY_NC_4_0	Craig Peter	Craig Peter			2024-07-09T17:08:56.205Z	StillImage	COORDINATE_ROUNDED;CONTINENT_DERIVED_FROM_COORDINATES;TAXON_MATCH_TAXON_ID_IGNORED
4116645308	50c9509d-22c7-4a22-a47d-8c48425ef4a7	https://www.inaturalist.org/observations/161210458	Animalia	Chordata	Mammalia	Artiodactyla	Bovidae	Connochaetes	Connochaetes gnou		SPECIES	Connochaetes gnou (Zimmermann, 1780)	Connochaetes gnou		ZA		Gauteng	PRESENT		28eb1a3f-1c15-4a95-931a-4af90ecb574d	-25.897712	28.288976	15.0						2016-09-11T14:43	11	9	2016	2441106	2441106	HUMAN_OBSERVATION	iNaturalist	Observations	161210458		jandutoit	2023-05-12T10:43:37	CC_BY_NC_4_0	jandutoit	jandutoit			2024-07-09T16:42:19.786Z	StillImage	COORDINATE_ROUNDED;CONTINENT_DERIVED_FROM_COORDINATES;TAXON_MATCH_TAXON_ID_IGNORED
4116473648	50c9509d-22c7-4a22-a47d-8c48425ef4a7	https://www.inaturalist.org/observations/161780650	Animalia	Chordata	Mammalia	Artiodactyla	Bovidae	Connochaetes	Connochaetes gnou		SPECIES	Connochaetes gnou (Zimmermann, 1780)	Connochaetes gnou		ZA		Gauteng	PRESENT		28eb1a3f-1c15-4a95-931a-4af90ecb574d	-25.896401	28.292033	8.0						2016-08-03T12:32	3	8	2016	2441106	2441106	HUMAN_OBSERVATION	iNaturalist	Observations	161780650		jandutoit	2023-05-15T11:14:04	CC_BY_NC_4_0	jandutoit	jandutoit			2024-07-09T16:41:02.403Z	StillImage	COORDINATE_ROUNDED;CONTINENT_DERIVED_FROM_COORDINATES;TAXON_MATCH_TAXON_ID_IGNORED
4116397914	50c9509d-22c7-4a22-a47d-8c48425ef4a7	https://www.inaturalist.org/observations/161475068	Animalia	Chordata	Mammalia	Artiodactyla	Bovidae	Connochaetes	Connochaetes gnou		SPECIES	Connochaetes gnou (Zimmermann, 1780)	Connochaetes gnou		ZA		Eastern Cape	PRESENT		28eb1a3f-1c15-4a95-931a-4af90ecb574d	-32.153121	25.484549							2023-05-06T12:34	6	5	2023	2441106	2441106	HUMAN_OBSERVATION	iNaturalist	Observations	161475068		Craig Peter	2023-05-13T20:29:14	CC_BY_NC_4_0	Craig Peter	Craig Peter			2024-07-09T17:09:06.833Z	StillImage	COORDINATE_ROUNDED;CONTINENT_DERIVED_FROM_COORDINATES;TAXON_MATCH_TAXON_ID_IGNORED
4116319767	50c9509d-22c7-4a22-a47d-8c48425ef4a7	https://www.inaturalist.org/observations/161366950	Animalia	Chordata	Mammalia	Artiodactyla	Bovidae	Connochaetes	Connochaetes gnou		SPECIES	Connochaetes gnou (Zimmermann, 1780)	Connochaetes gnou		ZA		Eastern Cape	PRESENT		28eb1a3f-1c15-4a95-931a-4af90ecb574d	-32.188956	25.497724	20.0						2023-05-06T14:41	6	5	2023	2441106	2441106	HUMAN_OBSERVATION	iNaturalist	Observations	161366950		Craig Peter	2023-05-13T08:58:37	CC_BY_NC_4_0	Craig Peter	Craig Peter			2024-07-09T16:40:51.273Z	StillImage	COORDINATE_ROUNDED;CONTINENT_DERIVED_FROM_COORDINATES;TAXON_MATCH_TAXON_ID_IGNORED
4116247012	50c9509d-22c7-4a22-a47d-8c48425ef4a7	https://www.inaturalist.org/observations/161683853	Animalia	Chordata	Mammalia	Artiodactyla	Bovidae	Connochaetes	Connochaetes gnou		SPECIES	Connochaetes gnou (Zimmermann, 1780)	Connochaetes gnou		ZA		Free State	PRESENT		28eb1a3f-1c15-4a95-931a-4af90ecb574d	-28.528188	28.634919	244.0						2023-04-24T12:27	24	4	2023	2441106	2441106	HUMAN_OBSERVATION	iNaturalist	Observations	161683853		Xavier Meyer	2023-05-14T21:03:47	CC0_1_0	Xavier Meyer	Xavier Meyer			2024-07-09T16:40:49.203Z	StillImage	COORDINATE_ROUNDED;CONTINENT_DERIVED_FROM_COORDINATES;TAXON_MATCH_TAXON_ID_IGNORED
4116193033	50c9509d-22c7-4a22-a47d-8c48425ef4a7	https://www.inaturalist.org/observations/161635876	Animalia	Chordata	Mammalia	Artiodactyla	Bovidae	Connochaetes	Connochaetes gnou		SPECIES	Connochaetes gnou (Zimmermann, 1780)	Connochaetes gnou		ZA		Eastern Cape	PRESENT		28eb1a3f-1c15-4a95-931a-4af90ecb574d	-32.188989	25.498416	10.0						2023-05-06T14:41	6	5	2023	2441106	2441106	HUMAN_OBSERVATION	iNaturalist	Observations	161635876		Craig Peter	2023-05-14T17:06:59	CC_BY_NC_4_0	Craig Peter	Craig Peter			2024-07-09T16:40:36.305Z	StillImage	COORDINATE_ROUNDED;CONTINENT_DERIVED_FROM_COORDINATES;TAXON_MATCH_TAXON_ID_IGNORED
4112074898	50c9509d-22c7-4a22-a47d-8c48425ef4a7	https://www.inaturalist.org/observations/159390673	Animalia	Chordata	Mammalia	Artiodactyla	Bovidae	Connochaetes	Connochaetes gnou		SPECIES	Connochaetes gnou (Zimmermann, 1780)	Connochaetes gnou		ZA		Gauteng	PRESENT		28eb1a3f-1c15-4a95-931a-4af90ecb574d	-25.898158	28.289014	2.0						2016-10-16T06:36	16	10	2016	2441106	2441106	HUMAN_OBSERVATION	iNaturalist	Observations	159390673		jandutoit	2023-05-03T09:40:41	CC_BY_NC_4_0	jandutoit	jandutoit			2024-07-09T16:40:24.018Z	StillImage	COORDINATE_ROUNDED;CONTINENT_DERIVED_FROM_COORDINATES;TAXON_MATCH_TAXON_ID_IGNORED
4111836824	50c9509d-22c7-4a22-a47d-8c48425ef4a7	https://www.inaturalist.org/observations/160322584	Animalia	Chordata	Mammalia	Artiodactyla	Bovidae	Connochaetes	Connochaetes gnou		SPECIES	Connochaetes gnou (Zimmermann, 1780)	Connochaetes gnou		ZA		Eastern Cape	PRESENT		28eb1a3f-1c15-4a95-931a-4af90ecb574d	-32.173554	24.507685	244.0						2016-06-30T12:26	30	6	2016	2441106	2441106	HUMAN_OBSERVATION	iNaturalist	Observations	160322584		Christiaan Viljoen	2023-05-07T14:41:49	CC_BY_4_0	Christiaan Viljoen	Christiaan Viljoen			2024-07-09T16:41:14.180Z	StillImage	COORDINATE_ROUNDED;CONTINENT_DERIVED_FROM_COORDINATES;TAXON_MATCH_TAXON_ID_IGNORED
4111826779	50c9509d-22c7-4a22-a47d-8c48425ef4a7	https://www.inaturalist.org/observations/160322590	Animalia	Chordata	Mammalia	Artiodactyla	Bovidae	Connochaetes	Connochaetes gnou		SPECIES	Connochaetes gnou (Zimmermann, 1780)	Connochaetes gnou		ZA		Eastern Cape	PRESENT		28eb1a3f-1c15-4a95-931a-4af90ecb574d	-32.185535	24.501088	259.0						2016-06-30T12:37	30	6	2016	2441106	2441106	HUMAN_OBSERVATION	iNaturalist	Observations	160322590		Christiaan Viljoen	2023-05-07T14:41:50	CC_BY_4_0	Christiaan Viljoen	Christiaan Viljoen			2024-07-09T17:08:49.101Z	StillImage	COORDINATE_ROUNDED;CONTINENT_DERIVED_FROM_COORDINATES;TAXON_MATCH_TAXON_ID_IGNORED
4103153118	50c9509d-22c7-4a22-a47d-8c48425ef4a7	https://www.inaturalist.org/observations/157223991	Animalia	Chordata	Mammalia	Artiodactyla	Bovidae	Connochaetes	Connochaetes gnou		SPECIES	Connochaetes gnou (Zimmermann, 1780)	Connochaetes gnou		ZA		Western Cape	PRESENT		28eb1a3f-1c15-4a95-931a-4af90ecb574d	-32.395968	22.597445	55391.0						2022-10-01T17:00:23	1	10	2022	2441106	2441106	HUMAN_OBSERVATION	iNaturalist	Observations	157223991		Alan Horstmann	2023-04-28T18:11:54	CC_BY_NC_4_0	mr_spoons	mr_spoons			2024-07-09T17:08:08.257Z	StillImage	COORDINATE_ROUNDED;CONTINENT_DERIVED_FROM_COORDINATES;TAXON_MATCH_TAXON_ID_IGNORED
4102748892	50c9509d-22c7-4a22-a47d-8c48425ef4a7	https://www.inaturalist.org/observations/158221358	Animalia	Chordata	Mammalia	Artiodactyla	Bovidae	Connochaetes	Connochaetes gnou		SPECIES	Connochaetes gnou (Zimmermann, 1780)	Connochaetes gnou		ZA		Gauteng	PRESENT		28eb1a3f-1c15-4a95-931a-4af90ecb574d	-25.865981	28.265175	35.0						2023-04-30T16:28:19	30	4	2023	2441106	2441106	HUMAN_OBSERVATION	iNaturalist	Observations	158221358		Natalie Vos	2023-04-30T18:28:26	CC_BY_NC_4_0	Natalie Vos	Natalie Vos			2024-07-09T16:41:13.689Z	StillImage	COORDINATE_ROUNDED;CONTINENT_DERIVED_FROM_COORDINATES;TAXON_MATCH_TAXON_ID_IGNORED
4102653118	50c9509d-22c7-4a22-a47d-8c48425ef4a7	https://www.inaturalist.org/observations/157175323	Animalia	Chordata	Mammalia	Artiodactyla	Bovidae	Connochaetes	Connochaetes gnou		SPECIES	Connochaetes gnou (Zimmermann, 1780)	Connochaetes gnou		ZA		Western Cape	PRESENT		28eb1a3f-1c15-4a95-931a-4af90ecb574d	-33.945348	19.114626	71.0						2023-04-28	28	4	2023	2441106	2441106	HUMAN_OBSERVATION	iNaturalist	Observations	157175323		Liam Geldenhuys	2023-04-28T16:12:31	CC_BY_NC_4_0	Liam Geldenhuys	Liam Geldenhuys			2024-07-09T16:40:08.697Z	StillImage	COORDINATE_ROUNDED;CONTINENT_DERIVED_FROM_COORDINATES;TAXON_MATCH_TAXON_ID_IGNORED
4096905772	50c9509d-22c7-4a22-a47d-8c48425ef4a7	https://www.inaturalist.org/observations/156562438	Animalia	Chordata	Mammalia	Artiodactyla	Bovidae	Connochaetes	Connochaetes gnou		SPECIES	Connochaetes gnou (Zimmermann, 1780)	Connochaetes gnou		ZA		Gauteng	PRESENT		28eb1a3f-1c15-4a95-931a-4af90ecb574d	-25.892483	28.276125	15.0						2016-11-27T06:46	27	11	2016	2441106	2441106	HUMAN_OBSERVATION	iNaturalist	Observations	156562438		jandutoit	2023-04-25T11:46:33	CC_BY_NC_4_0	jandutoit	jandutoit			2024-07-09T16:40:52.880Z	StillImage	COORDINATE_ROUNDED;CONTINENT_DERIVED_FROM_COORDINATES;TAXON_MATCH_TAXON_ID_IGNORED
4096661509	50c9509d-22c7-4a22-a47d-8c48425ef4a7	https://www.inaturalist.org/observations/156277052	Animalia	Chordata	Mammalia	Artiodactyla	Bovidae	Connochaetes	Connochaetes gnou		SPECIES	Connochaetes gnou (Zimmermann, 1780)	Connochaetes gnou		ZA		Eastern Cape	PRESENT		28eb1a3f-1c15-4a95-931a-4af90ecb574d	-32.220395	24.541282	198.0						2023-03-09T10:18	9	3	2023	2441106	2441106	HUMAN_OBSERVATION	iNaturalist	Observations	156277052		Peter Small	2023-04-23T18:12:54	CC_BY_NC_4_0	Peter Small	Peter Small			2024-07-09T16:39:39.284Z	StillImage	COORDINATE_ROUNDED;CONTINENT_DERIVED_FROM_COORDINATES;TAXON_MATCH_TAXON_ID_IGNORED
4096453954	50c9509d-22c7-4a22-a47d-8c48425ef4a7	https://www.inaturalist.org/observations/155730097	Animalia	Chordata	Mammalia	Artiodactyla	Bovidae	Connochaetes	Connochaetes gnou		SPECIES	Connochaetes gnou (Zimmermann, 1780)	Connochaetes gnou		ZA		Gauteng	PRESENT		28eb1a3f-1c15-4a95-931a-4af90ecb574d	-26.282322	28.017247	39.0						2023-04-02T15:39:14	2	4	2023	2441106	2441106	HUMAN_OBSERVATION	iNaturalist	Observations	155730097		nalah	2023-04-20T12:16:39	CC_BY_NC_4_0	natsgbs	natsgbs			2024-07-09T17:06:52.262Z	StillImage	COORDINATE_ROUNDED;CONTINENT_DERIVED_FROM_COORDINATES;TAXON_MATCH_TAXON_ID_IGNORED
4096449193	50c9509d-22c7-4a22-a47d-8c48425ef4a7	https://www.inaturalist.org/observations/156032603	Animalia	Chordata	Mammalia	Artiodactyla	Bovidae	Connochaetes	Connochaetes gnou		SPECIES	Connochaetes gnou (Zimmermann, 1780)	Connochaetes gnou		ZA		Eastern Cape	PRESENT		28eb1a3f-1c15-4a95-931a-4af90ecb574d	-32.14095	25.509569	196.0						2023-03-05T17:51	5	3	2023	2441106	2441106	HUMAN_OBSERVATION	iNaturalist	Observations	156032603		Peter Small	2023-04-22T12:32:53	CC_BY_NC_4_0	Peter Small	Peter Small			2024-07-09T16:41:36.714Z	StillImage	COORDINATE_ROUNDED;CONTINENT_DERIVED_FROM_COORDINATES;TAXON_MATCH_TAXON_ID_IGNORED
4091879392	50c9509d-22c7-4a22-a47d-8c48425ef4a7	https://www.inaturalist.org/observations/155199506	Animalia	Chordata	Mammalia	Artiodactyla	Bovidae	Connochaetes	Connochaetes gnou		SPECIES	Connochaetes gnou (Zimmermann, 1780)	Connochaetes gnou		ZA		Gauteng	PRESENT		28eb1a3f-1c15-4a95-931a-4af90ecb574d	-26.099087	27.719729	923.0						2011-12-25T12:29	25	12	2011	2441106	2441106	HUMAN_OBSERVATION	iNaturalist	Observations	155199506		Brenton Prigge	2023-04-16T19:01:12	CC_BY_NC_4_0	Brenton Prigge	Brenton Prigge			2024-07-09T16:40:30.057Z	StillImage	COORDINATE_ROUNDED;CONTINENT_DERIVED_FROM_COORDINATES;TAXON_MATCH_TAXON_ID_IGNORED
4091676245	50c9509d-22c7-4a22-a47d-8c48425ef4a7	https://www.inaturalist.org/observations/155053772	Animalia	Chordata	Mammalia	Artiodactyla	Bovidae	Connochaetes	Connochaetes gnou		SPECIES	Connochaetes gnou (Zimmermann, 1780)	Connochaetes gnou		ZA		Eastern Cape	PRESENT		28eb1a3f-1c15-4a95-931a-4af90ecb574d	-32.244415	25.452362	244.0						2023-02-10T05:34	10	2	2023	2441106	2441106	HUMAN_OBSERVATION	iNaturalist	Observations	155053772		K.A.Wickens	2023-04-15T22:14:25	CC_BY_NC_4_0	K.A.Wickens	K.A.Wickens			2024-07-09T16:39:49.038Z	StillImage	COORDINATE_ROUNDED;CONTINENT_DERIVED_FROM_COORDINATES;TAXON_MATCH_TAXON_ID_IGNORED
4080789456	50c9509d-22c7-4a22-a47d-8c48425ef4a7	https://www.inaturalist.org/observations/154290124	Animalia	Chordata	Mammalia	Artiodactyla	Bovidae	Connochaetes	Connochaetes gnou		SPECIES	Connochaetes gnou (Zimmermann, 1780)	Connochaetes gnou		ZA		Gauteng	PRESENT		28eb1a3f-1c15-4a95-931a-4af90ecb574d	-26.29239	28.017991	1643.0						2023-04-10T17:15:04	10	4	2023	2441106	2441106	HUMAN_OBSERVATION	iNaturalist	Observations	154290124		michaelbar2	2023-04-10T16:26:08	CC_BY_NC_4_0	michaelbar2	michaelbar2			2024-07-09T17:09:03.723Z	StillImage	COORDINATE_ROUNDED;CONTINENT_DERIVED_FROM_COORDINATES;TAXON_MATCH_TAXON_ID_IGNORED
4080700637	50c9509d-22c7-4a22-a47d-8c48425ef4a7	https://www.inaturalist.org/observations/154387812	Animalia	Chordata	Mammalia	Artiodactyla	Bovidae	Connochaetes	Connochaetes gnou		SPECIES	Connochaetes gnou (Zimmermann, 1780)	Connochaetes gnou		ZA		Gauteng	PRESENT		28eb1a3f-1c15-4a95-931a-4af90ecb574d	-25.859858	28.285168	8.0						2023-04-08T07:56	8	4	2023	2441106	2441106	HUMAN_OBSERVATION	iNaturalist	Observations	154387812		jandutoit	2023-04-11T06:40:15	CC_BY_NC_4_0	jandutoit	jandutoit			2024-07-09T16:39:36.646Z	StillImage	COORDINATE_ROUNDED;CONTINENT_DERIVED_FROM_COORDINATES;TAXON_MATCH_TAXON_ID_IGNORED
4067399637	50c9509d-22c7-4a22-a47d-8c48425ef4a7	https://www.inaturalist.org/observations/151811958	Animalia	Chordata	Mammalia	Artiodactyla	Bovidae	Connochaetes	Connochaetes gnou		SPECIES	Connochaetes gnou (Zimmermann, 1780)	Connochaetes gnou		ZA		Mpumalanga	PRESENT		28eb1a3f-1c15-4a95-931a-4af90ecb574d	-25.503748	30.143453	1246.0						2008-01-30T08:31	30	1	2008	2441106	2441106	HUMAN_OBSERVATION	iNaturalist	Observations	151811958		Duncan McKenzie	2023-03-21T08:51:20	CC_BY_NC_4_0	Duncan McKenzie	Duncan McKenzie			2024-07-09T17:06:58.424Z	StillImage	COORDINATE_ROUNDED;CONTINENT_DERIVED_FROM_COORDINATES;TAXON_MATCH_TAXON_ID_IGNORED
4067282996	50c9509d-22c7-4a22-a47d-8c48425ef4a7	https://www.inaturalist.org/observations/151302393	Animalia	Chordata	Mammalia	Artiodactyla	Bovidae	Connochaetes	Connochaetes gnou		SPECIES	Connochaetes gnou (Zimmermann, 1780)	Connochaetes gnou		ZA		Eastern Cape	PRESENT		28eb1a3f-1c15-4a95-931a-4af90ecb574d	-32.180843	24.501157	244.0						2023-02-20T15:26	20	2	2023	2441106	2441106	HUMAN_OBSERVATION	iNaturalist	Observations	151302393		helena_trzeciak	2023-03-16T15:08:24	CC_BY_NC_4_0	helena_trzeciak	helena_trzeciak			2024-07-09T17:07:38.535Z	StillImage	COORDINATE_ROUNDED;CONTINENT_DERIVED_FROM_COORDINATES;TAXON_MATCH_TAXON_ID_IGNORED
4063010813	50c9509d-22c7-4a22-a47d-8c48425ef4a7	https://www.inaturalist.org/observations/150677565	Animalia	Chordata	Mammalia	Artiodactyla	Bovidae	Connochaetes	Connochaetes gnou		SPECIES	Connochaetes gnou (Zimmermann, 1780)	Connochaetes gnou		ZA		Free State	PRESENT		28eb1a3f-1c15-4a95-931a-4af90ecb574d	-28.530512	28.628149	122.0						2023-02-14T12:00	14	2	2023	2441106	2441106	HUMAN_OBSERVATION	iNaturalist	Observations	150677565		K.A.Wickens	2023-03-09T19:58:19	CC_BY_NC_4_0	K.A.Wickens	K.A.Wickens			2024-07-09T17:07:33.745Z	StillImage	COORDINATE_ROUNDED;CONTINENT_DERIVED_FROM_COORDINATES;TAXON_MATCH_TAXON_ID_IGNORED
4057444055	8a863029-f435-446a-821e-275f4f641165	https://observation.org/observation/261468236	Animalia	Chordata	Mammalia	Artiodactyla	Bovidae	Connochaetes	Connochaetes gnou		SPECIES	Connochaetes gnou (Zimmermann, 1780)	Connochaetes gnou		ZA	Oudtshoorn	Western Cape	PRESENT	4	c8d737e0-2ff8-42e8-b8fc-6b805d26fc5f	-33.560185	22.212929	100.0						2017-08-08	8	8	2017	2441106	2441106	HUMAN_OBSERVATION		Observations	OBS.261468236				CC_BY_NC_4_0	Stichting Observation International	User 449317			2024-06-18T20:39:26.215Z		COORDINATE_ROUNDED;OCCURRENCE_STATUS_INFERRED_FROM_INDIVIDUAL_COUNT
4054791752	50c9509d-22c7-4a22-a47d-8c48425ef4a7	https://www.inaturalist.org/observations/150043847	Animalia	Chordata	Mammalia	Artiodactyla	Bovidae	Connochaetes	Connochaetes gnou		SPECIES	Connochaetes gnou (Zimmermann, 1780)	Connochaetes gnou		NA		Otjozondjupa	PRESENT		28eb1a3f-1c15-4a95-931a-4af90ecb574d	-19.551195	17.298305	488.0						2023-02-26T16:21	26	2	2023	2441106	2441106	HUMAN_OBSERVATION	iNaturalist	Observations	150043847		Roman Burkardt	2023-03-02T09:37:36	CC_BY_NC_4_0	Roman Burkardt	Roman Burkardt			2024-07-09T17:05:02.846Z	StillImage	COORDINATE_ROUNDED;CONTINENT_DERIVED_FROM_COORDINATES;TAXON_MATCH_TAXON_ID_IGNORED
4046380745	50c9509d-22c7-4a22-a47d-8c48425ef4a7	https://www.inaturalist.org/observations/149421273	Animalia	Chordata	Mammalia	Artiodactyla	Bovidae	Connochaetes	Connochaetes gnou		SPECIES	Connochaetes gnou (Zimmermann, 1780)	Connochaetes gnou		ZA		Eastern Cape	PRESENT		28eb1a3f-1c15-4a95-931a-4af90ecb574d	-32.242585	25.44858	4525.0						2023-02-22T01:08:47	22	2	2023	2441106	2441106	HUMAN_OBSERVATION	iNaturalist	Observations	149421273		ajhauser	2023-02-22T19:07:41	CC_BY_NC_4_0	ajhauser	ajhauser			2024-07-09T17:07:31.816Z	StillImage	COORDINATE_ROUNDED;CONTINENT_DERIVED_FROM_COORDINATES;TAXON_MATCH_TAXON_ID_IGNORED
4046327966	50c9509d-22c7-4a22-a47d-8c48425ef4a7	https://www.inaturalist.org/observations/149585468	Animalia	Chordata	Mammalia	Artiodactyla	Bovidae	Connochaetes	Connochaetes gnou		SPECIES	Connochaetes gnou (Zimmermann, 1780)	Connochaetes gnou		NA		Kunene	PRESENT		28eb1a3f-1c15-4a95-931a-4af90ecb574d	-19.968725	15.566914	2039.0						2013-06-13T23:53	13	6	2013	2441106	2441106	HUMAN_OBSERVATION	iNaturalist	Observations	149585468		Todd Black	2023-02-24T21:38:55	CC_BY_NC_4_0	Todd Black	Todd Black			2024-07-09T16:39:58.305Z	StillImage	CONTINENT_DERIVED_FROM_COORDINATES;TAXON_MATCH_TAXON_ID_IGNORED
4029153509	50c9509d-22c7-4a22-a47d-8c48425ef4a7	https://www.inaturalist.org/observations/147762098	Animalia	Chordata	Mammalia	Artiodactyla	Bovidae	Connochaetes	Connochaetes gnou		SPECIES	Connochaetes gnou (Zimmermann, 1780)	Connochaetes gnou		ZA		Free State	PRESENT		28eb1a3f-1c15-4a95-931a-4af90ecb574d	-28.411269	29.05072	2539.0						2023-01-29T10:32	29	1	2023	2441106	2441106	HUMAN_OBSERVATION	iNaturalist	Observations	147762098		pgkaestner	2023-01-31T13:36:22	CC_BY_NC_4_0	pgkaestner	pgkaestner			2024-07-09T16:38:32.564Z	StillImage	COORDINATE_ROUNDED;CONTINENT_DERIVED_FROM_COORDINATES;TAXON_MATCH_TAXON_ID_IGNORED
4022382571	50c9509d-22c7-4a22-a47d-8c48425ef4a7	https://www.inaturalist.org/observations/147104643	Animalia	Chordata	Mammalia	Artiodactyla	Bovidae	Connochaetes	Connochaetes gnou		SPECIES	Connochaetes gnou (Zimmermann, 1780)	Connochaetes gnou		ZA		Free State	PRESENT		28eb1a3f-1c15-4a95-931a-4af90ecb574d	-28.516667	28.616667	10067.0						2022-04-23T06:51	23	4	2022	2441106	2441106	HUMAN_OBSERVATION	iNaturalist	Observations	147104643		Roelof van der Breggen	2023-01-22T12:18:40	CC_BY_NC_4_0	Roelof van der Breggen	Roelof van der Breggen			2024-07-09T17:07:00.106Z	StillImage	COORDINATE_ROUNDED;CONTINENT_DERIVED_FROM_COORDINATES;TAXON_MATCH_TAXON_ID_IGNORED
4021962293	50c9509d-22c7-4a22-a47d-8c48425ef4a7	https://www.inaturalist.org/observations/147104647	Animalia	Chordata	Mammalia	Artiodactyla	Bovidae	Connochaetes	Connochaetes gnou		SPECIES	Connochaetes gnou (Zimmermann, 1780)	Connochaetes gnou		ZA		Free State	PRESENT		28eb1a3f-1c15-4a95-931a-4af90ecb574d	-28.516667	28.616667	10067.0						2022-04-23T07:30	23	4	2022	2441106	2441106	HUMAN_OBSERVATION	iNaturalist	Observations	147104647		Roelof van der Breggen	2023-01-22T12:18:41	CC_BY_NC_4_0	Roelof van der Breggen	Roelof van der Breggen			2024-07-09T16:37:37.545Z	StillImage	COORDINATE_ROUNDED;CONTINENT_DERIVED_FROM_COORDINATES;TAXON_MATCH_TAXON_ID_IGNORED
4018565412	50c9509d-22c7-4a22-a47d-8c48425ef4a7	https://www.inaturalist.org/observations/71055108	Animalia	Chordata	Mammalia	Artiodactyla	Bovidae	Connochaetes	Connochaetes gnou		SPECIES	Connochaetes gnou (Zimmermann, 1780)	Connochaetes gnou		NA		Erongo	PRESENT		28eb1a3f-1c15-4a95-931a-4af90ecb574d	-21.414875	16.493817	12.0						2018-12-15T16:58:58	15	12	2018	2441106	2441106	HUMAN_OBSERVATION	iNaturalist	Observations	71055108		Colin Ralston	2021-03-12T12:00:27	CC_BY_NC_4_0	Julian Gums	Julian Gums			2024-07-09T16:26:38.665Z	StillImage	COORDINATE_ROUNDED;CONTINENT_DERIVED_FROM_COORDINATES;TAXON_MATCH_TAXON_ID_IGNORED
4018259312	50c9509d-22c7-4a22-a47d-8c48425ef4a7	https://www.inaturalist.org/observations/11045629	Animalia	Chordata	Mammalia	Artiodactyla	Bovidae	Connochaetes	Connochaetes gnou		SPECIES	Connochaetes gnou (Zimmermann, 1780)	Connochaetes gnou		ZA		Eastern Cape	PRESENT		28eb1a3f-1c15-4a95-931a-4af90ecb574d	-32.25	25.45	1100.0						2013-07-23	23	7	2013	2441106	2441106	HUMAN_OBSERVATION	iNaturalist	Observations	11045629		mary-hunter	2015-03-24T18:24:05	CC_BY_NC_4_0	mary-hunter	mary-hunter			2024-07-09T16:15:39.653Z		CONTINENT_DERIVED_FROM_COORDINATES;TAXON_MATCH_TAXON_ID_IGNORED
4018223179	50c9509d-22c7-4a22-a47d-8c48425ef4a7	https://www.inaturalist.org/observations/146551084	Animalia	Chordata	Mammalia	Artiodactyla	Bovidae	Connochaetes	Connochaetes gnou		SPECIES	Connochaetes gnou (Zimmermann, 1780)	Connochaetes gnou		ZA		Eastern Cape	PRESENT		28eb1a3f-1c15-4a95-931a-4af90ecb574d	-31.706202	24.775108	29199.0						2023-01-14T17:17:46	14	1	2023	2441106	2441106	HUMAN_OBSERVATION	iNaturalist	Observations	146551084		Hanni Hanni	2023-01-14T19:32:53	CC_BY_4_0	Hanni Hanni	Hanni Hanni			2024-07-09T16:38:30.667Z	StillImage	COORDINATE_ROUNDED;CONTINENT_DERIVED_FROM_COORDINATES;TAXON_MATCH_TAXON_ID_IGNORED
4015231969	50c9509d-22c7-4a22-a47d-8c48425ef4a7	https://www.inaturalist.org/observations/145894354	Animalia	Chordata	Mammalia	Artiodactyla	Bovidae	Connochaetes	Connochaetes gnou		SPECIES	Connochaetes gnou (Zimmermann, 1780)	Connochaetes gnou		ZA		Gauteng	PRESENT		28eb1a3f-1c15-4a95-931a-4af90ecb574d	-25.892667	28.287833	200.0						2007-02-03T11:32	3	2	2007	2441106	2441106	HUMAN_OBSERVATION	iNaturalist	Observations	145894354		Paul Tavares	2023-01-05T14:17:14	CC_BY_NC_4_0	Paul Tavares	Paul Tavares			2024-07-09T17:05:39.781Z	StillImage	COORDINATE_ROUNDED;CONTINENT_DERIVED_FROM_COORDINATES;TAXON_MATCH_TAXON_ID_IGNORED
4015192931	50c9509d-22c7-4a22-a47d-8c48425ef4a7	https://www.inaturalist.org/observations/145894355	Animalia	Chordata	Mammalia	Artiodactyla	Bovidae	Connochaetes	Connochaetes gnou		SPECIES	Connochaetes gnou (Zimmermann, 1780)	Connochaetes gnou		ZA		Gauteng	PRESENT		28eb1a3f-1c15-4a95-931a-4af90ecb574d	-25.895361	28.282556	200.0						2007-02-03T12:56	3	2	2007	2441106	2441106	HUMAN_OBSERVATION	iNaturalist	Observations	145894355		Paul Tavares	2023-01-05T14:17:14	CC_BY_NC_4_0	Paul Tavares	Paul Tavares			2024-07-09T17:07:16.418Z	StillImage	COORDINATE_ROUNDED;CONTINENT_DERIVED_FROM_COORDINATES;TAXON_MATCH_TAXON_ID_IGNORED
4015186986	50c9509d-22c7-4a22-a47d-8c48425ef4a7	https://www.inaturalist.org/observations/145895430	Animalia	Chordata	Mammalia	Artiodactyla	Bovidae	Connochaetes	Connochaetes gnou		SPECIES	Connochaetes gnou (Zimmermann, 1780)	Connochaetes gnou		ZA		Gauteng	PRESENT		28eb1a3f-1c15-4a95-931a-4af90ecb574d	-25.953639	27.774556	300.0						2007-02-10T10:20	10	2	2007	2441106	2441106	HUMAN_OBSERVATION	iNaturalist	Observations	145895430		Paul Tavares	2023-01-05T14:38:28	CC_BY_NC_4_0	Paul Tavares	Paul Tavares			2024-07-09T17:05:39.785Z	StillImage	COORDINATE_ROUNDED;CONTINENT_DERIVED_FROM_COORDINATES;TAXON_MATCH_TAXON_ID_IGNORED
4014981950	50c9509d-22c7-4a22-a47d-8c48425ef4a7	https://www.inaturalist.org/observations/145894358	Animalia	Chordata	Mammalia	Artiodactyla	Bovidae	Connochaetes	Connochaetes gnou		SPECIES	Connochaetes gnou (Zimmermann, 1780)	Connochaetes gnou		ZA		Gauteng	PRESENT		28eb1a3f-1c15-4a95-931a-4af90ecb574d	-25.894778	28.28825	200.0						2007-03-10T11:07	10	3	2007	2441106	2441106	HUMAN_OBSERVATION	iNaturalist	Observations	145894358		Paul Tavares	2023-01-05T14:17:15	CC_BY_NC_4_0	Paul Tavares	Paul Tavares			2024-07-09T17:06:49.574Z	StillImage	COORDINATE_ROUNDED;CONTINENT_DERIVED_FROM_COORDINATES;TAXON_MATCH_TAXON_ID_IGNORED
4014941972	50c9509d-22c7-4a22-a47d-8c48425ef4a7	https://www.inaturalist.org/observations/145894356	Animalia	Chordata	Mammalia	Artiodactyla	Bovidae	Connochaetes	Connochaetes gnou		SPECIES	Connochaetes gnou (Zimmermann, 1780)	Connochaetes gnou		ZA		Gauteng	PRESENT		28eb1a3f-1c15-4a95-931a-4af90ecb574d	-25.894306	28.29075	200.0						2007-02-11T09:06	11	2	2007	2441106	2441106	HUMAN_OBSERVATION	iNaturalist	Observations	145894356		Paul Tavares	2023-01-05T14:17:14	CC_BY_NC_4_0	Paul Tavares	Paul Tavares			2024-07-09T17:07:15.723Z	StillImage	COORDINATE_ROUNDED;CONTINENT_DERIVED_FROM_COORDINATES;TAXON_MATCH_TAXON_ID_IGNORED
4014907969	50c9509d-22c7-4a22-a47d-8c48425ef4a7	https://www.inaturalist.org/observations/145895434	Animalia	Chordata	Mammalia	Artiodactyla	Bovidae	Connochaetes	Connochaetes gnou		SPECIES	Connochaetes gnou (Zimmermann, 1780)	Connochaetes gnou		ZA		Gauteng	PRESENT		28eb1a3f-1c15-4a95-931a-4af90ecb574d	-25.954194	27.773611	300.0						2007-02-10T12:15	10	2	2007	2441106	2441106	HUMAN_OBSERVATION	iNaturalist	Observations	145895434		Paul Tavares	2023-01-05T14:38:28	CC_BY_NC_4_0	Paul Tavares	Paul Tavares			2024-07-09T17:06:49.717Z	StillImage	COORDINATE_ROUNDED;CONTINENT_DERIVED_FROM_COORDINATES;TAXON_MATCH_TAXON_ID_IGNORED
4014868954	50c9509d-22c7-4a22-a47d-8c48425ef4a7	https://www.inaturalist.org/observations/145894357	Animalia	Chordata	Mammalia	Artiodactyla	Bovidae	Connochaetes	Connochaetes gnou		SPECIES	Connochaetes gnou (Zimmermann, 1780)	Connochaetes gnou		ZA		Gauteng	PRESENT		28eb1a3f-1c15-4a95-931a-4af90ecb574d	-25.895194	28.281194	200.0						2007-02-11T09:13	11	2	2007	2441106	2441106	HUMAN_OBSERVATION	iNaturalist	Observations	145894357		Paul Tavares	2023-01-05T14:17:15	CC_BY_NC_4_0	Paul Tavares	Paul Tavares			2024-07-09T17:07:13.171Z	StillImage	COORDINATE_ROUNDED;CONTINENT_DERIVED_FROM_COORDINATES;TAXON_MATCH_TAXON_ID_IGNORED
4014842987	50c9509d-22c7-4a22-a47d-8c48425ef4a7	https://www.inaturalist.org/observations/145895432	Animalia	Chordata	Mammalia	Artiodactyla	Bovidae	Connochaetes	Connochaetes gnou		SPECIES	Connochaetes gnou (Zimmermann, 1780)	Connochaetes gnou		ZA		Gauteng	PRESENT		28eb1a3f-1c15-4a95-931a-4af90ecb574d	-25.952778	27.775389	300.0						2007-02-10T10:31	10	2	2007	2441106	2441106	HUMAN_OBSERVATION	iNaturalist	Observations	145895432		Paul Tavares	2023-01-05T14:38:28	CC_BY_NC_4_0	Paul Tavares	Paul Tavares			2024-07-09T17:07:15.737Z	StillImage	COORDINATE_ROUNDED;CONTINENT_DERIVED_FROM_COORDINATES;TAXON_MATCH_TAXON_ID_IGNORED
4014828940	50c9509d-22c7-4a22-a47d-8c48425ef4a7	https://www.inaturalist.org/observations/145895433	Animalia	Chordata	Mammalia	Artiodactyla	Bovidae	Connochaetes	Connochaetes gnou		SPECIES	Connochaetes gnou (Zimmermann, 1780)	Connochaetes gnou		ZA		Gauteng	PRESENT		28eb1a3f-1c15-4a95-931a-4af90ecb574d	-25.951861	27.775167	300.0						2007-02-10T11:27	10	2	2007	2441106	2441106	HUMAN_OBSERVATION	iNaturalist	Observations	145895433		Paul Tavares	2023-01-05T14:38:28	CC_BY_NC_4_0	Paul Tavares	Paul Tavares			2024-07-09T17:07:13.181Z	StillImage	COORDINATE_ROUNDED;CONTINENT_DERIVED_FROM_COORDINATES;TAXON_MATCH_TAXON_ID_IGNORED
4009931810	50c9509d-22c7-4a22-a47d-8c48425ef4a7	https://www.inaturalist.org/observations/144865983	Animalia	Chordata	Mammalia	Artiodactyla	Bovidae	Connochaetes	Connochaetes gnou		SPECIES	Connochaetes gnou (Zimmermann, 1780)	Connochaetes gnou		ZA		Gauteng	PRESENT		28eb1a3f-1c15-4a95-931a-4af90ecb574d	-25.893534	28.284671	244.0						2022-12-21T14:58	21	12	2022	2441106	2441106	HUMAN_OBSERVATION	iNaturalist	Observations	144865983		tjeerd	2022-12-22T17:38:02	CC_BY_4_0	tjeerd	tjeerd			2024-07-09T16:38:40.583Z	StillImage	COORDINATE_ROUNDED;CONTINENT_DERIVED_FROM_COORDINATES;TAXON_MATCH_TAXON_ID_IGNORED
4009856398	50c9509d-22c7-4a22-a47d-8c48425ef4a7	https://www.inaturalist.org/observations/96890955	Animalia	Chordata	Mammalia	Artiodactyla	Bovidae	Connochaetes	Connochaetes gnou		SPECIES	Connochaetes gnou (Zimmermann, 1780)	Connochaetes gnou		ZA		Free State	PRESENT		28eb1a3f-1c15-4a95-931a-4af90ecb574d	-28.480676	29.024419	199.0						2006-09-16T15:32	16	9	2006	2441106	2441106	HUMAN_OBSERVATION	iNaturalist	Observations	96890955		Dewald du Plessis	2021-10-02T14:18:56	CC_BY_NC_4_0	Dewald du Plessis	Dewald du Plessis			2024-07-09T16:30:21.424Z	StillImage	COORDINATE_ROUNDED;CONTINENT_DERIVED_FROM_COORDINATES;TAXON_MATCH_TAXON_ID_IGNORED
4009771389	50c9509d-22c7-4a22-a47d-8c48425ef4a7	https://www.inaturalist.org/observations/93974542	Animalia	Chordata	Mammalia	Artiodactyla	Bovidae	Connochaetes	Connochaetes gnou		SPECIES	Connochaetes gnou (Zimmermann, 1780)	Connochaetes gnou		ZA		Western Cape	PRESENT		28eb1a3f-1c15-4a95-931a-4af90ecb574d	-34.652331	19.827257							2020-12-19T10:58:05	19	12	2020	2441106	2441106	HUMAN_OBSERVATION	iNaturalist	Observations	93974542		Eugene Hahndiek	2021-09-07T09:46:07	CC_BY_NC_4_0	Eugene Hahndiek	Eugene Hahndiek			2024-07-09T16:59:21.900Z	StillImage	COORDINATE_ROUNDED;CONTINENT_DERIVED_FROM_COORDINATES;TAXON_MATCH_TAXON_ID_IGNORED
3994083123	50c9509d-22c7-4a22-a47d-8c48425ef4a7	https://www.inaturalist.org/observations/144161992	Animalia	Chordata	Mammalia	Artiodactyla	Bovidae	Connochaetes	Connochaetes gnou		SPECIES	Connochaetes gnou (Zimmermann, 1780)	Connochaetes gnou		ZA		Eastern Cape	PRESENT		28eb1a3f-1c15-4a95-931a-4af90ecb574d	-32.2151	25.432561	122.0						2022-06-24T09:59	24	6	2022	2441106	2441106	HUMAN_OBSERVATION	iNaturalist	Observations	144161992		Kobus Lubbe	2022-12-11T17:10:49	CC_BY_NC_4_0	Kobus Lubbe	Kobus Lubbe			2024-07-09T16:37:03.720Z	StillImage	COORDINATE_ROUNDED;CONTINENT_DERIVED_FROM_COORDINATES;TAXON_MATCH_TAXON_ID_IGNORED
3988503104	50c9509d-22c7-4a22-a47d-8c48425ef4a7	https://www.inaturalist.org/observations/143638068	Animalia	Chordata	Mammalia	Artiodactyla	Bovidae	Connochaetes	Connochaetes gnou		SPECIES	Connochaetes gnou (Zimmermann, 1780)	Connochaetes gnou		ZA		Gauteng	PRESENT		28eb1a3f-1c15-4a95-931a-4af90ecb574d	-25.904204	28.28313	8.0						2022-02-20T10:40	20	2	2022	2441106	2441106	HUMAN_OBSERVATION	iNaturalist	Observations	143638068		Felix Riegel	2022-12-04T12:43:37	CC_BY_NC_4_0	Felix Riegel	Felix Riegel			2024-07-09T17:05:13.687Z	StillImage	COORDINATE_ROUNDED;CONTINENT_DERIVED_FROM_COORDINATES;TAXON_MATCH_TAXON_ID_IGNORED
3985950656	50c9509d-22c7-4a22-a47d-8c48425ef4a7	https://www.inaturalist.org/observations/142582428	Animalia	Chordata	Mammalia	Artiodactyla	Bovidae	Connochaetes	Connochaetes gnou		SPECIES	Connochaetes gnou (Zimmermann, 1780)	Connochaetes gnou		ZA		Gauteng	PRESENT		28eb1a3f-1c15-4a95-931a-4af90ecb574d	-26.475024	28.200928	61.0						2022-11-06T11:01	6	11	2022	2441106	2441106	HUMAN_OBSERVATION	iNaturalist	Observations	142582428		Daniel France	2022-11-22T04:45:22	CC_BY_NC_4_0	Daniel France	Daniel France			2024-07-09T16:38:23.584Z	StillImage	COORDINATE_ROUNDED;CONTINENT_DERIVED_FROM_COORDINATES;TAXON_MATCH_TAXON_ID_IGNORED
3985858589	50c9509d-22c7-4a22-a47d-8c48425ef4a7	https://www.inaturalist.org/observations/142525977	Animalia	Chordata	Mammalia	Artiodactyla	Bovidae	Connochaetes	Connochaetes gnou		SPECIES	Connochaetes gnou (Zimmermann, 1780)	Connochaetes gnou		ZA		Gauteng	PRESENT		28eb1a3f-1c15-4a95-931a-4af90ecb574d	-25.891329	28.274555	4.0						2017-02-26T13:26	26	2	2017	2441106	2441106	HUMAN_OBSERVATION	iNaturalist	Observations	142525977		jandutoit	2022-11-21T11:47:00	CC_BY_NC_4_0	jandutoit	jandutoit			2024-07-09T16:39:30.490Z	StillImage	COORDINATE_ROUNDED;CONTINENT_DERIVED_FROM_COORDINATES;TAXON_MATCH_TAXON_ID_IGNORED
3985810933	50c9509d-22c7-4a22-a47d-8c48425ef4a7	https://www.inaturalist.org/observations/142803553	Animalia	Chordata	Mammalia	Artiodactyla	Bovidae	Connochaetes	Connochaetes gnou		SPECIES	Connochaetes gnou (Zimmermann, 1780)	Connochaetes gnou		ZA		Gauteng	PRESENT		28eb1a3f-1c15-4a95-931a-4af90ecb574d	-25.901313	28.28625	31.0						2017-02-05T11:37	5	2	2017	2441106	2441106	HUMAN_OBSERVATION	iNaturalist	Observations	142803553		jandutoit	2022-11-25T07:22:17	CC_BY_NC_4_0	jandutoit	jandutoit			2024-07-09T17:06:55.511Z	StillImage	COORDINATE_ROUNDED;CONTINENT_DERIVED_FROM_COORDINATES;TAXON_MATCH_TAXON_ID_IGNORED
3966525726	50c9509d-22c7-4a22-a47d-8c48425ef4a7	https://www.inaturalist.org/observations/141540405	Animalia	Chordata	Mammalia	Artiodactyla	Bovidae	Connochaetes	Connochaetes gnou		SPECIES	Connochaetes gnou (Zimmermann, 1780)	Connochaetes gnou		ZA		Gauteng	PRESENT		28eb1a3f-1c15-4a95-931a-4af90ecb574d	-26.298167	28.039313	1035.0						2022-11-09	9	11	2022	2441106	2441106	HUMAN_OBSERVATION	iNaturalist	Observations	141540405		Jean-Jacques Strydom	2022-11-09T15:28:18	CC_BY_NC_4_0	Jean-Jacques Strydom	Jean-Jacques Strydom			2024-07-09T16:39:20.025Z	StillImage	COORDINATE_ROUNDED;CONTINENT_DERIVED_FROM_COORDINATES;TAXON_MATCH_TAXON_ID_IGNORED
3966375946	50c9509d-22c7-4a22-a47d-8c48425ef4a7	https://www.inaturalist.org/observations/141682564	Animalia	Chordata	Mammalia	Artiodactyla	Bovidae	Connochaetes	Connochaetes gnou		SPECIES	Connochaetes gnou (Zimmermann, 1780)	Connochaetes gnou		ZA		Gauteng	PRESENT		28eb1a3f-1c15-4a95-931a-4af90ecb574d	-25.689458	28.945385							2022-10-27T14:46	27	10	2022	2441106	2441106	HUMAN_OBSERVATION	iNaturalist	Observations	141682564		Joachim Louis	2022-11-11T09:53:47	CC_BY_NC_4_0	Joachim Louis	Joachim Louis			2024-07-09T17:06:12.377Z	StillImage	COORDINATE_ROUNDED;CONTINENT_DERIVED_FROM_COORDINATES;TAXON_MATCH_TAXON_ID_IGNORED
3963690951	50c9509d-22c7-4a22-a47d-8c48425ef4a7	https://www.inaturalist.org/observations/141109844	Animalia	Chordata	Mammalia	Artiodactyla	Bovidae	Connochaetes	Connochaetes gnou		SPECIES	Connochaetes gnou (Zimmermann, 1780)	Connochaetes gnou		ZA		Free State	PRESENT		28eb1a3f-1c15-4a95-931a-4af90ecb574d	-28.507884	28.60314	6134.0						2017-09-21T09:17	21	9	2017	2441106	2441106	HUMAN_OBSERVATION	iNaturalist	Observations	141109844		Gabriel Bienzobas Fernández	2022-11-04T23:19:26	CC_BY_NC_4_0	Gabriel Bienzobas Fernández	Gabriel Bienzobas Fernández			2024-07-09T17:05:44.007Z	StillImage	COORDINATE_ROUNDED;CONTINENT_DERIVED_FROM_COORDINATES;TAXON_MATCH_TAXON_ID_IGNORED
3961409645	50c9509d-22c7-4a22-a47d-8c48425ef4a7	https://www.inaturalist.org/observations/140850382	Animalia	Chordata	Mammalia	Artiodactyla	Bovidae	Connochaetes	Connochaetes gnou		SPECIES	Connochaetes gnou (Zimmermann, 1780)	Connochaetes gnou		ZA		Eastern Cape	PRESENT		28eb1a3f-1c15-4a95-931a-4af90ecb574d	-32.187814	24.508334	61.0						2022-10-29T16:40	29	10	2022	2441106	2441106	HUMAN_OBSERVATION	iNaturalist	Observations	140850382		John Gale	2022-11-02T05:41:55	CC_BY_NC_4_0	John Gale	John Gale			2024-07-09T17:05:17.448Z	StillImage	COORDINATE_ROUNDED;CONTINENT_DERIVED_FROM_COORDINATES;TAXON_MATCH_TAXON_ID_IGNORED
3947776169	50c9509d-22c7-4a22-a47d-8c48425ef4a7	https://www.inaturalist.org/observations/139423809	Animalia	Chordata	Mammalia	Artiodactyla	Bovidae	Connochaetes	Connochaetes gnou		SPECIES	Connochaetes gnou (Zimmermann, 1780)	Connochaetes gnou		ZA		Mpumalanga	PRESENT		28eb1a3f-1c15-4a95-931a-4af90ecb574d	-25.051913	30.606994	122.0						2019-11-07T12:58	7	11	2019	2441106	2441106	HUMAN_OBSERVATION	iNaturalist	Observations	139423809		Jimmy Whatmore	2022-10-20T13:18:01	CC0_1_0	Jimmy Whatmore	Jimmy Whatmore			2024-07-09T16:37:06.554Z	StillImage	COORDINATE_ROUNDED;CONTINENT_DERIVED_FROM_COORDINATES;TAXON_MATCH_TAXON_ID_IGNORED
3947530258	50c9509d-22c7-4a22-a47d-8c48425ef4a7	https://www.inaturalist.org/observations/139501856	Animalia	Chordata	Mammalia	Artiodactyla	Bovidae	Connochaetes	Connochaetes gnou		SPECIES	Connochaetes gnou (Zimmermann, 1780)	Connochaetes gnou		ZA		Gauteng	PRESENT		28eb1a3f-1c15-4a95-931a-4af90ecb574d	-25.892317	28.276773	2.0						2017-04-30T08:03	30	4	2017	2441106	2441106	HUMAN_OBSERVATION	iNaturalist	Observations	139501856		jandutoit	2022-10-21T06:37:07	CC_BY_NC_4_0	jandutoit	jandutoit			2024-07-09T16:37:06.428Z	StillImage	COORDINATE_ROUNDED;CONTINENT_DERIVED_FROM_COORDINATES;TAXON_MATCH_TAXON_ID_IGNORED
3947452812	50c9509d-22c7-4a22-a47d-8c48425ef4a7	https://www.inaturalist.org/observations/139088338	Animalia	Chordata	Mammalia	Artiodactyla	Bovidae	Connochaetes	Connochaetes gnou		SPECIES	Connochaetes gnou (Zimmermann, 1780)	Connochaetes gnou		ZA		Gauteng	PRESENT		28eb1a3f-1c15-4a95-931a-4af90ecb574d	-25.890018	28.288426	8.0						2017-07-03T09:30	3	7	2017	2441106	2441106	HUMAN_OBSERVATION	iNaturalist	Observations	139088338		jandutoit	2022-10-17T06:36:08	CC_BY_NC_4_0	jandutoit	jandutoit			2024-07-09T17:05:56.022Z	StillImage	COORDINATE_ROUNDED;CONTINENT_DERIVED_FROM_COORDINATES;TAXON_MATCH_TAXON_ID_IGNORED
3947333025	50c9509d-22c7-4a22-a47d-8c48425ef4a7	https://www.inaturalist.org/observations/138467845	Animalia	Chordata	Mammalia	Artiodactyla	Bovidae	Connochaetes	Connochaetes gnou		SPECIES	Connochaetes gnou (Zimmermann, 1780)	Connochaetes gnou		ZA		Western Cape	PRESENT		28eb1a3f-1c15-4a95-931a-4af90ecb574d	-32.130271	19.136142	15.0						2016-03-06T18:44	6	3	2016	2441106	2441106	HUMAN_OBSERVATION	iNaturalist	Observations	138467845		Christiaan Viljoen	2022-10-12T04:58:32	CC_BY_4_0	Christiaan Viljoen	Christiaan Viljoen			2024-07-09T16:37:45.019Z	StillImage	COORDINATE_ROUNDED;CONTINENT_DERIVED_FROM_COORDINATES;TAXON_MATCH_TAXON_ID_IGNORED
3947143933	50c9509d-22c7-4a22-a47d-8c48425ef4a7	https://www.inaturalist.org/observations/139207755	Animalia	Chordata	Mammalia	Artiodactyla	Bovidae	Connochaetes	Connochaetes gnou		SPECIES	Connochaetes gnou (Zimmermann, 1780)	Connochaetes gnou		ZA		Gauteng	PRESENT		28eb1a3f-1c15-4a95-931a-4af90ecb574d	-25.859126	28.288331	31.0						2022-10-15T07:57	15	10	2022	2441106	2441106	HUMAN_OBSERVATION	iNaturalist	Observations	139207755		jandutoit	2022-10-18T08:45:14	CC_BY_NC_4_0	jandutoit	jandutoit			2024-07-09T17:05:57.304Z	StillImage	COORDINATE_ROUNDED;CONTINENT_DERIVED_FROM_COORDINATES;TAXON_MATCH_TAXON_ID_IGNORED
3947118038	50c9509d-22c7-4a22-a47d-8c48425ef4a7	https://www.inaturalist.org/observations/138467846	Animalia	Chordata	Mammalia	Artiodactyla	Bovidae	Connochaetes	Connochaetes gnou		SPECIES	Connochaetes gnou (Zimmermann, 1780)	Connochaetes gnou		ZA		Western Cape	PRESENT		28eb1a3f-1c15-4a95-931a-4af90ecb574d	-32.13027	19.136146	15.0						2016-03-06T18:48	6	3	2016	2441106	2441106	HUMAN_OBSERVATION	iNaturalist	Observations	138467846		Christiaan Viljoen	2022-10-12T04:58:32	CC_BY_4_0	Christiaan Viljoen	Christiaan Viljoen			2024-07-09T17:05:02.855Z	StillImage	COORDINATE_ROUNDED;CONTINENT_DERIVED_FROM_COORDINATES;TAXON_MATCH_TAXON_ID_IGNORED
3923505961	50c9509d-22c7-4a22-a47d-8c48425ef4a7	https://www.inaturalist.org/observations/136896795	Animalia	Chordata	Mammalia	Artiodactyla	Bovidae	Connochaetes	Connochaetes gnou		SPECIES	Connochaetes gnou (Zimmermann, 1780)	Connochaetes gnou		ZA		North West	PRESENT		28eb1a3f-1c15-4a95-931a-4af90ecb574d	-26.572377	25.580956	200.0						2022-09-26T08:52	26	9	2022	2441106	2441106	HUMAN_OBSERVATION	iNaturalist	Observations	136896795		Ricky Taylor	2022-09-29T09:39:57	CC_BY_NC_4_0	Ricky Taylor	Ricky Taylor			2024-07-09T17:05:41.772Z	StillImage	COORDINATE_ROUNDED;CONTINENT_DERIVED_FROM_COORDINATES;TAXON_MATCH_TAXON_ID_IGNORED
3912322533	50c9509d-22c7-4a22-a47d-8c48425ef4a7	https://www.inaturalist.org/observations/135030868	Animalia	Chordata	Mammalia	Artiodactyla	Bovidae	Connochaetes	Connochaetes gnou		SPECIES	Connochaetes gnou (Zimmermann, 1780)	Connochaetes gnou		NA		Otjozondjupa	PRESENT		28eb1a3f-1c15-4a95-931a-4af90ecb574d	-21.592969	16.597534	244.0						2022-08-31T17:28	31	8	2022	2441106	2441106	HUMAN_OBSERVATION	iNaturalist	Observations	135030868		Michael Barth	2022-09-14T20:01:48	CC_BY_NC_4_0	Michael Barth	Michael Barth			2024-07-09T17:05:05.547Z	StillImage	COORDINATE_ROUNDED;CONTINENT_DERIVED_FROM_COORDINATES;TAXON_MATCH_TAXON_ID_IGNORED
3912253476	50c9509d-22c7-4a22-a47d-8c48425ef4a7	https://www.inaturalist.org/observations/98727818	Animalia	Chordata	Mammalia	Artiodactyla	Bovidae	Connochaetes	Connochaetes gnou		SPECIES	Connochaetes gnou (Zimmermann, 1780)	Connochaetes gnou		ZA		Eastern Cape	PRESENT		28eb1a3f-1c15-4a95-931a-4af90ecb574d	-32.21453	25.421612	12.0						2019-12-13T13:44:41	13	12	2019	2441106	2441106	HUMAN_OBSERVATION	iNaturalist	Observations	98727818		The Leach	2021-10-19T19:29:34	CC_BY_NC_4_0	The Leach	The Leach			2024-07-09T16:30:37.987Z	StillImage	COORDINATE_ROUNDED;CONTINENT_DERIVED_FROM_COORDINATES;TAXON_MATCH_TAXON_ID_IGNORED
3903426609	50c9509d-22c7-4a22-a47d-8c48425ef4a7	https://www.inaturalist.org/observations/134899680	Animalia	Chordata	Mammalia	Artiodactyla	Bovidae	Connochaetes	Connochaetes gnou		SPECIES	Connochaetes gnou (Zimmermann, 1780)	Connochaetes gnou		ZA		Eastern Cape	PRESENT		28eb1a3f-1c15-4a95-931a-4af90ecb574d	-32.223267	25.480743	15.0						2021-11-11T17:36	11	11	2021	2441106	2441106	HUMAN_OBSERVATION	iNaturalist	Observations	134899680		kinajoubert	2022-09-13T19:25:20	CC_BY_NC_4_0	kinajoubert	kinajoubert			2024-07-09T16:38:19.539Z	StillImage	COORDINATE_ROUNDED;CONTINENT_DERIVED_FROM_COORDINATES;TAXON_MATCH_TAXON_ID_IGNORED
3903201937	50c9509d-22c7-4a22-a47d-8c48425ef4a7	https://www.inaturalist.org/observations/132608577	Animalia	Chordata	Mammalia	Artiodactyla	Bovidae	Connochaetes	Connochaetes gnou		SPECIES	Connochaetes gnou (Zimmermann, 1780)	Connochaetes gnou		ZA		Gauteng	PRESENT		28eb1a3f-1c15-4a95-931a-4af90ecb574d	-25.882454	28.26387	201.0						2022-08-21T08:43	21	8	2022	2441106	2441106	HUMAN_OBSERVATION	iNaturalist	Observations	132608577		joggie	2022-08-28T16:16:03	CC_BY_NC_4_0	joggie	joggie			2024-07-09T17:05:34.164Z	StillImage	COORDINATE_ROUNDED;CONTINENT_DERIVED_FROM_COORDINATES;TAXON_MATCH_TAXON_ID_IGNORED
3903143602	50c9509d-22c7-4a22-a47d-8c48425ef4a7	https://www.inaturalist.org/observations/133924135	Animalia	Chordata	Mammalia	Artiodactyla	Bovidae	Connochaetes	Connochaetes gnou		SPECIES	Connochaetes gnou (Zimmermann, 1780)	Connochaetes gnou		ZA		Eastern Cape	PRESENT		28eb1a3f-1c15-4a95-931a-4af90ecb574d	-32.190889	24.506185	30.0						2021-11-18T10:05	18	11	2021	2441106	2441106	HUMAN_OBSERVATION	iNaturalist	Observations	133924135		Felix Riegel	2022-09-06T16:04:40	CC_BY_NC_4_0	Felix Riegel	Felix Riegel			2024-07-09T17:05:34.632Z	StillImage	COORDINATE_ROUNDED;CONTINENT_DERIVED_FROM_COORDINATES;TAXON_MATCH_TAXON_ID_IGNORED
3902329428	50c9509d-22c7-4a22-a47d-8c48425ef4a7	https://www.inaturalist.org/observations/131239341	Animalia	Chordata	Mammalia	Artiodactyla	Bovidae	Connochaetes	Connochaetes gnou		SPECIES	Connochaetes gnou (Zimmermann, 1780)	Connochaetes gnou		ZA		Eastern Cape	PRESENT		28eb1a3f-1c15-4a95-931a-4af90ecb574d	-32.155194	25.478155	196.0						2008-01-15T23:08	15	1	2008	2441106	2441106	HUMAN_OBSERVATION	iNaturalist	Observations	131239341		Johan Huisamen	2022-08-17T19:19:31	CC_BY_NC_4_0	Johan Huisamen	Johan Huisamen			2024-07-09T17:05:47.939Z	StillImage	COORDINATE_ROUNDED;CONTINENT_DERIVED_FROM_COORDINATES;TAXON_MATCH_TAXON_ID_IGNORED
3874206249	50c9509d-22c7-4a22-a47d-8c48425ef4a7	https://www.inaturalist.org/observations/126910974	Animalia	Chordata	Mammalia	Artiodactyla	Bovidae	Connochaetes	Connochaetes gnou		SPECIES	Connochaetes gnou (Zimmermann, 1780)	Connochaetes gnou		ZA		Eastern Cape	PRESENT		28eb1a3f-1c15-4a95-931a-4af90ecb574d	-32.190764	25.407032	8.0						2021-10-29T17:27	29	10	2021	2441106	2441106	HUMAN_OBSERVATION	iNaturalist	Observations	126910974		Felix Riegel	2022-07-19T03:37:58	CC_BY_NC_4_0	Felix Riegel	Felix Riegel			2024-07-09T17:03:39.268Z	StillImage	COORDINATE_ROUNDED;CONTINENT_DERIVED_FROM_COORDINATES;TAXON_MATCH_TAXON_ID_IGNORED
3874119857	50c9509d-22c7-4a22-a47d-8c48425ef4a7	https://www.inaturalist.org/observations/126781276	Animalia	Chordata	Mammalia	Artiodactyla	Bovidae	Connochaetes	Connochaetes gnou		SPECIES	Connochaetes gnou (Zimmermann, 1780)	Connochaetes gnou		ZA		Eastern Cape	PRESENT		28eb1a3f-1c15-4a95-931a-4af90ecb574d	-32.228817	25.468547	1532.0						2022-07-07T15:41	7	7	2022	2441106	2441106	HUMAN_OBSERVATION	iNaturalist	Observations	126781276		Tim	2022-07-18T08:18:36	CC_BY_NC_4_0	ekuyler	ekuyler			2024-07-09T17:04:55.179Z	StillImage	COORDINATE_ROUNDED;CONTINENT_DERIVED_FROM_COORDINATES;TAXON_MATCH_TAXON_ID_IGNORED
3874105653	50c9509d-22c7-4a22-a47d-8c48425ef4a7	https://www.inaturalist.org/observations/126309491	Animalia	Chordata	Mammalia	Artiodactyla	Bovidae	Connochaetes	Connochaetes gnou		SPECIES	Connochaetes gnou (Zimmermann, 1780)	Connochaetes gnou		ZA		Western Cape	PRESENT		28eb1a3f-1c15-4a95-931a-4af90ecb574d	-34.19384	21.64001	5.0						2022-07-12T16:33	12	7	2022	2441106	2441106	HUMAN_OBSERVATION	iNaturalist	Observations	126309491		Nick Leggatt	2022-07-15T06:27:28	CC_BY_NC_4_0	Nick Leggatt	Nick Leggatt			2024-07-09T16:34:25.870Z	StillImage	CONTINENT_DERIVED_FROM_COORDINATES;TAXON_MATCH_TAXON_ID_IGNORED
3874045712	50c9509d-22c7-4a22-a47d-8c48425ef4a7	https://www.inaturalist.org/observations/126463154	Animalia	Chordata	Mammalia	Artiodactyla	Bovidae	Connochaetes	Connochaetes gnou		SPECIES	Connochaetes gnou (Zimmermann, 1780)	Connochaetes gnou		ZA		Western Cape	PRESENT		28eb1a3f-1c15-4a95-931a-4af90ecb574d	-34.207239	21.636275	5.0						2022-07-13T14:23	13	7	2022	2441106	2441106	HUMAN_OBSERVATION	iNaturalist	Observations	126463154		Nick Leggatt	2022-07-16T11:43:45	CC_BY_NC_4_0	Nick Leggatt	Nick Leggatt			2024-07-09T17:03:36.330Z	StillImage	COORDINATE_ROUNDED;CONTINENT_DERIVED_FROM_COORDINATES;TAXON_MATCH_TAXON_ID_IGNORED
3873990618	50c9509d-22c7-4a22-a47d-8c48425ef4a7	https://www.inaturalist.org/observations/127983746	Animalia	Chordata	Mammalia	Artiodactyla	Bovidae	Connochaetes	Connochaetes gnou		SPECIES	Connochaetes gnou (Zimmermann, 1780)	Connochaetes gnou		ZA		Free State	PRESENT		28eb1a3f-1c15-4a95-931a-4af90ecb574d	-28.512896	28.634949	352.0						2020-08-26T03:10	26	8	2020	2441106	2441106	HUMAN_OBSERVATION	iNaturalist	Observations	127983746		hermanviviers	2022-07-26T12:38:14	CC_BY_NC_4_0	hermanviviers	hermanviviers			2024-07-09T17:05:05.416Z	StillImage	COORDINATE_ROUNDED;CONTINENT_DERIVED_FROM_COORDINATES;TAXON_MATCH_TAXON_ID_IGNORED
3873971381	50c9509d-22c7-4a22-a47d-8c48425ef4a7	https://www.inaturalist.org/observations/126781245	Animalia	Chordata	Mammalia	Artiodactyla	Bovidae	Connochaetes	Connochaetes gnou		SPECIES	Connochaetes gnou (Zimmermann, 1780)	Connochaetes gnou		ZA		Eastern Cape	PRESENT		28eb1a3f-1c15-4a95-931a-4af90ecb574d	-32.228817	25.468547	1532.0						2022-07-07T12:52	7	7	2022	2441106	2441106	HUMAN_OBSERVATION	iNaturalist	Observations	126781245		ekuyler	2022-07-18T08:16:43	CC_BY_NC_4_0	ekuyler	ekuyler			2024-07-09T16:36:48.815Z	StillImage	COORDINATE_ROUNDED;CONTINENT_DERIVED_FROM_COORDINATES;TAXON_MATCH_TAXON_ID_IGNORED
3873822597	50c9509d-22c7-4a22-a47d-8c48425ef4a7	https://www.inaturalist.org/observations/126454900	Animalia	Chordata	Mammalia	Artiodactyla	Bovidae	Connochaetes	Connochaetes gnou		SPECIES	Connochaetes gnou (Zimmermann, 1780)	Connochaetes gnou		ZA		Western Cape	PRESENT		28eb1a3f-1c15-4a95-931a-4af90ecb574d	-34.181052	21.656033	5.0						2022-07-13T08:52	13	7	2022	2441106	2441106	HUMAN_OBSERVATION	iNaturalist	Observations	126454900		Nick Leggatt	2022-07-16T09:54:30	CC_BY_NC_4_0	Nick Leggatt	Nick Leggatt			2024-07-09T16:35:25.730Z	StillImage	COORDINATE_ROUNDED;CONTINENT_DERIVED_FROM_COORDINATES;TAXON_MATCH_TAXON_ID_IGNORED
3873810455	50c9509d-22c7-4a22-a47d-8c48425ef4a7	https://www.inaturalist.org/observations/127400792	Animalia	Chordata	Mammalia	Artiodactyla	Bovidae	Connochaetes	Connochaetes gnou		SPECIES	Connochaetes gnou (Zimmermann, 1780)	Connochaetes gnou		ZA		Eastern Cape	PRESENT		28eb1a3f-1c15-4a95-931a-4af90ecb574d	-32.204899	25.421237	8.0						2021-10-30T13:24	30	10	2021	2441106	2441106	HUMAN_OBSERVATION	iNaturalist	Observations	127400792		Felix Riegel	2022-07-22T19:22:43	CC_BY_NC_4_0	Felix Riegel	Felix Riegel			2024-07-09T16:36:53.885Z	StillImage	COORDINATE_ROUNDED;CONTINENT_DERIVED_FROM_COORDINATES;TAXON_MATCH_TAXON_ID_IGNORED
3873728135	50c9509d-22c7-4a22-a47d-8c48425ef4a7	https://www.inaturalist.org/observations/125967692	Animalia	Chordata	Mammalia	Artiodactyla	Bovidae	Connochaetes	Connochaetes gnou		SPECIES	Connochaetes gnou (Zimmermann, 1780)	Connochaetes gnou		ZA		Eastern Cape	PRESENT		28eb1a3f-1c15-4a95-931a-4af90ecb574d	-32.190312	25.407857	9.0						2022-07-10T13:08:51	10	7	2022	2441106	2441106	HUMAN_OBSERVATION	iNaturalist	Observations	125967692		Luc Strydom	2022-07-12T19:23:54	CC_BY_NC_4_0	Ethan Gilham	Ethan Gilham			2024-07-09T16:35:43.724Z	StillImage	COORDINATE_ROUNDED;CONTINENT_DERIVED_FROM_COORDINATES;TAXON_MATCH_TAXON_ID_IGNORED
3873623718	50c9509d-22c7-4a22-a47d-8c48425ef4a7	https://www.inaturalist.org/observations/126329409	Animalia	Chordata	Mammalia	Artiodactyla	Bovidae	Connochaetes	Connochaetes gnou		SPECIES	Connochaetes gnou (Zimmermann, 1780)	Connochaetes gnou		ZA		Western Cape	PRESENT		28eb1a3f-1c15-4a95-931a-4af90ecb574d	-34.19105	21.64566	5.0						2022-07-12T16:48	12	7	2022	2441106	2441106	HUMAN_OBSERVATION	iNaturalist	Observations	126329409		Nick Leggatt	2022-07-15T11:59:11	CC_BY_NC_4_0	Nick Leggatt	Nick Leggatt			2024-07-09T16:35:50.921Z	StillImage	CONTINENT_DERIVED_FROM_COORDINATES;TAXON_MATCH_TAXON_ID_IGNORED
3860727429	50c9509d-22c7-4a22-a47d-8c48425ef4a7	https://www.inaturalist.org/observations/123808898	Animalia	Chordata	Mammalia	Artiodactyla	Bovidae	Connochaetes	Connochaetes gnou		SPECIES	Connochaetes gnou (Zimmermann, 1780)	Connochaetes gnou		ZA		Free State	PRESENT		28eb1a3f-1c15-4a95-931a-4af90ecb574d	-28.529346	28.628662	4.0						2022-06-28T11:40:19	28	6	2022	2441106	2441106	HUMAN_OBSERVATION	iNaturalist	Observations	123808898		dangerranger	2022-06-28T11:36:00	CC_BY_NC_4_0	dangerranger	dangerranger			2024-07-09T16:34:15.364Z	StillImage	COORDINATE_ROUNDED;CONTINENT_DERIVED_FROM_COORDINATES;TAXON_MATCH_TAXON_ID_IGNORED
3860587642	50c9509d-22c7-4a22-a47d-8c48425ef4a7	https://www.inaturalist.org/observations/124074386	Animalia	Chordata	Mammalia	Artiodactyla	Bovidae	Connochaetes	Connochaetes gnou		SPECIES	Connochaetes gnou (Zimmermann, 1780)	Connochaetes gnou		ZA		Eastern Cape	PRESENT		28eb1a3f-1c15-4a95-931a-4af90ecb574d	-32.217377	25.465434	5528.0						1995-01-21	21	1	1995	2441106	2441106	HUMAN_OBSERVATION	iNaturalist	Observations	124074386		Pete Woodall	2022-06-30T06:44:16	CC_BY_NC_4_0	Pete Woodall	Pete Woodall			2024-07-09T16:34:17.127Z	StillImage	COORDINATE_ROUNDED;CONTINENT_DERIVED_FROM_COORDINATES;TAXON_MATCH_TAXON_ID_IGNORED
3860366312	50c9509d-22c7-4a22-a47d-8c48425ef4a7	https://www.inaturalist.org/observations/120134941	Animalia	Chordata	Mammalia	Artiodactyla	Bovidae	Connochaetes	Connochaetes gnou		SPECIES	Connochaetes gnou (Zimmermann, 1780)	Connochaetes gnou		ZA		Gauteng	PRESENT		28eb1a3f-1c15-4a95-931a-4af90ecb574d	-25.888607	28.292884	15.0						2018-11-11T08:32	11	11	2018	2441106	2441106	HUMAN_OBSERVATION	iNaturalist	Observations	120134941		jandutoit	2022-06-04T10:53:35	CC_BY_NC_4_0	jandutoit	jandutoit			2024-07-09T16:34:19.798Z	StillImage	COORDINATE_ROUNDED;CONTINENT_DERIVED_FROM_COORDINATES;TAXON_MATCH_TAXON_ID_IGNORED
3860246246	50c9509d-22c7-4a22-a47d-8c48425ef4a7	https://www.inaturalist.org/observations/124754504	Animalia	Chordata	Mammalia	Artiodactyla	Bovidae	Connochaetes	Connochaetes gnou		SPECIES	Connochaetes gnou (Zimmermann, 1780)	Connochaetes gnou		ZA		Free State	PRESENT		28eb1a3f-1c15-4a95-931a-4af90ecb574d	-28.511407	28.667734	5466.0						2022-04-23T06:51	23	4	2022	2441106	2441106	HUMAN_OBSERVATION	iNaturalist	Observations	124754504		Roelof van der Breggen	2022-07-04T17:37:52	CC_BY_NC_4_0	Roelof van der Breggen	Roelof van der Breggen			2024-07-09T16:36:39.363Z	StillImage	COORDINATE_ROUNDED;CONTINENT_DERIVED_FROM_COORDINATES;TAXON_MATCH_TAXON_ID_IGNORED
3860240271	50c9509d-22c7-4a22-a47d-8c48425ef4a7	https://www.inaturalist.org/observations/124754505	Animalia	Chordata	Mammalia	Artiodactyla	Bovidae	Connochaetes	Connochaetes gnou		SPECIES	Connochaetes gnou (Zimmermann, 1780)	Connochaetes gnou		ZA		Free State	PRESENT		28eb1a3f-1c15-4a95-931a-4af90ecb574d	-28.511407	28.667734	5466.0						2022-04-23T07:30	23	4	2022	2441106	2441106	HUMAN_OBSERVATION	iNaturalist	Observations	124754505		Roelof van der Breggen	2022-07-04T17:37:52	CC_BY_NC_4_0	Roelof van der Breggen	Roelof van der Breggen			2024-07-09T16:35:16.504Z	StillImage	COORDINATE_ROUNDED;CONTINENT_DERIVED_FROM_COORDINATES;TAXON_MATCH_TAXON_ID_IGNORED
3859488727	50c9509d-22c7-4a22-a47d-8c48425ef4a7	https://www.inaturalist.org/observations/121850460	Animalia	Chordata	Mammalia	Artiodactyla	Bovidae	Connochaetes	Connochaetes gnou		SPECIES	Connochaetes gnou (Zimmermann, 1780)	Connochaetes gnou		ZA		Gauteng	PRESENT		28eb1a3f-1c15-4a95-931a-4af90ecb574d	-25.895568	28.284579	2.0						2019-07-26T10:17	26	7	2019	2441106	2441106	HUMAN_OBSERVATION	iNaturalist	Observations	121850460		jandutoit	2022-06-15T09:23:52	CC_BY_NC_4_0	jandutoit	jandutoit			2024-07-09T17:04:21.629Z	StillImage	COORDINATE_ROUNDED;CONTINENT_DERIVED_FROM_COORDINATES;TAXON_MATCH_TAXON_ID_IGNORED
3859289024	50c9509d-22c7-4a22-a47d-8c48425ef4a7	https://www.inaturalist.org/observations/123345799	Animalia	Chordata	Mammalia	Artiodactyla	Bovidae	Connochaetes	Connochaetes gnou		SPECIES	Connochaetes gnou (Zimmermann, 1780)	Connochaetes gnou		ZA		Northern Cape	PRESENT		28eb1a3f-1c15-4a95-931a-4af90ecb574d	-31.143908	24.728035	6325.0						2014-05-05T07:56:28	5	5	2014	2441106	2441106	HUMAN_OBSERVATION	iNaturalist	Observations	123345799		Grant Egen	2022-06-25T11:26:41	CC_BY_NC_4_0	Grant Egen	Grant Egen			2024-07-09T17:04:34.347Z	StillImage	COORDINATE_ROUNDED;CONTINENT_DERIVED_FROM_COORDINATES;TAXON_MATCH_TAXON_ID_IGNORED
3858893878	50c9509d-22c7-4a22-a47d-8c48425ef4a7	https://www.inaturalist.org/observations/123191426	Animalia	Chordata	Mammalia	Artiodactyla	Bovidae	Connochaetes	Connochaetes gnou		SPECIES	Connochaetes gnou (Zimmermann, 1780)	Connochaetes gnou		ZA		Western Cape	PRESENT		28eb1a3f-1c15-4a95-931a-4af90ecb574d	-34.058472	21.926176	94.0						2015-12-09T07:59	9	12	2015	2441106	2441106	HUMAN_OBSERVATION	iNaturalist	Observations	123191426		Christiaan Viljoen	2022-06-24T07:04:19	CC_BY_4_0	Christiaan Viljoen	Christiaan Viljoen			2024-07-09T16:35:27.660Z	StillImage	COORDINATE_ROUNDED;CONTINENT_DERIVED_FROM_COORDINATES;TAXON_MATCH_TAXON_ID_IGNORED
3858379385	50c9509d-22c7-4a22-a47d-8c48425ef4a7	https://www.inaturalist.org/observations/119049891	Animalia	Chordata	Mammalia	Artiodactyla	Bovidae	Connochaetes	Connochaetes gnou		SPECIES	Connochaetes gnou (Zimmermann, 1780)	Connochaetes gnou		ZA		Eastern Cape	PRESENT		28eb1a3f-1c15-4a95-931a-4af90ecb574d	-33.438162	26.252575	8.0						2022-05-28T09:14:55	28	5	2022	2441106	2441106	HUMAN_OBSERVATION	iNaturalist	Observations	119049891		jaxelliot	2022-05-28T12:37:53	CC_BY_NC_4_0	jaxelliot	jaxelliot			2024-07-09T17:04:11.233Z	StillImage	COORDINATE_ROUNDED;CONTINENT_DERIVED_FROM_COORDINATES;TAXON_MATCH_TAXON_ID_IGNORED
3826416919	8a863029-f435-446a-821e-275f4f641165	https://observation.org/observation/235188509	Animalia	Chordata	Mammalia	Artiodactyla	Bovidae	Connochaetes	Connochaetes gnou		SPECIES	Connochaetes gnou (Zimmermann, 1780)	Connochaetes gnou		ZA	Gauteng	Gauteng	PRESENT	1	c8d737e0-2ff8-42e8-b8fc-6b805d26fc5f	-25.880585	28.266985	25.0						2018-10-31	31	10	2018	2441106	2441106	HUMAN_OBSERVATION		Observations	OBS.235188509				CC_BY_NC_4_0	Stichting Observation International	User 256673			2024-06-18T20:26:52.778Z	StillImage	OCCURRENCE_STATUS_INFERRED_FROM_INDIVIDUAL_COUNT
3825828864	8a863029-f435-446a-821e-275f4f641165	https://observation.org/observation/239521497	Animalia	Chordata	Mammalia	Artiodactyla	Bovidae	Connochaetes	Connochaetes gnou		SPECIES	Connochaetes gnou (Zimmermann, 1780)	Connochaetes gnou		ZA	Golden Gate Highlands NP	Free State	PRESENT	1	c8d737e0-2ff8-42e8-b8fc-6b805d26fc5f	-28.513745	28.640102	100.0						2014-08-10	10	8	2014	2441106	2441106	HUMAN_OBSERVATION		Observations	OBS.239521497				CC_BY_NC_4_0	Stichting Observation International	User 44955			2024-06-18T20:26:56.788Z		COORDINATE_ROUNDED;OCCURRENCE_STATUS_INFERRED_FROM_INDIVIDUAL_COUNT
3802404482	50c9509d-22c7-4a22-a47d-8c48425ef4a7	https://www.inaturalist.org/observations/117829975	Animalia	Chordata	Mammalia	Artiodactyla	Bovidae	Connochaetes	Connochaetes gnou		SPECIES	Connochaetes gnou (Zimmermann, 1780)	Connochaetes gnou		ZA		Western Cape	PRESENT		28eb1a3f-1c15-4a95-931a-4af90ecb574d	-32.115673	19.124895	234.0						2015-11-25T18:56	25	11	2015	2441106	2441106	HUMAN_OBSERVATION	iNaturalist	Observations	117829975		Christiaan Viljoen	2022-05-20T06:46:10	CC_BY_4_0	Christiaan Viljoen	Christiaan Viljoen			2024-07-09T17:02:25.336Z	StillImage	COORDINATE_ROUNDED;CONTINENT_DERIVED_FROM_COORDINATES;TAXON_MATCH_TAXON_ID_IGNORED
3802404048	50c9509d-22c7-4a22-a47d-8c48425ef4a7	https://www.inaturalist.org/observations/118265306	Animalia	Chordata	Mammalia	Artiodactyla	Bovidae	Connochaetes	Connochaetes gnou		SPECIES	Connochaetes gnou (Zimmermann, 1780)	Connochaetes gnou		ZA		Gauteng	PRESENT		28eb1a3f-1c15-4a95-931a-4af90ecb574d	-26.062708	27.71257	310.0						2022-05-22T15:27:29	22	5	2022	2441106	2441106	HUMAN_OBSERVATION	iNaturalist	Observations	118265306		Grant Egen	2022-05-22T21:04:03	CC_BY_NC_4_0	Grant Egen	Grant Egen			2024-07-09T16:33:27.693Z	StillImage	COORDINATE_ROUNDED;CONTINENT_DERIVED_FROM_COORDINATES;TAXON_MATCH_TAXON_ID_IGNORED
3785010637	50c9509d-22c7-4a22-a47d-8c48425ef4a7	https://www.inaturalist.org/observations/117102205	Animalia	Chordata	Mammalia	Artiodactyla	Bovidae	Connochaetes	Connochaetes gnou		SPECIES	Connochaetes gnou (Zimmermann, 1780)	Connochaetes gnou		ZA		Gauteng	PRESENT		28eb1a3f-1c15-4a95-931a-4af90ecb574d	-25.708589	28.929971	15.0						2017-01-02T12:01	2	1	2017	2441106	2441106	HUMAN_OBSERVATION	iNaturalist	Observations	117102205		joggie	2022-05-15T08:14:41	CC_BY_NC_4_0	joggie	joggie			2024-07-09T17:02:51.297Z	StillImage	COORDINATE_ROUNDED;CONTINENT_DERIVED_FROM_COORDINATES;TAXON_MATCH_TAXON_ID_IGNORED
3773590809	50c9509d-22c7-4a22-a47d-8c48425ef4a7	https://www.inaturalist.org/observations/115584201	Animalia	Chordata	Mammalia	Artiodactyla	Bovidae	Connochaetes	Connochaetes gnou		SPECIES	Connochaetes gnou (Zimmermann, 1780)	Connochaetes gnou		ZA		Western Cape	PRESENT		28eb1a3f-1c15-4a95-931a-4af90ecb574d	-34.576276	19.881927	15.0						2022-04-30T09:19	30	4	2022	2441106	2441106	HUMAN_OBSERVATION	iNaturalist	Observations	115584201		linkie	2022-05-05T16:30:08	CC_BY_NC_4_0	linkie	linkie			2024-07-09T16:32:55.665Z	StillImage	COORDINATE_ROUNDED;CONTINENT_DERIVED_FROM_COORDINATES;TAXON_MATCH_TAXON_ID_IGNORED
3773453809	50c9509d-22c7-4a22-a47d-8c48425ef4a7	https://www.inaturalist.org/observations/115300120	Animalia	Chordata	Mammalia	Artiodactyla	Bovidae	Connochaetes	Connochaetes gnou		SPECIES	Connochaetes gnou (Zimmermann, 1780)	Connochaetes gnou		ZA		Gauteng	PRESENT		28eb1a3f-1c15-4a95-931a-4af90ecb574d	-25.889293	28.293018	2.0						2020-10-21T07:17	21	10	2020	2441106	2441106	HUMAN_OBSERVATION	iNaturalist	Observations	115300120		jandutoit	2022-05-04T06:24:38	CC_BY_NC_4_0	jandutoit	jandutoit			2024-07-09T16:33:20.704Z	StillImage	COORDINATE_ROUNDED;CONTINENT_DERIVED_FROM_COORDINATES;TAXON_MATCH_TAXON_ID_IGNORED
3773208802	50c9509d-22c7-4a22-a47d-8c48425ef4a7	https://www.inaturalist.org/observations/114126847	Animalia	Chordata	Mammalia	Artiodactyla	Bovidae	Connochaetes	Connochaetes gnou		SPECIES	Connochaetes gnou (Zimmermann, 1780)	Connochaetes gnou		ZA		Gauteng	PRESENT		28eb1a3f-1c15-4a95-931a-4af90ecb574d	-25.848985	27.947586	4.0						2022-05-01T09:01:35	1	5	2022	2441106	2441106	HUMAN_OBSERVATION	iNaturalist	Observations	114126847		Arantxa	2022-05-06T09:11:26	CC_BY_NC_4_0	jdwebber	jdwebber			2024-07-09T16:33:36.821Z	StillImage	COORDINATE_ROUNDED;CONTINENT_DERIVED_FROM_COORDINATES;TAXON_MATCH_TAXON_ID_IGNORED
3773168088	50c9509d-22c7-4a22-a47d-8c48425ef4a7	https://www.inaturalist.org/observations/113705864	Animalia	Chordata	Mammalia	Artiodactyla	Bovidae	Connochaetes	Connochaetes gnou		SPECIES	Connochaetes gnou (Zimmermann, 1780)	Connochaetes gnou		ZA		Gauteng	PRESENT		28eb1a3f-1c15-4a95-931a-4af90ecb574d	-26.105796	27.723827	15.0						2016-09-11T11:43	11	9	2016	2441106	2441106	HUMAN_OBSERVATION	iNaturalist	Observations	113705864		joggie	2022-04-30T07:23:17	CC_BY_NC_4_0	joggie	joggie			2024-07-09T16:32:31.901Z	StillImage	COORDINATE_ROUNDED;CONTINENT_DERIVED_FROM_COORDINATES;TAXON_MATCH_TAXON_ID_IGNORED
3772869586	50c9509d-22c7-4a22-a47d-8c48425ef4a7	https://www.inaturalist.org/observations/114808646	Animalia	Chordata	Mammalia	Artiodactyla	Bovidae	Connochaetes	Connochaetes gnou		SPECIES	Connochaetes gnou (Zimmermann, 1780)	Connochaetes gnou		ZA		Gauteng	PRESENT		28eb1a3f-1c15-4a95-931a-4af90ecb574d	-25.901037	28.292483	8.0						2022-05-01T08:23	1	5	2022	2441106	2441106	HUMAN_OBSERVATION	iNaturalist	Observations	114808646		Allen Birdcam	2022-05-02T18:57:37	CC_BY_NC_4_0	Allen Birdcam	Allen Birdcam			2024-07-09T16:32:56.695Z	StillImage	COORDINATE_ROUNDED;CONTINENT_DERIVED_FROM_COORDINATES;TAXON_MATCH_TAXON_ID_IGNORED
3772703764	50c9509d-22c7-4a22-a47d-8c48425ef4a7	https://www.inaturalist.org/observations/113856964	Animalia	Chordata	Mammalia	Artiodactyla	Bovidae	Connochaetes	Connochaetes gnou		SPECIES	Connochaetes gnou (Zimmermann, 1780)	Connochaetes gnou		ZA		Gauteng	PRESENT		28eb1a3f-1c15-4a95-931a-4af90ecb574d	-25.882454	28.263869	201.0						2022-04-29T11:04:53	29	4	2022	2441106	2441106	HUMAN_OBSERVATION	iNaturalist	Observations	113856964		Vhonani Mulaudzi	2022-04-30T16:40:23	CC_BY_NC_4_0	Vhonani Mulaudzi	Vhonani Mulaudzi			2024-07-09T16:32:45.819Z	StillImage	COORDINATE_ROUNDED;CONTINENT_DERIVED_FROM_COORDINATES;TAXON_MATCH_TAXON_ID_IGNORED
3772439081	50c9509d-22c7-4a22-a47d-8c48425ef4a7	https://www.inaturalist.org/observations/113810897	Animalia	Chordata	Mammalia	Artiodactyla	Bovidae	Connochaetes	Connochaetes gnou		SPECIES	Connochaetes gnou (Zimmermann, 1780)	Connochaetes gnou		ZA		Western Cape	PRESENT		28eb1a3f-1c15-4a95-931a-4af90ecb574d	-34.587321	19.900159	962.0						2022-04-30T12:01:09	30	4	2022	2441106	2441106	HUMAN_OBSERVATION	iNaturalist	Observations	113810897		C Hewitt	2022-04-30T15:18:11	CC_BY_NC_4_0	Heather D'Alton	Heather D'Alton			2024-07-09T17:03:19.049Z	StillImage	COORDINATE_ROUNDED;CONTINENT_DERIVED_FROM_COORDINATES;TAXON_MATCH_TAXON_ID_IGNORED
3764236175	50c9509d-22c7-4a22-a47d-8c48425ef4a7	https://www.inaturalist.org/observations/113069794	Animalia	Chordata	Mammalia	Artiodactyla	Bovidae	Connochaetes	Connochaetes gnou		SPECIES	Connochaetes gnou (Zimmermann, 1780)	Connochaetes gnou		ZA		Gauteng	PRESENT		28eb1a3f-1c15-4a95-931a-4af90ecb574d	-25.8928	28.2816	200.0						2022-04-23T12:03	23	4	2022	2441106	2441106	HUMAN_OBSERVATION	iNaturalist	Observations	113069794		magdastlucia	2022-04-27T09:03:49	CC_BY_NC_4_0	magdastlucia	magdastlucia			2024-07-09T16:33:26.033Z	StillImage	CONTINENT_DERIVED_FROM_COORDINATES;TAXON_MATCH_TAXON_ID_IGNORED
3759964824	50c9509d-22c7-4a22-a47d-8c48425ef4a7	https://www.inaturalist.org/observations/111355904	Animalia	Chordata	Mammalia	Artiodactyla	Bovidae	Connochaetes	Connochaetes gnou		SPECIES	Connochaetes gnou (Zimmermann, 1780)	Connochaetes gnou		ZA		Eastern Cape	PRESENT		28eb1a3f-1c15-4a95-931a-4af90ecb574d	-33.20378	25.48329	5.0						2022-04-03T12:49	3	4	2022	2441106	2441106	HUMAN_OBSERVATION	iNaturalist	Observations	111355904		Nicola van Berkel	2022-04-13T22:12:10	CC_BY_4_0	Nicola van Berkel	Nicola van Berkel			2024-07-09T17:03:04.845Z	StillImage	CONTINENT_DERIVED_FROM_COORDINATES;TAXON_MATCH_TAXON_ID_IGNORED
3759690049	50c9509d-22c7-4a22-a47d-8c48425ef4a7	https://www.inaturalist.org/observations/110565845	Animalia	Chordata	Mammalia	Artiodactyla	Bovidae	Connochaetes	Connochaetes gnou		SPECIES	Connochaetes gnou (Zimmermann, 1780)	Connochaetes gnou		ZA		Western Cape	PRESENT		28eb1a3f-1c15-4a95-931a-4af90ecb574d	-34.081696	21.965079	122.0						2015-11-08T19:10	8	11	2015	2441106	2441106	HUMAN_OBSERVATION	iNaturalist	Observations	110565845		Christiaan Viljoen	2022-04-06T11:44:18	CC_BY_4_0	Christiaan Viljoen	Christiaan Viljoen			2024-07-09T17:03:17.965Z	StillImage	COORDINATE_ROUNDED;CONTINENT_DERIVED_FROM_COORDINATES;TAXON_MATCH_TAXON_ID_IGNORED
3759634111	50c9509d-22c7-4a22-a47d-8c48425ef4a7	https://www.inaturalist.org/observations/110568124	Animalia	Chordata	Mammalia	Artiodactyla	Bovidae	Connochaetes	Connochaetes gnou		SPECIES	Connochaetes gnou (Zimmermann, 1780)	Connochaetes gnou		ZA		Eastern Cape	PRESENT		28eb1a3f-1c15-4a95-931a-4af90ecb574d	-32.180895	24.51318	324.0						2015-11-24T19:08	24	11	2015	2441106	2441106	HUMAN_OBSERVATION	iNaturalist	Observations	110568124		Christiaan Viljoen	2022-04-06T12:33:22	CC_BY_4_0	Christiaan Viljoen	Christiaan Viljoen			2024-07-09T17:03:06.782Z	StillImage	COORDINATE_ROUNDED;CONTINENT_DERIVED_FROM_COORDINATES;TAXON_MATCH_TAXON_ID_IGNORED
3759603152	50c9509d-22c7-4a22-a47d-8c48425ef4a7	https://www.inaturalist.org/observations/111610862	Animalia	Chordata	Mammalia	Artiodactyla	Bovidae	Connochaetes	Connochaetes gnou		SPECIES	Connochaetes gnou (Zimmermann, 1780)	Connochaetes gnou		ZA		Gauteng	PRESENT		28eb1a3f-1c15-4a95-931a-4af90ecb574d	-25.90981	28.279406							2016-08-26T09:04	26	8	2016	2441106	2441106	HUMAN_OBSERVATION	iNaturalist	Observations	111610862		Colin Ralston	2022-04-16T05:16:35	CC_BY_NC_4_0	joggie	joggie			2024-07-09T17:03:16.424Z	StillImage	CONTINENT_DERIVED_FROM_COORDINATES;TAXON_MATCH_TAXON_ID_IGNORED
3747322939	50c9509d-22c7-4a22-a47d-8c48425ef4a7	https://www.inaturalist.org/observations/109126783	Animalia	Chordata	Mammalia	Artiodactyla	Bovidae	Connochaetes	Connochaetes gnou		SPECIES	Connochaetes gnou (Zimmermann, 1780)	Connochaetes gnou		ZA		Eastern Cape	PRESENT		28eb1a3f-1c15-4a95-931a-4af90ecb574d	-32.195628	25.418635	15.0						2022-01-27T17:04	27	1	2022	2441106	2441106	HUMAN_OBSERVATION	iNaturalist	Observations	109126783		Niall Perrins	2022-03-21T07:32:40	CC_BY_NC_4_0	Niall Perrins	Niall Perrins			2024-07-09T17:01:53.709Z	StillImage	COORDINATE_ROUNDED;CONTINENT_DERIVED_FROM_COORDINATES;TAXON_MATCH_TAXON_ID_IGNORED
3747138639	50c9509d-22c7-4a22-a47d-8c48425ef4a7	https://www.inaturalist.org/observations/109458143	Animalia	Chordata	Mammalia	Artiodactyla	Bovidae	Connochaetes	Connochaetes gnou		SPECIES	Connochaetes gnou (Zimmermann, 1780)	Connochaetes gnou		ZA		Northern Cape	PRESENT		28eb1a3f-1c15-4a95-931a-4af90ecb574d	-30.935539	25.047719	5156.0						2022-03-23T06:50:28	23	3	2022	2441106	2441106	HUMAN_OBSERVATION	iNaturalist	Observations	109458143		Fred Berrington	2022-03-25T15:18:19	CC_BY_NC_4_0	Fred Berrington	Fred Berrington			2024-07-09T16:32:15.795Z	StillImage	COORDINATE_ROUNDED;CONTINENT_DERIVED_FROM_COORDINATES;TAXON_MATCH_TAXON_ID_IGNORED
3747050907	50c9509d-22c7-4a22-a47d-8c48425ef4a7	https://www.inaturalist.org/observations/109398448	Animalia	Chordata	Mammalia	Artiodactyla	Bovidae	Connochaetes	Connochaetes gnou		SPECIES	Connochaetes gnou (Zimmermann, 1780)	Connochaetes gnou		ZA		Free State	PRESENT		28eb1a3f-1c15-4a95-931a-4af90ecb574d	-28.529305	28.62926							2022-03-13T12:11	13	3	2022	2441106	2441106	HUMAN_OBSERVATION	iNaturalist	Observations	109398448		Andre Harmse	2022-03-24T20:13:09	CC_BY_NC_4_0	Andre Harmse	Andre Harmse			2024-07-09T16:32:06.223Z	StillImage	CONTINENT_DERIVED_FROM_COORDINATES;TAXON_MATCH_TAXON_ID_IGNORED
3743319797	50c9509d-22c7-4a22-a47d-8c48425ef4a7	https://www.inaturalist.org/observations/108610481	Animalia	Chordata	Mammalia	Artiodactyla	Bovidae	Connochaetes	Connochaetes gnou		SPECIES	Connochaetes gnou (Zimmermann, 1780)	Connochaetes gnou		ZA		Free State	PRESENT		28eb1a3f-1c15-4a95-931a-4af90ecb574d	-28.276006	27.210018	30.0						2021-12-14T10:35	14	12	2021	2441106	2441106	HUMAN_OBSERVATION	iNaturalist	Observations	108610481		Gigi Laidler	2022-03-14T21:04:56	CC_BY_NC_4_0	Gigi Laidler	Gigi Laidler			2024-07-09T16:32:01.884Z	StillImage	CONTINENT_DERIVED_FROM_COORDINATES;TAXON_MATCH_TAXON_ID_IGNORED
3743307025	50c9509d-22c7-4a22-a47d-8c48425ef4a7	https://www.inaturalist.org/observations/108670235	Animalia	Chordata	Mammalia	Artiodactyla	Bovidae	Connochaetes	Connochaetes gnou		SPECIES	Connochaetes gnou (Zimmermann, 1780)	Connochaetes gnou		ZA		Free State	PRESENT		28eb1a3f-1c15-4a95-931a-4af90ecb574d	-28.296919	27.266015	20.0						2021-12-14T13:14	14	12	2021	2441106	2441106	HUMAN_OBSERVATION	iNaturalist	Observations	108670235		Gigi Laidler	2022-03-15T18:44:29	CC_BY_NC_4_0	Gigi Laidler	Gigi Laidler			2024-07-09T16:31:58.097Z	StillImage	CONTINENT_DERIVED_FROM_COORDINATES;TAXON_MATCH_TAXON_ID_IGNORED
3742986785	50c9509d-22c7-4a22-a47d-8c48425ef4a7	https://www.inaturalist.org/observations/108523282	Animalia	Chordata	Mammalia	Artiodactyla	Bovidae	Connochaetes	Connochaetes gnou		SPECIES	Connochaetes gnou (Zimmermann, 1780)	Connochaetes gnou		ZA		Eastern Cape	PRESENT		28eb1a3f-1c15-4a95-931a-4af90ecb574d	-32.184277	24.523432	20.0						2022-03-13T15:36:18	13	3	2022	2441106	2441106	HUMAN_OBSERVATION	iNaturalist	Observations	108523282		klaaslindasteyn	2022-03-13T18:21:27	CC_BY_NC_4_0	klaaslindasteyn	klaaslindasteyn			2024-07-09T16:32:09.261Z	StillImage	COORDINATE_ROUNDED;CONTINENT_DERIVED_FROM_COORDINATES;TAXON_MATCH_TAXON_ID_IGNORED
3732149234	8a863029-f435-446a-821e-275f4f641165	https://observation.org/observation/231005027	Animalia	Chordata	Mammalia	Artiodactyla	Bovidae	Connochaetes	Connochaetes gnou		SPECIES	Connochaetes gnou (Zimmermann, 1780)	Connochaetes gnou		ZA	Golden Gate Highlands NP	Free State	PRESENT	1	c8d737e0-2ff8-42e8-b8fc-6b805d26fc5f	-28.517876	28.626967	100.0						2015-02-08	8	2	2015	2441106	2441106	HUMAN_OBSERVATION		Observations	OBS.231005027				CC_BY_NC_4_0	Stichting Observation International	User 108499			2024-06-18T20:37:55.143Z		COORDINATE_ROUNDED;OCCURRENCE_STATUS_INFERRED_FROM_INDIVIDUAL_COUNT
3725267337	8a863029-f435-446a-821e-275f4f641165	https://observation.org/observation/176958039	Animalia	Chordata	Mammalia	Artiodactyla	Bovidae	Connochaetes	Connochaetes gnou		SPECIES	Connochaetes gnou (Zimmermann, 1780)	Connochaetes gnou		ZA	Golden Gate Highlands NP	Free State	PRESENT	1	c8d737e0-2ff8-42e8-b8fc-6b805d26fc5f	-28.515406	28.649037	24.0						2019-07-25	25	7	2019	2441106	2441106	HUMAN_OBSERVATION		Observations	OBS.176958039				CC_BY_NC_4_0	Stichting Observation International	User 40237			2024-06-18T20:36:18.456Z		COORDINATE_ROUNDED;OCCURRENCE_STATUS_INFERRED_FROM_INDIVIDUAL_COUNT
3725257244	8a863029-f435-446a-821e-275f4f641165	https://observation.org/observation/177041728	Animalia	Chordata	Mammalia	Artiodactyla	Bovidae	Connochaetes	Connochaetes gnou		SPECIES	Connochaetes gnou (Zimmermann, 1780)	Connochaetes gnou		NA	Erongo	Erongo	PRESENT	1	c8d737e0-2ff8-42e8-b8fc-6b805d26fc5f	-21.430362	16.500535	10.0						2019-07-26	26	7	2019	2441106	2441106	HUMAN_OBSERVATION		Observations	OBS.177041728				CC_BY_NC_4_0	Stichting Observation International	User 123214			2024-06-18T20:25:01.884Z		COORDINATE_ROUNDED;OCCURRENCE_STATUS_INFERRED_FROM_INDIVIDUAL_COUNT
3725221279	8a863029-f435-446a-821e-275f4f641165	https://observation.org/observation/177041847	Animalia	Chordata	Mammalia	Artiodactyla	Bovidae	Connochaetes	Connochaetes gnou		SPECIES	Connochaetes gnou (Zimmermann, 1780)	Connochaetes gnou		NA	Erongo	Erongo	PRESENT	11	c8d737e0-2ff8-42e8-b8fc-6b805d26fc5f	-21.430317	16.500573	10.0						2019-07-26	26	7	2019	2441106	2441106	HUMAN_OBSERVATION		Observations	OBS.177041847				CC_BY_NC_4_0	Stichting Observation International	User 123214			2024-06-18T20:37:20.966Z		COORDINATE_ROUNDED;OCCURRENCE_STATUS_INFERRED_FROM_INDIVIDUAL_COUNT
3723086827	8a863029-f435-446a-821e-275f4f641165	https://observation.org/observation/230427202	Animalia	Chordata	Mammalia	Artiodactyla	Bovidae	Connochaetes	Connochaetes gnou		SPECIES	Connochaetes gnou (Zimmermann, 1780)	Connochaetes gnou		ZA	Free State	Free State	PRESENT	1	c8d737e0-2ff8-42e8-b8fc-6b805d26fc5f	-29.838575	24.818401	83.0						2021-12-08	8	12	2021	2441106	2441106	HUMAN_OBSERVATION		Observations	OBS.230427202				CC_BY_NC_4_0	Stichting Observation International	User 65111			2024-06-18T20:26:41.395Z		OCCURRENCE_STATUS_INFERRED_FROM_INDIVIDUAL_COUNT
3723025008	8a863029-f435-446a-821e-275f4f641165	https://observation.org/observation/229483591	Animalia	Chordata	Mammalia	Artiodactyla	Bovidae	Connochaetes	Connochaetes gnou		SPECIES	Connochaetes gnou (Zimmermann, 1780)	Connochaetes gnou		ZA	Golden Gate Highlands NP	Free State	PRESENT	1	c8d737e0-2ff8-42e8-b8fc-6b805d26fc5f	-28.510788	28.655083	4.0						2021-11-17	17	11	2021	2441106	2441106	HUMAN_OBSERVATION		Observations	OBS.229483591				CC_BY_NC_4_0	Stichting Observation International	User 50108			2024-06-18T20:37:36.852Z		COORDINATE_ROUNDED;OCCURRENCE_STATUS_INFERRED_FROM_INDIVIDUAL_COUNT
3715763184	8a863029-f435-446a-821e-275f4f641165	https://observation.org/observation/164361947	Animalia	Chordata	Mammalia	Artiodactyla	Bovidae	Connochaetes	Connochaetes gnou		SPECIES	Connochaetes gnou (Zimmermann, 1780)	Connochaetes gnou		NA	Erongo	Erongo	PRESENT	15	c8d737e0-2ff8-42e8-b8fc-6b805d26fc5f	-21.40284	16.485243	25.0						2018-11-02	2	11	2018	2441106	2441106	HUMAN_OBSERVATION		Observations	OBS.164361947				CC_BY_NC_4_0	Stichting Observation International	User 21488			2024-06-18T20:24:30.829Z		COORDINATE_ROUNDED;OCCURRENCE_STATUS_INFERRED_FROM_INDIVIDUAL_COUNT
3712485706	50c9509d-22c7-4a22-a47d-8c48425ef4a7	https://www.inaturalist.org/observations/108259787	Animalia	Chordata	Mammalia	Artiodactyla	Bovidae	Connochaetes	Connochaetes gnou		SPECIES	Connochaetes gnou (Zimmermann, 1780)	Connochaetes gnou		ZA		Gauteng	PRESENT		28eb1a3f-1c15-4a95-931a-4af90ecb574d	-25.707873	28.918989	2503.0						2020-08-09T06:55	9	8	2020	2441106	2441106	HUMAN_OBSERVATION	iNaturalist	Observations	108259787		Andre Harmse	2022-03-09T21:08:39	CC_BY_NC_4_0	Andre Harmse	Andre Harmse			2024-07-09T17:02:44.394Z	StillImage	COORDINATE_ROUNDED;CONTINENT_DERIVED_FROM_COORDINATES;TAXON_MATCH_TAXON_ID_IGNORED
3712453162	50c9509d-22c7-4a22-a47d-8c48425ef4a7	https://www.inaturalist.org/observations/108257280	Animalia	Chordata	Mammalia	Artiodactyla	Bovidae	Connochaetes	Connochaetes gnou		SPECIES	Connochaetes gnou (Zimmermann, 1780)	Connochaetes gnou		ZA		Gauteng	PRESENT		28eb1a3f-1c15-4a95-931a-4af90ecb574d	-25.710317	28.924714	2128.0						2020-08-10T07:20	10	8	2020	2441106	2441106	HUMAN_OBSERVATION	iNaturalist	Observations	108257280		Andre Harmse	2022-03-09T20:21:56	CC_BY_NC_4_0	Andre Harmse	Andre Harmse			2024-07-09T16:32:31.648Z	StillImage	COORDINATE_ROUNDED;CONTINENT_DERIVED_FROM_COORDINATES;TAXON_MATCH_TAXON_ID_IGNORED
3712449794	50c9509d-22c7-4a22-a47d-8c48425ef4a7	https://www.inaturalist.org/observations/108259793	Animalia	Chordata	Mammalia	Artiodactyla	Bovidae	Connochaetes	Connochaetes gnou		SPECIES	Connochaetes gnou (Zimmermann, 1780)	Connochaetes gnou		ZA		Gauteng	PRESENT		28eb1a3f-1c15-4a95-931a-4af90ecb574d	-25.707873	28.918989	2503.0						2020-08-09T07:20	9	8	2020	2441106	2441106	HUMAN_OBSERVATION	iNaturalist	Observations	108259793		Andre Harmse	2022-03-09T21:08:42	CC_BY_NC_4_0	Andre Harmse	Andre Harmse			2024-07-09T16:31:56.630Z	StillImage	COORDINATE_ROUNDED;CONTINENT_DERIVED_FROM_COORDINATES;TAXON_MATCH_TAXON_ID_IGNORED
3712406785	50c9509d-22c7-4a22-a47d-8c48425ef4a7	https://www.inaturalist.org/observations/108259794	Animalia	Chordata	Mammalia	Artiodactyla	Bovidae	Connochaetes	Connochaetes gnou		SPECIES	Connochaetes gnou (Zimmermann, 1780)	Connochaetes gnou		ZA		Gauteng	PRESENT		28eb1a3f-1c15-4a95-931a-4af90ecb574d	-25.707873	28.918989	2503.0						2020-08-09T07:30	9	8	2020	2441106	2441106	HUMAN_OBSERVATION	iNaturalist	Observations	108259794		Andre Harmse	2022-03-09T21:08:42	CC_BY_NC_4_0	Andre Harmse	Andre Harmse			2024-07-09T16:31:56.001Z	StillImage	COORDINATE_ROUNDED;CONTINENT_DERIVED_FROM_COORDINATES;TAXON_MATCH_TAXON_ID_IGNORED
3705646598	50c9509d-22c7-4a22-a47d-8c48425ef4a7	https://www.inaturalist.org/observations/107566648	Animalia	Chordata	Mammalia	Artiodactyla	Bovidae	Connochaetes	Connochaetes gnou		SPECIES	Connochaetes gnou (Zimmermann, 1780)	Connochaetes gnou		ZA		Eastern Cape	PRESENT		28eb1a3f-1c15-4a95-931a-4af90ecb574d	-32.174937	24.510865	6.0						2022-02-27T14:33:25	27	2	2022	2441106	2441106	HUMAN_OBSERVATION	iNaturalist	Observations	107566648		Manuel R Popp	2022-02-27T17:06:07	CC0_1_0	Manuel R Popp	Manuel R Popp			2024-07-09T16:32:15.354Z	StillImage	COORDINATE_ROUNDED;CONTINENT_DERIVED_FROM_COORDINATES;TAXON_MATCH_TAXON_ID_IGNORED
3705524982	50c9509d-22c7-4a22-a47d-8c48425ef4a7	https://www.inaturalist.org/observations/107746367	Animalia	Chordata	Mammalia	Artiodactyla	Bovidae	Connochaetes	Connochaetes gnou		SPECIES	Connochaetes gnou (Zimmermann, 1780)	Connochaetes gnou		ZA		Gauteng	PRESENT		28eb1a3f-1c15-4a95-931a-4af90ecb574d	-26.103172	27.714895	1702.0						1985-06-09	9	6	1985	2441106	2441106	HUMAN_OBSERVATION	iNaturalist	Observations	107746367		Pete Woodall	2022-03-02T04:30:52	CC_BY_NC_4_0	Pete Woodall	Pete Woodall			2024-07-09T17:02:40.958Z	StillImage	COORDINATE_ROUNDED;CONTINENT_DERIVED_FROM_COORDINATES;TAXON_MATCH_TAXON_ID_IGNORED
3698249016	50c9509d-22c7-4a22-a47d-8c48425ef4a7	https://www.inaturalist.org/observations/107247789	Animalia	Chordata	Mammalia	Artiodactyla	Bovidae	Connochaetes	Connochaetes gnou		SPECIES	Connochaetes gnou (Zimmermann, 1780)	Connochaetes gnou		ZA		Gauteng	PRESENT		28eb1a3f-1c15-4a95-931a-4af90ecb574d	-25.878207	28.289018	4379.0						2022-01-19T04:08Z	19	1	2022	2441106	2441106	HUMAN_OBSERVATION	iNaturalist	Observations	107247789		hermanvw	2022-02-22T12:07:36	CC_BY_NC_4_0	hermanvw	hermanvw			2024-07-09T17:01:50.680Z	StillImage	COORDINATE_ROUNDED;CONTINENT_DERIVED_FROM_COORDINATES;TAXON_MATCH_TAXON_ID_IGNORED
3698212615	50c9509d-22c7-4a22-a47d-8c48425ef4a7	https://www.inaturalist.org/observations/107098998	Animalia	Chordata	Mammalia	Artiodactyla	Bovidae	Connochaetes	Connochaetes gnou		SPECIES	Connochaetes gnou (Zimmermann, 1780)	Connochaetes gnou		NA		Otjozondjupa	PRESENT		28eb1a3f-1c15-4a95-931a-4af90ecb574d	-20.365571	16.918635	7813.0						2022-02-05T11:57	5	2	2022	2441106	2441106	HUMAN_OBSERVATION	iNaturalist	Observations	107098998		Roman Burkardt	2022-02-20T10:13:10	CC_BY_NC_4_0	Roman Burkardt	Roman Burkardt			2024-07-09T16:32:41.567Z	StillImage	COORDINATE_ROUNDED;CONTINENT_DERIVED_FROM_COORDINATES;TAXON_MATCH_TAXON_ID_IGNORED
3499447005	50c9509d-22c7-4a22-a47d-8c48425ef4a7	https://www.inaturalist.org/observations/106745201	Animalia	Chordata	Mammalia	Artiodactyla	Bovidae	Connochaetes	Connochaetes gnou		SPECIES	Connochaetes gnou (Zimmermann, 1780)	Connochaetes gnou		ZA		Western Cape	PRESENT		28eb1a3f-1c15-4a95-931a-4af90ecb574d	-34.64533	19.835923							2022-02-12T18:52:22	12	2	2022	2441106	2441106	HUMAN_OBSERVATION	iNaturalist	Observations	106745201		Eugene Hahndiek	2022-02-14T15:11:30	CC_BY_NC_4_0	Eugene Hahndiek	Eugene Hahndiek			2024-07-09T16:32:38.886Z	StillImage	COORDINATE_ROUNDED;CONTINENT_DERIVED_FROM_COORDINATES;TAXON_MATCH_TAXON_ID_IGNORED
3468990828	50c9509d-22c7-4a22-a47d-8c48425ef4a7	https://www.inaturalist.org/observations/106235834	Animalia	Chordata	Mammalia	Artiodactyla	Bovidae	Connochaetes	Connochaetes gnou		SPECIES	Connochaetes gnou (Zimmermann, 1780)	Connochaetes gnou		ZA		Free State	PRESENT		28eb1a3f-1c15-4a95-931a-4af90ecb574d	-28.307733	27.30335	30.0						2022-01-30T10:31	30	1	2022	2441106	2441106	HUMAN_OBSERVATION	iNaturalist	Observations	106235834		Dewald du Plessis	2022-02-06T11:45:10	CC_BY_NC_4_0	Dewald du Plessis	Dewald du Plessis			2024-07-09T16:31:43.146Z	StillImage	COORDINATE_ROUNDED;CONTINENT_DERIVED_FROM_COORDINATES;TAXON_MATCH_TAXON_ID_IGNORED
3468917646	50c9509d-22c7-4a22-a47d-8c48425ef4a7	https://www.inaturalist.org/observations/106260964	Animalia	Chordata	Mammalia	Artiodactyla	Bovidae	Connochaetes	Connochaetes gnou		SPECIES	Connochaetes gnou (Zimmermann, 1780)	Connochaetes gnou		ZA		Eastern Cape	PRESENT		28eb1a3f-1c15-4a95-931a-4af90ecb574d	-32.135713	24.518241	9202.0						2022-01-02T10:49Z	2	1	2022	2441106	2441106	HUMAN_OBSERVATION	iNaturalist	Observations	106260964		hermanvw	2022-02-06T19:41:35	CC_BY_NC_4_0	hermanvw	hermanvw			2024-07-09T16:32:33.178Z	StillImage	COORDINATE_ROUNDED;CONTINENT_DERIVED_FROM_COORDINATES;TAXON_MATCH_TAXON_ID_IGNORED
3468847766	50c9509d-22c7-4a22-a47d-8c48425ef4a7	https://www.inaturalist.org/observations/106235702	Animalia	Chordata	Mammalia	Artiodactyla	Bovidae	Connochaetes	Connochaetes gnou		SPECIES	Connochaetes gnou (Zimmermann, 1780)	Connochaetes gnou		ZA		Free State	PRESENT		28eb1a3f-1c15-4a95-931a-4af90ecb574d	-28.305171	27.310803	30.0						2022-01-30T11:29	30	1	2022	2441106	2441106	HUMAN_OBSERVATION	iNaturalist	Observations	106235702		Dewald du Plessis	2022-02-06T11:41:26	CC_BY_NC_4_0	Dewald du Plessis	Dewald du Plessis			2024-07-09T16:32:59.808Z	StillImage	COORDINATE_ROUNDED;CONTINENT_DERIVED_FROM_COORDINATES;TAXON_MATCH_TAXON_ID_IGNORED
3466504782	50c9509d-22c7-4a22-a47d-8c48425ef4a7	https://www.inaturalist.org/observations/105702425	Animalia	Chordata	Mammalia	Artiodactyla	Bovidae	Connochaetes	Connochaetes gnou		SPECIES	Connochaetes gnou (Zimmermann, 1780)	Connochaetes gnou		ZA		Eastern Cape	PRESENT		28eb1a3f-1c15-4a95-931a-4af90ecb574d	-32.198201	24.50532	61.0						2015-10-08T08:53	8	10	2015	2441106	2441106	HUMAN_OBSERVATION	iNaturalist	Observations	105702425		Christiaan Viljoen	2022-01-28T06:02:06	CC_BY_4_0	Christiaan Viljoen	Christiaan Viljoen			2024-07-09T16:31:49.215Z	StillImage	COORDINATE_ROUNDED;CONTINENT_DERIVED_FROM_COORDINATES;TAXON_MATCH_TAXON_ID_IGNORED
3457201205	50c9509d-22c7-4a22-a47d-8c48425ef4a7	https://www.inaturalist.org/observations/104423118	Animalia	Chordata	Mammalia	Artiodactyla	Bovidae	Connochaetes	Connochaetes gnou		SPECIES	Connochaetes gnou (Zimmermann, 1780)	Connochaetes gnou		ZA		Free State	PRESENT		28eb1a3f-1c15-4a95-931a-4af90ecb574d	-28.55155	28.629633	30.0						2008-05-31T11:45	31	5	2008	2441106	2441106	HUMAN_OBSERVATION	iNaturalist	Observations	104423118		Dewald du Plessis	2022-01-05T20:24:16	CC_BY_NC_4_0	Dewald du Plessis	Dewald du Plessis			2024-07-09T17:03:14.237Z	StillImage	COORDINATE_ROUNDED;CONTINENT_DERIVED_FROM_COORDINATES;TAXON_MATCH_TAXON_ID_IGNORED
3457176839	50c9509d-22c7-4a22-a47d-8c48425ef4a7	https://www.inaturalist.org/observations/104878058	Animalia	Chordata	Mammalia	Artiodactyla	Bovidae	Connochaetes	Connochaetes gnou		SPECIES	Connochaetes gnou (Zimmermann, 1780)	Connochaetes gnou		ZA		Northern Cape	PRESENT		28eb1a3f-1c15-4a95-931a-4af90ecb574d	-30.351684	19.921875	1000000.0						2008-02-17T07:49Z	17	2	2008	2441106	2441106	HUMAN_OBSERVATION	iNaturalist	Observations	104878058		Matthew Inabinett	2022-01-13T19:53:54	CC_BY_NC_4_0	Uso Inteligente ASV AC	Uso Inteligente ASV AC			2024-07-09T16:31:53.235Z	StillImage	COORDINATE_ROUNDED;CONTINENT_DERIVED_FROM_COORDINATES;TAXON_MATCH_TAXON_ID_IGNORED
3457149030	50c9509d-22c7-4a22-a47d-8c48425ef4a7	https://www.inaturalist.org/observations/104362829	Animalia	Chordata	Mammalia	Artiodactyla	Bovidae	Connochaetes	Connochaetes gnou		SPECIES	Connochaetes gnou (Zimmermann, 1780)	Connochaetes gnou		ZA		Free State	PRESENT		28eb1a3f-1c15-4a95-931a-4af90ecb574d	-28.488502	28.743336	30.0						2007-02-04T10:09	4	2	2007	2441106	2441106	HUMAN_OBSERVATION	iNaturalist	Observations	104362829		Dewald du Plessis	2022-01-04T20:09:37	CC_BY_NC_4_0	Dewald du Plessis	Dewald du Plessis			2024-07-09T16:32:10.032Z	StillImage	COORDINATE_ROUNDED;CONTINENT_DERIVED_FROM_COORDINATES;TAXON_MATCH_TAXON_ID_IGNORED
3457008615	50c9509d-22c7-4a22-a47d-8c48425ef4a7	https://www.inaturalist.org/observations/102464068	Animalia	Chordata	Mammalia	Artiodactyla	Bovidae	Connochaetes	Connochaetes gnou		SPECIES	Connochaetes gnou (Zimmermann, 1780)	Connochaetes gnou		ZA		Free State	PRESENT		28eb1a3f-1c15-4a95-931a-4af90ecb574d	-28.513053	28.620395	32.0						2021-12-04T09:13:38	4	12	2021	2441106	2441106	HUMAN_OBSERVATION	iNaturalist	Observations	102464068		Presha Soogrim (she/her)	2021-12-04T13:11:58	CC_BY_NC_4_0	Presha Soogrim (she/her)	Presha Soogrim (she/her)			2024-07-09T16:31:36.488Z	StillImage	COORDINATE_ROUNDED;CONTINENT_DERIVED_FROM_COORDINATES;TAXON_MATCH_TAXON_ID_IGNORED
3456541848	50c9509d-22c7-4a22-a47d-8c48425ef4a7	https://www.inaturalist.org/observations/104424742	Animalia	Chordata	Mammalia	Artiodactyla	Bovidae	Connochaetes	Connochaetes gnou		SPECIES	Connochaetes gnou (Zimmermann, 1780)	Connochaetes gnou		ZA		Free State	PRESENT		28eb1a3f-1c15-4a95-931a-4af90ecb574d	-28.516456	28.575843	30.0						2007-02-03T17:15	3	2	2007	2441106	2441106	HUMAN_OBSERVATION	iNaturalist	Observations	104424742		Dewald du Plessis	2022-01-05T20:59:35	CC_BY_NC_4_0	Dewald du Plessis	Dewald du Plessis			2024-07-09T17:03:14.244Z	StillImage	COORDINATE_ROUNDED;CONTINENT_DERIVED_FROM_COORDINATES;TAXON_MATCH_TAXON_ID_IGNORED
3456357141	50c9509d-22c7-4a22-a47d-8c48425ef4a7	https://www.inaturalist.org/observations/104015940	Animalia	Chordata	Mammalia	Artiodactyla	Bovidae	Connochaetes	Connochaetes gnou		SPECIES	Connochaetes gnou (Zimmermann, 1780)	Connochaetes gnou		ZA		Eastern Cape	PRESENT		28eb1a3f-1c15-4a95-931a-4af90ecb574d	-32.168819	25.422045	14031.0						2021-12-30T17:37:54	30	12	2021	2441106	2441106	HUMAN_OBSERVATION	iNaturalist	Observations	104015940		Siegwalt U Küsel	2021-12-31T06:11:06	CC_BY_NC_4_0	Siegwalt U Küsel	Siegwalt U Küsel			2024-07-09T17:02:40.204Z	StillImage	COORDINATE_ROUNDED;CONTINENT_DERIVED_FROM_COORDINATES;TAXON_MATCH_TAXON_ID_IGNORED
3456305859	50c9509d-22c7-4a22-a47d-8c48425ef4a7	https://www.inaturalist.org/observations/39182726	Animalia	Chordata	Mammalia	Artiodactyla	Bovidae	Connochaetes	Connochaetes gnou		SPECIES	Connochaetes gnou (Zimmermann, 1780)	Connochaetes gnou		ZA		Mpumalanga	PRESENT		28eb1a3f-1c15-4a95-931a-4af90ecb574d	-25.616814	30.220327	15.0						2020-01-01T13:25	1	1	2020	2441106	2441106	HUMAN_OBSERVATION	iNaturalist	Observations	39182726		Michal Sloviak	2020-02-24T22:43:58	CC0_1_0	Nathan Earley	Nathan Earley			2024-07-09T16:20:20.162Z	StillImage	COORDINATE_ROUNDED;CONTINENT_DERIVED_FROM_COORDINATES;TAXON_MATCH_TAXON_ID_IGNORED
3455788615	50c9509d-22c7-4a22-a47d-8c48425ef4a7	https://www.inaturalist.org/observations/36640747	Animalia	Chordata	Mammalia	Artiodactyla	Bovidae	Connochaetes	Connochaetes gnou		SPECIES	Connochaetes gnou (Zimmermann, 1780)	Connochaetes gnou		ZA		Western Cape	PRESENT		28eb1a3f-1c15-4a95-931a-4af90ecb574d	-33.518417	22.278874	61.0						2019-10-30T08:42	30	10	2019	2441106	2441106	HUMAN_OBSERVATION	iNaturalist	Observations	36640747		Nathan Earley	2019-12-14T11:55:02	CC0_1_0	Nathan Earley	Nathan Earley			2024-07-09T16:55:05.927Z	StillImage	COORDINATE_ROUNDED;CONTINENT_DERIVED_FROM_COORDINATES;TAXON_MATCH_TAXON_ID_IGNORED
3455741310	50c9509d-22c7-4a22-a47d-8c48425ef4a7	https://www.inaturalist.org/observations/104022000	Animalia	Chordata	Mammalia	Artiodactyla	Bovidae	Connochaetes	Connochaetes gnou		SPECIES	Connochaetes gnou (Zimmermann, 1780)	Connochaetes gnou		ZA		Eastern Cape	PRESENT		28eb1a3f-1c15-4a95-931a-4af90ecb574d	-33.211942	25.49987	195.0						2021-12-24T18:00	24	12	2021	2441106	2441106	HUMAN_OBSERVATION	iNaturalist	Observations	104022000		Linde Muller	2021-12-31T09:44:47	CC_BY_NC_4_0	Linde Muller	Linde Muller			2024-07-09T16:31:15.641Z	StillImage	COORDINATE_ROUNDED;CONTINENT_DERIVED_FROM_COORDINATES;TAXON_MATCH_TAXON_ID_IGNORED
3455499909	50c9509d-22c7-4a22-a47d-8c48425ef4a7	https://www.inaturalist.org/observations/103362080	Animalia	Chordata	Mammalia	Artiodactyla	Bovidae	Connochaetes	Connochaetes gnou		SPECIES	Connochaetes gnou (Zimmermann, 1780)	Connochaetes gnou		ZA		Western Cape	PRESENT		28eb1a3f-1c15-4a95-931a-4af90ecb574d	-33.620315	20.928628	15.0						2020-01-08T09:25	8	1	2020	2441106	2441106	HUMAN_OBSERVATION	iNaturalist	Observations	103362080		ianrijsdijk	2021-12-20T12:26:46	CC_BY_NC_4_0	ianrijsdijk	ianrijsdijk			2024-07-09T17:01:14.651Z	StillImage	COORDINATE_ROUNDED;CONTINENT_DERIVED_FROM_COORDINATES;TAXON_MATCH_TAXON_ID_IGNORED
3398976187	50c9509d-22c7-4a22-a47d-8c48425ef4a7	https://www.inaturalist.org/observations/98375719	Animalia	Chordata	Mammalia	Artiodactyla	Bovidae	Connochaetes	Connochaetes gnou		SPECIES	Connochaetes gnou (Zimmermann, 1780)	Connochaetes gnou		ZA		KwaZulu-Natal	PRESENT		28eb1a3f-1c15-4a95-931a-4af90ecb574d	-29.537446	30.173271	30.0						2021-10-16T11:11	16	10	2021	2441106	2441106	HUMAN_OBSERVATION	iNaturalist	Observations	98375719		janet_taylor	2021-10-16T13:53:44	CC_BY_NC_4_0	janet_taylor	janet_taylor			2024-07-09T16:30:24.797Z	StillImage	COORDINATE_ROUNDED;CONTINENT_DERIVED_FROM_COORDINATES;TAXON_MATCH_TAXON_ID_IGNORED
3398858369	50c9509d-22c7-4a22-a47d-8c48425ef4a7	https://www.inaturalist.org/observations/99624416	Animalia	Chordata	Mammalia	Artiodactyla	Bovidae	Connochaetes	Connochaetes gnou		SPECIES	Connochaetes gnou (Zimmermann, 1780)	Connochaetes gnou		ZA		Eastern Cape	PRESENT		28eb1a3f-1c15-4a95-931a-4af90ecb574d	-32.195335	24.513864	122.0						2019-02-25T15:45	25	2	2019	2441106	2441106	HUMAN_OBSERVATION	iNaturalist	Observations	99624416		Benjamin Carbuccia	2021-10-28T13:26:09	CC_BY_4_0	Benjamin Carbuccia	Benjamin Carbuccia			2024-07-09T17:01:27.493Z	StillImage	COORDINATE_ROUNDED;CONTINENT_DERIVED_FROM_COORDINATES;TAXON_MATCH_TAXON_ID_IGNORED
3389186582	6ac3f774-d9fb-4796-b3e9-92bf6c81c084		Animalia	Chordata	Mammalia	Artiodactyla	Bovidae	Connochaetes	Connochaetes gnou		SPECIES	Connochaetes gnou (Zimmermann, 1780)	Connochaetes gnou		ZA	Mountain Zebra National Park		PRESENT		bb646dff-a905-4403-a49b-6d378c2cf0d9	-32.223839	25.479656	250.0						2008-02-21T00:00	21	2	2008	2441106	2441106	HUMAN_OBSERVATION	naturgucker	naturgucker	-642352389				CC_BY_4_0		870619392			2024-03-15T23:21:04.002Z	StillImage	COORDINATE_ROUNDED;GEODETIC_DATUM_ASSUMED_WGS84;CONTINENT_DERIVED_FROM_COORDINATES
3387960296	6ac3f774-d9fb-4796-b3e9-92bf6c81c084		Animalia	Chordata	Mammalia	Artiodactyla	Bovidae	Connochaetes	Connochaetes gnou		SPECIES	Connochaetes gnou (Zimmermann, 1780)	Connochaetes gnou		ZA	Suikerbosrand Nature Reserve, Gauteng, South Africa		PRESENT		bb646dff-a905-4403-a49b-6d378c2cf0d9	-26.507446	28.212891	250.0						2004-05-15T00:00	15	5	2004	2441106	2441106	HUMAN_OBSERVATION	naturgucker	naturgucker	-424192914				CC_BY_4_0		177731058			2024-03-15T23:25:33.865Z		COORDINATE_ROUNDED;GEODETIC_DATUM_ASSUMED_WGS84;CONTINENT_DERIVED_FROM_COORDINATES;MULTIMEDIA_URI_INVALID
3385154616	50c9509d-22c7-4a22-a47d-8c48425ef4a7	https://www.inaturalist.org/observations/95526645	Animalia	Chordata	Mammalia	Artiodactyla	Bovidae	Connochaetes	Connochaetes gnou		SPECIES	Connochaetes gnou (Zimmermann, 1780)	Connochaetes gnou		ZA		Free State	PRESENT		28eb1a3f-1c15-4a95-931a-4af90ecb574d	-28.516097	28.634138	15.0						2019-03-25T09:29	25	3	2019	2441106	2441106	HUMAN_OBSERVATION	iNaturalist	Observations	95526645		jandutoit	2021-09-20T12:13:44	CC_BY_NC_4_0	jandutoit	jandutoit			2024-07-09T17:00:45.673Z	StillImage	COORDINATE_ROUNDED;CONTINENT_DERIVED_FROM_COORDINATES;TAXON_MATCH_TAXON_ID_IGNORED
3384565552	50c9509d-22c7-4a22-a47d-8c48425ef4a7	https://www.inaturalist.org/observations/97338520	Animalia	Chordata	Mammalia	Artiodactyla	Bovidae	Connochaetes	Connochaetes gnou		SPECIES	Connochaetes gnou (Zimmermann, 1780)	Connochaetes gnou		ZA		Northern Cape	PRESENT		28eb1a3f-1c15-4a95-931a-4af90ecb574d	-29.040182	24.489369	15.0						2019-03-22T07:56	22	3	2019	2441106	2441106	HUMAN_OBSERVATION	iNaturalist	Observations	97338520		jandutoit	2021-10-06T12:58:38	CC_BY_NC_4_0	jandutoit	jandutoit			2024-07-09T16:30:58.238Z	StillImage	COORDINATE_ROUNDED;CONTINENT_DERIVED_FROM_COORDINATES;TAXON_MATCH_TAXON_ID_IGNORED
3383861420	50c9509d-22c7-4a22-a47d-8c48425ef4a7	https://www.inaturalist.org/observations/39718995	Animalia	Chordata	Mammalia	Artiodactyla	Bovidae	Connochaetes	Connochaetes gnou		SPECIES	Connochaetes gnou (Zimmermann, 1780)	Connochaetes gnou		ZA		Free State	PRESENT		28eb1a3f-1c15-4a95-931a-4af90ecb574d	-28.507884	28.60314	6134.0						2013-12-01T15:48	1	12	2013	2441106	2441106	HUMAN_OBSERVATION	iNaturalist	Observations	39718995		ajott	2020-03-08T20:49:50	CC_BY_4_0	ajott	ajott			2024-07-09T16:54:56.105Z	StillImage	COORDINATE_ROUNDED;CONTINENT_DERIVED_FROM_COORDINATES;TAXON_MATCH_TAXON_ID_IGNORED
3344138609	50c9509d-22c7-4a22-a47d-8c48425ef4a7	https://www.inaturalist.org/observations/92258703	Animalia	Chordata	Mammalia	Artiodactyla	Bovidae	Connochaetes	Connochaetes gnou		SPECIES	Connochaetes gnou (Zimmermann, 1780)	Connochaetes gnou		ZA		Eastern Cape	PRESENT		28eb1a3f-1c15-4a95-931a-4af90ecb574d	-32.192369	24.510304	152.0						2021-08-20T09:22	20	8	2021	2441106	2441106	HUMAN_OBSERVATION	iNaturalist	Observations	92258703		Christiaan Viljoen	2021-08-23T17:22:37	CC_BY_4_0	Christiaan Viljoen	Christiaan Viljoen			2024-07-09T16:29:02.158Z	StillImage	COORDINATE_ROUNDED;CONTINENT_DERIVED_FROM_COORDINATES;TAXON_MATCH_TAXON_ID_IGNORED
3344109806	50c9509d-22c7-4a22-a47d-8c48425ef4a7	https://www.inaturalist.org/observations/92372527	Animalia	Chordata	Mammalia	Artiodactyla	Bovidae	Connochaetes	Connochaetes gnou		SPECIES	Connochaetes gnou (Zimmermann, 1780)	Connochaetes gnou		ZA		Free State	PRESENT		28eb1a3f-1c15-4a95-931a-4af90ecb574d	-28.808838	26.104259	196.0						2006-05-01T18:12	1	5	2006	2441106	2441106	HUMAN_OBSERVATION	iNaturalist	Observations	92372527		Dewald du Plessis	2021-08-24T16:25:02	CC_BY_NC_4_0	Dewald du Plessis	Dewald du Plessis			2024-07-09T16:29:19.656Z	StillImage	COORDINATE_ROUNDED;CONTINENT_DERIVED_FROM_COORDINATES;TAXON_MATCH_TAXON_ID_IGNORED
3344012660	50c9509d-22c7-4a22-a47d-8c48425ef4a7	https://www.inaturalist.org/observations/92332177	Animalia	Chordata	Mammalia	Artiodactyla	Bovidae	Connochaetes	Connochaetes gnou		SPECIES	Connochaetes gnou (Zimmermann, 1780)	Connochaetes gnou		ZA		Eastern Cape	PRESENT		28eb1a3f-1c15-4a95-931a-4af90ecb574d	-32.205295	25.422636	500.0						2012-08-08T16:57	8	8	2012	2441106	2441106	HUMAN_OBSERVATION	iNaturalist	Observations	92332177		Miguel A. Casado	2021-08-24T07:28:12	CC_BY_NC_4_0	Miguel A. Casado	Miguel A. Casado			2024-07-09T17:01:04.585Z	StillImage	CONTINENT_DERIVED_FROM_COORDINATES;TAXON_MATCH_TAXON_ID_IGNORED
3343998368	50c9509d-22c7-4a22-a47d-8c48425ef4a7	https://www.inaturalist.org/observations/92332164	Animalia	Chordata	Mammalia	Artiodactyla	Bovidae	Connochaetes	Connochaetes gnou		SPECIES	Connochaetes gnou (Zimmermann, 1780)	Connochaetes gnou		ZA		Eastern Cape	PRESENT		28eb1a3f-1c15-4a95-931a-4af90ecb574d	-32.159376	25.472909	500.0						2012-08-08T13:44	8	8	2012	2441106	2441106	HUMAN_OBSERVATION	iNaturalist	Observations	92332164		Miguel A. Casado	2021-08-24T07:28:06	CC_BY_NC_4_0	Miguel A. Casado	Miguel A. Casado			2024-07-09T17:00:04.796Z	StillImage	CONTINENT_DERIVED_FROM_COORDINATES;TAXON_MATCH_TAXON_ID_IGNORED
3338153544	50c9509d-22c7-4a22-a47d-8c48425ef4a7	https://www.inaturalist.org/observations/90372239	Animalia	Chordata	Mammalia	Artiodactyla	Bovidae	Connochaetes	Connochaetes gnou		SPECIES	Connochaetes gnou (Zimmermann, 1780)	Connochaetes gnou		ZA		Eastern Cape	PRESENT		28eb1a3f-1c15-4a95-931a-4af90ecb574d	-32.195993	24.504935	15.0						2021-03-02T06:54	2	3	2021	2441106	2441106	HUMAN_OBSERVATION	iNaturalist	Observations	90372239		Christiaan Viljoen	2021-08-08T10:45:01	CC_BY_4_0	Christiaan Viljoen	Christiaan Viljoen			2024-07-09T16:30:32.603Z	StillImage	COORDINATE_ROUNDED;CONTINENT_DERIVED_FROM_COORDINATES;TAXON_MATCH_TAXON_ID_IGNORED
3337684912	50c9509d-22c7-4a22-a47d-8c48425ef4a7	https://www.inaturalist.org/observations/91292849	Animalia	Chordata	Mammalia	Artiodactyla	Bovidae	Connochaetes	Connochaetes gnou		SPECIES	Connochaetes gnou (Zimmermann, 1780)	Connochaetes gnou		ZA		KwaZulu-Natal	PRESENT		28eb1a3f-1c15-4a95-931a-4af90ecb574d	-29.385073	29.722313	10.0						2020-01-30T10:58Z	30	1	2020	2441106	2441106	HUMAN_OBSERVATION	iNaturalist	Observations	91292849		Peter Archdale	2021-08-15T17:54:56	CC_BY_4_0	Peter Archdale	Peter Archdale			2024-07-09T17:01:49.239Z	StillImage	COORDINATE_ROUNDED;CONTINENT_DERIVED_FROM_COORDINATES;TAXON_MATCH_TAXON_ID_IGNORED
3327687696	50c9509d-22c7-4a22-a47d-8c48425ef4a7	https://www.inaturalist.org/observations/86275275	Animalia	Chordata	Mammalia	Artiodactyla	Bovidae	Connochaetes	Connochaetes gnou		SPECIES	Connochaetes gnou (Zimmermann, 1780)	Connochaetes gnou		ZA		Eastern Cape	PRESENT		28eb1a3f-1c15-4a95-931a-4af90ecb574d	-32.163174	25.436979	159.0						2021-07-01T10:38	1	7	2021	2441106	2441106	HUMAN_OBSERVATION	iNaturalist	Observations	86275275		Daryl de Beer	2021-07-09T13:45:06	CC_BY_NC_4_0	Daryl de Beer	Daryl de Beer			2024-07-09T16:59:31.713Z	StillImage	COORDINATE_ROUNDED;CONTINENT_DERIVED_FROM_COORDINATES;TAXON_MATCH_TAXON_ID_IGNORED
3314442250	50c9509d-22c7-4a22-a47d-8c48425ef4a7	https://www.inaturalist.org/observations/84061585	Animalia	Chordata	Mammalia	Artiodactyla	Bovidae	Connochaetes	Connochaetes gnou		SPECIES	Connochaetes gnou (Zimmermann, 1780)	Connochaetes gnou		ZA		Eastern Cape	PRESENT		28eb1a3f-1c15-4a95-931a-4af90ecb574d	-32.140913	25.509639	33.0						2021-06-02T16:38	2	6	2021	2441106	2441106	HUMAN_OBSERVATION	iNaturalist	Observations	84061585		Vince Surics	2021-06-22T15:32:02	CC_BY_NC_4_0	Vince Surics	Vince Surics			2024-07-09T16:29:14.630Z	StillImage	COORDINATE_ROUNDED;CONTINENT_DERIVED_FROM_COORDINATES;TAXON_MATCH_TAXON_ID_IGNORED
3307206935	50c9509d-22c7-4a22-a47d-8c48425ef4a7	https://www.inaturalist.org/observations/83214431	Animalia	Chordata	Mammalia	Artiodactyla	Bovidae	Connochaetes	Connochaetes gnou		SPECIES	Connochaetes gnou (Zimmermann, 1780)	Connochaetes gnou		ZA		Eastern Cape	PRESENT		28eb1a3f-1c15-4a95-931a-4af90ecb574d	-32.696558	26.270827	29066.0						2009-02-19T09:23	19	2	2009	2441106	2441106	HUMAN_OBSERVATION	iNaturalist	Observations	83214431		Joey Mugleston	2021-06-16T02:05:16	CC_BY_NC_4_0	Joey Mugleston	Joey Mugleston			2024-07-09T16:28:14.091Z	StillImage	COORDINATE_ROUNDED;CONTINENT_DERIVED_FROM_COORDINATES;TAXON_MATCH_TAXON_ID_IGNORED
3307128275	50c9509d-22c7-4a22-a47d-8c48425ef4a7	https://www.inaturalist.org/observations/83214434	Animalia	Chordata	Mammalia	Artiodactyla	Bovidae	Connochaetes	Connochaetes gnou		SPECIES	Connochaetes gnou (Zimmermann, 1780)	Connochaetes gnou		ZA		Eastern Cape	PRESENT		28eb1a3f-1c15-4a95-931a-4af90ecb574d	-32.203291	26.61022	29120.0						2009-02-19T12:43	19	2	2009	2441106	2441106	HUMAN_OBSERVATION	iNaturalist	Observations	83214434		Joey Mugleston	2021-06-16T02:05:16	CC_BY_NC_4_0	Joey Mugleston	Joey Mugleston			2024-07-09T16:29:03.777Z	StillImage	COORDINATE_ROUNDED;CONTINENT_DERIVED_FROM_COORDINATES;TAXON_MATCH_TAXON_ID_IGNORED
3112569196	50c9509d-22c7-4a22-a47d-8c48425ef4a7	https://www.inaturalist.org/observations/76345595	Animalia	Chordata	Mammalia	Artiodactyla	Bovidae	Connochaetes	Connochaetes gnou		SPECIES	Connochaetes gnou (Zimmermann, 1780)	Connochaetes gnou		ZA		Gauteng	PRESENT		28eb1a3f-1c15-4a95-931a-4af90ecb574d	-25.677985	28.946433	9.0						2021-05-01T07:10:56	1	5	2021	2441106	2441106	HUMAN_OBSERVATION	iNaturalist	Observations	76345595		Colin Ralston	2021-05-02T02:53:59	CC_BY_NC_4_0	Namhla	Namhla			2024-07-09T16:26:52.442Z	StillImage	COORDINATE_ROUNDED;CONTINENT_DERIVED_FROM_COORDINATES;TAXON_MATCH_TAXON_ID_IGNORED
3112516232	50c9509d-22c7-4a22-a47d-8c48425ef4a7	https://www.inaturalist.org/observations/76344825	Animalia	Chordata	Mammalia	Artiodactyla	Bovidae	Connochaetes	Connochaetes gnou		SPECIES	Connochaetes gnou (Zimmermann, 1780)	Connochaetes gnou		ZA		Gauteng	PRESENT		28eb1a3f-1c15-4a95-931a-4af90ecb574d	-25.683484	28.944766	10.0						2021-05-01T07:08:01	1	5	2021	2441106	2441106	HUMAN_OBSERVATION	iNaturalist	Observations	76344825		C Hewitt	2021-05-02T05:51:28	CC_BY_NC_4_0	Namhla	Namhla			2024-07-09T16:27:19.548Z	StillImage	COORDINATE_ROUNDED;CONTINENT_DERIVED_FROM_COORDINATES;TAXON_MATCH_TAXON_ID_IGNORED
3109080085	50c9509d-22c7-4a22-a47d-8c48425ef4a7	https://www.inaturalist.org/observations/75352160	Animalia	Chordata	Mammalia	Artiodactyla	Bovidae	Connochaetes	Connochaetes gnou		SPECIES	Connochaetes gnou (Zimmermann, 1780)	Connochaetes gnou		ZA		Free State	PRESENT		28eb1a3f-1c15-4a95-931a-4af90ecb574d	-28.511154	26.777304	220.0						2008-06-13T10:25	13	6	2008	2441106	2441106	HUMAN_OBSERVATION	iNaturalist	Observations	75352160		Dewald du Plessis	2021-04-26T20:42:40	CC_BY_NC_4_0	Dewald du Plessis	Dewald du Plessis			2024-07-09T16:27:39.403Z	StillImage	COORDINATE_ROUNDED;CONTINENT_DERIVED_FROM_COORDINATES;TAXON_MATCH_TAXON_ID_IGNORED
3097327618	50c9509d-22c7-4a22-a47d-8c48425ef4a7	https://www.inaturalist.org/observations/74839414	Animalia	Chordata	Mammalia	Artiodactyla	Bovidae	Connochaetes	Connochaetes gnou		SPECIES	Connochaetes gnou (Zimmermann, 1780)	Connochaetes gnou		ZA		Eastern Cape	PRESENT		28eb1a3f-1c15-4a95-931a-4af90ecb574d	-32.14095	25.509569	196.0						2021-04-19T16:54	19	4	2021	2441106	2441106	HUMAN_OBSERVATION	iNaturalist	Observations	74839414		Elaine Bester	2021-04-22T15:12:38	CC_BY_NC_4_0	Elaine Bester	Elaine Bester			2024-07-09T16:26:47.380Z	StillImage	COORDINATE_ROUNDED;CONTINENT_DERIVED_FROM_COORDINATES;TAXON_MATCH_TAXON_ID_IGNORED
3097301163	50c9509d-22c7-4a22-a47d-8c48425ef4a7	https://www.inaturalist.org/observations/74507354	Animalia	Chordata	Mammalia	Artiodactyla	Bovidae	Connochaetes	Connochaetes gnou		SPECIES	Connochaetes gnou (Zimmermann, 1780)	Connochaetes gnou		ZA		Free State	PRESENT		28eb1a3f-1c15-4a95-931a-4af90ecb574d	-27.782148	27.605569	29704.0						2012-04-08T10:05	8	4	2012	2441106	2441106	HUMAN_OBSERVATION	iNaturalist	Observations	74507354		Dewald du Plessis	2021-04-19T12:32:05	CC_BY_NC_4_0	Dewald du Plessis	Dewald du Plessis			2024-07-09T16:27:06.044Z	StillImage	COORDINATE_ROUNDED;CONTINENT_DERIVED_FROM_COORDINATES;TAXON_MATCH_TAXON_ID_IGNORED
3097180294	50c9509d-22c7-4a22-a47d-8c48425ef4a7	https://www.inaturalist.org/observations/74578176	Animalia	Chordata	Mammalia	Artiodactyla	Bovidae	Connochaetes	Connochaetes gnou		SPECIES	Connochaetes gnou (Zimmermann, 1780)	Connochaetes gnou		ZA		Free State	PRESENT		28eb1a3f-1c15-4a95-931a-4af90ecb574d	-27.742831	27.626129	29704.0						2012-04-08T10:10	8	4	2012	2441106	2441106	HUMAN_OBSERVATION	iNaturalist	Observations	74578176		Dewald du Plessis	2021-04-19T23:49:20	CC_BY_NC_4_0	Dewald du Plessis	Dewald du Plessis			2024-07-09T16:26:50.640Z	StillImage	COORDINATE_ROUNDED;CONTINENT_DERIVED_FROM_COORDINATES;TAXON_MATCH_TAXON_ID_IGNORED
3097059360	50c9509d-22c7-4a22-a47d-8c48425ef4a7	https://www.inaturalist.org/observations/37580986	Animalia	Chordata	Mammalia	Artiodactyla	Bovidae	Connochaetes	Connochaetes gnou		SPECIES	Connochaetes gnou (Zimmermann, 1780)	Connochaetes gnou		ZA		Eastern Cape	PRESENT		28eb1a3f-1c15-4a95-931a-4af90ecb574d	-32.220389	24.541282	263.0						2020-01-05T17:58:23	5	1	2020	2441106	2441106	HUMAN_OBSERVATION	iNaturalist	Observations	37580986		Dewald du Plessis	2020-01-14T08:43:40	CC_BY_NC_4_0	Dewald du Plessis	Dewald du Plessis			2024-07-09T16:19:56.081Z	StillImage	COORDINATE_ROUNDED;CONTINENT_DERIVED_FROM_COORDINATES;TAXON_MATCH_TAXON_ID_IGNORED
3070737653	50c9509d-22c7-4a22-a47d-8c48425ef4a7	https://www.inaturalist.org/observations/72349756	Animalia	Chordata	Mammalia	Artiodactyla	Bovidae	Connochaetes	Connochaetes gnou		SPECIES	Connochaetes gnou (Zimmermann, 1780)	Connochaetes gnou		ZA		Gauteng	PRESENT		28eb1a3f-1c15-4a95-931a-4af90ecb574d	-26.492009	28.214649	4802.0						2021-03-25T12:37	25	3	2021	2441106	2441106	HUMAN_OBSERVATION	iNaturalist	Observations	72349756		Richard Gill	2021-03-29T09:30:42	CC_BY_NC_4_0	Richard Gill	Richard Gill			2024-07-09T16:59:14.498Z	StillImage	COORDINATE_ROUNDED;CONTINENT_DERIVED_FROM_COORDINATES;TAXON_MATCH_TAXON_ID_IGNORED
3070687865	50c9509d-22c7-4a22-a47d-8c48425ef4a7	https://www.inaturalist.org/observations/72349753	Animalia	Chordata	Mammalia	Artiodactyla	Bovidae	Connochaetes	Connochaetes gnou		SPECIES	Connochaetes gnou (Zimmermann, 1780)	Connochaetes gnou		ZA		Gauteng	PRESENT		28eb1a3f-1c15-4a95-931a-4af90ecb574d	-26.492009	28.214649	4802.0						2021-03-25T10:31	25	3	2021	2441106	2441106	HUMAN_OBSERVATION	iNaturalist	Observations	72349753		Richard Gill	2021-03-29T09:30:41	CC_BY_NC_4_0	Richard Gill	Richard Gill			2024-07-09T16:58:49.438Z	StillImage	COORDINATE_ROUNDED;CONTINENT_DERIVED_FROM_COORDINATES;TAXON_MATCH_TAXON_ID_IGNORED
3070522651	50c9509d-22c7-4a22-a47d-8c48425ef4a7	https://www.inaturalist.org/observations/72292895	Animalia	Chordata	Mammalia	Artiodactyla	Bovidae	Connochaetes	Connochaetes gnou		SPECIES	Connochaetes gnou (Zimmermann, 1780)	Connochaetes gnou		ZA		Western Cape	PRESENT		28eb1a3f-1c15-4a95-931a-4af90ecb574d	-32.073971	19.095062	211.0						2021-03-27T16:48	27	3	2021	2441106	2441106	HUMAN_OBSERVATION	iNaturalist	Observations	72292895		Linde Muller	2021-03-28T19:08:30	CC_BY_NC_4_0	Linde Muller	Linde Muller			2024-07-09T16:26:31.328Z	StillImage	COORDINATE_ROUNDED;CONTINENT_DERIVED_FROM_COORDINATES;TAXON_MATCH_TAXON_ID_IGNORED
3067633357	50c9509d-22c7-4a22-a47d-8c48425ef4a7	https://www.inaturalist.org/observations/10488142	Animalia	Chordata	Mammalia	Artiodactyla	Bovidae	Connochaetes	Connochaetes gnou		SPECIES	Connochaetes gnou (Zimmermann, 1780)	Connochaetes gnou		ZA		Free State	PRESENT		28eb1a3f-1c15-4a95-931a-4af90ecb574d	-28.520256	28.625125	10.0						2018-03-21T15:02:17	21	3	2018	2441106	2441106	HUMAN_OBSERVATION	iNaturalist	Observations	10488142		Henry de Lange	2018-03-29T12:13:59	CC_BY_4_0	Henry de Lange	Henry de Lange			2024-07-09T16:50:34.724Z	StillImage	COORDINATE_ROUNDED;CONTINENT_DERIVED_FROM_COORDINATES;TAXON_MATCH_TAXON_ID_IGNORED
3067617628	50c9509d-22c7-4a22-a47d-8c48425ef4a7	https://www.inaturalist.org/observations/28163655	Animalia	Chordata	Mammalia	Artiodactyla	Bovidae	Connochaetes	Connochaetes gnou		SPECIES	Connochaetes gnou (Zimmermann, 1780)	Connochaetes gnou		ZA		Eastern Cape	PRESENT		28eb1a3f-1c15-4a95-931a-4af90ecb574d	-33.528525	26.514556	10.0						2019-05-25T09:22:38	25	5	2019	2441106	2441106	HUMAN_OBSERVATION	iNaturalist	Observations	28163655		Henry de Lange	2019-07-04T09:04:18	CC_BY_4_0	Henry de Lange	Henry de Lange			2024-07-09T16:17:55.223Z	StillImage	COORDINATE_ROUNDED;CONTINENT_DERIVED_FROM_COORDINATES;TAXON_MATCH_TAXON_ID_IGNORED
3032099751	50c9509d-22c7-4a22-a47d-8c48425ef4a7	https://www.inaturalist.org/observations/68011124	Animalia	Chordata	Mammalia	Artiodactyla	Bovidae	Connochaetes	Connochaetes gnou		SPECIES	Connochaetes gnou (Zimmermann, 1780)	Connochaetes gnou		ZA		Western Cape	PRESENT		28eb1a3f-1c15-4a95-931a-4af90ecb574d	-33.932689	20.71278	52.0						2021-01-10T13:56	10	1	2021	2441106	2441106	HUMAN_OBSERVATION	iNaturalist	Observations	68011124		Timothy Whitehead	2021-01-13T17:37:44	CC_BY_4_0	Timothy Whitehead	Timothy Whitehead			2024-07-09T16:26:18.380Z	StillImage	COORDINATE_ROUNDED;CONTINENT_DERIVED_FROM_COORDINATES;TAXON_MATCH_TAXON_ID_IGNORED
3014100815	50c9509d-22c7-4a22-a47d-8c48425ef4a7	https://www.inaturalist.org/observations/67127234	Animalia	Chordata	Mammalia	Artiodactyla	Bovidae	Connochaetes	Connochaetes gnou		SPECIES	Connochaetes gnou (Zimmermann, 1780)	Connochaetes gnou		ZA		Free State	PRESENT		28eb1a3f-1c15-4a95-931a-4af90ecb574d	-28.529158	28.628295							2018-10-08T10:28	8	10	2018	2441106	2441106	HUMAN_OBSERVATION	iNaturalist	Observations	67127234		Philippe RABAUTE	2020-12-27T08:15:57	CC_BY_NC_4_0	Philippe RABAUTE	Philippe RABAUTE			2024-07-09T16:26:03.221Z	StillImage	COORDINATE_ROUNDED;CONTINENT_DERIVED_FROM_COORDINATES;TAXON_MATCH_TAXON_ID_IGNORED
3013918067	50c9509d-22c7-4a22-a47d-8c48425ef4a7	https://www.inaturalist.org/observations/67262220	Animalia	Chordata	Mammalia	Artiodactyla	Bovidae	Connochaetes	Connochaetes gnou		SPECIES	Connochaetes gnou (Zimmermann, 1780)	Connochaetes gnou		ZA		Eastern Cape	PRESENT		28eb1a3f-1c15-4a95-931a-4af90ecb574d	-32.170057	25.477217	167.0						2015-05-21T10:13	21	5	2015	2441106	2441106	HUMAN_OBSERVATION	iNaturalist	Observations	67262220		Christiaan Viljoen	2020-12-29T19:27:32	CC_BY_4_0	Christiaan Viljoen	Christiaan Viljoen			2024-07-09T16:26:09.039Z	StillImage	COORDINATE_ROUNDED;CONTINENT_DERIVED_FROM_COORDINATES;TAXON_MATCH_TAXON_ID_IGNORED
3008453999	50c9509d-22c7-4a22-a47d-8c48425ef4a7	https://www.inaturalist.org/observations/66931368	Animalia	Chordata	Mammalia	Artiodactyla	Bovidae	Connochaetes	Connochaetes gnou		SPECIES	Connochaetes gnou (Zimmermann, 1780)	Connochaetes gnou		ZA		Free State	PRESENT		28eb1a3f-1c15-4a95-931a-4af90ecb574d	-28.476083	28.727419	50.0						2015-07-04T09:33	4	7	2015	2441106	2441106	HUMAN_OBSERVATION	iNaturalist	Observations	66931368		Rion Cuthill	2020-12-22T20:29:26	CC_BY_NC_4_0	Gigi Laidler	Gigi Laidler			2024-07-09T16:26:17.031Z	StillImage	CONTINENT_DERIVED_FROM_COORDINATES;TAXON_MATCH_TAXON_ID_IGNORED
3008424119	50c9509d-22c7-4a22-a47d-8c48425ef4a7	https://www.inaturalist.org/observations/66983017	Animalia	Chordata	Mammalia	Artiodactyla	Bovidae	Connochaetes	Connochaetes gnou		SPECIES	Connochaetes gnou (Zimmermann, 1780)	Connochaetes gnou		ZA		Gauteng	PRESENT		28eb1a3f-1c15-4a95-931a-4af90ecb574d	-25.87993	28.288816	122.0						2020-09-22T14:23	22	9	2020	2441106	2441106	HUMAN_OBSERVATION	iNaturalist	Observations	66983017		Rayyan Ibrahim	2020-12-24T00:27:29	CC_BY_NC_4_0	Chrissie Fourie	Chrissie Fourie			2024-07-09T16:57:30.918Z	StillImage	COORDINATE_ROUNDED;CONTINENT_DERIVED_FROM_COORDINATES;TAXON_MATCH_TAXON_ID_IGNORED
3008402963	50c9509d-22c7-4a22-a47d-8c48425ef4a7	https://www.inaturalist.org/observations/66931373	Animalia	Chordata	Mammalia	Artiodactyla	Bovidae	Connochaetes	Connochaetes gnou		SPECIES	Connochaetes gnou (Zimmermann, 1780)	Connochaetes gnou		ZA		Free State	PRESENT		28eb1a3f-1c15-4a95-931a-4af90ecb574d	-28.489859	28.712041	50.0						2015-07-04T09:40	4	7	2015	2441106	2441106	HUMAN_OBSERVATION	iNaturalist	Observations	66931373		Rion Cuthill	2020-12-22T20:25:18	CC_BY_NC_4_0	Gigi Laidler	Gigi Laidler			2024-07-09T16:26:15.620Z	StillImage	CONTINENT_DERIVED_FROM_COORDINATES;TAXON_MATCH_TAXON_ID_IGNORED
2992725874	50c9509d-22c7-4a22-a47d-8c48425ef4a7	https://www.inaturalist.org/observations/65883728	Animalia	Chordata	Mammalia	Artiodactyla	Bovidae	Connochaetes	Connochaetes gnou		SPECIES	Connochaetes gnou (Zimmermann, 1780)	Connochaetes gnou		ZA		Northern Cape	PRESENT		28eb1a3f-1c15-4a95-931a-4af90ecb574d	-29.14996	24.411284	14345.0						2019-07-21T11:41:02	21	7	2019	2441106	2441106	HUMAN_OBSERVATION	iNaturalist	Observations	65883728		pseudotsugabiloba	2020-11-30T12:58:03	CC_BY_NC_4_0	pseudotsugabiloba	pseudotsugabiloba			2024-07-09T16:25:53.430Z	StillImage	COORDINATE_ROUNDED;CONTINENT_DERIVED_FROM_COORDINATES;TAXON_MATCH_TAXON_ID_IGNORED
2988662739	50c9509d-22c7-4a22-a47d-8c48425ef4a7	https://www.inaturalist.org/observations/65455448	Animalia	Chordata	Mammalia	Artiodactyla	Bovidae	Connochaetes	Connochaetes gnou		SPECIES	Connochaetes gnou (Zimmermann, 1780)	Connochaetes gnou		ZA		KwaZulu-Natal	PRESENT		28eb1a3f-1c15-4a95-931a-4af90ecb574d	-29.424744	29.912692	25415.0						2019-05-31T08:10	31	5	2019	2441106	2441106	HUMAN_OBSERVATION	iNaturalist	Observations	65455448		pgkaestner	2020-11-23T04:18:28	CC_BY_NC_4_0	pgkaestner	pgkaestner			2024-07-09T16:25:58.528Z	StillImage	COORDINATE_ROUNDED;CONTINENT_DERIVED_FROM_COORDINATES;TAXON_MATCH_TAXON_ID_IGNORED
2988415879	50c9509d-22c7-4a22-a47d-8c48425ef4a7	https://www.inaturalist.org/observations/65540281	Animalia	Chordata	Mammalia	Artiodactyla	Bovidae	Connochaetes	Connochaetes gnou		SPECIES	Connochaetes gnou (Zimmermann, 1780)	Connochaetes gnou		ZA		Western Cape	PRESENT		28eb1a3f-1c15-4a95-931a-4af90ecb574d	-33.352929	19.914903	31.0						2020-10-29T08:16	29	10	2020	2441106	2441106	HUMAN_OBSERVATION	iNaturalist	Observations	65540281		Jeltje van den Bosch	2020-11-24T18:24:00	CC_BY_NC_4_0	Jeltje van den Bosch	Jeltje van den Bosch			2024-07-09T16:58:09.970Z	StillImage	COORDINATE_ROUNDED;CONTINENT_DERIVED_FROM_COORDINATES;TAXON_MATCH_TAXON_ID_IGNORED
2988400826	50c9509d-22c7-4a22-a47d-8c48425ef4a7	https://www.inaturalist.org/observations/65485852	Animalia	Chordata	Mammalia	Artiodactyla	Bovidae	Connochaetes	Connochaetes gnou		SPECIES	Connochaetes gnou (Zimmermann, 1780)	Connochaetes gnou		ZA		Eastern Cape	PRESENT		28eb1a3f-1c15-4a95-931a-4af90ecb574d	-32.176015	25.51197	526.0						2019-06-08T18:18Z	8	6	2019	2441106	2441106	HUMAN_OBSERVATION	iNaturalist	Observations	65485852		nature_with_krista	2020-11-23T19:24:09	CC_BY_NC_4_0	nature_with_krista	nature_with_krista			2024-07-09T16:25:58.349Z	StillImage	COORDINATE_ROUNDED;CONTINENT_DERIVED_FROM_COORDINATES;TAXON_MATCH_TAXON_ID_IGNORED
2980998909	50c9509d-22c7-4a22-a47d-8c48425ef4a7	https://www.inaturalist.org/observations/63992103	Animalia	Chordata	Mammalia	Artiodactyla	Bovidae	Connochaetes	Connochaetes gnou		SPECIES	Connochaetes gnou (Zimmermann, 1780)	Connochaetes gnou		ZA		Eastern Cape	PRESENT		28eb1a3f-1c15-4a95-931a-4af90ecb574d	-32.194056	25.433934	2396.0						2016-12-24T21:10Z	24	12	2016	2441106	2441106	HUMAN_OBSERVATION	iNaturalist	Observations	63992103		nature_with_krista	2020-11-01T21:20:56	CC_BY_NC_4_0	nature_with_krista	nature_with_krista			2024-07-09T16:58:04.622Z	StillImage	COORDINATE_ROUNDED;CONTINENT_DERIVED_FROM_COORDINATES;TAXON_MATCH_TAXON_ID_IGNORED
2980844124	50c9509d-22c7-4a22-a47d-8c48425ef4a7	https://www.inaturalist.org/observations/64169122	Animalia	Chordata	Mammalia	Artiodactyla	Bovidae	Connochaetes	Connochaetes gnou		SPECIES	Connochaetes gnou (Zimmermann, 1780)	Connochaetes gnou		ZA		Eastern Cape	PRESENT		28eb1a3f-1c15-4a95-931a-4af90ecb574d	-32.139435	24.490365	2332.0						2017-04-17T10:38Z	17	4	2017	2441106	2441106	HUMAN_OBSERVATION	iNaturalist	Observations	64169122		nature_with_krista	2020-11-04T11:47:36	CC_BY_NC_4_0	nature_with_krista	nature_with_krista			2024-07-09T16:57:17.270Z	StillImage	COORDINATE_ROUNDED;CONTINENT_DERIVED_FROM_COORDINATES;TAXON_MATCH_TAXON_ID_IGNORED
2980807008	50c9509d-22c7-4a22-a47d-8c48425ef4a7	https://www.inaturalist.org/observations/64098441	Animalia	Chordata	Mammalia	Artiodactyla	Bovidae	Connochaetes	Connochaetes gnou		SPECIES	Connochaetes gnou (Zimmermann, 1780)	Connochaetes gnou		ZA		Eastern Cape	PRESENT		28eb1a3f-1c15-4a95-931a-4af90ecb574d	-32.248621	25.466041	977.0						2017-12-31T09:14	31	12	2017	2441106	2441106	HUMAN_OBSERVATION	iNaturalist	Observations	64098441		Warren Lewis	2020-11-03T09:25:41	CC_BY_NC_4_0	John Gale	John Gale			2024-07-09T16:57:58.880Z	StillImage	COORDINATE_ROUNDED;CONTINENT_DERIVED_FROM_COORDINATES;TAXON_MATCH_TAXON_ID_IGNORED
2901864334	50c9509d-22c7-4a22-a47d-8c48425ef4a7	https://www.inaturalist.org/observations/63241462	Animalia	Chordata	Mammalia	Artiodactyla	Bovidae	Connochaetes	Connochaetes gnou		SPECIES	Connochaetes gnou (Zimmermann, 1780)	Connochaetes gnou		NA		Hardap	PRESENT		28eb1a3f-1c15-4a95-931a-4af90ecb574d	-23.306297	17.017311							2010-08-13T17:24	13	8	2010	2441106	2441106	HUMAN_OBSERVATION	iNaturalist	Observations	63241462		koenbetjes	2020-10-22T14:10:59	CC_BY_NC_4_0	koenbetjes	koenbetjes			2024-07-09T16:56:49.090Z	StillImage	COORDINATE_ROUNDED;CONTINENT_DERIVED_FROM_COORDINATES;TAXON_MATCH_TAXON_ID_IGNORED
2901823200	50c9509d-22c7-4a22-a47d-8c48425ef4a7	https://www.inaturalist.org/observations/63159152	Animalia	Chordata	Mammalia	Artiodactyla	Bovidae	Connochaetes	Connochaetes gnou		SPECIES	Connochaetes gnou (Zimmermann, 1780)	Connochaetes gnou		ZA		Eastern Cape	PRESENT		28eb1a3f-1c15-4a95-931a-4af90ecb574d	-32.449972	24.882143	640.0						2020-10-20T16:36	20	10	2020	2441106	2441106	HUMAN_OBSERVATION	iNaturalist	Observations	63159152		Katie Herold	2020-10-21T12:31:48	CC_BY_NC_4_0	Katie Herold	Katie Herold			2024-07-09T16:25:48.202Z	StillImage	COORDINATE_ROUNDED;CONTINENT_DERIVED_FROM_COORDINATES;TAXON_MATCH_TAXON_ID_IGNORED
2901765012	50c9509d-22c7-4a22-a47d-8c48425ef4a7	https://www.inaturalist.org/observations/62998191	Animalia	Chordata	Mammalia	Artiodactyla	Bovidae	Connochaetes	Connochaetes gnou		SPECIES	Connochaetes gnou (Zimmermann, 1780)	Connochaetes gnou		ZA		Gauteng	PRESENT		28eb1a3f-1c15-4a95-931a-4af90ecb574d	-25.849041	27.940939	1454.0						2020-10-18T10:36	18	10	2020	2441106	2441106	HUMAN_OBSERVATION	iNaturalist	Observations	62998191		Richard Gill	2020-10-19T11:28:05	CC_BY_NC_4_0	Richard Gill	Richard Gill			2024-07-09T16:25:18.159Z	StillImage	COORDINATE_ROUNDED;CONTINENT_DERIVED_FROM_COORDINATES;TAXON_MATCH_TAXON_ID_IGNORED
2864834316	50c9509d-22c7-4a22-a47d-8c48425ef4a7	https://www.inaturalist.org/observations/59482444	Animalia	Chordata	Mammalia	Artiodactyla	Bovidae	Connochaetes	Connochaetes gnou		SPECIES	Connochaetes gnou (Zimmermann, 1780)	Connochaetes gnou		ZA		Western Cape	PRESENT		28eb1a3f-1c15-4a95-931a-4af90ecb574d	-33.557128	20.71247	600.0						2020-08-10T10:28	10	8	2020	2441106	2441106	HUMAN_OBSERVATION	iNaturalist	Observations	59482444		Lee	2020-09-13T19:11:27	CC_BY_NC_4_0	Lee	Lee			2024-07-09T16:24:15.276Z	StillImage	COORDINATE_ROUNDED;CONTINENT_DERIVED_FROM_COORDINATES;TAXON_MATCH_TAXON_ID_IGNORED
2864724767	50c9509d-22c7-4a22-a47d-8c48425ef4a7	https://www.inaturalist.org/observations/59244938	Animalia	Chordata	Mammalia	Artiodactyla	Bovidae	Connochaetes	Connochaetes gnou		SPECIES	Connochaetes gnou (Zimmermann, 1780)	Connochaetes gnou		ZA		Western Cape	PRESENT		28eb1a3f-1c15-4a95-931a-4af90ecb574d	-33.526005	22.258342	1000.0						2018-08-22T10:56	22	8	2018	2441106	2441106	HUMAN_OBSERVATION	iNaturalist	Observations	59244938		Julian	2020-09-11T19:15:29	CC_BY_NC_4_0	Julian	Julian			2024-07-09T16:56:45.266Z	StillImage	COORDINATE_ROUNDED;CONTINENT_DERIVED_FROM_COORDINATES;TAXON_MATCH_TAXON_ID_IGNORED
2862482649	50c9509d-22c7-4a22-a47d-8c48425ef4a7	https://www.inaturalist.org/observations/58557938	Animalia	Chordata	Mammalia	Artiodactyla	Bovidae	Connochaetes	Connochaetes gnou		SPECIES	Connochaetes gnou (Zimmermann, 1780)	Connochaetes gnou		ZA		Mpumalanga	PRESENT		28eb1a3f-1c15-4a95-931a-4af90ecb574d	-27.271925	30.252707	977.0						2014-11-11	11	11	2014	2441106	2441106	HUMAN_OBSERVATION	iNaturalist	Observations	58557938		dhfischer	2020-09-05T00:02:47	CC_BY_NC_4_0	dhfischer	dhfischer			2024-07-09T16:24:02.512Z	StillImage	COORDINATE_ROUNDED;CONTINENT_DERIVED_FROM_COORDINATES;TAXON_MATCH_TAXON_ID_IGNORED
2856745745	50c9509d-22c7-4a22-a47d-8c48425ef4a7	https://www.inaturalist.org/observations/57223516	Animalia	Chordata	Mammalia	Artiodactyla	Bovidae	Connochaetes	Connochaetes gnou		SPECIES	Connochaetes gnou (Zimmermann, 1780)	Connochaetes gnou		ZA		Eastern Cape	PRESENT		28eb1a3f-1c15-4a95-931a-4af90ecb574d	-32.19373	24.516002	1365.0						2019-10-11	11	10	2019	2441106	2441106	HUMAN_OBSERVATION	iNaturalist	Observations	57223516		eliegaget	2020-08-22T15:10:14	CC_BY_NC_4_0	eliegaget	eliegaget			2024-07-09T16:56:43.960Z	StillImage	COORDINATE_ROUNDED;CONTINENT_DERIVED_FROM_COORDINATES;TAXON_MATCH_TAXON_ID_IGNORED
2856730751	50c9509d-22c7-4a22-a47d-8c48425ef4a7	https://www.inaturalist.org/observations/57223517	Animalia	Chordata	Mammalia	Artiodactyla	Bovidae	Connochaetes	Connochaetes gnou		SPECIES	Connochaetes gnou (Zimmermann, 1780)	Connochaetes gnou		ZA		Eastern Cape	PRESENT		28eb1a3f-1c15-4a95-931a-4af90ecb574d	-32.185662	25.468025	4928.0						2019-10-08	8	10	2019	2441106	2441106	HUMAN_OBSERVATION	iNaturalist	Observations	57223517		eliegaget	2020-08-22T15:10:14	CC_BY_NC_4_0	eliegaget	eliegaget			2024-07-09T16:57:15.229Z	StillImage	COORDINATE_ROUNDED;CONTINENT_DERIVED_FROM_COORDINATES;TAXON_MATCH_TAXON_ID_IGNORED
2856623051	50c9509d-22c7-4a22-a47d-8c48425ef4a7	https://www.inaturalist.org/observations/57434448	Animalia	Chordata	Mammalia	Artiodactyla	Bovidae	Connochaetes	Connochaetes gnou		SPECIES	Connochaetes gnou (Zimmermann, 1780)	Connochaetes gnou		ZA		Gauteng	PRESENT		28eb1a3f-1c15-4a95-931a-4af90ecb574d	-25.901273	28.276796	31.0						2019-09-15T07:20	15	9	2019	2441106	2441106	HUMAN_OBSERVATION	iNaturalist	Observations	57434448		Roelof van der Breggen	2020-08-24T11:55:57	CC_BY_NC_4_0	Roelof van der Breggen	Roelof van der Breggen			2024-07-09T16:56:04.297Z	StillImage	COORDINATE_ROUNDED;CONTINENT_DERIVED_FROM_COORDINATES;TAXON_MATCH_TAXON_ID_IGNORED
2856619036	50c9509d-22c7-4a22-a47d-8c48425ef4a7	https://www.inaturalist.org/observations/57434445	Animalia	Chordata	Mammalia	Artiodactyla	Bovidae	Connochaetes	Connochaetes gnou		SPECIES	Connochaetes gnou (Zimmermann, 1780)	Connochaetes gnou		ZA		Northern Cape	PRESENT		28eb1a3f-1c15-4a95-931a-4af90ecb574d	-29.041342	24.488514	31.0						2011-01-02T16:58	2	1	2011	2441106	2441106	HUMAN_OBSERVATION	iNaturalist	Observations	57434445		Roelof van der Breggen	2020-08-24T11:55:56	CC_BY_NC_4_0	Roelof van der Breggen	Roelof van der Breggen			2024-07-09T16:23:45.995Z	StillImage	COORDINATE_ROUNDED;CONTINENT_DERIVED_FROM_COORDINATES;TAXON_MATCH_TAXON_ID_IGNORED
2845236561	8a863029-f435-446a-821e-275f4f641165	https://observation.org/observation/168255964	Animalia	Chordata	Mammalia	Artiodactyla	Bovidae	Connochaetes	Connochaetes gnou		SPECIES	Connochaetes gnou (Zimmermann, 1780)	Connochaetes gnou		NA	Khomas	Khomas	PRESENT	5	c8d737e0-2ff8-42e8-b8fc-6b805d26fc5f	-22.691605	18.210581	25.0						2019-02-06	6	2	2019	2441106	2441106	HUMAN_OBSERVATION		Observations	OBS.168255964				CC_BY_NC_4_0	Stichting Observation International	User 149841			2024-06-18T20:36:42.764Z		COORDINATE_ROUNDED;OCCURRENCE_STATUS_INFERRED_FROM_INDIVIDUAL_COUNT
2845133518	8a863029-f435-446a-821e-275f4f641165	https://observation.org/observation/184654002	Animalia	Chordata	Mammalia	Artiodactyla	Bovidae	Connochaetes	Connochaetes gnou		SPECIES	Connochaetes gnou (Zimmermann, 1780)	Connochaetes gnou		ZA	Golden Gate Highlands NP	Free State	PRESENT	3	c8d737e0-2ff8-42e8-b8fc-6b805d26fc5f	-28.50646	28.607752	25.0						2020-01-22	22	1	2020	2441106	2441106	HUMAN_OBSERVATION		Observations	OBS.184654002				CC_BY_NC_4_0	Stichting Observation International	User 11109			2024-06-18T20:25:22.166Z		COORDINATE_ROUNDED;OCCURRENCE_STATUS_INFERRED_FROM_INDIVIDUAL_COUNT
2844682770	8a863029-f435-446a-821e-275f4f641165	https://observation.org/observation/177016427	Animalia	Chordata	Mammalia	Artiodactyla	Bovidae	Connochaetes	Connochaetes gnou		SPECIES	Connochaetes gnou (Zimmermann, 1780)	Connochaetes gnou		ZA	Western Cape	Western Cape	PRESENT	1	c8d737e0-2ff8-42e8-b8fc-6b805d26fc5f	-33.510194	22.292346	24.0						2019-07-22	22	7	2019	2441106	2441106	HUMAN_OBSERVATION		Observations	OBS.177016427				CC_BY_NC_4_0	Stichting Observation International	User 113451			2024-06-18T20:25:01.147Z		COORDINATE_ROUNDED;OCCURRENCE_STATUS_INFERRED_FROM_INDIVIDUAL_COUNT
2844499589	8a863029-f435-446a-821e-275f4f641165	https://observation.org/observation/123371004	Animalia	Chordata	Mammalia	Artiodactyla	Bovidae	Connochaetes	Connochaetes gnou		SPECIES	Connochaetes gnou (Zimmermann, 1780)	Connochaetes gnou		ZA	Golden Gate Highlands NP	Free State	PRESENT	1	c8d737e0-2ff8-42e8-b8fc-6b805d26fc5f	-28.512927	28.65469	25.0						2016-09-02	2	9	2016	2441106	2441106	HUMAN_OBSERVATION		Observations	OBS.123371004				CC_BY_NC_4_0	Stichting Observation International	User 11513			2024-06-18T20:35:02.940Z		COORDINATE_ROUNDED;OCCURRENCE_STATUS_INFERRED_FROM_INDIVIDUAL_COUNT
2844489879	8a863029-f435-446a-821e-275f4f641165	https://observation.org/observation/173469359	Animalia	Chordata	Mammalia	Artiodactyla	Bovidae	Connochaetes	Connochaetes gnou		SPECIES	Connochaetes gnou (Zimmermann, 1780)	Connochaetes gnou		ZA	Mountain Zebra NP	Eastern Cape	PRESENT	1	c8d737e0-2ff8-42e8-b8fc-6b805d26fc5f	-32.232699	25.313417	100.0						2019-04-18	18	4	2019	2441106	2441106	HUMAN_OBSERVATION		Observations	OBS.173469359				CC_BY_NC_4_0	Stichting Observation International	User 71017			2024-06-18T20:35:53.493Z		COORDINATE_ROUNDED;OCCURRENCE_STATUS_INFERRED_FROM_INDIVIDUAL_COUNT
2844379726	8a863029-f435-446a-821e-275f4f641165	https://observation.org/observation/168255854	Animalia	Chordata	Mammalia	Artiodactyla	Bovidae	Connochaetes	Connochaetes gnou		SPECIES	Connochaetes gnou (Zimmermann, 1780)	Connochaetes gnou		NA	Khomas	Khomas	PRESENT	4	c8d737e0-2ff8-42e8-b8fc-6b805d26fc5f	-22.620396	18.218214	25.0						2019-02-09	9	2	2019	2441106	2441106	HUMAN_OBSERVATION		Observations	OBS.168255854				CC_BY_NC_4_0	Stichting Observation International	User 149841			2024-06-18T20:35:54.757Z		COORDINATE_ROUNDED;OCCURRENCE_STATUS_INFERRED_FROM_INDIVIDUAL_COUNT
2844336764	8a863029-f435-446a-821e-275f4f641165	https://observation.org/observation/168255927	Animalia	Chordata	Mammalia	Artiodactyla	Bovidae	Connochaetes	Connochaetes gnou		SPECIES	Connochaetes gnou (Zimmermann, 1780)	Connochaetes gnou		NA	Khomas	Khomas	PRESENT	1	c8d737e0-2ff8-42e8-b8fc-6b805d26fc5f	-22.637865	18.207693	25.0						2019-02-07	7	2	2019	2441106	2441106	HUMAN_OBSERVATION		Observations	OBS.168255927				CC_BY_NC_4_0	Stichting Observation International	User 149841			2024-06-18T20:36:50.420Z		COORDINATE_ROUNDED;OCCURRENCE_STATUS_INFERRED_FROM_INDIVIDUAL_COUNT
2844045413	8a863029-f435-446a-821e-275f4f641165	https://observation.org/observation/168255922	Animalia	Chordata	Mammalia	Artiodactyla	Bovidae	Connochaetes	Connochaetes gnou		SPECIES	Connochaetes gnou (Zimmermann, 1780)	Connochaetes gnou		NA	Khomas	Khomas	PRESENT	2	c8d737e0-2ff8-42e8-b8fc-6b805d26fc5f	-22.655144	18.223278	25.0						2019-02-07	7	2	2019	2441106	2441106	HUMAN_OBSERVATION		Observations	OBS.168255922				CC_BY_NC_4_0	Stichting Observation International	User 149841			2024-06-18T20:36:58.122Z		COORDINATE_ROUNDED;OCCURRENCE_STATUS_INFERRED_FROM_INDIVIDUAL_COUNT
2843858953	8a863029-f435-446a-821e-275f4f641165	https://observation.org/observation/148560870	Animalia	Chordata	Mammalia	Artiodactyla	Bovidae	Connochaetes	Connochaetes gnou		SPECIES	Connochaetes gnou (Zimmermann, 1780)	Connochaetes gnou		ZA	Mountain Zebra NP	Eastern Cape	PRESENT	60	c8d737e0-2ff8-42e8-b8fc-6b805d26fc5f	-32.197506	25.41844	25.0						2018-02-14	14	2	2018	2441106	2441106	HUMAN_OBSERVATION		Observations	OBS.148560870				CC_BY_NC_4_0	Stichting Observation International	User 46595			2024-06-18T20:23:47.813Z		COORDINATE_ROUNDED;OCCURRENCE_STATUS_INFERRED_FROM_INDIVIDUAL_COUNT
2843242743	8a863029-f435-446a-821e-275f4f641165	https://observation.org/observation/142458918	Animalia	Chordata	Mammalia	Artiodactyla	Bovidae	Connochaetes	Connochaetes gnou		SPECIES	Connochaetes gnou (Zimmermann, 1780)	Connochaetes gnou		SZ	Malolotja NP	Hhohho	PRESENT	1	c8d737e0-2ff8-42e8-b8fc-6b805d26fc5f	-26.132423	31.121807	1000.0						2017-08-05	5	8	2017	2441106	2441106	HUMAN_OBSERVATION		Observations	OBS.142458918				CC_BY_NC_4_0	Stichting Observation International	User 21783			2024-06-18T20:35:49.545Z	StillImage	COORDINATE_ROUNDED;OCCURRENCE_STATUS_INFERRED_FROM_INDIVIDUAL_COUNT
2843233030	8a863029-f435-446a-821e-275f4f641165	https://observation.org/observation/144528464	Animalia	Chordata	Mammalia	Artiodactyla	Bovidae	Connochaetes	Connochaetes gnou		SPECIES	Connochaetes gnou (Zimmermann, 1780)	Connochaetes gnou		ZA	Mountain Zebra NP	Eastern Cape	PRESENT	1	c8d737e0-2ff8-42e8-b8fc-6b805d26fc5f	-32.142745	25.468967	25.0						2017-09-27	27	9	2017	2441106	2441106	HUMAN_OBSERVATION		Observations	OBS.144528464				CC_BY_NC_4_0	Stichting Observation International	User 50108			2024-06-18T20:35:22.854Z		COORDINATE_ROUNDED;OCCURRENCE_STATUS_INFERRED_FROM_INDIVIDUAL_COUNT
2842822728	8a863029-f435-446a-821e-275f4f641165	https://observation.org/observation/124488770	Animalia	Chordata	Mammalia	Artiodactyla	Bovidae	Connochaetes	Connochaetes gnou		SPECIES	Connochaetes gnou (Zimmermann, 1780)	Connochaetes gnou		ZA	Suikerbosrand Nature Reserve	Gauteng	PRESENT	1	c8d737e0-2ff8-42e8-b8fc-6b805d26fc5f	-26.482866	28.22937	1000.0						2016-10-05	5	10	2016	2441106	2441106	HUMAN_OBSERVATION		Observations	OBS.124488770				CC_BY_NC_4_0	Stichting Observation International	User 125173			2024-06-18T20:23:12.886Z		COORDINATE_ROUNDED;OCCURRENCE_STATUS_INFERRED_FROM_INDIVIDUAL_COUNT
2842814107	8a863029-f435-446a-821e-275f4f641165	https://observation.org/observation/144528600	Animalia	Chordata	Mammalia	Artiodactyla	Bovidae	Connochaetes	Connochaetes gnou		SPECIES	Connochaetes gnou (Zimmermann, 1780)	Connochaetes gnou		ZA	Mountain Zebra NP	Eastern Cape	PRESENT	1	c8d737e0-2ff8-42e8-b8fc-6b805d26fc5f	-32.225296	25.43066	25.0						2017-09-26	26	9	2017	2441106	2441106	HUMAN_OBSERVATION		Observations	OBS.144528600				CC_BY_NC_4_0	Stichting Observation International	User 50108			2024-06-18T20:23:34.543Z		COORDINATE_ROUNDED;OCCURRENCE_STATUS_INFERRED_FROM_INDIVIDUAL_COUNT
2842458706	8a863029-f435-446a-821e-275f4f641165	https://observation.org/observation/168255892	Animalia	Chordata	Mammalia	Artiodactyla	Bovidae	Connochaetes	Connochaetes gnou		SPECIES	Connochaetes gnou (Zimmermann, 1780)	Connochaetes gnou		NA	Khomas	Khomas	PRESENT	4	c8d737e0-2ff8-42e8-b8fc-6b805d26fc5f	-22.620417	18.215664	25.0						2019-02-08	8	2	2019	2441106	2441106	HUMAN_OBSERVATION		Observations	OBS.168255892				CC_BY_NC_4_0	Stichting Observation International	User 149841			2024-06-18T20:36:14.850Z		COORDINATE_ROUNDED;OCCURRENCE_STATUS_INFERRED_FROM_INDIVIDUAL_COUNT
2842420745	8a863029-f435-446a-821e-275f4f641165	https://observation.org/observation/123047119	Animalia	Chordata	Mammalia	Artiodactyla	Bovidae	Connochaetes	Connochaetes gnou		SPECIES	Connochaetes gnou (Zimmermann, 1780)	Connochaetes gnou		ZA	Mountain Zebra NP	Eastern Cape	PRESENT	1	c8d737e0-2ff8-42e8-b8fc-6b805d26fc5f	-32.218	25.4261	5.0						2016-08-30	30	8	2016	2441106	2441106	HUMAN_OBSERVATION		Observations	OBS.123047119				CC_BY_NC_4_0	Stichting Observation International	User 50484			2024-06-18T20:35:20.460Z		OCCURRENCE_STATUS_INFERRED_FROM_INDIVIDUAL_COUNT
2842185406	8a863029-f435-446a-821e-275f4f641165	https://observation.org/observation/177763068	Animalia	Chordata	Mammalia	Artiodactyla	Bovidae	Connochaetes	Connochaetes gnou		SPECIES	Connochaetes gnou (Zimmermann, 1780)	Connochaetes gnou		KE	Masai Mara National Reserve	Narok	PRESENT	101	c8d737e0-2ff8-42e8-b8fc-6b805d26fc5f	-1.579722	35.17117	6.0						2019-07-25	25	7	2019	2441106	2441106	HUMAN_OBSERVATION		Observations	OBS.177763068				CC_BY_NC_4_0	Stichting Observation International	User 104317			2024-06-18T20:36:03.973Z		COORDINATE_ROUNDED;OCCURRENCE_STATUS_INFERRED_FROM_INDIVIDUAL_COUNT
2842065577	8a863029-f435-446a-821e-275f4f641165	https://observation.org/observation/168255956	Animalia	Chordata	Mammalia	Artiodactyla	Bovidae	Connochaetes	Connochaetes gnou		SPECIES	Connochaetes gnou (Zimmermann, 1780)	Connochaetes gnou		NA	Khomas	Khomas	PRESENT	2	c8d737e0-2ff8-42e8-b8fc-6b805d26fc5f	-22.694227	18.228207	25.0						2019-02-07	7	2	2019	2441106	2441106	HUMAN_OBSERVATION		Observations	OBS.168255956				CC_BY_NC_4_0	Stichting Observation International	User 149841			2024-06-18T20:36:11.249Z		COORDINATE_ROUNDED;OCCURRENCE_STATUS_INFERRED_FROM_INDIVIDUAL_COUNT
2841941559	8a863029-f435-446a-821e-275f4f641165	https://observation.org/observation/123191690	Animalia	Chordata	Mammalia	Artiodactyla	Bovidae	Connochaetes	Connochaetes gnou		SPECIES	Connochaetes gnou (Zimmermann, 1780)	Connochaetes gnou		ZA	Mountain Zebra NP	Eastern Cape	PRESENT	1	c8d737e0-2ff8-42e8-b8fc-6b805d26fc5f	-32.2058	25.4319	5.0						2016-09-01	1	9	2016	2441106	2441106	HUMAN_OBSERVATION		Observations	OBS.123191690				CC_BY_NC_4_0	Stichting Observation International	User 50484			2024-06-18T20:23:08.338Z		OCCURRENCE_STATUS_INFERRED_FROM_INDIVIDUAL_COUNT
2841928886	8a863029-f435-446a-821e-275f4f641165	https://observation.org/observation/168255883	Animalia	Chordata	Mammalia	Artiodactyla	Bovidae	Connochaetes	Connochaetes gnou		SPECIES	Connochaetes gnou (Zimmermann, 1780)	Connochaetes gnou		NA	Khomas	Khomas	PRESENT	16	c8d737e0-2ff8-42e8-b8fc-6b805d26fc5f	-22.62768	18.223757	25.0						2019-02-09	9	2	2019	2441106	2441106	HUMAN_OBSERVATION		Observations	OBS.168255883				CC_BY_NC_4_0	Stichting Observation International	User 149841			2024-06-18T20:35:39.452Z		COORDINATE_ROUNDED;OCCURRENCE_STATUS_INFERRED_FROM_INDIVIDUAL_COUNT
2841792748	8a863029-f435-446a-821e-275f4f641165	https://observation.org/observation/168255869	Animalia	Chordata	Mammalia	Artiodactyla	Bovidae	Connochaetes	Connochaetes gnou		SPECIES	Connochaetes gnou (Zimmermann, 1780)	Connochaetes gnou		NA	Khomas	Khomas	PRESENT	32	c8d737e0-2ff8-42e8-b8fc-6b805d26fc5f	-22.625362	18.224844	25.0						2019-02-09	9	2	2019	2441106	2441106	HUMAN_OBSERVATION		Observations	OBS.168255869				CC_BY_NC_4_0	Stichting Observation International	User 149841			2024-06-18T20:24:37.327Z		COORDINATE_ROUNDED;OCCURRENCE_STATUS_INFERRED_FROM_INDIVIDUAL_COUNT
2841668722	8a863029-f435-446a-821e-275f4f641165	https://observation.org/observation/168255951	Animalia	Chordata	Mammalia	Artiodactyla	Bovidae	Connochaetes	Connochaetes gnou		SPECIES	Connochaetes gnou (Zimmermann, 1780)	Connochaetes gnou		NA	Khomas	Khomas	PRESENT	4	c8d737e0-2ff8-42e8-b8fc-6b805d26fc5f	-22.667793	18.221039	25.0						2019-02-07	7	2	2019	2441106	2441106	HUMAN_OBSERVATION		Observations	OBS.168255951				CC_BY_NC_4_0	Stichting Observation International	User 149841			2024-06-18T20:36:10.985Z		COORDINATE_ROUNDED;OCCURRENCE_STATUS_INFERRED_FROM_INDIVIDUAL_COUNT
2841469920	8a863029-f435-446a-821e-275f4f641165	https://observation.org/observation/168255928	Animalia	Chordata	Mammalia	Artiodactyla	Bovidae	Connochaetes	Connochaetes gnou		SPECIES	Connochaetes gnou (Zimmermann, 1780)	Connochaetes gnou		NA	Khomas	Khomas	PRESENT	2	c8d737e0-2ff8-42e8-b8fc-6b805d26fc5f	-22.674036	18.190601	25.0						2019-02-07	7	2	2019	2441106	2441106	HUMAN_OBSERVATION		Observations	OBS.168255928				CC_BY_NC_4_0	Stichting Observation International	User 149841			2024-06-18T20:24:37.229Z		COORDINATE_ROUNDED;OCCURRENCE_STATUS_INFERRED_FROM_INDIVIDUAL_COUNT
2841146415	8a863029-f435-446a-821e-275f4f641165	https://observation.org/observation/81303659	Animalia	Chordata	Mammalia	Artiodactyla	Bovidae	Connochaetes	Connochaetes gnou		SPECIES	Connochaetes gnou (Zimmermann, 1780)	Connochaetes gnou		ZA	Mpumalanga	Mpumalanga	PRESENT	12	c8d737e0-2ff8-42e8-b8fc-6b805d26fc5f	-25.987366	30.697088	100.0						2014-01-20	20	1	2014	2441106	2441106	HUMAN_OBSERVATION		Observations	OBS.81303659				CC_BY_NC_4_0	Stichting Observation International	User 17339			2024-06-18T20:34:19.741Z		COORDINATE_ROUNDED;OCCURRENCE_STATUS_INFERRED_FROM_INDIVIDUAL_COUNT
2841082745	8a863029-f435-446a-821e-275f4f641165	https://observation.org/observation/168255919	Animalia	Chordata	Mammalia	Artiodactyla	Bovidae	Connochaetes	Connochaetes gnou		SPECIES	Connochaetes gnou (Zimmermann, 1780)	Connochaetes gnou		NA	Khomas	Khomas	PRESENT	4	c8d737e0-2ff8-42e8-b8fc-6b805d26fc5f	-22.678534	18.198566	25.0						2019-02-07	7	2	2019	2441106	2441106	HUMAN_OBSERVATION		Observations	OBS.168255919				CC_BY_NC_4_0	Stichting Observation International	User 149841			2024-06-18T20:24:39.565Z		COORDINATE_ROUNDED;OCCURRENCE_STATUS_INFERRED_FROM_INDIVIDUAL_COUNT
2841028684	8a863029-f435-446a-821e-275f4f641165	https://observation.org/observation/161338441	Animalia	Chordata	Mammalia	Artiodactyla	Bovidae	Connochaetes	Connochaetes gnou		SPECIES	Connochaetes gnou (Zimmermann, 1780)	Connochaetes gnou		ZA	Gauteng	Gauteng	PRESENT	1	c8d737e0-2ff8-42e8-b8fc-6b805d26fc5f	-26.520979	28.28021	100.0						2018-01-29	29	1	2018	2441106	2441106	HUMAN_OBSERVATION		Observations	OBS.161338441				CC_BY_NC_4_0	Stichting Observation International	User 2849			2024-06-18T20:24:17.576Z	StillImage	COORDINATE_ROUNDED;OCCURRENCE_STATUS_INFERRED_FROM_INDIVIDUAL_COUNT
2840905498	8a863029-f435-446a-821e-275f4f641165	https://observation.org/observation/168255957	Animalia	Chordata	Mammalia	Artiodactyla	Bovidae	Connochaetes	Connochaetes gnou		SPECIES	Connochaetes gnou (Zimmermann, 1780)	Connochaetes gnou		NA	Khomas	Khomas	PRESENT	1	c8d737e0-2ff8-42e8-b8fc-6b805d26fc5f	-22.682951	18.180874	25.0						2019-02-07	7	2	2019	2441106	2441106	HUMAN_OBSERVATION		Observations	OBS.168255957				CC_BY_NC_4_0	Stichting Observation International	User 149841			2024-06-18T20:24:36.462Z	StillImage	COORDINATE_ROUNDED;OCCURRENCE_STATUS_INFERRED_FROM_INDIVIDUAL_COUNT
2840847706	8a863029-f435-446a-821e-275f4f641165	https://observation.org/observation/148560871	Animalia	Chordata	Mammalia	Artiodactyla	Bovidae	Connochaetes	Connochaetes gnou		SPECIES	Connochaetes gnou (Zimmermann, 1780)	Connochaetes gnou		ZA	Mountain Zebra NP	Eastern Cape	PRESENT	5	c8d737e0-2ff8-42e8-b8fc-6b805d26fc5f	-32.197619	25.418445	25.0						2018-02-14	14	2	2018	2441106	2441106	HUMAN_OBSERVATION		Observations	OBS.148560871				CC_BY_NC_4_0	Stichting Observation International	User 46595			2024-06-18T20:23:51.186Z		COORDINATE_ROUNDED;OCCURRENCE_STATUS_INFERRED_FROM_INDIVIDUAL_COUNT
2840685220	8a863029-f435-446a-821e-275f4f641165	https://observation.org/observation/114738625	Animalia	Chordata	Mammalia	Artiodactyla	Bovidae	Connochaetes	Connochaetes gnou		SPECIES	Connochaetes gnou (Zimmermann, 1780)	Connochaetes gnou		ZA	Camdeboo NP	Eastern Cape	PRESENT	7	c8d737e0-2ff8-42e8-b8fc-6b805d26fc5f	-32.17811	24.500999	100.0						2016-01-04	4	1	2016	2441106	2441106	HUMAN_OBSERVATION		Observations	OBS.114738625				CC_BY_NC_4_0	Stichting Observation International	User 2849			2024-06-18T20:22:51.268Z	StillImage	COORDINATE_ROUNDED;OCCURRENCE_STATUS_INFERRED_FROM_INDIVIDUAL_COUNT
2840453530	8a863029-f435-446a-821e-275f4f641165	https://observation.org/observation/123192029	Animalia	Chordata	Mammalia	Artiodactyla	Bovidae	Connochaetes	Connochaetes gnou		SPECIES	Connochaetes gnou (Zimmermann, 1780)	Connochaetes gnou		ZA	Northern Cape	Northern Cape	PRESENT	15	c8d737e0-2ff8-42e8-b8fc-6b805d26fc5f	-29.03371	24.461002	100.0						2016-08-28	28	8	2016	2441106	2441106	HUMAN_OBSERVATION		Observations	OBS.123192029				CC_BY_NC_4_0	Stichting Observation International	User 2849			2024-06-18T20:23:07.196Z	StillImage	COORDINATE_ROUNDED;OCCURRENCE_STATUS_INFERRED_FROM_INDIVIDUAL_COUNT
2840312918	8a863029-f435-446a-821e-275f4f641165	https://observation.org/observation/78038736	Animalia	Chordata	Mammalia	Artiodactyla	Bovidae	Connochaetes	Connochaetes gnou		SPECIES	Connochaetes gnou (Zimmermann, 1780)	Connochaetes gnou		ZA	Golden Gate Highlands NP	Free State	PRESENT	1	c8d737e0-2ff8-42e8-b8fc-6b805d26fc5f	-28.529307	28.629224	10.0						2013-07-03	3	7	2013	2441106	2441106	HUMAN_OBSERVATION		Observations	OBS.78038736				CC_BY_NC_4_0	Stichting Observation International	User 23170			2024-06-18T20:21:57.917Z		OCCURRENCE_STATUS_INFERRED_FROM_INDIVIDUAL_COUNT
2840287856	8a863029-f435-446a-821e-275f4f641165	https://observation.org/observation/148560881	Animalia	Chordata	Mammalia	Artiodactyla	Bovidae	Connochaetes	Connochaetes gnou		SPECIES	Connochaetes gnou (Zimmermann, 1780)	Connochaetes gnou		ZA	Mountain Zebra NP	Eastern Cape	PRESENT	12	c8d737e0-2ff8-42e8-b8fc-6b805d26fc5f	-32.206017	25.436646	25.0						2018-02-14	14	2	2018	2441106	2441106	HUMAN_OBSERVATION		Observations	OBS.148560881				CC_BY_NC_4_0	Stichting Observation International	User 46595			2024-06-18T20:23:51.749Z		COORDINATE_ROUNDED;OCCURRENCE_STATUS_INFERRED_FROM_INDIVIDUAL_COUNT
2840176313	8a863029-f435-446a-821e-275f4f641165	https://observation.org/observation/122261667	Animalia	Chordata	Mammalia	Artiodactyla	Bovidae	Connochaetes	Connochaetes gnou		SPECIES	Connochaetes gnou (Zimmermann, 1780)	Connochaetes gnou		ZA	Golden Gate Highlands NP	Free State	PRESENT	16	c8d737e0-2ff8-42e8-b8fc-6b805d26fc5f	-28.52	28.6381	5.0						2016-08-08	8	8	2016	2441106	2441106	HUMAN_OBSERVATION		Observations	OBS.122261667				CC_BY_NC_4_0	Stichting Observation International	User 1898			2024-06-18T20:35:08.826Z	StillImage	OCCURRENCE_STATUS_INFERRED_FROM_INDIVIDUAL_COUNT
2840110246	8a863029-f435-446a-821e-275f4f641165	https://observation.org/observation/72136599	Animalia	Chordata	Mammalia	Artiodactyla	Bovidae	Connochaetes	Connochaetes gnou		SPECIES	Connochaetes gnou (Zimmermann, 1780)	Connochaetes gnou		NA	Hardap	Hardap	PRESENT	4	c8d737e0-2ff8-42e8-b8fc-6b805d26fc5f	-24.15301	17.967797	100.0						2012-10-20	20	10	2012	2441106	2441106	HUMAN_OBSERVATION		Observations	OBS.72136599				CC_BY_NC_4_0	Stichting Observation International	User 21807			2024-06-18T20:34:05.516Z	StillImage	COORDINATE_ROUNDED;OCCURRENCE_STATUS_INFERRED_FROM_INDIVIDUAL_COUNT
2840069648	8a863029-f435-446a-821e-275f4f641165	https://observation.org/observation/123495373	Animalia	Chordata	Mammalia	Artiodactyla	Bovidae	Connochaetes	Connochaetes gnou		SPECIES	Connochaetes gnou (Zimmermann, 1780)	Connochaetes gnou		ZA	North West	North West	PRESENT	1	c8d737e0-2ff8-42e8-b8fc-6b805d26fc5f	-25.866059	25.721984	1000.0						2012-05-06	6	5	2012	2441106	2441106	HUMAN_OBSERVATION		Observations	OBS.123495373				CC_BY_NC_4_0	Stichting Observation International	User 19215			2024-06-18T20:23:08.012Z	StillImage	COORDINATE_ROUNDED;OCCURRENCE_STATUS_INFERRED_FROM_INDIVIDUAL_COUNT
2840067086	8a863029-f435-446a-821e-275f4f641165	https://observation.org/observation/144528682	Animalia	Chordata	Mammalia	Artiodactyla	Bovidae	Connochaetes	Connochaetes gnou		SPECIES	Connochaetes gnou (Zimmermann, 1780)	Connochaetes gnou		ZA	Mountain Zebra NP	Eastern Cape	PRESENT	1	c8d737e0-2ff8-42e8-b8fc-6b805d26fc5f	-32.149137	25.494042	25.0						2017-09-25	25	9	2017	2441106	2441106	HUMAN_OBSERVATION		Observations	OBS.144528682				CC_BY_NC_4_0	Stichting Observation International	User 50108			2024-06-18T20:23:36.244Z		COORDINATE_ROUNDED;OCCURRENCE_STATUS_INFERRED_FROM_INDIVIDUAL_COUNT
2840061744	8a863029-f435-446a-821e-275f4f641165	https://observation.org/observation/126412913	Animalia	Chordata	Mammalia	Artiodactyla	Bovidae	Connochaetes	Connochaetes gnou		SPECIES	Connochaetes gnou (Zimmermann, 1780)	Connochaetes gnou		ZA	Northern Cape	Northern Cape	PRESENT	5	c8d737e0-2ff8-42e8-b8fc-6b805d26fc5f	-29.041642	24.488447	100.0						2016-08-29	29	8	2016	2441106	2441106	HUMAN_OBSERVATION		Observations	OBS.126412913				CC_BY_NC_4_0	Stichting Observation International	User 2849			2024-06-18T20:34:44.812Z	StillImage	COORDINATE_ROUNDED;OCCURRENCE_STATUS_INFERRED_FROM_INDIVIDUAL_COUNT
2840028956	8a863029-f435-446a-821e-275f4f641165	https://observation.org/observation/126037446	Animalia	Chordata	Mammalia	Artiodactyla	Bovidae	Connochaetes	Connochaetes gnou		SPECIES	Connochaetes gnou (Zimmermann, 1780)	Connochaetes gnou		ZA	Gauteng	Gauteng	PRESENT	1	c8d737e0-2ff8-42e8-b8fc-6b805d26fc5f	-25.865653	28.274985	25.0						2016-11-01	1	11	2016	2441106	2441106	HUMAN_OBSERVATION		Observations	OBS.126037446				CC_BY_NC_4_0	Stichting Observation International	User 43566			2024-06-18T20:23:12.398Z		COORDINATE_ROUNDED;OCCURRENCE_STATUS_INFERRED_FROM_INDIVIDUAL_COUNT
2839818493	8a863029-f435-446a-821e-275f4f641165	https://observation.org/observation/123165915	Animalia	Chordata	Mammalia	Artiodactyla	Bovidae	Connochaetes	Connochaetes gnou		SPECIES	Connochaetes gnou (Zimmermann, 1780)	Connochaetes gnou		ZA	Mountain Zebra NP	Eastern Cape	PRESENT	1	c8d737e0-2ff8-42e8-b8fc-6b805d26fc5f	-32.189	25.5001	5.0						2016-08-31	31	8	2016	2441106	2441106	HUMAN_OBSERVATION		Observations	OBS.123165915				CC_BY_NC_4_0	Stichting Observation International	User 50484			2024-06-18T20:35:32.105Z		OCCURRENCE_STATUS_INFERRED_FROM_INDIVIDUAL_COUNT
2839772082	8a863029-f435-446a-821e-275f4f641165	https://observation.org/observation/132781025	Animalia	Chordata	Mammalia	Artiodactyla	Bovidae	Connochaetes	Connochaetes gnou		SPECIES	Connochaetes gnou (Zimmermann, 1780)	Connochaetes gnou		ZA	Mountain Zebra NP	Eastern Cape	PRESENT	18	c8d737e0-2ff8-42e8-b8fc-6b805d26fc5f	-32.204088	25.419024	25.0						2016-12-09	9	12	2016	2441106	2441106	HUMAN_OBSERVATION		Observations	OBS.132781025				CC_BY_NC_4_0	Stichting Observation International	User 4537			2024-06-18T20:23:13.119Z		COORDINATE_ROUNDED;OCCURRENCE_STATUS_INFERRED_FROM_INDIVIDUAL_COUNT
2839761458	8a863029-f435-446a-821e-275f4f641165	https://observation.org/observation/123264418	Animalia	Chordata	Mammalia	Artiodactyla	Bovidae	Connochaetes	Connochaetes gnou		SPECIES	Connochaetes gnou (Zimmermann, 1780)	Connochaetes gnou		ZA	Mountain Zebra NP	Eastern Cape	PRESENT	1	c8d737e0-2ff8-42e8-b8fc-6b805d26fc5f	-32.1619	25.4811	5.0						2016-09-02	2	9	2016	2441106	2441106	HUMAN_OBSERVATION		Observations	OBS.123264418				CC_BY_NC_4_0	Stichting Observation International	User 50484			2024-06-18T20:23:08.603Z		OCCURRENCE_STATUS_INFERRED_FROM_INDIVIDUAL_COUNT
2839757071	8a863029-f435-446a-821e-275f4f641165	https://observation.org/observation/132781034	Animalia	Chordata	Mammalia	Artiodactyla	Bovidae	Connochaetes	Connochaetes gnou		SPECIES	Connochaetes gnou (Zimmermann, 1780)	Connochaetes gnou		ZA	Mountain Zebra NP	Eastern Cape	PRESENT	12	c8d737e0-2ff8-42e8-b8fc-6b805d26fc5f	-32.217905	25.425969	25.0						2016-12-09	9	12	2016	2441106	2441106	HUMAN_OBSERVATION		Observations	OBS.132781034				CC_BY_NC_4_0	Stichting Observation International	User 4537			2024-06-18T20:34:55.095Z		COORDINATE_ROUNDED;OCCURRENCE_STATUS_INFERRED_FROM_INDIVIDUAL_COUNT
2839740721	8a863029-f435-446a-821e-275f4f641165	https://observation.org/observation/123459745	Animalia	Chordata	Mammalia	Artiodactyla	Bovidae	Connochaetes	Connochaetes gnou		SPECIES	Connochaetes gnou (Zimmermann, 1780)	Connochaetes gnou		ZA	Kimberley	Northern Cape	PRESENT	1	c8d737e0-2ff8-42e8-b8fc-6b805d26fc5f	-28.776771	24.610994	1000.0						2012-04-30	30	4	2012	2441106	2441106	HUMAN_OBSERVATION		Observations	OBS.123459745				CC_BY_NC_4_0	Stichting Observation International	User 19215			2024-06-18T20:35:33.419Z	StillImage	OCCURRENCE_STATUS_INFERRED_FROM_INDIVIDUAL_COUNT
2839706479	8a863029-f435-446a-821e-275f4f641165	https://observation.org/observation/165715739	Animalia	Chordata	Mammalia	Artiodactyla	Bovidae	Connochaetes	Connochaetes gnou		SPECIES	Connochaetes gnou (Zimmermann, 1780)	Connochaetes gnou		NA	Khomas	Khomas	PRESENT	7	c8d737e0-2ff8-42e8-b8fc-6b805d26fc5f	-22.7	18.21	1000.0						2018-12-13	13	12	2018	2441106	2441106	HUMAN_OBSERVATION		Observations	OBS.165715739				CC_BY_NC_4_0	Stichting Observation International	User 100025			2024-06-18T20:35:53.934Z	StillImage	OCCURRENCE_STATUS_INFERRED_FROM_INDIVIDUAL_COUNT
2839678932	8a863029-f435-446a-821e-275f4f641165	https://observation.org/observation/133040517	Animalia	Chordata	Mammalia	Artiodactyla	Bovidae	Connochaetes	Connochaetes gnou		SPECIES	Connochaetes gnou (Zimmermann, 1780)	Connochaetes gnou		ZA	Suikerbosrand Nature Reserve	Gauteng	PRESENT	12	c8d737e0-2ff8-42e8-b8fc-6b805d26fc5f	-26.499141	28.27926	25.0						2016-12-01	1	12	2016	2441106	2441106	HUMAN_OBSERVATION		Observations	OBS.133040517				CC_BY_NC_4_0	Stichting Observation International	User 50484			2024-06-18T20:23:15.867Z		COORDINATE_ROUNDED;OCCURRENCE_STATUS_INFERRED_FROM_INDIVIDUAL_COUNT
2839664189	8a863029-f435-446a-821e-275f4f641165	https://observation.org/observation/114737315	Animalia	Chordata	Mammalia	Artiodactyla	Bovidae	Connochaetes	Connochaetes gnou		SPECIES	Connochaetes gnou (Zimmermann, 1780)	Connochaetes gnou		ZA	Camdeboo NP	Eastern Cape	PRESENT	1	c8d737e0-2ff8-42e8-b8fc-6b805d26fc5f	-32.188054	24.50768	100.0						2016-01-04	4	1	2016	2441106	2441106	HUMAN_OBSERVATION		Observations	OBS.114737315				CC_BY_NC_4_0	Stichting Observation International	User 2849			2024-06-18T20:34:26.593Z	StillImage	COORDINATE_ROUNDED;OCCURRENCE_STATUS_INFERRED_FROM_INDIVIDUAL_COUNT
2839381218	8a863029-f435-446a-821e-275f4f641165	https://observation.org/observation/114723483	Animalia	Chordata	Mammalia	Artiodactyla	Bovidae	Connochaetes	Connochaetes gnou		SPECIES	Connochaetes gnou (Zimmermann, 1780)	Connochaetes gnou		ZA	Camdeboo NP	Eastern Cape	PRESENT	1	c8d737e0-2ff8-42e8-b8fc-6b805d26fc5f	-32.196254	24.502849	10.0						2016-01-03	3	1	2016	2441106	2441106	HUMAN_OBSERVATION		Observations	OBS.114723483				CC_BY_NC_4_0	Stichting Observation International	User 2849			2024-06-18T20:35:09.333Z	StillImage	COORDINATE_ROUNDED;OCCURRENCE_STATUS_INFERRED_FROM_INDIVIDUAL_COUNT
2839325348	8a863029-f435-446a-821e-275f4f641165	https://observation.org/observation/89557310	Animalia	Chordata	Mammalia	Artiodactyla	Bovidae	Connochaetes	Connochaetes gnou		SPECIES	Connochaetes gnou (Zimmermann, 1780)	Connochaetes gnou		ZA	Mountain Zebra NP	Eastern Cape	PRESENT	1	c8d737e0-2ff8-42e8-b8fc-6b805d26fc5f	-32.258613	25.443765	100.0						2014-10-07	7	10	2014	2441106	2441106	HUMAN_OBSERVATION		Observations	OBS.89557310				CC_BY_NC_4_0	Stichting Observation International	User 47905			2024-06-18T20:34:05.078Z	StillImage	COORDINATE_ROUNDED;OCCURRENCE_STATUS_INFERRED_FROM_INDIVIDUAL_COUNT
2839131582	8a863029-f435-446a-821e-275f4f641165	https://observation.org/observation/95365046	Animalia	Chordata	Mammalia	Artiodactyla	Bovidae	Connochaetes	Connochaetes gnou		SPECIES	Connochaetes gnou (Zimmermann, 1780)	Connochaetes gnou		ZA	Free State	Free State	PRESENT	1	c8d737e0-2ff8-42e8-b8fc-6b805d26fc5f	-27.815394	29.632874	1000.0						2014-10-25	25	10	2014	2441106	2441106	HUMAN_OBSERVATION		Observations	OBS.95365046				CC_BY_NC_4_0	Stichting Observation International	User 43839			2024-06-18T20:22:26.694Z	StillImage	COORDINATE_ROUNDED;OCCURRENCE_STATUS_INFERRED_FROM_INDIVIDUAL_COUNT
2839085131	8a863029-f435-446a-821e-275f4f641165	https://observation.org/observation/79094633	Animalia	Chordata	Mammalia	Artiodactyla	Bovidae	Connochaetes	Connochaetes gnou		SPECIES	Connochaetes gnou (Zimmermann, 1780)	Connochaetes gnou		NA	Khomas	Khomas	PRESENT	8	c8d737e0-2ff8-42e8-b8fc-6b805d26fc5f	-22.289732	17.063542	100.0						2008-09-28	28	9	2008	2441106	2441106	HUMAN_OBSERVATION		Observations	OBS.79094633				CC_BY_NC_4_0	Stichting Observation International	User 6595			2024-06-18T20:22:01.072Z		COORDINATE_ROUNDED;OCCURRENCE_STATUS_INFERRED_FROM_INDIVIDUAL_COUNT
2838905705	8a863029-f435-446a-821e-275f4f641165	https://observation.org/observation/184676081	Animalia	Chordata	Mammalia	Artiodactyla	Bovidae	Connochaetes	Connochaetes gnou		SPECIES	Connochaetes gnou (Zimmermann, 1780)	Connochaetes gnou		ZA	Golden Gate Highlands NP	Free State	PRESENT	1	c8d737e0-2ff8-42e8-b8fc-6b805d26fc5f	-28.523361	28.618612	25.0						2020-01-22	22	1	2020	2441106	2441106	HUMAN_OBSERVATION		Observations	OBS.184676081				CC_BY_NC_4_0	Stichting Observation International	User 11109			2024-06-18T20:36:35.030Z	StillImage	COORDINATE_ROUNDED;OCCURRENCE_STATUS_INFERRED_FROM_INDIVIDUAL_COUNT
2838824897	8a863029-f435-446a-821e-275f4f641165	https://observation.org/observation/78038737	Animalia	Chordata	Mammalia	Artiodactyla	Bovidae	Connochaetes	Connochaetes gnou		SPECIES	Connochaetes gnou (Zimmermann, 1780)	Connochaetes gnou		ZA	Golden Gate Highlands NP	Free State	PRESENT	1	c8d737e0-2ff8-42e8-b8fc-6b805d26fc5f	-28.520127	28.624742	10.0						2013-07-03	3	7	2013	2441106	2441106	HUMAN_OBSERVATION		Observations	OBS.78038737				CC_BY_NC_4_0	Stichting Observation International	User 23170			2024-06-18T20:33:59.139Z		OCCURRENCE_STATUS_INFERRED_FROM_INDIVIDUAL_COUNT
2838767796	8a863029-f435-446a-821e-275f4f641165	https://observation.org/observation/78038704	Animalia	Chordata	Mammalia	Artiodactyla	Bovidae	Connochaetes	Connochaetes gnou		SPECIES	Connochaetes gnou (Zimmermann, 1780)	Connochaetes gnou		ZA	QwaQwa NP	Free State	PRESENT	30	c8d737e0-2ff8-42e8-b8fc-6b805d26fc5f	-28.473237	28.746004	10.0						2013-07-04	4	7	2013	2441106	2441106	HUMAN_OBSERVATION		Observations	OBS.78038704				CC_BY_NC_4_0	Stichting Observation International	User 23170			2024-06-18T20:21:58.248Z		OCCURRENCE_STATUS_INFERRED_FROM_INDIVIDUAL_COUNT
2838634864	8a863029-f435-446a-821e-275f4f641165	https://observation.org/observation/78038714	Animalia	Chordata	Mammalia	Artiodactyla	Bovidae	Connochaetes	Connochaetes gnou		SPECIES	Connochaetes gnou (Zimmermann, 1780)	Connochaetes gnou		ZA	Golden Gate Highlands NP	Free State	PRESENT	18	c8d737e0-2ff8-42e8-b8fc-6b805d26fc5f	-28.503145	28.648625	10.0						2013-07-04	4	7	2013	2441106	2441106	HUMAN_OBSERVATION		Observations	OBS.78038714				CC_BY_NC_4_0	Stichting Observation International	User 23170			2024-06-18T20:33:55.656Z		OCCURRENCE_STATUS_INFERRED_FROM_INDIVIDUAL_COUNT
2838463009	8a863029-f435-446a-821e-275f4f641165	https://observation.org/observation/179878785	Animalia	Chordata	Mammalia	Artiodactyla	Bovidae	Connochaetes	Connochaetes gnou		SPECIES	Connochaetes gnou (Zimmermann, 1780)	Connochaetes gnou		NA	Erongo	Erongo	PRESENT	15	c8d737e0-2ff8-42e8-b8fc-6b805d26fc5f	-21.422329	16.508954	24.0						2019-09-20	20	9	2019	2441106	2441106	HUMAN_OBSERVATION		Observations	OBS.179878785				CC_BY_NC_4_0	Stichting Observation International	User 7762			2024-06-18T20:36:10.748Z	StillImage	COORDINATE_ROUNDED;OCCURRENCE_STATUS_INFERRED_FROM_INDIVIDUAL_COUNT
2838276071	8a863029-f435-446a-821e-275f4f641165	https://observation.org/observation/121148214	Animalia	Chordata	Mammalia	Artiodactyla	Bovidae	Connochaetes	Connochaetes gnou		SPECIES	Connochaetes gnou (Zimmermann, 1780)	Connochaetes gnou		ZA	Free State	Free State	PRESENT	15	c8d737e0-2ff8-42e8-b8fc-6b805d26fc5f	-28.843359	26.048126	100.0						2016-07-09	9	7	2016	2441106	2441106	HUMAN_OBSERVATION		Observations	OBS.121148214				CC_BY_NC_4_0	Stichting Observation International	User 2849			2024-06-18T20:23:05.580Z	StillImage	COORDINATE_ROUNDED;OCCURRENCE_STATUS_INFERRED_FROM_INDIVIDUAL_COUNT
2838216266	8a863029-f435-446a-821e-275f4f641165	https://observation.org/observation/180215982	Animalia	Chordata	Mammalia	Artiodactyla	Bovidae	Connochaetes	Connochaetes gnou		SPECIES	Connochaetes gnou (Zimmermann, 1780)	Connochaetes gnou		ZA	Golden Gate Highlands NP	Free State	PRESENT	1	c8d737e0-2ff8-42e8-b8fc-6b805d26fc5f	-28.493136	28.607528	50.0						2019-09-17	17	9	2019	2441106	2441106	HUMAN_OBSERVATION		Observations	OBS.180215982				CC_BY_NC_4_0	Stichting Observation International	User 50304			2024-06-18T20:36:58.621Z		COORDINATE_ROUNDED;OCCURRENCE_STATUS_INFERRED_FROM_INDIVIDUAL_COUNT
2838211580	8a863029-f435-446a-821e-275f4f641165	https://observation.org/observation/105518080	Animalia	Chordata	Mammalia	Artiodactyla	Bovidae	Connochaetes	Connochaetes gnou		SPECIES	Connochaetes gnou (Zimmermann, 1780)	Connochaetes gnou		ZA	Golden Gate Highlands NP	Free State	PRESENT	13	c8d737e0-2ff8-42e8-b8fc-6b805d26fc5f	-28.508588	28.650727	100.0						2015-08-17	17	8	2015	2441106	2441106	HUMAN_OBSERVATION		Observations	OBS.105518080				CC_BY_NC_4_0	Stichting Observation International	User 2849			2024-06-18T20:35:33.021Z	StillImage	COORDINATE_ROUNDED;OCCURRENCE_STATUS_INFERRED_FROM_INDIVIDUAL_COUNT
2837958448	8a863029-f435-446a-821e-275f4f641165	https://observation.org/observation/96430296	Animalia	Chordata	Mammalia	Artiodactyla	Bovidae	Connochaetes	Connochaetes gnou		SPECIES	Connochaetes gnou (Zimmermann, 1780)	Connochaetes gnou		ZA	Johannesburg	Gauteng	PRESENT	1	c8d737e0-2ff8-42e8-b8fc-6b805d26fc5f	-26.301116	28.017204	100.0						2014-12-08	8	12	2014	2441106	2441106	HUMAN_OBSERVATION		Observations	OBS.96430296				CC_BY_NC_4_0	Stichting Observation International	User 94534			2024-06-18T20:22:25.780Z		COORDINATE_ROUNDED;OCCURRENCE_STATUS_INFERRED_FROM_INDIVIDUAL_COUNT
2837764239	8a863029-f435-446a-821e-275f4f641165	https://observation.org/observation/42205578	Animalia	Chordata	Mammalia	Artiodactyla	Bovidae	Connochaetes	Connochaetes gnou		SPECIES	Connochaetes gnou (Zimmermann, 1780)	Connochaetes gnou		ZA	Eastern Cape	Eastern Cape	PRESENT	38	c8d737e0-2ff8-42e8-b8fc-6b805d26fc5f	-32.180262	25.562439							2009-03-09	9	3	2009	2441106	2441106	HUMAN_OBSERVATION		Observations	OBS.42205578				CC_BY_NC_4_0	Stichting Observation International	User 17339			2024-06-18T20:21:04.347Z		COORDINATE_ROUNDED;OCCURRENCE_STATUS_INFERRED_FROM_INDIVIDUAL_COUNT
2837590827	8a863029-f435-446a-821e-275f4f641165	https://observation.org/observation/168255870	Animalia	Chordata	Mammalia	Artiodactyla	Bovidae	Connochaetes	Connochaetes gnou		SPECIES	Connochaetes gnou (Zimmermann, 1780)	Connochaetes gnou		NA	Omaheke	Khomas	PRESENT	2	c8d737e0-2ff8-42e8-b8fc-6b805d26fc5f	-22.613171	18.241488	25.0						2019-02-09	9	2	2019	2441106	2441106	HUMAN_OBSERVATION		Observations	OBS.168255870				CC_BY_NC_4_0	Stichting Observation International	User 149841			2024-06-18T20:36:06.192Z		COORDINATE_ROUNDED;OCCURRENCE_STATUS_INFERRED_FROM_INDIVIDUAL_COUNT
2836978733	8a863029-f435-446a-821e-275f4f641165	https://observation.org/observation/168255880	Animalia	Chordata	Mammalia	Artiodactyla	Bovidae	Connochaetes	Connochaetes gnou		SPECIES	Connochaetes gnou (Zimmermann, 1780)	Connochaetes gnou		NA	Khomas	Khomas	PRESENT	8	c8d737e0-2ff8-42e8-b8fc-6b805d26fc5f	-22.616362	18.224138	25.0						2019-02-09	9	2	2019	2441106	2441106	HUMAN_OBSERVATION		Observations	OBS.168255880				CC_BY_NC_4_0	Stichting Observation International	User 149841			2024-06-18T20:35:52.975Z		COORDINATE_ROUNDED;OCCURRENCE_STATUS_INFERRED_FROM_INDIVIDUAL_COUNT
2836939331	8a863029-f435-446a-821e-275f4f641165	https://observation.org/observation/146327732	Animalia	Chordata	Mammalia	Artiodactyla	Bovidae	Connochaetes	Connochaetes gnou		SPECIES	Connochaetes gnou (Zimmermann, 1780)	Connochaetes gnou		NA	Otjozondjupa	Otjozondjupa	PRESENT	1	c8d737e0-2ff8-42e8-b8fc-6b805d26fc5f	-20.9888	16.455	5.0						2017-11-22	22	11	2017	2441106	2441106	HUMAN_OBSERVATION		Observations	OBS.146327732				CC_BY_NC_4_0	Stichting Observation International	User 3406			2024-06-18T20:23:48.685Z	StillImage	OCCURRENCE_STATUS_INFERRED_FROM_INDIVIDUAL_COUNT
2836773389	8a863029-f435-446a-821e-275f4f641165	https://observation.org/observation/146281985	Animalia	Chordata	Mammalia	Artiodactyla	Bovidae	Connochaetes	Connochaetes gnou		SPECIES	Connochaetes gnou (Zimmermann, 1780)	Connochaetes gnou		NA	Omaheke	Omaheke	PRESENT	10	c8d737e0-2ff8-42e8-b8fc-6b805d26fc5f	-22.377222	18.510139	1000.0						2014-05-12	12	5	2014	2441106	2441106	HUMAN_OBSERVATION		Observations	OBS.146281985				CC_BY_NC_4_0	Stichting Observation International	User 18153			2024-06-18T20:35:33.994Z		COORDINATE_ROUNDED;OCCURRENCE_STATUS_INFERRED_FROM_INDIVIDUAL_COUNT
2836686477	8a863029-f435-446a-821e-275f4f641165	https://observation.org/observation/164779282	Animalia	Chordata	Mammalia	Artiodactyla	Bovidae	Connochaetes	Connochaetes gnou		SPECIES	Connochaetes gnou (Zimmermann, 1780)	Connochaetes gnou		ZA	Gauteng	Gauteng	PRESENT	4	c8d737e0-2ff8-42e8-b8fc-6b805d26fc5f	-25.903206	28.279967	25.0						2018-10-31	31	10	2018	2441106	2441106	HUMAN_OBSERVATION		Observations	OBS.164779282				CC_BY_NC_4_0	Stichting Observation International	User 12663			2024-06-18T20:24:32.868Z	StillImage	COORDINATE_ROUNDED;OCCURRENCE_STATUS_INFERRED_FROM_INDIVIDUAL_COUNT
2836678348	8a863029-f435-446a-821e-275f4f641165	https://observation.org/observation/161183706	Animalia	Chordata	Mammalia	Artiodactyla	Bovidae	Connochaetes	Connochaetes gnou		SPECIES	Connochaetes gnou (Zimmermann, 1780)	Connochaetes gnou		ZA	Gauteng	Gauteng	PRESENT	10	c8d737e0-2ff8-42e8-b8fc-6b805d26fc5f	-26.526975	28.272429	1000.0						2018-01-29	29	1	2018	2441106	2441106	HUMAN_OBSERVATION		Observations	OBS.161183706				CC_BY_NC_4_0	Stichting Observation International	User 2849			2024-06-18T20:24:17.533Z	StillImage	COORDINATE_ROUNDED;OCCURRENCE_STATUS_INFERRED_FROM_INDIVIDUAL_COUNT
2836587502	8a863029-f435-446a-821e-275f4f641165	https://observation.org/observation/123264379	Animalia	Chordata	Mammalia	Artiodactyla	Bovidae	Connochaetes	Connochaetes gnou		SPECIES	Connochaetes gnou (Zimmermann, 1780)	Connochaetes gnou		ZA	Mountain Zebra NP	Eastern Cape	PRESENT	1	c8d737e0-2ff8-42e8-b8fc-6b805d26fc5f	-32.2251	25.4309	5.0						2016-09-01	1	9	2016	2441106	2441106	HUMAN_OBSERVATION		Observations	OBS.123264379				CC_BY_NC_4_0	Stichting Observation International	User 50484			2024-06-18T20:23:10.557Z		OCCURRENCE_STATUS_INFERRED_FROM_INDIVIDUAL_COUNT
2836566826	8a863029-f435-446a-821e-275f4f641165	https://observation.org/observation/148560878	Animalia	Chordata	Mammalia	Artiodactyla	Bovidae	Connochaetes	Connochaetes gnou		SPECIES	Connochaetes gnou (Zimmermann, 1780)	Connochaetes gnou		ZA	Mountain Zebra NP	Eastern Cape	PRESENT	20	c8d737e0-2ff8-42e8-b8fc-6b805d26fc5f	-32.20602	25.428438	25.0						2018-02-14	14	2	2018	2441106	2441106	HUMAN_OBSERVATION		Observations	OBS.148560878				CC_BY_NC_4_0	Stichting Observation International	User 46595			2024-06-18T20:23:48.225Z		COORDINATE_ROUNDED;OCCURRENCE_STATUS_INFERRED_FROM_INDIVIDUAL_COUNT
2836541937	8a863029-f435-446a-821e-275f4f641165	https://observation.org/observation/132542631	Animalia	Chordata	Mammalia	Artiodactyla	Bovidae	Connochaetes	Connochaetes gnou		SPECIES	Connochaetes gnou (Zimmermann, 1780)	Connochaetes gnou		ZA	Gauteng	Gauteng	PRESENT	5	c8d737e0-2ff8-42e8-b8fc-6b805d26fc5f	-25.776403	28.175355	100.0						2016-11-01	1	11	2016	2441106	2441106	HUMAN_OBSERVATION		Observations	OBS.132542631				CC_BY_NC_4_0	Stichting Observation International	User 17416			2024-06-18T20:34:56.216Z	StillImage	COORDINATE_ROUNDED;OCCURRENCE_STATUS_INFERRED_FROM_INDIVIDUAL_COUNT
2836534880	8a863029-f435-446a-821e-275f4f641165	https://observation.org/observation/168255871	Animalia	Chordata	Mammalia	Artiodactyla	Bovidae	Connochaetes	Connochaetes gnou		SPECIES	Connochaetes gnou (Zimmermann, 1780)	Connochaetes gnou		NA	Omaheke	Khomas	PRESENT	1	c8d737e0-2ff8-42e8-b8fc-6b805d26fc5f	-22.613163	18.241468	25.0						2019-02-09	9	2	2019	2441106	2441106	HUMAN_OBSERVATION		Observations	OBS.168255871				CC_BY_NC_4_0	Stichting Observation International	User 149841			2024-06-18T20:24:39.793Z		COORDINATE_ROUNDED;OCCURRENCE_STATUS_INFERRED_FROM_INDIVIDUAL_COUNT
2836467162	8a863029-f435-446a-821e-275f4f641165	https://observation.org/observation/144528511	Animalia	Chordata	Mammalia	Artiodactyla	Bovidae	Connochaetes	Connochaetes gnou		SPECIES	Connochaetes gnou (Zimmermann, 1780)	Connochaetes gnou		ZA	Mountain Zebra NP	Eastern Cape	PRESENT	1	c8d737e0-2ff8-42e8-b8fc-6b805d26fc5f	-32.192914	25.491955	25.0						2017-09-27	27	9	2017	2441106	2441106	HUMAN_OBSERVATION		Observations	OBS.144528511				CC_BY_NC_4_0	Stichting Observation International	User 50108			2024-06-18T20:35:41.895Z		COORDINATE_ROUNDED;OCCURRENCE_STATUS_INFERRED_FROM_INDIVIDUAL_COUNT
2836441381	8a863029-f435-446a-821e-275f4f641165	https://observation.org/observation/164779254	Animalia	Chordata	Mammalia	Artiodactyla	Bovidae	Connochaetes	Connochaetes gnou		SPECIES	Connochaetes gnou (Zimmermann, 1780)	Connochaetes gnou		ZA	Gauteng	Gauteng	PRESENT	23	c8d737e0-2ff8-42e8-b8fc-6b805d26fc5f	-25.871376	28.288245	25.0						2018-10-31	31	10	2018	2441106	2441106	HUMAN_OBSERVATION		Observations	OBS.164779254				CC_BY_NC_4_0	Stichting Observation International	User 12663			2024-06-18T20:24:31.122Z	StillImage	COORDINATE_ROUNDED;OCCURRENCE_STATUS_INFERRED_FROM_INDIVIDUAL_COUNT
2836422408	8a863029-f435-446a-821e-275f4f641165	https://observation.org/observation/164958432	Animalia	Chordata	Mammalia	Artiodactyla	Bovidae	Connochaetes	Connochaetes gnou		SPECIES	Connochaetes gnou (Zimmermann, 1780)	Connochaetes gnou		ZA	Eastern Cape	Eastern Cape	PRESENT	5	c8d737e0-2ff8-42e8-b8fc-6b805d26fc5f	-31.664999	24.711715	1000.0						2017-10-24	24	10	2017	2441106	2441106	HUMAN_OBSERVATION		Observations	OBS.164958432				CC_BY_NC_4_0	Stichting Observation International	User 122573			2024-06-18T20:24:33.692Z		COORDINATE_ROUNDED;OCCURRENCE_STATUS_INFERRED_FROM_INDIVIDUAL_COUNT
2836324703	8a863029-f435-446a-821e-275f4f641165	https://observation.org/observation/132569532	Animalia	Chordata	Mammalia	Artiodactyla	Bovidae	Connochaetes	Connochaetes gnou		SPECIES	Connochaetes gnou (Zimmermann, 1780)	Connochaetes gnou		ZA	Suikerbosrand Nature Reserve	Gauteng	PRESENT	12	c8d737e0-2ff8-42e8-b8fc-6b805d26fc5f	-26.499141	28.27926	25.0						2016-12-01	1	12	2016	2441106	2441106	HUMAN_OBSERVATION		Observations	OBS.132569532				CC_BY_NC_4_0	Stichting Observation International	User 50108			2024-06-18T20:23:20.831Z		COORDINATE_ROUNDED;OCCURRENCE_STATUS_INFERRED_FROM_INDIVIDUAL_COUNT
2836312245	8a863029-f435-446a-821e-275f4f641165	https://observation.org/observation/114789244	Animalia	Chordata	Mammalia	Artiodactyla	Bovidae	Connochaetes	Connochaetes gnou		SPECIES	Connochaetes gnou (Zimmermann, 1780)	Connochaetes gnou		ZA	Mountain Zebra NP	Eastern Cape	PRESENT	1	c8d737e0-2ff8-42e8-b8fc-6b805d26fc5f	-32.224536	25.431561	100.0						2016-01-06	6	1	2016	2441106	2441106	HUMAN_OBSERVATION		Observations	OBS.114789244				CC_BY_NC_4_0	Stichting Observation International	User 2849			2024-06-18T20:34:31.837Z	StillImage	COORDINATE_ROUNDED;OCCURRENCE_STATUS_INFERRED_FROM_INDIVIDUAL_COUNT
2836287433	8a863029-f435-446a-821e-275f4f641165	https://observation.org/observation/159412893	Animalia	Chordata	Mammalia	Artiodactyla	Bovidae	Connochaetes	Connochaetes gnou		SPECIES	Connochaetes gnou (Zimmermann, 1780)	Connochaetes gnou		ZA	Gauteng	Gauteng	PRESENT	10	c8d737e0-2ff8-42e8-b8fc-6b805d26fc5f	-25.891651	28.285449	100.0						2018-04-15	15	4	2018	2441106	2441106	HUMAN_OBSERVATION		Observations	OBS.159412893				CC_BY_NC_4_0	Stichting Observation International	User 43239			2024-06-18T20:24:11.861Z		COORDINATE_ROUNDED;OCCURRENCE_STATUS_INFERRED_FROM_INDIVIDUAL_COUNT
2835995134	8a863029-f435-446a-821e-275f4f641165	https://observation.org/observation/114210300	Animalia	Chordata	Mammalia	Artiodactyla	Bovidae	Connochaetes	Connochaetes gnou		SPECIES	Connochaetes gnou (Zimmermann, 1780)	Connochaetes gnou		ZA	Northern Cape	Northern Cape	PRESENT	1	c8d737e0-2ff8-42e8-b8fc-6b805d26fc5f	-29.046306	24.493704	100.0						2015-12-19	19	12	2015	2441106	2441106	HUMAN_OBSERVATION		Observations	OBS.114210300				CC_BY_NC_4_0	Stichting Observation International	User 2849			2024-06-18T20:34:58.219Z	StillImage	COORDINATE_ROUNDED;OCCURRENCE_STATUS_INFERRED_FROM_INDIVIDUAL_COUNT
2835972891	8a863029-f435-446a-821e-275f4f641165	https://observation.org/observation/78038733	Animalia	Chordata	Mammalia	Artiodactyla	Bovidae	Connochaetes	Connochaetes gnou		SPECIES	Connochaetes gnou (Zimmermann, 1780)	Connochaetes gnou		ZA	Golden Gate Highlands NP	Free State	PRESENT	1	c8d737e0-2ff8-42e8-b8fc-6b805d26fc5f	-28.518146	28.633492	10.0						2013-07-03	3	7	2013	2441106	2441106	HUMAN_OBSERVATION		Observations	OBS.78038733				CC_BY_NC_4_0	Stichting Observation International	User 23170			2024-06-18T20:21:58.607Z	StillImage	OCCURRENCE_STATUS_INFERRED_FROM_INDIVIDUAL_COUNT
2835959245	8a863029-f435-446a-821e-275f4f641165	https://observation.org/observation/114749400	Animalia	Chordata	Mammalia	Artiodactyla	Bovidae	Connochaetes	Connochaetes gnou		SPECIES	Connochaetes gnou (Zimmermann, 1780)	Connochaetes gnou		ZA	Mountain Zebra NP	Eastern Cape	PRESENT	1	c8d737e0-2ff8-42e8-b8fc-6b805d26fc5f	-32.156087	25.480185	100.0						2016-01-05	5	1	2016	2441106	2441106	HUMAN_OBSERVATION		Observations	OBS.114749400				CC_BY_NC_4_0	Stichting Observation International	User 2849			2024-06-18T20:22:53.043Z	StillImage	COORDINATE_ROUNDED;OCCURRENCE_STATUS_INFERRED_FROM_INDIVIDUAL_COUNT
2835953848	8a863029-f435-446a-821e-275f4f641165	https://observation.org/observation/132781040	Animalia	Chordata	Mammalia	Artiodactyla	Bovidae	Connochaetes	Connochaetes gnou		SPECIES	Connochaetes gnou (Zimmermann, 1780)	Connochaetes gnou		ZA	Mountain Zebra NP	Eastern Cape	PRESENT	9	c8d737e0-2ff8-42e8-b8fc-6b805d26fc5f	-32.226576	25.432454	25.0						2016-12-09	9	12	2016	2441106	2441106	HUMAN_OBSERVATION		Observations	OBS.132781040				CC_BY_NC_4_0	Stichting Observation International	User 4537			2024-06-18T20:23:14.119Z		COORDINATE_ROUNDED;OCCURRENCE_STATUS_INFERRED_FROM_INDIVIDUAL_COUNT
2835930689	8a863029-f435-446a-821e-275f4f641165	https://observation.org/observation/100018682	Animalia	Chordata	Mammalia	Artiodactyla	Bovidae	Connochaetes	Connochaetes gnou		SPECIES	Connochaetes gnou (Zimmermann, 1780)	Connochaetes gnou		ZA	Golden Gate Highlands NP	Free State	PRESENT	1	c8d737e0-2ff8-42e8-b8fc-6b805d26fc5f	-28.517876	28.626967	100.0						2015-02-08	8	2	2015	2441106	2441106	HUMAN_OBSERVATION		Observations	OBS.100018682				CC_BY_NC_4_0	Stichting Observation International	User 47905			2024-06-18T20:34:41.609Z		COORDINATE_ROUNDED;OCCURRENCE_STATUS_INFERRED_FROM_INDIVIDUAL_COUNT
2835833362	8a863029-f435-446a-821e-275f4f641165	https://observation.org/observation/95384935	Animalia	Chordata	Mammalia	Artiodactyla	Bovidae	Connochaetes	Connochaetes gnou		SPECIES	Connochaetes gnou (Zimmermann, 1780)	Connochaetes gnou		ZA	KwaZulu-Natal	KwaZulu-Natal	PRESENT	1	c8d737e0-2ff8-42e8-b8fc-6b805d26fc5f	-28.015014	29.904785	1000.0						2014-10-26	26	10	2014	2441106	2441106	HUMAN_OBSERVATION		Observations	OBS.95384935				CC_BY_NC_4_0	Stichting Observation International	User 43839			2024-06-18T20:22:24.968Z	StillImage	COORDINATE_ROUNDED;OCCURRENCE_STATUS_INFERRED_FROM_INDIVIDUAL_COUNT
2835753325	8a863029-f435-446a-821e-275f4f641165	https://observation.org/observation/95563714	Animalia	Chordata	Mammalia	Artiodactyla	Bovidae	Connochaetes	Connochaetes gnou		SPECIES	Connochaetes gnou (Zimmermann, 1780)	Connochaetes gnou		ZA	Mountain Zebra NP	Eastern Cape	PRESENT	1	c8d737e0-2ff8-42e8-b8fc-6b805d26fc5f	-32.258613	25.443765	100.0						2014-10-07	7	10	2014	2441106	2441106	HUMAN_OBSERVATION		Observations	OBS.95563714				CC_BY_NC_4_0	Stichting Observation International	User 108499			2024-06-18T20:22:25.543Z		COORDINATE_ROUNDED;OCCURRENCE_STATUS_INFERRED_FROM_INDIVIDUAL_COUNT
2835506976	8a863029-f435-446a-821e-275f4f641165	https://observation.org/observation/52618098	Animalia	Chordata	Mammalia	Artiodactyla	Bovidae	Connochaetes	Connochaetes gnou		SPECIES	Connochaetes gnou (Zimmermann, 1780)	Connochaetes gnou		ZA	Eastern Cape	Eastern Cape	PRESENT	10	c8d737e0-2ff8-42e8-b8fc-6b805d26fc5f	-32.223314	25.428683	100.0						2010-12-03	3	12	2010	2441106	2441106	HUMAN_OBSERVATION		Observations	OBS.52618098				CC_BY_NC_4_0	Stichting Observation International	User 5001			2024-06-18T20:21:07.766Z	StillImage	COORDINATE_ROUNDED;OCCURRENCE_STATUS_INFERRED_FROM_INDIVIDUAL_COUNT
2834893210	8a863029-f435-446a-821e-275f4f641165	https://observation.org/observation/185845202	Animalia	Chordata	Mammalia	Artiodactyla	Bovidae	Connochaetes	Connochaetes gnou		SPECIES	Connochaetes gnou (Zimmermann, 1780)	Connochaetes gnou		ZA	Gauteng	Gauteng	PRESENT	50	c8d737e0-2ff8-42e8-b8fc-6b805d26fc5f	-26.538872	28.257208	100.0						2020-02-25	25	2	2020	2441106	2441106	HUMAN_OBSERVATION		Observations	OBS.185845202				CC_BY_NC_4_0	Stichting Observation International	User 2849			2024-06-18T20:25:21.340Z	StillImage	COORDINATE_ROUNDED;OCCURRENCE_STATUS_INFERRED_FROM_INDIVIDUAL_COUNT
2833805818	8a863029-f435-446a-821e-275f4f641165	https://observation.org/observation/173468321	Animalia	Chordata	Mammalia	Artiodactyla	Bovidae	Connochaetes	Connochaetes gnou		SPECIES	Connochaetes gnou (Zimmermann, 1780)	Connochaetes gnou		ZA	Eastern Cape	Eastern Cape	PRESENT	1	c8d737e0-2ff8-42e8-b8fc-6b805d26fc5f	-32.26	24.47	1000.0						2019-04-18	18	4	2019	2441106	2441106	HUMAN_OBSERVATION		Observations	OBS.173468321				CC_BY_NC_4_0	Stichting Observation International	User 71017			2024-06-18T20:36:42.812Z		OCCURRENCE_STATUS_INFERRED_FROM_INDIVIDUAL_COUNT
2833804759	8a863029-f435-446a-821e-275f4f641165	https://observation.org/observation/168255881	Animalia	Chordata	Mammalia	Artiodactyla	Bovidae	Connochaetes	Connochaetes gnou		SPECIES	Connochaetes gnou (Zimmermann, 1780)	Connochaetes gnou		NA	Khomas	Khomas	PRESENT	3	c8d737e0-2ff8-42e8-b8fc-6b805d26fc5f	-22.619074	18.224997	25.0						2019-02-09	9	2	2019	2441106	2441106	HUMAN_OBSERVATION		Observations	OBS.168255881				CC_BY_NC_4_0	Stichting Observation International	User 149841			2024-06-18T20:35:59.126Z		COORDINATE_ROUNDED;OCCURRENCE_STATUS_INFERRED_FROM_INDIVIDUAL_COUNT
2833683687	8a863029-f435-446a-821e-275f4f641165	https://observation.org/observation/168255963	Animalia	Chordata	Mammalia	Artiodactyla	Bovidae	Connochaetes	Connochaetes gnou		SPECIES	Connochaetes gnou (Zimmermann, 1780)	Connochaetes gnou		NA	Khomas	Khomas	PRESENT	2	c8d737e0-2ff8-42e8-b8fc-6b805d26fc5f	-22.690432	18.20862	25.0						2019-02-06	6	2	2019	2441106	2441106	HUMAN_OBSERVATION		Observations	OBS.168255963				CC_BY_NC_4_0	Stichting Observation International	User 149841			2024-06-18T20:24:34.596Z		COORDINATE_ROUNDED;OCCURRENCE_STATUS_INFERRED_FROM_INDIVIDUAL_COUNT
2833682769	8a863029-f435-446a-821e-275f4f641165	https://observation.org/observation/168255862	Animalia	Chordata	Mammalia	Artiodactyla	Bovidae	Connochaetes	Connochaetes gnou		SPECIES	Connochaetes gnou (Zimmermann, 1780)	Connochaetes gnou		NA	Khomas	Khomas	PRESENT	2	c8d737e0-2ff8-42e8-b8fc-6b805d26fc5f	-22.687346	18.250082	25.0						2019-02-09	9	2	2019	2441106	2441106	HUMAN_OBSERVATION		Observations	OBS.168255862				CC_BY_NC_4_0	Stichting Observation International	User 149841			2024-06-18T20:24:39.426Z		COORDINATE_ROUNDED;OCCURRENCE_STATUS_INFERRED_FROM_INDIVIDUAL_COUNT
2833651700	8a863029-f435-446a-821e-275f4f641165	https://observation.org/observation/168541748	Animalia	Chordata	Mammalia	Artiodactyla	Bovidae	Connochaetes	Connochaetes gnou		SPECIES	Connochaetes gnou (Zimmermann, 1780)	Connochaetes gnou		ZA	Suikerbosrand Nature Reserve	Gauteng	PRESENT	3	c8d737e0-2ff8-42e8-b8fc-6b805d26fc5f	-26.486708	28.224455	1000.0						2018-10-06	6	10	2018	2441106	2441106	HUMAN_OBSERVATION		Observations	OBS.168541748				CC_BY_NC_4_0	Stichting Observation International	User 111574			2024-06-18T20:24:39.182Z		COORDINATE_ROUNDED;OCCURRENCE_STATUS_INFERRED_FROM_INDIVIDUAL_COUNT
2833630357	8a863029-f435-446a-821e-275f4f641165	https://observation.org/observation/170178269	Animalia	Chordata	Mammalia	Artiodactyla	Bovidae	Connochaetes	Connochaetes gnou		SPECIES	Connochaetes gnou (Zimmermann, 1780)	Connochaetes gnou		ZA	Western Cape	Western Cape	PRESENT	6	c8d737e0-2ff8-42e8-b8fc-6b805d26fc5f	-33.5263	22.262622	100.0						2019-03-06	6	3	2019	2441106	2441106	HUMAN_OBSERVATION		Observations	OBS.170178269				CC_BY_NC_4_0	Stichting Observation International	User 98047			2024-06-18T20:24:43.703Z		COORDINATE_ROUNDED;OCCURRENCE_STATUS_INFERRED_FROM_INDIVIDUAL_COUNT
2833568416	8a863029-f435-446a-821e-275f4f641165	https://observation.org/observation/168255858	Animalia	Chordata	Mammalia	Artiodactyla	Bovidae	Connochaetes	Connochaetes gnou		SPECIES	Connochaetes gnou (Zimmermann, 1780)	Connochaetes gnou		NA	Khomas	Khomas	PRESENT	10	c8d737e0-2ff8-42e8-b8fc-6b805d26fc5f	-22.621973	18.223522	25.0						2019-02-09	9	2	2019	2441106	2441106	HUMAN_OBSERVATION		Observations	OBS.168255858				CC_BY_NC_4_0	Stichting Observation International	User 149841			2024-06-18T20:24:41.553Z		COORDINATE_ROUNDED;OCCURRENCE_STATUS_INFERRED_FROM_INDIVIDUAL_COUNT
2833444062	8a863029-f435-446a-821e-275f4f641165	https://observation.org/observation/164545643	Animalia	Chordata	Mammalia	Artiodactyla	Bovidae	Connochaetes	Connochaetes gnou		SPECIES	Connochaetes gnou (Zimmermann, 1780)	Connochaetes gnou		ZA	Gauteng	Gauteng	PRESENT	2	c8d737e0-2ff8-42e8-b8fc-6b805d26fc5f	-25.903427	28.282058	25.0						2018-10-31	31	10	2018	2441106	2441106	HUMAN_OBSERVATION		Observations	OBS.164545643				CC_BY_NC_4_0	Stichting Observation International	User 97015			2024-06-18T20:24:33.933Z		COORDINATE_ROUNDED;OCCURRENCE_STATUS_INFERRED_FROM_INDIVIDUAL_COUNT
2833215937	8a863029-f435-446a-821e-275f4f641165	https://observation.org/observation/144528733	Animalia	Chordata	Mammalia	Artiodactyla	Bovidae	Connochaetes	Connochaetes gnou		SPECIES	Connochaetes gnou (Zimmermann, 1780)	Connochaetes gnou		ZA	Camdeboo NP	Eastern Cape	PRESENT	1	c8d737e0-2ff8-42e8-b8fc-6b805d26fc5f	-32.236633	24.526735	25.0						2017-09-25	25	9	2017	2441106	2441106	HUMAN_OBSERVATION		Observations	OBS.144528733				CC_BY_NC_4_0	Stichting Observation International	User 50108			2024-06-18T20:35:03.910Z		COORDINATE_ROUNDED;OCCURRENCE_STATUS_INFERRED_FROM_INDIVIDUAL_COUNT
2833150848	8a863029-f435-446a-821e-275f4f641165	https://observation.org/observation/148560889	Animalia	Chordata	Mammalia	Artiodactyla	Bovidae	Connochaetes	Connochaetes gnou		SPECIES	Connochaetes gnou (Zimmermann, 1780)	Connochaetes gnou		ZA	Mountain Zebra NP	Eastern Cape	PRESENT	2	c8d737e0-2ff8-42e8-b8fc-6b805d26fc5f	-32.218417	25.430665	25.0						2018-02-14	14	2	2018	2441106	2441106	HUMAN_OBSERVATION		Observations	OBS.148560889				CC_BY_NC_4_0	Stichting Observation International	User 46595			2024-06-18T20:23:53.212Z		COORDINATE_ROUNDED;OCCURRENCE_STATUS_INFERRED_FROM_INDIVIDUAL_COUNT
2833137735	8a863029-f435-446a-821e-275f4f641165	https://observation.org/observation/142964812	Animalia	Chordata	Mammalia	Artiodactyla	Bovidae	Connochaetes	Connochaetes gnou		SPECIES	Connochaetes gnou (Zimmermann, 1780)	Connochaetes gnou		ZA	Free State	Free State	PRESENT	50	c8d737e0-2ff8-42e8-b8fc-6b805d26fc5f	-28.841005	26.06904	100.0						2017-08-17	17	8	2017	2441106	2441106	HUMAN_OBSERVATION		Observations	OBS.142964812				CC_BY_NC_4_0	Stichting Observation International	User 2849			2024-06-18T20:36:29.233Z	StillImage	COORDINATE_ROUNDED;OCCURRENCE_STATUS_INFERRED_FROM_INDIVIDUAL_COUNT
2833104423	8a863029-f435-446a-821e-275f4f641165	https://observation.org/observation/135954027	Animalia	Chordata	Mammalia	Artiodactyla	Bovidae	Connochaetes	Connochaetes gnou		SPECIES	Connochaetes gnou (Zimmermann, 1780)	Connochaetes gnou		ZA	Eastern Cape	Eastern Cape	PRESENT	1	c8d737e0-2ff8-42e8-b8fc-6b805d26fc5f	-32.13062	24.322439	1000.0						2017-03-27	27	3	2017	2441106	2441106	HUMAN_OBSERVATION		Observations	OBS.135954027				CC_BY_NC_4_0	Stichting Observation International	User 126906			2024-06-18T20:35:17.945Z		OCCURRENCE_STATUS_INFERRED_FROM_INDIVIDUAL_COUNT
2833006928	8a863029-f435-446a-821e-275f4f641165	https://observation.org/observation/132781055	Animalia	Chordata	Mammalia	Artiodactyla	Bovidae	Connochaetes	Connochaetes gnou		SPECIES	Connochaetes gnou (Zimmermann, 1780)	Connochaetes gnou		ZA	Mountain Zebra NP	Eastern Cape	PRESENT	23	c8d737e0-2ff8-42e8-b8fc-6b805d26fc5f	-32.179956	25.478314	25.0						2016-12-09	9	12	2016	2441106	2441106	HUMAN_OBSERVATION		Observations	OBS.132781055				CC_BY_NC_4_0	Stichting Observation International	User 4537			2024-06-18T20:23:26.220Z		COORDINATE_ROUNDED;OCCURRENCE_STATUS_INFERRED_FROM_INDIVIDUAL_COUNT
2832993056	8a863029-f435-446a-821e-275f4f641165	https://observation.org/observation/132781036	Animalia	Chordata	Mammalia	Artiodactyla	Bovidae	Connochaetes	Connochaetes gnou		SPECIES	Connochaetes gnou (Zimmermann, 1780)	Connochaetes gnou		ZA	Mountain Zebra NP	Eastern Cape	PRESENT	18	c8d737e0-2ff8-42e8-b8fc-6b805d26fc5f	-32.219474	25.428237	25.0						2016-12-09	9	12	2016	2441106	2441106	HUMAN_OBSERVATION		Observations	OBS.132781036				CC_BY_NC_4_0	Stichting Observation International	User 4537			2024-06-18T20:23:13.447Z		COORDINATE_ROUNDED;OCCURRENCE_STATUS_INFERRED_FROM_INDIVIDUAL_COUNT
2832918338	8a863029-f435-446a-821e-275f4f641165	https://observation.org/observation/122358433	Animalia	Chordata	Mammalia	Artiodactyla	Bovidae	Connochaetes	Connochaetes gnou		SPECIES	Connochaetes gnou (Zimmermann, 1780)	Connochaetes gnou		ZA	Golden Gate Highlands NP	Free State	PRESENT	9	c8d737e0-2ff8-42e8-b8fc-6b805d26fc5f	-28.5138	28.618	10.0						2016-08-09	9	8	2016	2441106	2441106	HUMAN_OBSERVATION		Observations	OBS.122358433				CC_BY_NC_4_0	Stichting Observation International	User 1898			2024-06-18T20:34:45.345Z	StillImage	OCCURRENCE_STATUS_INFERRED_FROM_INDIVIDUAL_COUNT
2832813812	8a863029-f435-446a-821e-275f4f641165	https://observation.org/observation/125941473	Animalia	Chordata	Mammalia	Artiodactyla	Bovidae	Connochaetes	Connochaetes gnou		SPECIES	Connochaetes gnou (Zimmermann, 1780)	Connochaetes gnou		ZA	Northern Cape	Northern Cape	PRESENT	1	c8d737e0-2ff8-42e8-b8fc-6b805d26fc5f	-29.0497	24.489012	100.0						2016-08-28	28	8	2016	2441106	2441106	HUMAN_OBSERVATION		Observations	OBS.125941473				CC_BY_NC_4_0	Stichting Observation International	User 2849			2024-06-18T20:23:11.720Z	StillImage	COORDINATE_ROUNDED;OCCURRENCE_STATUS_INFERRED_FROM_INDIVIDUAL_COUNT
2832809878	8a863029-f435-446a-821e-275f4f641165	https://observation.org/observation/132781031	Animalia	Chordata	Mammalia	Artiodactyla	Bovidae	Connochaetes	Connochaetes gnou		SPECIES	Connochaetes gnou (Zimmermann, 1780)	Connochaetes gnou		ZA	Mountain Zebra NP	Eastern Cape	PRESENT	10	c8d737e0-2ff8-42e8-b8fc-6b805d26fc5f	-32.214132	25.424167	25.0						2016-12-09	9	12	2016	2441106	2441106	HUMAN_OBSERVATION		Observations	OBS.132781031				CC_BY_NC_4_0	Stichting Observation International	User 4537			2024-06-18T20:23:12.872Z		COORDINATE_ROUNDED;OCCURRENCE_STATUS_INFERRED_FROM_INDIVIDUAL_COUNT
2832724566	8a863029-f435-446a-821e-275f4f641165	https://observation.org/observation/105561158	Animalia	Chordata	Mammalia	Artiodactyla	Bovidae	Connochaetes	Connochaetes gnou		SPECIES	Connochaetes gnou (Zimmermann, 1780)	Connochaetes gnou		ZA	QwaQwa NP	Free State	PRESENT	8	c8d737e0-2ff8-42e8-b8fc-6b805d26fc5f	-28.505052	28.713169	100.0						2015-08-18	18	8	2015	2441106	2441106	HUMAN_OBSERVATION		Observations	OBS.105561158				CC_BY_NC_4_0	Stichting Observation International	User 2849			2024-06-18T20:34:35.952Z	StillImage	COORDINATE_ROUNDED;OCCURRENCE_STATUS_INFERRED_FROM_INDIVIDUAL_COUNT
2832683184	8a863029-f435-446a-821e-275f4f641165	https://observation.org/observation/114786781	Animalia	Chordata	Mammalia	Artiodactyla	Bovidae	Connochaetes	Connochaetes gnou		SPECIES	Connochaetes gnou (Zimmermann, 1780)	Connochaetes gnou		ZA	Eastern Cape	Eastern Cape	PRESENT	30	c8d737e0-2ff8-42e8-b8fc-6b805d26fc5f	-32.187855	25.428314	100.0						2016-01-06	6	1	2016	2441106	2441106	HUMAN_OBSERVATION		Observations	OBS.114786781				CC_BY_NC_4_0	Stichting Observation International	User 2849			2024-06-18T20:22:51.759Z	StillImage	COORDINATE_ROUNDED;OCCURRENCE_STATUS_INFERRED_FROM_INDIVIDUAL_COUNT
2832652245	8a863029-f435-446a-821e-275f4f641165	https://observation.org/observation/114752721	Animalia	Chordata	Mammalia	Artiodactyla	Bovidae	Connochaetes	Connochaetes gnou		SPECIES	Connochaetes gnou (Zimmermann, 1780)	Connochaetes gnou		ZA	Mountain Zebra NP	Eastern Cape	PRESENT	10	c8d737e0-2ff8-42e8-b8fc-6b805d26fc5f	-32.22727	25.434093	100.0						2016-01-05	5	1	2016	2441106	2441106	HUMAN_OBSERVATION		Observations	OBS.114752721				CC_BY_NC_4_0	Stichting Observation International	User 2849			2024-06-18T20:34:58.950Z	StillImage	COORDINATE_ROUNDED;OCCURRENCE_STATUS_INFERRED_FROM_INDIVIDUAL_COUNT
2832631505	8a863029-f435-446a-821e-275f4f641165	https://observation.org/observation/95382760	Animalia	Chordata	Mammalia	Artiodactyla	Bovidae	Connochaetes	Connochaetes gnou		SPECIES	Connochaetes gnou (Zimmermann, 1780)	Connochaetes gnou		ZA	KwaZulu-Natal	KwaZulu-Natal	PRESENT	2	c8d737e0-2ff8-42e8-b8fc-6b805d26fc5f	-27.993795	29.947357	100.0						2014-10-26	26	10	2014	2441106	2441106	HUMAN_OBSERVATION		Observations	OBS.95382760				CC_BY_NC_4_0	Stichting Observation International	User 43839			2024-06-18T20:34:17.954Z	StillImage	COORDINATE_ROUNDED;OCCURRENCE_STATUS_INFERRED_FROM_INDIVIDUAL_COUNT
2832511409	8a863029-f435-446a-821e-275f4f641165	https://observation.org/observation/95382339	Animalia	Chordata	Mammalia	Artiodactyla	Bovidae	Connochaetes	Connochaetes gnou		SPECIES	Connochaetes gnou (Zimmermann, 1780)	Connochaetes gnou		ZA	KwaZulu-Natal	KwaZulu-Natal	PRESENT	50	c8d737e0-2ff8-42e8-b8fc-6b805d26fc5f	-27.981062	29.887276	100.0						2014-10-26	26	10	2014	2441106	2441106	HUMAN_OBSERVATION		Observations	OBS.95382339				CC_BY_NC_4_0	Stichting Observation International	User 43839			2024-06-18T20:22:26.409Z	StillImage	COORDINATE_ROUNDED;OCCURRENCE_STATUS_INFERRED_FROM_INDIVIDUAL_COUNT
2832357914	8a863029-f435-446a-821e-275f4f641165	https://observation.org/observation/78037703	Animalia	Chordata	Mammalia	Artiodactyla	Bovidae	Connochaetes	Connochaetes gnou		SPECIES	Connochaetes gnou (Zimmermann, 1780)	Connochaetes gnou		ZA	Mpumalanga	Gauteng	PRESENT	10	c8d737e0-2ff8-42e8-b8fc-6b805d26fc5f	-25.678775	28.945815	10.0						2013-07-27	27	7	2013	2441106	2441106	HUMAN_OBSERVATION		Observations	OBS.78037703				CC_BY_NC_4_0	Stichting Observation International	User 23170			2024-06-18T20:33:58.246Z	StillImage	OCCURRENCE_STATUS_INFERRED_FROM_INDIVIDUAL_COUNT
2832254890	8a863029-f435-446a-821e-275f4f641165	https://observation.org/observation/69059588	Animalia	Chordata	Mammalia	Artiodactyla	Bovidae	Connochaetes	Connochaetes gnou		SPECIES	Connochaetes gnou (Zimmermann, 1780)	Connochaetes gnou		ZA	Little Karoo	Western Cape	PRESENT	1	c8d737e0-2ff8-42e8-b8fc-6b805d26fc5f	-34.137099	20.578165	1000.0						2012-03-05	5	3	2012	2441106	2441106	HUMAN_OBSERVATION		Observations	OBS.69059588				CC_BY_NC_4_0	Stichting Observation International	User 12663			2024-06-18T20:33:59.042Z		COORDINATE_ROUNDED;OCCURRENCE_STATUS_INFERRED_FROM_INDIVIDUAL_COUNT
2826451205	50c9509d-22c7-4a22-a47d-8c48425ef4a7	https://www.inaturalist.org/observations/55139935	Animalia	Chordata	Mammalia	Artiodactyla	Bovidae	Connochaetes	Connochaetes gnou		SPECIES	Connochaetes gnou (Zimmermann, 1780)	Connochaetes gnou		ZA		Gauteng	PRESENT		28eb1a3f-1c15-4a95-931a-4af90ecb574d	-26.300077	28.013283	1.0						2020-08-02T09:07	2	8	2020	2441106	2441106	HUMAN_OBSERVATION	iNaturalist	Observations	55139935		Joachim Louis	2020-08-02T12:16:53	CC_BY_4_0	Matthew Fainman	Matthew Fainman			2024-07-09T16:56:53.599Z	StillImage	COORDINATE_ROUNDED;CONTINENT_DERIVED_FROM_COORDINATES;TAXON_MATCH_TAXON_ID_IGNORED
2826431109	50c9509d-22c7-4a22-a47d-8c48425ef4a7	https://www.inaturalist.org/observations/55067181	Animalia	Chordata	Mammalia	Artiodactyla	Bovidae	Connochaetes	Connochaetes gnou		SPECIES	Connochaetes gnou (Zimmermann, 1780)	Connochaetes gnou		ZA		Western Cape	PRESENT		28eb1a3f-1c15-4a95-931a-4af90ecb574d	-32.363448	22.541203	198.0						2017-11-01	1	11	2017	2441106	2441106	HUMAN_OBSERVATION	iNaturalist	Observations	55067181		dhfischer	2020-08-01T18:56:40	CC_BY_NC_4_0	dhfischer	dhfischer			2024-07-09T16:23:30.189Z	StillImage	COORDINATE_ROUNDED;CONTINENT_DERIVED_FROM_COORDINATES;TAXON_MATCH_TAXON_ID_IGNORED
2826302025	50c9509d-22c7-4a22-a47d-8c48425ef4a7	https://www.inaturalist.org/observations/55067178	Animalia	Chordata	Mammalia	Artiodactyla	Bovidae	Connochaetes	Connochaetes gnou		SPECIES	Connochaetes gnou (Zimmermann, 1780)	Connochaetes gnou		ZA		Western Cape	PRESENT		28eb1a3f-1c15-4a95-931a-4af90ecb574d	-32.363448	22.541203	198.0						2017-11-01	1	11	2017	2441106	2441106	HUMAN_OBSERVATION	iNaturalist	Observations	55067178		dhfischer	2020-08-01T18:56:39	CC_BY_NC_4_0	dhfischer	dhfischer			2024-07-09T16:23:33.120Z	StillImage	COORDINATE_ROUNDED;CONTINENT_DERIVED_FROM_COORDINATES;TAXON_MATCH_TAXON_ID_IGNORED
2823418404	50c9509d-22c7-4a22-a47d-8c48425ef4a7	https://www.inaturalist.org/observations/53869171	Animalia	Chordata	Mammalia	Artiodactyla	Bovidae	Connochaetes	Connochaetes gnou		SPECIES	Connochaetes gnou (Zimmermann, 1780)	Connochaetes gnou		ZA		Northern Cape	PRESENT		28eb1a3f-1c15-4a95-931a-4af90ecb574d	-29.035993	24.476175	4000.0						2019-09-12	12	9	2019	2441106	2441106	HUMAN_OBSERVATION	iNaturalist	Observations	53869171		Paul Pratt	2020-07-21T18:48:16	CC_BY_NC_4_0	Paul Pratt	Paul Pratt			2024-07-09T16:22:34.691Z	StillImage	COORDINATE_ROUNDED;CONTINENT_DERIVED_FROM_COORDINATES;TAXON_MATCH_TAXON_ID_IGNORED
2814306189	50c9509d-22c7-4a22-a47d-8c48425ef4a7	https://www.inaturalist.org/observations/51678118	Animalia	Chordata	Mammalia	Artiodactyla	Bovidae	Connochaetes	Connochaetes gnou		SPECIES	Connochaetes gnou (Zimmermann, 1780)	Connochaetes gnou		ZA		Gauteng	PRESENT		28eb1a3f-1c15-4a95-931a-4af90ecb574d	-25.957527	27.77363	1.0						2020-07-02T10:02	2	7	2020	2441106	2441106	HUMAN_OBSERVATION	iNaturalist	Observations	51678118		Tony Rebelo	2020-07-02T11:45:21	CC_BY_4_0	Matthew Fainman	Matthew Fainman			2024-07-09T16:22:14.101Z	StillImage	COORDINATE_ROUNDED;CONTINENT_DERIVED_FROM_COORDINATES;TAXON_MATCH_TAXON_ID_IGNORED
2814141416	50c9509d-22c7-4a22-a47d-8c48425ef4a7	https://www.inaturalist.org/observations/52438426	Animalia	Chordata	Mammalia	Artiodactyla	Bovidae	Connochaetes	Connochaetes gnou		SPECIES	Connochaetes gnou (Zimmermann, 1780)	Connochaetes gnou		ZA		Mpumalanga	PRESENT		28eb1a3f-1c15-4a95-931a-4af90ecb574d	-27.320986	30.19481							2020-03-13T11:21	13	3	2020	2441106	2441106	HUMAN_OBSERVATION	iNaturalist	Observations	52438426		blkvulture	2020-07-09T04:21:39	CC_BY_NC_4_0	blkvulture	blkvulture			2024-07-09T16:22:20.223Z	StillImage	COORDINATE_ROUNDED;CONTINENT_DERIVED_FROM_COORDINATES;TAXON_MATCH_TAXON_ID_IGNORED
2814008495	50c9509d-22c7-4a22-a47d-8c48425ef4a7	https://www.inaturalist.org/observations/52438417	Animalia	Chordata	Mammalia	Artiodactyla	Bovidae	Connochaetes	Connochaetes gnou		SPECIES	Connochaetes gnou (Zimmermann, 1780)	Connochaetes gnou		ZA		Mpumalanga	PRESENT		28eb1a3f-1c15-4a95-931a-4af90ecb574d	-27.320971	30.19483							2020-03-13T11:21	13	3	2020	2441106	2441106	HUMAN_OBSERVATION	iNaturalist	Observations	52438417		blkvulture	2020-07-09T04:21:36	CC_BY_NC_4_0	blkvulture	blkvulture			2024-07-09T16:56:54.621Z	StillImage	COORDINATE_ROUNDED;CONTINENT_DERIVED_FROM_COORDINATES;TAXON_MATCH_TAXON_ID_IGNORED
2634145172	50c9509d-22c7-4a22-a47d-8c48425ef4a7	https://www.inaturalist.org/observations/48269166	Animalia	Chordata	Mammalia	Artiodactyla	Bovidae	Connochaetes	Connochaetes gnou		SPECIES	Connochaetes gnou (Zimmermann, 1780)	Connochaetes gnou		ZA		Free State	PRESENT		28eb1a3f-1c15-4a95-931a-4af90ecb574d	-28.488162	28.62591	975.0						2016-01-23T11:43	23	1	2016	2441106	2441106	HUMAN_OBSERVATION	iNaturalist	Observations	48269166		Erwin Sieben	2020-06-02T20:18:40	CC_BY_NC_4_0	Erwin Sieben	Erwin Sieben			2024-07-09T16:21:41.847Z	StillImage	COORDINATE_ROUNDED;CONTINENT_DERIVED_FROM_COORDINATES;TAXON_MATCH_TAXON_ID_IGNORED
2609124390	50c9509d-22c7-4a22-a47d-8c48425ef4a7	https://www.inaturalist.org/observations/42657769	Animalia	Chordata	Mammalia	Artiodactyla	Bovidae	Connochaetes	Connochaetes gnou		SPECIES	Connochaetes gnou (Zimmermann, 1780)	Connochaetes gnou		ZA		Free State	PRESENT		28eb1a3f-1c15-4a95-931a-4af90ecb574d	-28.511817	28.710635	122.0						2017-10-04	4	10	2017	2441106	2441106	HUMAN_OBSERVATION	iNaturalist	Observations	42657769		Alexandre H. Leitão	2020-04-20T11:11:53	CC_BY_NC_4_0	Alexandre H. Leitão	Alexandre H. Leitão			2024-07-09T16:20:54.491Z	StillImage	COORDINATE_ROUNDED;CONTINENT_DERIVED_FROM_COORDINATES;TAXON_MATCH_TAXON_ID_IGNORED
2603550457	50c9509d-22c7-4a22-a47d-8c48425ef4a7	https://www.inaturalist.org/observations/42249279	Animalia	Chordata	Mammalia	Artiodactyla	Bovidae	Connochaetes	Connochaetes gnou		SPECIES	Connochaetes gnou (Zimmermann, 1780)	Connochaetes gnou		ZA		Free State	PRESENT		28eb1a3f-1c15-4a95-931a-4af90ecb574d	-28.522025	28.619838							2019-12-22T11:01	22	12	2019	2441106	2441106	HUMAN_OBSERVATION	iNaturalist	Observations	42249279		Johnny Wilson	2020-04-15T17:50:29	CC_BY_NC_4_0	Johnny Wilson	Johnny Wilson			2024-07-09T16:54:53.636Z		COORDINATE_ROUNDED;CONTINENT_DERIVED_FROM_COORDINATES;TAXON_MATCH_TAXON_ID_IGNORED
2596413286	50c9509d-22c7-4a22-a47d-8c48425ef4a7	https://www.inaturalist.org/observations/41226941	Animalia	Chordata	Mammalia	Artiodactyla	Bovidae	Connochaetes	Connochaetes gnou		SPECIES	Connochaetes gnou (Zimmermann, 1780)	Connochaetes gnou		ZA		Free State	PRESENT		28eb1a3f-1c15-4a95-931a-4af90ecb574d	-28.51528	28.63464	100.0						2020-01-12T13:10	12	1	2020	2441106	2441106	HUMAN_OBSERVATION	iNaturalist	Observations	41226941		Sandra Falanga	2020-04-02T13:49:55	CC_BY_NC_4_0	Sandra Falanga	Sandra Falanga			2024-07-09T16:54:49.014Z	StillImage	CONTINENT_DERIVED_FROM_COORDINATES;TAXON_MATCH_TAXON_ID_IGNORED
2596261361	50c9509d-22c7-4a22-a47d-8c48425ef4a7	https://www.inaturalist.org/observations/40355047	Animalia	Chordata	Mammalia	Artiodactyla	Bovidae	Connochaetes	Connochaetes gnou		SPECIES	Connochaetes gnou (Zimmermann, 1780)	Connochaetes gnou		ZA		Gauteng	PRESENT		28eb1a3f-1c15-4a95-931a-4af90ecb574d	-25.962481	27.785073	2693.0						2020-03-15T18:50	15	3	2020	2441106	2441106	HUMAN_OBSERVATION	iNaturalist	Observations	40355047		Richard Gill	2020-03-21T12:26:19	CC_BY_NC_4_0	Richard Gill	Richard Gill			2024-07-09T16:55:18.747Z	StillImage	COORDINATE_ROUNDED;CONTINENT_DERIVED_FROM_COORDINATES;TAXON_MATCH_TAXON_ID_IGNORED
2596164200	50c9509d-22c7-4a22-a47d-8c48425ef4a7	https://www.inaturalist.org/observations/41226929	Animalia	Chordata	Mammalia	Artiodactyla	Bovidae	Connochaetes	Connochaetes gnou		SPECIES	Connochaetes gnou (Zimmermann, 1780)	Connochaetes gnou		ZA		Free State	PRESENT		28eb1a3f-1c15-4a95-931a-4af90ecb574d	-28.52139	28.61817	70.0						2020-01-12T12:47	12	1	2020	2441106	2441106	HUMAN_OBSERVATION	iNaturalist	Observations	41226929		Sandra Falanga	2020-04-02T13:49:45	CC_BY_NC_4_0	Sandra Falanga	Sandra Falanga			2024-07-09T16:20:38.905Z	StillImage	CONTINENT_DERIVED_FROM_COORDINATES;TAXON_MATCH_TAXON_ID_IGNORED
2596159009	50c9509d-22c7-4a22-a47d-8c48425ef4a7	https://www.inaturalist.org/observations/41123029	Animalia	Chordata	Mammalia	Artiodactyla	Bovidae	Connochaetes	Connochaetes gnou		SPECIES	Connochaetes gnou (Zimmermann, 1780)	Connochaetes gnou		ZA		Eastern Cape	PRESENT		28eb1a3f-1c15-4a95-931a-4af90ecb574d	-32.434826	24.874257	88.0						2020-03-08T14:10	8	3	2020	2441106	2441106	HUMAN_OBSERVATION	iNaturalist	Observations	41123029		Katie Herold	2020-03-31T19:27:23	CC_BY_NC_4_0	Katie Herold	Katie Herold			2024-07-09T16:20:50.367Z	StillImage	COORDINATE_ROUNDED;CONTINENT_DERIVED_FROM_COORDINATES;TAXON_MATCH_TAXON_ID_IGNORED
2576411511	50c9509d-22c7-4a22-a47d-8c48425ef4a7	https://www.inaturalist.org/observations/39361963	Animalia	Chordata	Mammalia	Artiodactyla	Bovidae	Connochaetes	Connochaetes gnou		SPECIES	Connochaetes gnou (Zimmermann, 1780)	Connochaetes gnou		ZA		Mpumalanga	PRESENT		28eb1a3f-1c15-4a95-931a-4af90ecb574d	-27.091305	29.919545	292.0						2018-02-21T13:28	21	2	2018	2441106	2441106	HUMAN_OBSERVATION	iNaturalist	Observations	39361963		nmoorhatch	2020-02-29T18:27:46	CC_BY_4_0	nmoorhatch	nmoorhatch			2024-07-09T16:20:07.947Z	StillImage	COORDINATE_ROUNDED;CONTINENT_DERIVED_FROM_COORDINATES;TAXON_MATCH_TAXON_ID_IGNORED
2574081553	50c9509d-22c7-4a22-a47d-8c48425ef4a7	https://www.inaturalist.org/observations/38455519	Animalia	Chordata	Mammalia	Artiodactyla	Bovidae	Connochaetes	Connochaetes gnou		SPECIES	Connochaetes gnou (Zimmermann, 1780)	Connochaetes gnou		ZA		KwaZulu-Natal	PRESENT		28eb1a3f-1c15-4a95-931a-4af90ecb574d	-29.535822	30.165242	122.0						2020-02-02T08:57	2	2	2020	2441106	2441106	HUMAN_OBSERVATION	iNaturalist	Observations	38455519		Ricky Taylor	2020-02-09T06:33:56	CC_BY_NC_4_0	Ricky Taylor	Ricky Taylor			2024-07-09T16:20:12.285Z	StillImage	COORDINATE_ROUNDED;CONTINENT_DERIVED_FROM_COORDINATES;TAXON_MATCH_TAXON_ID_IGNORED
2574006909	50c9509d-22c7-4a22-a47d-8c48425ef4a7	https://www.inaturalist.org/observations/38602344	Animalia	Chordata	Mammalia	Artiodactyla	Bovidae	Connochaetes	Connochaetes gnou		SPECIES	Connochaetes gnou (Zimmermann, 1780)	Connochaetes gnou		ZA		Eastern Cape	PRESENT		28eb1a3f-1c15-4a95-931a-4af90ecb574d	-32.220395	24.541282	198.0						2009-11-23T15:12	23	11	2009	2441106	2441106	HUMAN_OBSERVATION	iNaturalist	Observations	38602344		Rob C. H. M. Oudejans	2020-02-13T13:09:40	CC_BY_NC_4_0	Rob C. H. M. Oudejans	Rob C. H. M. Oudejans			2024-07-09T16:55:26.795Z	StillImage	COORDINATE_ROUNDED;CONTINENT_DERIVED_FROM_COORDINATES;TAXON_MATCH_TAXON_ID_IGNORED
2563628823	50c9509d-22c7-4a22-a47d-8c48425ef4a7	https://www.inaturalist.org/observations/38058054	Animalia	Chordata	Mammalia	Artiodactyla	Bovidae	Connochaetes	Connochaetes gnou		SPECIES	Connochaetes gnou (Zimmermann, 1780)	Connochaetes gnou		ZA		North West	PRESENT		28eb1a3f-1c15-4a95-931a-4af90ecb574d	-27.616343	25.598054	85.0						2011-02-05T12:41:56	5	2	2011	2441106	2441106	HUMAN_OBSERVATION	iNaturalist	Observations	38058054		dbeadle	2020-01-28T13:48:39	CC_BY_NC_4_0	dbeadle	dbeadle			2024-07-09T16:54:28.479Z		CONTINENT_DERIVED_FROM_COORDINATES;TAXON_MATCH_TAXON_ID_IGNORED
2563601098	50c9509d-22c7-4a22-a47d-8c48425ef4a7	https://www.inaturalist.org/observations/37981603	Animalia	Chordata	Mammalia	Artiodactyla	Bovidae	Connochaetes	Connochaetes gnou		SPECIES	Connochaetes gnou (Zimmermann, 1780)	Connochaetes gnou		ZA		Gauteng	PRESENT		28eb1a3f-1c15-4a95-931a-4af90ecb574d	-25.907422	28.291336	515.0						2020-01-25T14:13	25	1	2020	2441106	2441106	HUMAN_OBSERVATION	iNaturalist	Observations	37981603		Igmar Grewar	2020-01-26T10:01:09	CC_BY_NC_4_0	Igmar Grewar	Igmar Grewar			2024-07-09T16:55:35.500Z	StillImage	COORDINATE_ROUNDED;CONTINENT_DERIVED_FROM_COORDINATES;TAXON_MATCH_TAXON_ID_IGNORED
2563493706	50c9509d-22c7-4a22-a47d-8c48425ef4a7	https://www.inaturalist.org/observations/37684795	Animalia	Chordata	Mammalia	Artiodactyla	Bovidae	Connochaetes	Connochaetes gnou		SPECIES	Connochaetes gnou (Zimmermann, 1780)	Connochaetes gnou		ZA		North West	PRESENT		28eb1a3f-1c15-4a95-931a-4af90ecb574d	-26.723719	26.705086	1517.0						2003-09-08T19:01	8	9	2003	2441106	2441106	HUMAN_OBSERVATION	iNaturalist	Observations	37684795		Christoph Moning	2020-01-17T18:05:43	CC_BY_4_0	Christoph Moning	Christoph Moning			2024-07-09T16:55:30.688Z	StillImage	COORDINATE_ROUNDED;CONTINENT_DERIVED_FROM_COORDINATES;TAXON_MATCH_TAXON_ID_IGNORED
2557799643	50c9509d-22c7-4a22-a47d-8c48425ef4a7	https://www.inaturalist.org/observations/37602513	Animalia	Chordata	Mammalia	Artiodactyla	Bovidae	Connochaetes	Connochaetes gnou		SPECIES	Connochaetes gnou (Zimmermann, 1780)	Connochaetes gnou		ZA		Eastern Cape	PRESENT		28eb1a3f-1c15-4a95-931a-4af90ecb574d	-32.240493	25.446144	1.0						2017-01-15T02:08	15	1	2017	2441106	2441106	HUMAN_OBSERVATION	iNaturalist	Observations	37602513		Ryne Rutherford	2020-01-15T01:44:23	CC_BY_NC_4_0	Ryne Rutherford	Ryne Rutherford			2024-07-09T16:20:20.542Z	StillImage	COORDINATE_ROUNDED;CONTINENT_DERIVED_FROM_COORDINATES;TAXON_MATCH_TAXON_ID_IGNORED
2557781964	50c9509d-22c7-4a22-a47d-8c48425ef4a7	https://www.inaturalist.org/observations/37551456	Animalia	Chordata	Mammalia	Artiodactyla	Bovidae	Connochaetes	Connochaetes gnou		SPECIES	Connochaetes gnou (Zimmermann, 1780)	Connochaetes gnou		ZA		Eastern Cape	PRESENT		28eb1a3f-1c15-4a95-931a-4af90ecb574d	-32.191118	25.418458							2020-01-13T07:26:40	13	1	2020	2441106	2441106	HUMAN_OBSERVATION	iNaturalist	Observations	37551456		thelandlover	2020-01-13T07:48:04	CC_BY_NC_4_0	thelandlover	thelandlover			2024-07-09T16:19:46.340Z	StillImage	COORDINATE_ROUNDED;CONTINENT_DERIVED_FROM_COORDINATES;TAXON_MATCH_TAXON_ID_IGNORED
2550043325	50c9509d-22c7-4a22-a47d-8c48425ef4a7	https://www.inaturalist.org/observations/37336459	Animalia	Chordata	Mammalia	Artiodactyla	Bovidae	Connochaetes	Connochaetes gnou		SPECIES	Connochaetes gnou (Zimmermann, 1780)	Connochaetes gnou		ZA		Gauteng	PRESENT		28eb1a3f-1c15-4a95-931a-4af90ecb574d	-25.878593	28.287473	201.0						2019-12-07T14:52	7	12	2019	2441106	2441106	HUMAN_OBSERVATION	iNaturalist	Observations	37336459		Simon Tonge	2020-01-06T13:16:47	CC0_1_0	Simon Tonge	Simon Tonge			2024-07-09T16:19:56.795Z	StillImage	COORDINATE_ROUNDED;CONTINENT_DERIVED_FROM_COORDINATES;TAXON_MATCH_TAXON_ID_IGNORED
2543092673	50c9509d-22c7-4a22-a47d-8c48425ef4a7	https://www.inaturalist.org/observations/37196607	Animalia	Chordata	Mammalia	Artiodactyla	Bovidae	Connochaetes	Connochaetes gnou		SPECIES	Connochaetes gnou (Zimmermann, 1780)	Connochaetes gnou		NA		Hardap	PRESENT		28eb1a3f-1c15-4a95-931a-4af90ecb574d	-24.741137	16.060558	10.0						2019-09-11T17:54	11	9	2019	2441106	2441106	HUMAN_OBSERVATION	iNaturalist	Observations	37196607		Peter Erb	2020-01-03T13:36:28	CC_BY_NC_4_0	Bernhard Fischer	Bernhard Fischer			2024-07-09T16:19:53.757Z	StillImage	CONTINENT_DERIVED_FROM_COORDINATES;TAXON_MATCH_TAXON_ID_IGNORED
2529297381	50c9509d-22c7-4a22-a47d-8c48425ef4a7	https://www.inaturalist.org/observations/36638952	Animalia	Chordata	Mammalia	Artiodactyla	Bovidae	Connochaetes	Connochaetes gnou		SPECIES	Connochaetes gnou (Zimmermann, 1780)	Connochaetes gnou		ZA		Northern Cape	PRESENT		28eb1a3f-1c15-4a95-931a-4af90ecb574d	-29.048699	24.478518	5.0						2019-08-15T10:59	15	8	2019	2441106	2441106	HUMAN_OBSERVATION	iNaturalist	Observations	36638952		Ray Turnbull	2019-12-14T09:02:03	CC_BY_NC_4_0	Ray Turnbull	Ray Turnbull			2024-07-09T16:19:45.320Z	StillImage	COORDINATE_ROUNDED;CONTINENT_DERIVED_FROM_COORDINATES;TAXON_MATCH_TAXON_ID_IGNORED
2465369732	50c9509d-22c7-4a22-a47d-8c48425ef4a7	https://www.inaturalist.org/observations/36253210	Animalia	Chordata	Mammalia	Artiodactyla	Bovidae	Connochaetes	Connochaetes gnou		SPECIES	Connochaetes gnou (Zimmermann, 1780)	Connochaetes gnou		ZA		Western Cape	PRESENT		28eb1a3f-1c15-4a95-931a-4af90ecb574d	-33.52886	22.25214	349.0						2016-10-08T16:40	8	10	2016	2441106	2441106	HUMAN_OBSERVATION	iNaturalist	Observations	36253210		Michele Chiacchio	2019-12-01T14:02:32	CC_BY_NC_4_0	Andres Klein	Andres Klein			2024-07-09T16:54:46.508Z		COORDINATE_ROUNDED;CONTINENT_DERIVED_FROM_COORDINATES;TAXON_MATCH_TAXON_ID_IGNORED
2465345304	50c9509d-22c7-4a22-a47d-8c48425ef4a7	https://www.inaturalist.org/observations/36162075	Animalia	Chordata	Mammalia	Artiodactyla	Bovidae	Connochaetes	Connochaetes gnou		SPECIES	Connochaetes gnou (Zimmermann, 1780)	Connochaetes gnou		ZA		Free State	PRESENT		28eb1a3f-1c15-4a95-931a-4af90ecb574d	-28.840037	24.829006	5.0						2019-11-28T12:16:15	28	11	2019	2441106	2441106	HUMAN_OBSERVATION	iNaturalist	Observations	36162075		gregorfeig	2019-11-28T16:21:49	CC_BY_NC_4_0	gregorfeig	gregorfeig			2024-07-09T16:54:57.632Z	StillImage	COORDINATE_ROUNDED;CONTINENT_DERIVED_FROM_COORDINATES;TAXON_MATCH_TAXON_ID_IGNORED
2465278478	50c9509d-22c7-4a22-a47d-8c48425ef4a7	https://www.inaturalist.org/observations/36290849	Animalia	Chordata	Mammalia	Artiodactyla	Bovidae	Connochaetes	Connochaetes gnou		SPECIES	Connochaetes gnou (Zimmermann, 1780)	Connochaetes gnou		ZA		Western Cape	PRESENT		28eb1a3f-1c15-4a95-931a-4af90ecb574d	-33.601093	20.023307							2019-10-13T14:50	13	10	2019	2441106	2441106	HUMAN_OBSERVATION	iNaturalist	Observations	36290849		Felix Riegel	2019-12-02T16:24:56	CC_BY_NC_4_0	Felix Riegel	Felix Riegel			2024-07-09T16:19:51.281Z	StillImage	COORDINATE_ROUNDED;CONTINENT_DERIVED_FROM_COORDINATES;TAXON_MATCH_TAXON_ID_IGNORED
2465214084	50c9509d-22c7-4a22-a47d-8c48425ef4a7	https://www.inaturalist.org/observations/36161789	Animalia	Chordata	Mammalia	Artiodactyla	Bovidae	Connochaetes	Connochaetes gnou		SPECIES	Connochaetes gnou (Zimmermann, 1780)	Connochaetes gnou		ZA		Free State	PRESENT		28eb1a3f-1c15-4a95-931a-4af90ecb574d	-28.840026	24.828984	5.0						2019-11-28T12:16:15	28	11	2019	2441106	2441106	HUMAN_OBSERVATION	iNaturalist	Observations	36161789		gregorfeig	2019-11-28T16:15:04	CC_BY_NC_4_0	gregorfeig	gregorfeig			2024-07-09T16:19:25.555Z	StillImage	COORDINATE_ROUNDED;CONTINENT_DERIVED_FROM_COORDINATES;TAXON_MATCH_TAXON_ID_IGNORED
2465180961	50c9509d-22c7-4a22-a47d-8c48425ef4a7	https://www.inaturalist.org/observations/36214096	Animalia	Chordata	Mammalia	Artiodactyla	Bovidae	Connochaetes	Connochaetes gnou		SPECIES	Connochaetes gnou (Zimmermann, 1780)	Connochaetes gnou		ZA		KwaZulu-Natal	PRESENT		28eb1a3f-1c15-4a95-931a-4af90ecb574d	-29.299718	30.35516	122.0						2012-08-03T09:16	3	8	2012	2441106	2441106	HUMAN_OBSERVATION	iNaturalist	Observations	36214096		Richard Booth	2019-11-30T10:51:05	CC_BY_NC_4_0	Richard Booth	Richard Booth			2024-07-09T16:54:20.180Z	StillImage	COORDINATE_ROUNDED;CONTINENT_DERIVED_FROM_COORDINATES;TAXON_MATCH_TAXON_ID_IGNORED
2458349122	6ac3f774-d9fb-4796-b3e9-92bf6c81c084		Animalia	Chordata	Mammalia	Artiodactyla	Bovidae	Connochaetes	Connochaetes gnou		SPECIES	Connochaetes gnou (Zimmermann, 1780)	Connochaetes gnou		NA	Sophienhof Lodge westlich von Outjo / Kunene, Namibia		PRESENT		bb646dff-a905-4403-a49b-6d378c2cf0d9	-20.121231	16.059458	250.0						2017-03-28T00:00	28	3	2017	2441106	2441106	HUMAN_OBSERVATION	naturgucker	naturgucker	-1467038332				CC_BY_4_0		971241173			2024-03-15T23:27:51.094Z		COORDINATE_ROUNDED;GEODETIC_DATUM_ASSUMED_WGS84;CONTINENT_DERIVED_FROM_COORDINATES;MULTIMEDIA_URI_INVALID
2456549396	50c9509d-22c7-4a22-a47d-8c48425ef4a7	https://www.inaturalist.org/observations/35538724	Animalia	Chordata	Mammalia	Artiodactyla	Bovidae	Connochaetes	Connochaetes gnou		SPECIES	Connochaetes gnou (Zimmermann, 1780)	Connochaetes gnou		ZA		Eastern Cape	PRESENT		28eb1a3f-1c15-4a95-931a-4af90ecb574d	-32.216408	25.427534	1036.0						2019-10-07T16:10	7	10	2019	2441106	2441106	HUMAN_OBSERVATION	iNaturalist	Observations	35538724		Bob McDougall	2019-11-10T19:20:31	CC_BY_NC_4_0	Bob McDougall	Bob McDougall			2024-07-09T16:55:31.183Z	StillImage	COORDINATE_ROUNDED;CONTINENT_DERIVED_FROM_COORDINATES;TAXON_MATCH_TAXON_ID_IGNORED
2452366514	6ac3f774-d9fb-4796-b3e9-92bf6c81c084		Animalia	Chordata	Mammalia	Artiodactyla	Bovidae	Connochaetes	Connochaetes gnou		SPECIES	Connochaetes gnou (Zimmermann, 1780)	Connochaetes gnou		NA	Sophienhof Lodge westlich von Outjo / Kunene, Namibia		PRESENT		bb646dff-a905-4403-a49b-6d378c2cf0d9	-20.121231	16.059458	250.0						2017-03-24T00:00	24	3	2017	2441106	2441106	HUMAN_OBSERVATION	naturgucker	naturgucker	1646744823				CC_BY_4_0		971241173			2024-03-15T23:22:09.275Z	StillImage	COORDINATE_ROUNDED;GEODETIC_DATUM_ASSUMED_WGS84;CONTINENT_DERIVED_FROM_COORDINATES
2451739060	50c9509d-22c7-4a22-a47d-8c48425ef4a7	https://www.inaturalist.org/observations/35368010	Animalia	Chordata	Mammalia	Artiodactyla	Bovidae	Connochaetes	Connochaetes gnou		SPECIES	Connochaetes gnou (Zimmermann, 1780)	Connochaetes gnou		ZA		Free State	PRESENT		28eb1a3f-1c15-4a95-931a-4af90ecb574d	-28.414317	29.055682							2019-10-15T11:04	15	10	2019	2441106	2441106	HUMAN_OBSERVATION	iNaturalist	Observations	35368010		Michele Chiacchio	2019-11-06T13:48:27	CC_BY_NC_4_0	Carla van Westing	Carla van Westing			2024-07-09T16:19:59.078Z	StillImage	COORDINATE_ROUNDED;CONTINENT_DERIVED_FROM_COORDINATES;TAXON_MATCH_TAXON_ID_IGNORED
2445142507	50c9509d-22c7-4a22-a47d-8c48425ef4a7	https://www.inaturalist.org/observations/34814903	Animalia	Chordata	Mammalia	Artiodactyla	Bovidae	Connochaetes	Connochaetes gnou		SPECIES	Connochaetes gnou (Zimmermann, 1780)	Connochaetes gnou		ZA		Eastern Cape	PRESENT		28eb1a3f-1c15-4a95-931a-4af90ecb574d	-32.191822	25.430982	200.0						2019-09-03T11:15	3	9	2019	2441106	2441106	HUMAN_OBSERVATION	iNaturalist	Observations	34814903		copper	2019-10-24T03:29:44	CC_BY_NC_4_0	copper	copper			2024-07-09T16:55:00.885Z	StillImage	COORDINATE_ROUNDED;CONTINENT_DERIVED_FROM_COORDINATES;TAXON_MATCH_TAXON_ID_IGNORED
2429620866	50c9509d-22c7-4a22-a47d-8c48425ef4a7	https://www.inaturalist.org/observations/34483495	Animalia	Chordata	Mammalia	Artiodactyla	Bovidae	Connochaetes	Connochaetes gnou		SPECIES	Connochaetes gnou (Zimmermann, 1780)	Connochaetes gnou		ZA		Eastern Cape	PRESENT		28eb1a3f-1c15-4a95-931a-4af90ecb574d	-32.197255	25.430174	200.0						2019-09-02T09:33	2	9	2019	2441106	2441106	HUMAN_OBSERVATION	iNaturalist	Observations	34483495		copper	2019-10-17T03:11:05	CC_BY_NC_4_0	copper	copper			2024-07-09T16:54:35.430Z	StillImage	COORDINATE_ROUNDED;CONTINENT_DERIVED_FROM_COORDINATES;TAXON_MATCH_TAXON_ID_IGNORED
2422990839	50c9509d-22c7-4a22-a47d-8c48425ef4a7	https://www.inaturalist.org/observations/32432380	Animalia	Chordata	Mammalia	Artiodactyla	Bovidae	Connochaetes	Connochaetes gnou		SPECIES	Connochaetes gnou (Zimmermann, 1780)	Connochaetes gnou		ZA		Eastern Cape	PRESENT		28eb1a3f-1c15-4a95-931a-4af90ecb574d	-32.14833	25.459486	4208.0						2019-06-17T16:50:52	17	6	2019	2441106	2441106	HUMAN_OBSERVATION	iNaturalist	Observations	32432380		Tony Rebelo	2019-09-10T10:44:33	CC_BY_NC_4_0	ChristianRM	ChristianRM			2024-07-09T16:53:23.335Z	StillImage	COORDINATE_ROUNDED;CONTINENT_DERIVED_FROM_COORDINATES;TAXON_MATCH_TAXON_ID_IGNORED
2397577710	50c9509d-22c7-4a22-a47d-8c48425ef4a7	https://www.inaturalist.org/observations/31573499	Animalia	Chordata	Mammalia	Artiodactyla	Bovidae	Connochaetes	Connochaetes gnou		SPECIES	Connochaetes gnou (Zimmermann, 1780)	Connochaetes gnou		ZA		Eastern Cape	PRESENT		28eb1a3f-1c15-4a95-931a-4af90ecb574d	-32.14095	25.509569	196.0						2016-03-07T17:55	7	3	2016	2441106	2441106	HUMAN_OBSERVATION	iNaturalist	Observations	31573499		Richard Gill	2019-08-26T21:25:16	CC_BY_NC_4_0	Richard Gill	Richard Gill			2024-07-09T16:53:47.692Z	StillImage	COORDINATE_ROUNDED;CONTINENT_DERIVED_FROM_COORDINATES;TAXON_MATCH_TAXON_ID_IGNORED
2397502970	50c9509d-22c7-4a22-a47d-8c48425ef4a7	https://www.inaturalist.org/observations/30954758	Animalia	Chordata	Mammalia	Artiodactyla	Bovidae	Connochaetes	Connochaetes gnou		SPECIES	Connochaetes gnou (Zimmermann, 1780)	Connochaetes gnou		ZA		Gauteng	PRESENT		28eb1a3f-1c15-4a95-931a-4af90ecb574d	-26.522381	28.271548	3.0						2019-08-04T12:25:12	4	8	2019	2441106	2441106	HUMAN_OBSERVATION	iNaturalist	Observations	30954758		Heidi Ware Carlisle	2019-08-16T21:33:00	CC_BY_NC_4_0	Heidi Ware Carlisle	Heidi Ware Carlisle			2024-07-09T16:18:45.009Z	StillImage	COORDINATE_ROUNDED;CONTINENT_DERIVED_FROM_COORDINATES;TAXON_MATCH_TAXON_ID_IGNORED
2311394242	50c9509d-22c7-4a22-a47d-8c48425ef4a7	https://www.inaturalist.org/observations/29863797	Animalia	Chordata	Mammalia	Artiodactyla	Bovidae	Connochaetes	Connochaetes gnou		SPECIES	Connochaetes gnou (Zimmermann, 1780)	Connochaetes gnou		ZA		Gauteng	PRESENT		28eb1a3f-1c15-4a95-931a-4af90ecb574d	-25.865886	28.279849	61.0						2019-02-01T07:54	1	2	2019	2441106	2441106	HUMAN_OBSERVATION	iNaturalist	Observations	29863797		tjeerd	2019-07-30T17:45:36	CC_BY_NC_4_0	tjeerd	tjeerd			2024-07-09T16:54:02.845Z	StillImage	COORDINATE_ROUNDED;CONTINENT_DERIVED_FROM_COORDINATES;TAXON_MATCH_TAXON_ID_IGNORED
2283079446	50c9509d-22c7-4a22-a47d-8c48425ef4a7	https://www.inaturalist.org/observations/27907716	Animalia	Chordata	Mammalia	Artiodactyla	Bovidae	Connochaetes	Connochaetes gnou		SPECIES	Connochaetes gnou (Zimmermann, 1780)	Connochaetes gnou		NA		!Karas	PRESENT		28eb1a3f-1c15-4a95-931a-4af90ecb574d	-27.939957	18.145005	1841.0						2018-06-09T11:06:24	9	6	2018	2441106	2441106	HUMAN_OBSERVATION	iNaturalist	Observations	27907716		C Hewitt	2019-06-30T02:41:51	CC_BY_NC_4_0	Sebastián Lescano	Sebastián Lescano			2024-07-09T16:18:05.487Z	StillImage	COORDINATE_ROUNDED;CONTINENT_DERIVED_FROM_COORDINATES;TAXON_MATCH_TAXON_ID_IGNORED
2283041993	50c9509d-22c7-4a22-a47d-8c48425ef4a7	https://www.inaturalist.org/observations/27689606	Animalia	Chordata	Mammalia	Artiodactyla	Bovidae	Connochaetes	Connochaetes gnou		SPECIES	Connochaetes gnou (Zimmermann, 1780)	Connochaetes gnou		ZA		KwaZulu-Natal	PRESENT		28eb1a3f-1c15-4a95-931a-4af90ecb574d	-29.53932	29.392764	7419.0						2008-12-27T16:55	27	12	2008	2441106	2441106	HUMAN_OBSERVATION	iNaturalist	Observations	27689606		CORDENOS Thierry	2019-06-26T12:41:01	CC_BY_NC_4_0	CORDENOS Thierry	CORDENOS Thierry			2024-07-09T16:53:29.929Z	StillImage	CONTINENT_DERIVED_FROM_COORDINATES;TAXON_MATCH_TAXON_ID_IGNORED
2273232202	50c9509d-22c7-4a22-a47d-8c48425ef4a7	https://www.inaturalist.org/observations/27401719	Animalia	Chordata	Mammalia	Artiodactyla	Bovidae	Connochaetes	Connochaetes gnou		SPECIES	Connochaetes gnou (Zimmermann, 1780)	Connochaetes gnou		ZA		Eastern Cape	PRESENT		28eb1a3f-1c15-4a95-931a-4af90ecb574d	-32.160858	25.480585	122.0						2015-01-11T09:23	11	1	2015	2441106	2441106	HUMAN_OBSERVATION	iNaturalist	Observations	27401719		Douglas J. Long	2019-06-21T22:30:32	CC_BY_NC_4_0	Douglas J. Long	Douglas J. Long			2024-07-09T16:17:46.556Z	StillImage	COORDINATE_ROUNDED;CONTINENT_DERIVED_FROM_COORDINATES;TAXON_MATCH_TAXON_ID_IGNORED
2252016585	50c9509d-22c7-4a22-a47d-8c48425ef4a7	https://www.inaturalist.org/observations/26251145	Animalia	Chordata	Mammalia	Artiodactyla	Bovidae	Connochaetes	Connochaetes gnou		SPECIES	Connochaetes gnou (Zimmermann, 1780)	Connochaetes gnou		ZA		Eastern Cape	PRESENT		28eb1a3f-1c15-4a95-931a-4af90ecb574d	-32.158535	25.478983							2019-05-10T08:12	10	5	2019	2441106	2441106	HUMAN_OBSERVATION	iNaturalist	Observations	26251145		Gawie Malan	2019-06-02T14:50:54	CC_BY_NC_4_0	Gawie Malan	Gawie Malan			2024-07-09T16:17:37.809Z	StillImage	COORDINATE_ROUNDED;CONTINENT_DERIVED_FROM_COORDINATES;TAXON_MATCH_TAXON_ID_IGNORED
2237525552	50c9509d-22c7-4a22-a47d-8c48425ef4a7	https://www.inaturalist.org/observations/23044977	Animalia	Chordata	Mammalia	Artiodactyla	Bovidae	Connochaetes	Connochaetes gnou		SPECIES	Connochaetes gnou (Zimmermann, 1780)	Connochaetes gnou		ZA		Free State	PRESENT		28eb1a3f-1c15-4a95-931a-4af90ecb574d	-27.753003	29.296725	488.0						2018-11-23T17:26	23	11	2018	2441106	2441106	HUMAN_OBSERVATION	iNaturalist	Observations	23044977		Callum Evans	2019-04-25T11:48:35	CC_BY_NC_4_0	Callum Evans	Callum Evans			2024-07-09T16:53:39.918Z	StillImage	COORDINATE_ROUNDED;CONTINENT_DERIVED_FROM_COORDINATES;TAXON_MATCH_TAXON_ID_IGNORED
2237525351	50c9509d-22c7-4a22-a47d-8c48425ef4a7	https://www.inaturalist.org/observations/23044986	Animalia	Chordata	Mammalia	Artiodactyla	Bovidae	Connochaetes	Connochaetes gnou		SPECIES	Connochaetes gnou (Zimmermann, 1780)	Connochaetes gnou		ZA		Free State	PRESENT		28eb1a3f-1c15-4a95-931a-4af90ecb574d	-27.735555	29.290152	1953.0						2018-11-26T17:57	26	11	2018	2441106	2441106	HUMAN_OBSERVATION	iNaturalist	Observations	23044986		Callum Evans	2019-04-25T11:48:40	CC_BY_NC_4_0	Callum Evans	Callum Evans			2024-07-09T16:17:10.771Z	StillImage	COORDINATE_ROUNDED;CONTINENT_DERIVED_FROM_COORDINATES;TAXON_MATCH_TAXON_ID_IGNORED
2237523595	50c9509d-22c7-4a22-a47d-8c48425ef4a7	https://www.inaturalist.org/observations/23044988	Animalia	Chordata	Mammalia	Artiodactyla	Bovidae	Connochaetes	Connochaetes gnou		SPECIES	Connochaetes gnou (Zimmermann, 1780)	Connochaetes gnou		ZA		Free State	PRESENT		28eb1a3f-1c15-4a95-931a-4af90ecb574d	-27.735555	29.291157	1953.0						2018-11-26T18:02	26	11	2018	2441106	2441106	HUMAN_OBSERVATION	iNaturalist	Observations	23044988		Callum Evans	2019-04-25T11:48:40	CC_BY_NC_4_0	Callum Evans	Callum Evans			2024-07-09T16:17:15.845Z	StillImage	COORDINATE_ROUNDED;CONTINENT_DERIVED_FROM_COORDINATES;TAXON_MATCH_TAXON_ID_IGNORED
2236896576	50c9509d-22c7-4a22-a47d-8c48425ef4a7	https://www.inaturalist.org/observations/22557020	Animalia	Chordata	Mammalia	Artiodactyla	Bovidae	Connochaetes	Connochaetes gnou		SPECIES	Connochaetes gnou (Zimmermann, 1780)	Connochaetes gnou		ZA		Gauteng	PRESENT		28eb1a3f-1c15-4a95-931a-4af90ecb574d	-25.880202	28.293823	40.0						2019-04-13T14:46	13	4	2019	2441106	2441106	HUMAN_OBSERVATION	iNaturalist	Observations	22557020		Igmar Grewar	2019-04-16T14:11:04	CC_BY_NC_4_0	Igmar Grewar	Igmar Grewar			2024-07-09T16:17:20.855Z	StillImage	COORDINATE_ROUNDED;CONTINENT_DERIVED_FROM_COORDINATES;TAXON_MATCH_TAXON_ID_IGNORED
2236840902	50c9509d-22c7-4a22-a47d-8c48425ef4a7	https://www.inaturalist.org/observations/22357077	Animalia	Chordata	Mammalia	Artiodactyla	Bovidae	Connochaetes	Connochaetes gnou		SPECIES	Connochaetes gnou (Zimmermann, 1780)	Connochaetes gnou		ZA		Northern Cape	PRESENT		28eb1a3f-1c15-4a95-931a-4af90ecb574d	-29.046021	24.459413	500.0						2019-02-27T09:16	27	2	2019	2441106	2441106	HUMAN_OBSERVATION	iNaturalist	Observations	22357077		copper	2019-04-12T03:34:33	CC_BY_NC_4_0	copper	copper			2024-07-09T16:52:24.767Z	StillImage	COORDINATE_ROUNDED;CONTINENT_DERIVED_FROM_COORDINATES;TAXON_MATCH_TAXON_ID_IGNORED
2234790014	50c9509d-22c7-4a22-a47d-8c48425ef4a7	https://www.inaturalist.org/observations/21633746	Animalia	Chordata	Mammalia	Artiodactyla	Bovidae	Connochaetes	Connochaetes gnou		SPECIES	Connochaetes gnou (Zimmermann, 1780)	Connochaetes gnou		ZA		Eastern Cape	PRESENT		28eb1a3f-1c15-4a95-931a-4af90ecb574d	-32.2133	25.414295	5.0						2019-03-23T17:00	23	3	2019	2441106	2441106	HUMAN_OBSERVATION	iNaturalist	Observations	21633746		Nigel Forshaw	2019-03-26T16:38:11	CC_BY_NC_4_0	Nigel Forshaw	Nigel Forshaw			2024-07-09T16:16:56.543Z	StillImage	COORDINATE_ROUNDED;CONTINENT_DERIVED_FROM_COORDINATES;TAXON_MATCH_TAXON_ID_IGNORED
2013699615	50c9509d-22c7-4a22-a47d-8c48425ef4a7	https://www.inaturalist.org/observations/21056441	Animalia	Chordata	Mammalia	Artiodactyla	Bovidae	Connochaetes	Connochaetes gnou		SPECIES	Connochaetes gnou (Zimmermann, 1780)	Connochaetes gnou		ZA		Gauteng	PRESENT		28eb1a3f-1c15-4a95-931a-4af90ecb574d	-25.909328	28.280184	97.0						2019-03-08T11:59	8	3	2019	2441106	2441106	HUMAN_OBSERVATION	iNaturalist	Observations	21056441		Igmar Grewar	2019-03-08T17:54:44	CC_BY_NC_4_0	Igmar Grewar	Igmar Grewar			2024-07-09T16:16:54.021Z	StillImage	COORDINATE_ROUNDED;CONTINENT_DERIVED_FROM_COORDINATES;TAXON_MATCH_TAXON_ID_IGNORED
2013013356	50c9509d-22c7-4a22-a47d-8c48425ef4a7	https://www.inaturalist.org/observations/21004705	Animalia	Chordata	Mammalia	Artiodactyla	Bovidae	Connochaetes	Connochaetes gnou		SPECIES	Connochaetes gnou (Zimmermann, 1780)	Connochaetes gnou		ZA		Gauteng	PRESENT		28eb1a3f-1c15-4a95-931a-4af90ecb574d	-25.862168	28.282155	500.0						2019-03-02T14:39	2	3	2019	2441106	2441106	HUMAN_OBSERVATION	iNaturalist	Observations	21004705		Igmar Grewar	2019-03-06T20:41:33	CC_BY_NC_4_0	Igmar Grewar	Igmar Grewar			2024-07-09T16:17:05.673Z	StillImage	COORDINATE_ROUNDED;CONTINENT_DERIVED_FROM_COORDINATES;TAXON_MATCH_TAXON_ID_IGNORED
2012959202	50c9509d-22c7-4a22-a47d-8c48425ef4a7	https://www.inaturalist.org/observations/20844361	Animalia	Chordata	Mammalia	Artiodactyla	Bovidae	Connochaetes	Connochaetes gnou		SPECIES	Connochaetes gnou (Zimmermann, 1780)	Connochaetes gnou		NA		Oshikoto	PRESENT		28eb1a3f-1c15-4a95-931a-4af90ecb574d	-18.816226	17.213551	4.0						2014-07-30T02:57	30	7	2014	2441106	2441106	HUMAN_OBSERVATION	iNaturalist	Observations	20844361		jorgejuanrueda	2019-03-01T04:02:36	CC_BY_NC_4_0	jorgejuanrueda	jorgejuanrueda			2024-07-09T16:16:54.659Z		COORDINATE_ROUNDED;CONTINENT_DERIVED_FROM_COORDINATES;TAXON_MATCH_TAXON_ID_IGNORED
2006087421	50c9509d-22c7-4a22-a47d-8c48425ef4a7	https://www.inaturalist.org/observations/20799507	Animalia	Chordata	Mammalia	Artiodactyla	Bovidae	Connochaetes	Connochaetes gnou		SPECIES	Connochaetes gnou (Zimmermann, 1780)	Connochaetes gnou		ZA		KwaZulu-Natal	PRESENT		28eb1a3f-1c15-4a95-931a-4af90ecb574d	-29.531735	30.160617	252.0						2019-02-22T08:23	22	2	2019	2441106	2441106	HUMAN_OBSERVATION	iNaturalist	Observations	20799507		Gareth Preiss	2019-02-27T06:43:04	CC_BY_NC_4_0	Gareth Preiss	Gareth Preiss			2024-07-09T16:16:50.163Z	StillImage	COORDINATE_ROUNDED;CONTINENT_DERIVED_FROM_COORDINATES;TAXON_MATCH_TAXON_ID_IGNORED
2006059138	50c9509d-22c7-4a22-a47d-8c48425ef4a7	https://www.inaturalist.org/observations/20719542	Animalia	Chordata	Mammalia	Artiodactyla	Bovidae	Connochaetes	Connochaetes gnou		SPECIES	Connochaetes gnou (Zimmermann, 1780)	Connochaetes gnou		ZA		Gauteng	PRESENT		28eb1a3f-1c15-4a95-931a-4af90ecb574d	-25.863344	28.278022	297.0						2019-02-22T14:53	22	2	2019	2441106	2441106	HUMAN_OBSERVATION	iNaturalist	Observations	20719542		Igmar Grewar	2019-02-24T04:57:46	CC_BY_NC_4_0	Igmar Grewar	Igmar Grewar			2024-07-09T16:16:47.126Z	StillImage	COORDINATE_ROUNDED;CONTINENT_DERIVED_FROM_COORDINATES;TAXON_MATCH_TAXON_ID_IGNORED
2005337925	50c9509d-22c7-4a22-a47d-8c48425ef4a7	https://www.inaturalist.org/observations/20344034	Animalia	Chordata	Mammalia	Artiodactyla	Bovidae	Connochaetes	Connochaetes gnou		SPECIES	Connochaetes gnou (Zimmermann, 1780)	Connochaetes gnou		ZA		Western Cape	PRESENT		28eb1a3f-1c15-4a95-931a-4af90ecb574d	-33.60094	20.019331	8.0						2015-02-22T12:35	22	2	2015	2441106	2441106	HUMAN_OBSERVATION	iNaturalist	Observations	20344034		kevinjolliffe	2019-02-14T15:27:54	CC_BY_NC_4_0	kevinjolliffe	kevinjolliffe			2024-07-09T16:53:16.841Z	StillImage	COORDINATE_ROUNDED;CONTINENT_DERIVED_FROM_COORDINATES;TAXON_MATCH_TAXON_ID_IGNORED
2005321887	50c9509d-22c7-4a22-a47d-8c48425ef4a7	https://www.inaturalist.org/observations/20299058	Animalia	Chordata	Mammalia	Artiodactyla	Bovidae	Connochaetes	Connochaetes gnou		SPECIES	Connochaetes gnou (Zimmermann, 1780)	Connochaetes gnou		ZA		Gauteng	PRESENT		28eb1a3f-1c15-4a95-931a-4af90ecb574d	-25.894025	28.292788	61.0						2019-01-09T06:52	9	1	2019	2441106	2441106	HUMAN_OBSERVATION	iNaturalist	Observations	20299058		Chrissie Fourie	2019-02-12T11:29:39	CC_BY_NC_4_0	Chrissie Fourie	Chrissie Fourie			2024-07-09T16:16:47.699Z	StillImage	COORDINATE_ROUNDED;CONTINENT_DERIVED_FROM_COORDINATES;TAXON_MATCH_TAXON_ID_IGNORED
1990507012	50c9509d-22c7-4a22-a47d-8c48425ef4a7	https://www.inaturalist.org/observations/19660888	Animalia	Chordata	Mammalia	Artiodactyla	Bovidae	Connochaetes	Connochaetes gnou		SPECIES	Connochaetes gnou (Zimmermann, 1780)	Connochaetes gnou		ZA		Eastern Cape	PRESENT		28eb1a3f-1c15-4a95-931a-4af90ecb574d	-32.20618	25.434183							2019-01-04T08:53	4	1	2019	2441106	2441106	HUMAN_OBSERVATION	iNaturalist	Observations	19660888		Marco Schmidt	2019-01-15T19:43:43	CC_BY_4_0	Marco Schmidt	Marco Schmidt			2024-07-09T16:52:16.387Z	StillImage	COORDINATE_ROUNDED;CONTINENT_DERIVED_FROM_COORDINATES;TAXON_MATCH_TAXON_ID_IGNORED
1990506745	50c9509d-22c7-4a22-a47d-8c48425ef4a7	https://www.inaturalist.org/observations/19660482	Animalia	Chordata	Mammalia	Artiodactyla	Bovidae	Connochaetes	Connochaetes gnou		SPECIES	Connochaetes gnou (Zimmermann, 1780)	Connochaetes gnou		ZA		Eastern Cape	PRESENT		28eb1a3f-1c15-4a95-931a-4af90ecb574d	-32.223001	25.437496	1471.0						2019-01-04T08:40	4	1	2019	2441106	2441106	HUMAN_OBSERVATION	iNaturalist	Observations	19660482		Marco Schmidt	2019-01-15T19:14:33	CC_BY_4_0	Marco Schmidt	Marco Schmidt			2024-07-09T16:53:09.333Z	StillImage	COORDINATE_ROUNDED;CONTINENT_DERIVED_FROM_COORDINATES;TAXON_MATCH_TAXON_ID_IGNORED
1990506664	50c9509d-22c7-4a22-a47d-8c48425ef4a7	https://www.inaturalist.org/observations/19660221	Animalia	Chordata	Mammalia	Artiodactyla	Bovidae	Connochaetes	Connochaetes gnou		SPECIES	Connochaetes gnou (Zimmermann, 1780)	Connochaetes gnou		ZA		Eastern Cape	PRESENT		28eb1a3f-1c15-4a95-931a-4af90ecb574d	-32.085238	25.480622	6157.0						2019-01-04T06:43	4	1	2019	2441106	2441106	HUMAN_OBSERVATION	iNaturalist	Observations	19660221		Marco Schmidt	2019-01-15T18:56:51	CC_BY_4_0	Marco Schmidt	Marco Schmidt			2024-07-09T16:16:46.360Z	StillImage	COORDINATE_ROUNDED;CONTINENT_DERIVED_FROM_COORDINATES;TAXON_MATCH_TAXON_ID_IGNORED
1990506661	50c9509d-22c7-4a22-a47d-8c48425ef4a7	https://www.inaturalist.org/observations/19660223	Animalia	Chordata	Mammalia	Artiodactyla	Bovidae	Connochaetes	Connochaetes gnou		SPECIES	Connochaetes gnou (Zimmermann, 1780)	Connochaetes gnou		ZA		Eastern Cape	PRESENT		28eb1a3f-1c15-4a95-931a-4af90ecb574d	-32.15881	25.478775							2019-01-04T06:49	4	1	2019	2441106	2441106	HUMAN_OBSERVATION	iNaturalist	Observations	19660223		Marco Schmidt	2019-01-15T18:56:53	CC_BY_4_0	Marco Schmidt	Marco Schmidt			2024-07-09T16:16:47.474Z	StillImage	CONTINENT_DERIVED_FROM_COORDINATES;TAXON_MATCH_TAXON_ID_IGNORED
1986591899	50c9509d-22c7-4a22-a47d-8c48425ef4a7	https://www.inaturalist.org/observations/19453928	Animalia	Chordata	Mammalia	Artiodactyla	Bovidae	Connochaetes	Connochaetes gnou		SPECIES	Connochaetes gnou (Zimmermann, 1780)	Connochaetes gnou		ZA		Mpumalanga	PRESENT		28eb1a3f-1c15-4a95-931a-4af90ecb574d	-27.326504	30.192789	61.0						2018-10-19T09:29	19	10	2018	2441106	2441106	HUMAN_OBSERVATION	iNaturalist	Observations	19453928		Bill Crins	2019-01-06T00:51:19	CC_BY_NC_4_0	Bill Crins	Bill Crins			2024-07-09T16:52:17.418Z	StillImage	COORDINATE_ROUNDED;CONTINENT_DERIVED_FROM_COORDINATES;TAXON_MATCH_TAXON_ID_IGNORED
1986569540	50c9509d-22c7-4a22-a47d-8c48425ef4a7	https://www.inaturalist.org/observations/19386963	Animalia	Chordata	Mammalia	Artiodactyla	Bovidae	Connochaetes	Connochaetes gnou		SPECIES	Connochaetes gnou (Zimmermann, 1780)	Connochaetes gnou		ZA		Eastern Cape	PRESENT		28eb1a3f-1c15-4a95-931a-4af90ecb574d	-32.201322	25.446205	9641.0						2018-08-10T09:30	10	8	2018	2441106	2441106	HUMAN_OBSERVATION	iNaturalist	Observations	19386963		guillaume_papuga	2019-01-03T00:53:38	CC_BY_NC_4_0	guillaume_papuga	guillaume_papuga			2024-07-09T16:16:38.832Z	StillImage	COORDINATE_ROUNDED;CONTINENT_DERIVED_FROM_COORDINATES;TAXON_MATCH_TAXON_ID_IGNORED
1944417197	50c9509d-22c7-4a22-a47d-8c48425ef4a7	https://www.inaturalist.org/observations/18412393	Animalia	Chordata	Mammalia	Artiodactyla	Bovidae	Connochaetes	Connochaetes gnou		SPECIES	Connochaetes gnou (Zimmermann, 1780)	Connochaetes gnou		ZA		Free State	PRESENT		28eb1a3f-1c15-4a95-931a-4af90ecb574d	-28.517503	28.62229	447.0						2018-08-13T16:14	13	8	2018	2441106	2441106	HUMAN_OBSERVATION	iNaturalist	Observations	18412393		Bastiaan Notebaert	2018-11-15T17:59:04	CC_BY_NC_4_0	Bastiaan Notebaert	Bastiaan Notebaert			2024-07-09T16:16:24.145Z	StillImage	COORDINATE_ROUNDED;CONTINENT_DERIVED_FROM_COORDINATES;TAXON_MATCH_TAXON_ID_IGNORED
1944417166	50c9509d-22c7-4a22-a47d-8c48425ef4a7	https://www.inaturalist.org/observations/18412389	Animalia	Chordata	Mammalia	Artiodactyla	Bovidae	Connochaetes	Connochaetes gnou		SPECIES	Connochaetes gnou (Zimmermann, 1780)	Connochaetes gnou		ZA		Free State	PRESENT		28eb1a3f-1c15-4a95-931a-4af90ecb574d	-28.512743	28.622621	449.0						2018-08-13T16:12	13	8	2018	2441106	2441106	HUMAN_OBSERVATION	iNaturalist	Observations	18412389		Bastiaan Notebaert	2018-11-15T17:59:02	CC_BY_NC_4_0	Bastiaan Notebaert	Bastiaan Notebaert			2024-07-09T16:52:21.986Z	StillImage	COORDINATE_ROUNDED;CONTINENT_DERIVED_FROM_COORDINATES;TAXON_MATCH_TAXON_ID_IGNORED
1944417155	50c9509d-22c7-4a22-a47d-8c48425ef4a7	https://www.inaturalist.org/observations/18412390	Animalia	Chordata	Mammalia	Artiodactyla	Bovidae	Connochaetes	Connochaetes gnou		SPECIES	Connochaetes gnou (Zimmermann, 1780)	Connochaetes gnou		ZA		Free State	PRESENT		28eb1a3f-1c15-4a95-931a-4af90ecb574d	-28.512327	28.622602	531.0						2018-08-13T16:12	13	8	2018	2441106	2441106	HUMAN_OBSERVATION	iNaturalist	Observations	18412390		Bastiaan Notebaert	2018-11-15T17:59:02	CC_BY_NC_4_0	Bastiaan Notebaert	Bastiaan Notebaert			2024-07-09T16:16:24.244Z	StillImage	COORDINATE_ROUNDED;CONTINENT_DERIVED_FROM_COORDINATES;TAXON_MATCH_TAXON_ID_IGNORED
1944417135	50c9509d-22c7-4a22-a47d-8c48425ef4a7	https://www.inaturalist.org/observations/18412384	Animalia	Chordata	Mammalia	Artiodactyla	Bovidae	Connochaetes	Connochaetes gnou		SPECIES	Connochaetes gnou (Zimmermann, 1780)	Connochaetes gnou		ZA		Free State	PRESENT		28eb1a3f-1c15-4a95-931a-4af90ecb574d	-28.507058	28.644453	443.0						2018-08-13T15:29	13	8	2018	2441106	2441106	HUMAN_OBSERVATION	iNaturalist	Observations	18412384		Bastiaan Notebaert	2018-11-15T17:58:59	CC_BY_NC_4_0	Bastiaan Notebaert	Bastiaan Notebaert			2024-07-09T16:52:23.229Z	StillImage	COORDINATE_ROUNDED;CONTINENT_DERIVED_FROM_COORDINATES;TAXON_MATCH_TAXON_ID_IGNORED
1944385725	50c9509d-22c7-4a22-a47d-8c48425ef4a7	https://www.inaturalist.org/observations/18301132	Animalia	Chordata	Mammalia	Artiodactyla	Bovidae	Connochaetes	Connochaetes gnou		SPECIES	Connochaetes gnou (Zimmermann, 1780)	Connochaetes gnou		ZA		Eastern Cape	PRESENT		28eb1a3f-1c15-4a95-931a-4af90ecb574d	-33.535577	26.086815	195.0						2018-10-01T08:16	1	10	2018	2441106	2441106	HUMAN_OBSERVATION	iNaturalist	Observations	18301132		claremccallan	2018-11-10T07:20:55	CC_BY_NC_4_0	claremccallan	claremccallan			2024-07-09T16:52:11.002Z	StillImage	CONTINENT_DERIVED_FROM_COORDINATES;TAXON_MATCH_TAXON_ID_IGNORED
1933586366	50c9509d-22c7-4a22-a47d-8c48425ef4a7	https://www.inaturalist.org/observations/17982478	Animalia	Chordata	Mammalia	Artiodactyla	Bovidae	Connochaetes	Connochaetes gnou		SPECIES	Connochaetes gnou (Zimmermann, 1780)	Connochaetes gnou		ZA		KwaZulu-Natal	PRESENT		28eb1a3f-1c15-4a95-931a-4af90ecb574d	-27.97901	29.877524	522.0						2018-10-11T16:26	11	10	2018	2441106	2441106	HUMAN_OBSERVATION	iNaturalist	Observations	17982478		Ricky Taylor	2018-10-31T09:05:36	CC_BY_NC_4_0	Ricky Taylor	Ricky Taylor			2024-07-09T16:16:22.227Z	StillImage	COORDINATE_ROUNDED;CONTINENT_DERIVED_FROM_COORDINATES;TAXON_MATCH_TAXON_ID_IGNORED
1933551035	50c9509d-22c7-4a22-a47d-8c48425ef4a7	https://www.inaturalist.org/observations/17859333	Animalia	Chordata	Mammalia	Artiodactyla	Bovidae	Connochaetes	Connochaetes gnou		SPECIES	Connochaetes gnou (Zimmermann, 1780)	Connochaetes gnou		ZA		Eastern Cape	PRESENT		28eb1a3f-1c15-4a95-931a-4af90ecb574d	-33.214509	25.495244							2013-10-02T05:31:56	2	10	2013	2441106	2441106	HUMAN_OBSERVATION	iNaturalist	Observations	17859333		Will George	2018-10-26T20:10:30	CC_BY_NC_4_0	Will George	Will George			2024-07-09T16:16:18.849Z		CONTINENT_DERIVED_FROM_COORDINATES;TAXON_MATCH_TAXON_ID_IGNORED
1932345446	50c9509d-22c7-4a22-a47d-8c48425ef4a7	https://www.inaturalist.org/observations/17794752	Animalia	Chordata	Mammalia	Artiodactyla	Bovidae	Connochaetes	Connochaetes gnou		SPECIES	Connochaetes gnou (Zimmermann, 1780)	Connochaetes gnou		ZA		Free State	PRESENT		28eb1a3f-1c15-4a95-931a-4af90ecb574d	-28.518712	28.63326							2018-10-11T06:49	11	10	2018	2441106	2441106	HUMAN_OBSERVATION	iNaturalist	Observations	17794752		Joan Faiola	2018-10-24T14:07:05	CC_BY_NC_4_0	Joan Faiola	Joan Faiola			2024-07-09T16:16:18.711Z	StillImage	COORDINATE_ROUNDED;CONTINENT_DERIVED_FROM_COORDINATES;TAXON_MATCH_TAXON_ID_IGNORED
1931500718	50c9509d-22c7-4a22-a47d-8c48425ef4a7	https://www.inaturalist.org/observations/17501021	Animalia	Chordata	Mammalia	Artiodactyla	Bovidae	Connochaetes	Connochaetes gnou		SPECIES	Connochaetes gnou (Zimmermann, 1780)	Connochaetes gnou		NA		Khomas	PRESENT		28eb1a3f-1c15-4a95-931a-4af90ecb574d	-22.563695	17.127877	4138.0						2018-05-16T15:21	16	5	2018	2441106	2441106	HUMAN_OBSERVATION	iNaturalist	Observations	17501021		joysglobal	2018-10-14T17:05:18	CC_BY_NC_4_0	joysglobal	joysglobal			2024-07-09T16:16:23.919Z	StillImage	COORDINATE_ROUNDED;CONTINENT_DERIVED_FROM_COORDINATES;TAXON_MATCH_TAXON_ID_IGNORED
1883544276	50c9509d-22c7-4a22-a47d-8c48425ef4a7	https://www.inaturalist.org/observations/14435347	Animalia	Chordata	Mammalia	Artiodactyla	Bovidae	Connochaetes	Connochaetes gnou		SPECIES	Connochaetes gnou (Zimmermann, 1780)	Connochaetes gnou		ZA		Northern Cape	PRESENT		28eb1a3f-1c15-4a95-931a-4af90ecb574d	-29.04853	24.478093	200.0						2018-05-24T09:53	24	5	2018	2441106	2441106	HUMAN_OBSERVATION	iNaturalist	Observations	14435347		copper	2018-07-17T03:35:36	CC_BY_NC_4_0	copper	copper			2024-07-09T16:52:47.131Z	StillImage	COORDINATE_ROUNDED;CONTINENT_DERIVED_FROM_COORDINATES;TAXON_MATCH_TAXON_ID_IGNORED
1881188101	6ac3f774-d9fb-4796-b3e9-92bf6c81c084		Animalia	Chordata	Mammalia	Artiodactyla	Bovidae	Connochaetes	Connochaetes gnou		SPECIES	Connochaetes gnou (Zimmermann, 1780)	Connochaetes gnou		NA	Emanya@Etosha Lodge		PRESENT		bb646dff-a905-4403-a49b-6d378c2cf0d9	-18.813225	17.213011	250.0						2018-06-10T00:00	10	6	2018	2441106	2441106	HUMAN_OBSERVATION	naturgucker	naturgucker	-1958521366				CC_BY_4_0		531632058			2024-03-15T23:23:39.459Z		COORDINATE_ROUNDED;GEODETIC_DATUM_ASSUMED_WGS84;CONTINENT_DERIVED_FROM_COORDINATES;MULTIMEDIA_URI_INVALID
1880483891	50c9509d-22c7-4a22-a47d-8c48425ef4a7	https://www.inaturalist.org/observations/13464112	Animalia	Chordata	Mammalia	Artiodactyla	Bovidae	Connochaetes	Connochaetes gnou		SPECIES	Connochaetes gnou (Zimmermann, 1780)	Connochaetes gnou		NA		Hardap	PRESENT		28eb1a3f-1c15-4a95-931a-4af90ecb574d	-24.436026	18.019067	4458.0						2018-05-11T15:54	11	5	2018	2441106	2441106	HUMAN_OBSERVATION	iNaturalist	Observations	13464112		janaohrner	2018-06-15T23:03:12	CC_BY_NC_4_0	janaohrner	janaohrner			2024-07-09T16:15:53.467Z	StillImage	COORDINATE_ROUNDED;CONTINENT_DERIVED_FROM_COORDINATES;TAXON_MATCH_TAXON_ID_IGNORED
1850992210	50c9509d-22c7-4a22-a47d-8c48425ef4a7	https://www.inaturalist.org/observations/6691356	Animalia	Chordata	Mammalia	Artiodactyla	Bovidae	Connochaetes	Connochaetes gnou		SPECIES	Connochaetes gnou (Zimmermann, 1780)	Connochaetes gnou		NA		Omaheke	PRESENT		28eb1a3f-1c15-4a95-931a-4af90ecb574d	-22.336189	19.752535							2012-04-04T08:20	4	4	2012	2441106	2441106	HUMAN_OBSERVATION	iNaturalist	Observations	6691356		Alena Dehm	2017-06-17T16:00:46	CC_BY_NC_4_0	Alena Dehm	Alena Dehm			2024-07-09T16:14:47.680Z	StillImage	CONTINENT_DERIVED_FROM_COORDINATES;TAXON_MATCH_TAXON_ID_IGNORED
1850897734	50c9509d-22c7-4a22-a47d-8c48425ef4a7	https://www.inaturalist.org/observations/11205548	Animalia	Chordata	Mammalia	Artiodactyla	Bovidae	Connochaetes	Connochaetes gnou		SPECIES	Connochaetes gnou (Zimmermann, 1780)	Connochaetes gnou		ZA		Western Cape	PRESENT		28eb1a3f-1c15-4a95-931a-4af90ecb574d	-34.2033	21.6364	1.0						2009-01-13	13	1	2009	2441106	2441106	HUMAN_OBSERVATION	iNaturalist	Observations	11205548		Colin Ralston	2016-04-25T13:11:45	CC_BY_NC_4_0	Colin Ralston	Colin Ralston			2024-07-09T16:52:00.838Z	StillImage	CONTINENT_DERIVED_FROM_COORDINATES;TAXON_MATCH_TAXON_ID_IGNORED
1850896961	50c9509d-22c7-4a22-a47d-8c48425ef4a7	https://www.inaturalist.org/observations/11150683	Animalia	Chordata	Mammalia	Artiodactyla	Bovidae	Connochaetes	Connochaetes gnou		SPECIES	Connochaetes gnou (Zimmermann, 1780)	Connochaetes gnou		ZA		Free State	PRESENT		28eb1a3f-1c15-4a95-931a-4af90ecb574d	-29.7202	25.5899	1.0						2015-04-06	6	4	2015	2441106	2441106	HUMAN_OBSERVATION	iNaturalist	Observations	11150683		pottasjj	2015-06-18T16:31:56	CC_BY_NC_4_0	pottasjj	pottasjj			2024-07-09T16:52:14.962Z	StillImage	CONTINENT_DERIVED_FROM_COORDINATES;TAXON_MATCH_TAXON_ID_IGNORED
1848785208	50c9509d-22c7-4a22-a47d-8c48425ef4a7	https://www.inaturalist.org/observations/13007063	Animalia	Chordata	Mammalia	Artiodactyla	Bovidae	Connochaetes	Connochaetes gnou		SPECIES	Connochaetes gnou (Zimmermann, 1780)	Connochaetes gnou		ZA		Northern Cape	PRESENT		28eb1a3f-1c15-4a95-931a-4af90ecb574d	-29.032866	24.461996							2018-05-08T08:07	8	5	2018	2441106	2441106	HUMAN_OBSERVATION	iNaturalist	Observations	13007063		Gawie Malan	2018-06-01T10:50:04	CC_BY_NC_4_0	Gawie Malan	Gawie Malan			2024-07-09T16:52:29.615Z	StillImage	COORDINATE_ROUNDED;CONTINENT_DERIVED_FROM_COORDINATES;TAXON_MATCH_TAXON_ID_IGNORED
1848785058	50c9509d-22c7-4a22-a47d-8c48425ef4a7	https://www.inaturalist.org/observations/13007075	Animalia	Chordata	Mammalia	Artiodactyla	Bovidae	Connochaetes	Connochaetes gnou		SPECIES	Connochaetes gnou (Zimmermann, 1780)	Connochaetes gnou		ZA		Free State	PRESENT		28eb1a3f-1c15-4a95-931a-4af90ecb574d	-28.498373	28.652573							2018-05-23T07:54	23	5	2018	2441106	2441106	HUMAN_OBSERVATION	iNaturalist	Observations	13007075		Gawie Malan	2018-06-01T10:51:39	CC_BY_NC_4_0	Gawie Malan	Gawie Malan			2024-07-09T16:15:50.898Z	StillImage	COORDINATE_ROUNDED;CONTINENT_DERIVED_FROM_COORDINATES;TAXON_MATCH_TAXON_ID_IGNORED
1848784645	50c9509d-22c7-4a22-a47d-8c48425ef4a7	https://www.inaturalist.org/observations/13007072	Animalia	Chordata	Mammalia	Artiodactyla	Bovidae	Connochaetes	Connochaetes gnou		SPECIES	Connochaetes gnou (Zimmermann, 1780)	Connochaetes gnou		ZA		Free State	PRESENT		28eb1a3f-1c15-4a95-931a-4af90ecb574d	-28.519788	28.632803							2018-05-22T10:28	22	5	2018	2441106	2441106	HUMAN_OBSERVATION	iNaturalist	Observations	13007072		Gawie Malan	2018-06-01T10:51:14	CC_BY_NC_4_0	Gawie Malan	Gawie Malan			2024-07-09T16:15:49.972Z	StillImage	COORDINATE_ROUNDED;CONTINENT_DERIVED_FROM_COORDINATES;TAXON_MATCH_TAXON_ID_IGNORED
1848784252	50c9509d-22c7-4a22-a47d-8c48425ef4a7	https://www.inaturalist.org/observations/13007070	Animalia	Chordata	Mammalia	Artiodactyla	Bovidae	Connochaetes	Connochaetes gnou		SPECIES	Connochaetes gnou (Zimmermann, 1780)	Connochaetes gnou		ZA		Northern Cape	PRESENT		28eb1a3f-1c15-4a95-931a-4af90ecb574d	-29.047243	24.469647							2018-05-09T08:39	9	5	2018	2441106	2441106	HUMAN_OBSERVATION	iNaturalist	Observations	13007070		Gawie Malan	2018-06-01T10:50:39	CC_BY_NC_4_0	Gawie Malan	Gawie Malan			2024-07-09T16:15:49.695Z	StillImage	COORDINATE_ROUNDED;CONTINENT_DERIVED_FROM_COORDINATES;TAXON_MATCH_TAXON_ID_IGNORED
1847540234	50c9509d-22c7-4a22-a47d-8c48425ef4a7	https://www.inaturalist.org/observations/12541120	Animalia	Chordata	Mammalia	Artiodactyla	Bovidae	Connochaetes	Connochaetes gnou		SPECIES	Connochaetes gnou (Zimmermann, 1780)	Connochaetes gnou		ZA		Gauteng	PRESENT		28eb1a3f-1c15-4a95-931a-4af90ecb574d	-26.483794	28.229271	8805.0						2006-08-26T14:22	26	8	2006	2441106	2441106	HUMAN_OBSERVATION	iNaturalist	Observations	12541120		Luis da Costa	2018-05-17T12:57:33	CC0_1_0	Jeremy Barker	Jeremy Barker			2024-07-09T16:50:46.033Z	StillImage	COORDINATE_ROUNDED;CONTINENT_DERIVED_FROM_COORDINATES;TAXON_MATCH_TAXON_ID_IGNORED
1839229854	50c9509d-22c7-4a22-a47d-8c48425ef4a7	https://www.inaturalist.org/observations/11282852	Animalia	Chordata	Mammalia	Artiodactyla	Bovidae	Connochaetes	Connochaetes gnou		SPECIES	Connochaetes gnou (Zimmermann, 1780)	Connochaetes gnou		ZA		Free State	PRESENT		28eb1a3f-1c15-4a95-931a-4af90ecb574d	-28.8759	24.792	1.0						2016-06-11	11	6	2016	2441106	2441106	HUMAN_OBSERVATION	iNaturalist	Observations	11282852		Callum Evans	2016-08-07T09:16:07	CC_BY_NC_4_0	Callum Evans	Callum Evans			2024-07-09T16:15:33.640Z	StillImage	CONTINENT_DERIVED_FROM_COORDINATES;TAXON_MATCH_TAXON_ID_IGNORED
1839229513	50c9509d-22c7-4a22-a47d-8c48425ef4a7	https://www.inaturalist.org/observations/11281428	Animalia	Chordata	Mammalia	Artiodactyla	Bovidae	Connochaetes	Connochaetes gnou		SPECIES	Connochaetes gnou (Zimmermann, 1780)	Connochaetes gnou		ZA		Western Cape	PRESENT		28eb1a3f-1c15-4a95-931a-4af90ecb574d	-34.271662	20.082322	1.0						2013-09-25	25	9	2013	2441106	2441106	HUMAN_OBSERVATION	iNaturalist	Observations	11281428		Tony Rebelo	2017-01-06T14:43:32	CC_BY_NC_4_0	Jean Audissou	Jean Audissou			2024-07-09T16:15:38.659Z	StillImage	COORDINATE_ROUNDED;CONTINENT_DERIVED_FROM_COORDINATES;TAXON_MATCH_TAXON_ID_IGNORED
1839224980	50c9509d-22c7-4a22-a47d-8c48425ef4a7	https://www.inaturalist.org/observations/11260861	Animalia	Chordata	Mammalia	Artiodactyla	Bovidae	Connochaetes	Connochaetes gnou		SPECIES	Connochaetes gnou (Zimmermann, 1780)	Connochaetes gnou		ZA		Free State	PRESENT		28eb1a3f-1c15-4a95-931a-4af90ecb574d	-28.51252	28.650112	122.0						2018-03-21T14:39	21	3	2018	2441106	2441106	HUMAN_OBSERVATION	iNaturalist	Observations	11260861		Andrew Massyn	2018-04-21T11:26:28	CC_BY_NC_4_0	Andrew Massyn	Andrew Massyn			2024-07-09T16:52:19.104Z	StillImage	COORDINATE_ROUNDED;CONTINENT_DERIVED_FROM_COORDINATES;TAXON_MATCH_TAXON_ID_IGNORED
1839223361	50c9509d-22c7-4a22-a47d-8c48425ef4a7	https://www.inaturalist.org/observations/11254591	Animalia	Chordata	Mammalia	Artiodactyla	Bovidae	Connochaetes	Connochaetes gnou		SPECIES	Connochaetes gnou (Zimmermann, 1780)	Connochaetes gnou		ZA		Free State	PRESENT		28eb1a3f-1c15-4a95-931a-4af90ecb574d	-28.845	24.817	110.0						2016-06-15	15	6	2016	2441106	2441106	HUMAN_OBSERVATION	iNaturalist	Observations	11254591		Callum Evans	2016-06-27T06:40:26	CC_BY_NC_4_0	Callum Evans	Callum Evans			2024-07-09T16:15:37.045Z	StillImage	CONTINENT_DERIVED_FROM_COORDINATES;TAXON_MATCH_TAXON_ID_IGNORED
1839214262	50c9509d-22c7-4a22-a47d-8c48425ef4a7	https://www.inaturalist.org/observations/11221127	Animalia	Chordata	Mammalia	Artiodactyla	Bovidae	Connochaetes	Connochaetes gnou		SPECIES	Connochaetes gnou (Zimmermann, 1780)	Connochaetes gnou		ZA		Gauteng	PRESENT		28eb1a3f-1c15-4a95-931a-4af90ecb574d	-25.8935	28.2884	1.0						2016-12-26	26	12	2016	2441106	2441106	HUMAN_OBSERVATION	iNaturalist	Observations	11221127		magdastlucia	2017-02-04T16:39:16	CC_BY_NC_4_0	magdastlucia	magdastlucia			2024-07-09T16:15:35.189Z	StillImage	CONTINENT_DERIVED_FROM_COORDINATES;TAXON_MATCH_TAXON_ID_IGNORED
1838395487	50c9509d-22c7-4a22-a47d-8c48425ef4a7	https://www.inaturalist.org/observations/11135416	Animalia	Chordata	Mammalia	Artiodactyla	Bovidae	Connochaetes	Connochaetes gnou		SPECIES	Connochaetes gnou (Zimmermann, 1780)	Connochaetes gnou		ZA		Gauteng	PRESENT		28eb1a3f-1c15-4a95-931a-4af90ecb574d	-25.861668	28.286972	1.0						2015-11-22	22	11	2015	2441106	2441106	HUMAN_OBSERVATION	iNaturalist	Observations	11135416		Alex Dreyer	2015-11-29T10:23:58	CC_BY_NC_4_0	Alex Dreyer	Alex Dreyer			2024-07-09T16:15:36.822Z	StillImage	COORDINATE_ROUNDED;CONTINENT_DERIVED_FROM_COORDINATES;TAXON_MATCH_TAXON_ID_IGNORED
1838394153	50c9509d-22c7-4a22-a47d-8c48425ef4a7	https://www.inaturalist.org/observations/11130921	Animalia	Chordata	Mammalia	Artiodactyla	Bovidae	Connochaetes	Connochaetes gnou		SPECIES	Connochaetes gnou (Zimmermann, 1780)	Connochaetes gnou		ZA		Gauteng	PRESENT		28eb1a3f-1c15-4a95-931a-4af90ecb574d	-25.893678	28.318293	1.0						2015-11-22	22	11	2015	2441106	2441106	HUMAN_OBSERVATION	iNaturalist	Observations	11130921		Alex Dreyer	2015-11-26T16:47:43	CC_BY_NC_4_0	Alex Dreyer	Alex Dreyer			2024-07-09T16:52:04.107Z	StillImage	COORDINATE_ROUNDED;CONTINENT_DERIVED_FROM_COORDINATES;TAXON_MATCH_TAXON_ID_IGNORED
1838393655	50c9509d-22c7-4a22-a47d-8c48425ef4a7	https://www.inaturalist.org/observations/11129182	Animalia	Chordata	Mammalia	Artiodactyla	Bovidae	Connochaetes	Connochaetes gnou		SPECIES	Connochaetes gnou (Zimmermann, 1780)	Connochaetes gnou		ZA		Western Cape	PRESENT		28eb1a3f-1c15-4a95-931a-4af90ecb574d	-33.4175	21.9541	1.0						2015-10-03	3	10	2015	2441106	2441106	HUMAN_OBSERVATION	iNaturalist	Observations	11129182		Colin Ralston	2015-10-04T12:47:00	CC_BY_NC_4_0	Colin Ralston	Colin Ralston			2024-07-09T16:51:59.026Z	StillImage	CONTINENT_DERIVED_FROM_COORDINATES;TAXON_MATCH_TAXON_ID_IGNORED
1838392175	50c9509d-22c7-4a22-a47d-8c48425ef4a7	https://www.inaturalist.org/observations/11123166	Animalia	Chordata	Mammalia	Artiodactyla	Bovidae	Connochaetes	Connochaetes gnou		SPECIES	Connochaetes gnou (Zimmermann, 1780)	Connochaetes gnou		ZA		Western Cape	PRESENT		28eb1a3f-1c15-4a95-931a-4af90ecb574d	-33.600532	20.01608	1.0						2015-11-19	19	11	2015	2441106	2441106	HUMAN_OBSERVATION	iNaturalist	Observations	11123166		Colin Ralston	2015-11-22T04:33:17	CC_BY_NC_4_0	Peter Slingsby	Peter Slingsby			2024-07-09T16:15:36.970Z	StillImage	CONTINENT_DERIVED_FROM_COORDINATES;TAXON_MATCH_TAXON_ID_IGNORED
1838389510	50c9509d-22c7-4a22-a47d-8c48425ef4a7	https://www.inaturalist.org/observations/11114185	Animalia	Chordata	Mammalia	Artiodactyla	Bovidae	Connochaetes	Connochaetes gnou		SPECIES	Connochaetes gnou (Zimmermann, 1780)	Connochaetes gnou		ZA		Mpumalanga	PRESENT		28eb1a3f-1c15-4a95-931a-4af90ecb574d	-25.3996	30.0798	1.0						2015-01-15	15	1	2015	2441106	2441106	HUMAN_OBSERVATION	iNaturalist	Observations	11114185		Andrew Deacon	2015-05-19T14:22:30	CC0_1_0	Andrew Deacon	Andrew Deacon			2024-07-09T16:15:35.157Z	StillImage	CONTINENT_DERIVED_FROM_COORDINATES;TAXON_MATCH_TAXON_ID_IGNORED
1838385396	50c9509d-22c7-4a22-a47d-8c48425ef4a7	https://www.inaturalist.org/observations/11100176	Animalia	Chordata	Mammalia	Artiodactyla	Bovidae	Connochaetes	Connochaetes gnou		SPECIES	Connochaetes gnou (Zimmermann, 1780)	Connochaetes gnou		ZA		Gauteng	PRESENT		28eb1a3f-1c15-4a95-931a-4af90ecb574d	-26.2881	28.0204	1.0						2014-12-18	18	12	2014	2441106	2441106	HUMAN_OBSERVATION	iNaturalist	Observations	11100176		Ryan van Huyssteen	2014-12-18T14:26:12	CC_BY_NC_4_0	Ryan van Huyssteen	Ryan van Huyssteen			2024-07-09T16:52:18.335Z	StillImage	CONTINENT_DERIVED_FROM_COORDINATES;TAXON_MATCH_TAXON_ID_IGNORED
1838378479	50c9509d-22c7-4a22-a47d-8c48425ef4a7	https://www.inaturalist.org/observations/11076929	Animalia	Chordata	Mammalia	Artiodactyla	Bovidae	Connochaetes	Connochaetes gnou		SPECIES	Connochaetes gnou (Zimmermann, 1780)	Connochaetes gnou		ZA		Gauteng	PRESENT		28eb1a3f-1c15-4a95-931a-4af90ecb574d	-25.898	28.2877	1.0						2014-11-09	9	11	2014	2441106	2441106	HUMAN_OBSERVATION	iNaturalist	Observations	11076929		Alex Dreyer	2014-11-20T05:39:39	CC_BY_NC_4_0	Alex Dreyer	Alex Dreyer			2024-07-09T16:15:36.165Z	StillImage	CONTINENT_DERIVED_FROM_COORDINATES;TAXON_MATCH_TAXON_ID_IGNORED
1838372944	50c9509d-22c7-4a22-a47d-8c48425ef4a7	https://www.inaturalist.org/observations/11059700	Animalia	Chordata	Mammalia	Artiodactyla	Bovidae	Connochaetes	Connochaetes gnou		SPECIES	Connochaetes gnou (Zimmermann, 1780)	Connochaetes gnou		ZA		Gauteng	PRESENT		28eb1a3f-1c15-4a95-931a-4af90ecb574d	-25.9283	28.3049	1.0						2015-04-03	3	4	2015	2441106	2441106	HUMAN_OBSERVATION	iNaturalist	Observations	11059700		hermanviviers	2015-04-04T09:26:09	CC_BY_NC_4_0	hermanviviers	hermanviviers			2024-07-09T16:15:34.567Z	StillImage	CONTINENT_DERIVED_FROM_COORDINATES;TAXON_MATCH_TAXON_ID_IGNORED
1838368056	50c9509d-22c7-4a22-a47d-8c48425ef4a7	https://www.inaturalist.org/observations/11039028	Animalia	Chordata	Mammalia	Artiodactyla	Bovidae	Connochaetes	Connochaetes gnou		SPECIES	Connochaetes gnou (Zimmermann, 1780)	Connochaetes gnou		ZA		Gauteng	PRESENT		28eb1a3f-1c15-4a95-931a-4af90ecb574d	-25.899553	28.28791	1.0						2015-03-15	15	3	2015	2441106	2441106	HUMAN_OBSERVATION	iNaturalist	Observations	11039028		Alex Dreyer	2015-03-19T09:48:21	CC_BY_NC_4_0	Alex Dreyer	Alex Dreyer			2024-07-09T16:52:18.994Z	StillImage	COORDINATE_ROUNDED;CONTINENT_DERIVED_FROM_COORDINATES;TAXON_MATCH_TAXON_ID_IGNORED
1838356570	50c9509d-22c7-4a22-a47d-8c48425ef4a7	https://www.inaturalist.org/observations/11004726	Animalia	Chordata	Mammalia	Artiodactyla	Bovidae	Connochaetes	Connochaetes gnou		SPECIES	Connochaetes gnou (Zimmermann, 1780)	Connochaetes gnou		ZA		Gauteng	PRESENT		28eb1a3f-1c15-4a95-931a-4af90ecb574d	-26.2881	28.0204	1.0						2014-08-10	10	8	2014	2441106	2441106	HUMAN_OBSERVATION	iNaturalist	Observations	11004726		Ryan van Huyssteen	2014-08-12T15:31:30	CC_BY_NC_4_0	Ryan van Huyssteen	Ryan van Huyssteen			2024-07-09T16:50:37.819Z	StillImage	CONTINENT_DERIVED_FROM_COORDINATES;TAXON_MATCH_TAXON_ID_IGNORED
1838350810	50c9509d-22c7-4a22-a47d-8c48425ef4a7	https://www.inaturalist.org/observations/10986159	Animalia	Chordata	Mammalia	Artiodactyla	Bovidae	Connochaetes	Connochaetes gnou		SPECIES	Connochaetes gnou (Zimmermann, 1780)	Connochaetes gnou		ZA		Eastern Cape	PRESENT		28eb1a3f-1c15-4a95-931a-4af90ecb574d	-32.2138	25.42437	1.0						2014-07-17	17	7	2014	2441106	2441106	HUMAN_OBSERVATION	iNaturalist	Observations	10986159		Nicola van Berkel	2014-07-21T16:42:52	CC_BY_4_0	Nicola van Berkel	Nicola van Berkel			2024-07-09T16:15:30.301Z	StillImage	CONTINENT_DERIVED_FROM_COORDINATES;TAXON_MATCH_TAXON_ID_IGNORED
1838347662	50c9509d-22c7-4a22-a47d-8c48425ef4a7	https://www.inaturalist.org/observations/10976862	Animalia	Chordata	Mammalia	Artiodactyla	Bovidae	Connochaetes	Connochaetes gnou		SPECIES	Connochaetes gnou (Zimmermann, 1780)	Connochaetes gnou		ZA		Eastern Cape	PRESENT		28eb1a3f-1c15-4a95-931a-4af90ecb574d	-32.206071	25.410375	1.0						2014-05-08	8	5	2014	2441106	2441106	HUMAN_OBSERVATION	iNaturalist	Observations	10976862		Gawie Malan	2014-07-16T11:19:45	CC_BY_NC_4_0	Gawie Malan	Gawie Malan			2024-07-09T16:50:36.314Z	StillImage	COORDINATE_ROUNDED;CONTINENT_DERIVED_FROM_COORDINATES;TAXON_MATCH_TAXON_ID_IGNORED
1838347618	50c9509d-22c7-4a22-a47d-8c48425ef4a7	https://www.inaturalist.org/observations/10976849	Animalia	Chordata	Mammalia	Artiodactyla	Bovidae	Connochaetes	Connochaetes gnou		SPECIES	Connochaetes gnou (Zimmermann, 1780)	Connochaetes gnou		ZA		Eastern Cape	PRESENT		28eb1a3f-1c15-4a95-931a-4af90ecb574d	-32.216035	25.424579	1.0						2014-05-06	6	5	2014	2441106	2441106	HUMAN_OBSERVATION	iNaturalist	Observations	10976849		Gawie Malan	2014-07-16T11:16:18	CC_BY_NC_4_0	Gawie Malan	Gawie Malan			2024-07-09T16:15:29.925Z	StillImage	COORDINATE_ROUNDED;CONTINENT_DERIVED_FROM_COORDINATES;TAXON_MATCH_TAXON_ID_IGNORED
1838326210	50c9509d-22c7-4a22-a47d-8c48425ef4a7	https://www.inaturalist.org/observations/10903381	Animalia	Chordata	Mammalia	Artiodactyla	Bovidae	Connochaetes	Connochaetes gnou		SPECIES	Connochaetes gnou (Zimmermann, 1780)	Connochaetes gnou		ZA		Eastern Cape	PRESENT		28eb1a3f-1c15-4a95-931a-4af90ecb574d	-33.5531	25.859	1.0						2012-10-22	22	10	2012	2441106	2441106	HUMAN_OBSERVATION	iNaturalist	Observations	10903381		Gabi Miebach	2013-12-14T05:58:31	CC_BY_NC_4_0	Gabi Miebach	Gabi Miebach			2024-07-09T16:50:36.084Z	StillImage	CONTINENT_DERIVED_FROM_COORDINATES;TAXON_MATCH_TAXON_ID_IGNORED
1838317964	50c9509d-22c7-4a22-a47d-8c48425ef4a7	https://www.inaturalist.org/observations/10881090	Animalia	Chordata	Mammalia	Artiodactyla	Bovidae	Connochaetes	Connochaetes gnou		SPECIES	Connochaetes gnou (Zimmermann, 1780)	Connochaetes gnou		ZA		Gauteng	PRESENT		28eb1a3f-1c15-4a95-931a-4af90ecb574d	-26.4288	27.4474	1.0						2013-03-20	20	3	2013	2441106	2441106	HUMAN_OBSERVATION	iNaturalist	Observations	10881090		Andrew Deacon	2013-03-31T12:06:18	CC0_1_0	Andrew Deacon	Andrew Deacon			2024-07-09T16:52:52.239Z	StillImage	CONTINENT_DERIVED_FROM_COORDINATES;TAXON_MATCH_TAXON_ID_IGNORED
1838312241	50c9509d-22c7-4a22-a47d-8c48425ef4a7	https://www.inaturalist.org/observations/10864277	Animalia	Chordata	Mammalia	Artiodactyla	Bovidae	Connochaetes	Connochaetes gnou		SPECIES	Connochaetes gnou (Zimmermann, 1780)	Connochaetes gnou		ZA		Gauteng	PRESENT		28eb1a3f-1c15-4a95-931a-4af90ecb574d	-26.2881	28.0204	1.0						2013-03-08	8	3	2013	2441106	2441106	HUMAN_OBSERVATION	iNaturalist	Observations	10864277		Ryan van Huyssteen	2013-03-08T18:06:31	CC_BY_NC_4_0	Ryan van Huyssteen	Ryan van Huyssteen			2024-07-09T16:52:52.177Z	StillImage	CONTINENT_DERIVED_FROM_COORDINATES;TAXON_MATCH_TAXON_ID_IGNORED
1836661361	50c9509d-22c7-4a22-a47d-8c48425ef4a7	https://www.inaturalist.org/observations/10324734	Animalia	Chordata	Mammalia	Artiodactyla	Bovidae	Connochaetes	Connochaetes gnou		SPECIES	Connochaetes gnou (Zimmermann, 1780)	Connochaetes gnou		ZA		Eastern Cape	PRESENT		28eb1a3f-1c15-4a95-931a-4af90ecb574d	-32.213612	24.536945	50.0						2018-03-16T16:48	16	3	2018	2441106	2441106	HUMAN_OBSERVATION	iNaturalist	Observations	10324734		Sally Adam	2018-03-20T13:45:16	CC_BY_NC_4_0	Sally Adam	Sally Adam			2024-07-09T16:50:34.768Z	StillImage	CONTINENT_DERIVED_FROM_COORDINATES;TAXON_MATCH_TAXON_ID_IGNORED
1836568102	50c9509d-22c7-4a22-a47d-8c48425ef4a7	https://www.inaturalist.org/observations/10063865	Animalia	Chordata	Mammalia	Artiodactyla	Bovidae	Connochaetes	Connochaetes gnou		SPECIES	Connochaetes gnou (Zimmermann, 1780)	Connochaetes gnou		ZA		Northern Cape	PRESENT		28eb1a3f-1c15-4a95-931a-4af90ecb574d	-29.01301	24.486433	1000.0						2015-05-02T10:29	2	5	2015	2441106	2441106	HUMAN_OBSERVATION	iNaturalist	Observations	10063865		copper	2018-03-03T04:05:21	CC_BY_NC_4_0	copper	copper			2024-07-09T16:15:29.279Z	StillImage	COORDINATE_ROUNDED;CONTINENT_DERIVED_FROM_COORDINATES;TAXON_MATCH_TAXON_ID_IGNORED
1836567960	50c9509d-22c7-4a22-a47d-8c48425ef4a7	https://www.inaturalist.org/observations/10063551	Animalia	Chordata	Mammalia	Artiodactyla	Bovidae	Connochaetes	Connochaetes gnou		SPECIES	Connochaetes gnou (Zimmermann, 1780)	Connochaetes gnou		ZA		Free State	PRESENT		28eb1a3f-1c15-4a95-931a-4af90ecb574d	-28.472841	28.735256	1000.0						2015-04-12T07:57	12	4	2015	2441106	2441106	HUMAN_OBSERVATION	iNaturalist	Observations	10063551		copper	2018-03-03T03:23:33	CC_BY_NC_4_0	copper	copper			2024-07-09T16:15:26.384Z	StillImage	COORDINATE_ROUNDED;CONTINENT_DERIVED_FROM_COORDINATES;TAXON_MATCH_TAXON_ID_IGNORED
1831193994	50c9509d-22c7-4a22-a47d-8c48425ef4a7	https://www.inaturalist.org/observations/9878429	Animalia	Chordata	Mammalia	Artiodactyla	Bovidae	Connochaetes	Connochaetes gnou		SPECIES	Connochaetes gnou (Zimmermann, 1780)	Connochaetes gnou		ZA		Northern Cape	PRESENT		28eb1a3f-1c15-4a95-931a-4af90ecb574d	-29.048556	24.459334	500.0						2016-04-06T12:20	6	4	2016	2441106	2441106	HUMAN_OBSERVATION	iNaturalist	Observations	9878429		copper	2018-02-16T12:00:16	CC_BY_NC_4_0	copper	copper			2024-07-09T16:15:20.726Z	StillImage	COORDINATE_ROUNDED;CONTINENT_DERIVED_FROM_COORDINATES;TAXON_MATCH_TAXON_ID_IGNORED
1806350414	50c9509d-22c7-4a22-a47d-8c48425ef4a7	https://www.inaturalist.org/observations/9576591	Animalia	Chordata	Mammalia	Artiodactyla	Bovidae	Connochaetes	Connochaetes gnou		SPECIES	Connochaetes gnou (Zimmermann, 1780)	Connochaetes gnou		ZA		Free State	PRESENT		28eb1a3f-1c15-4a95-931a-4af90ecb574d	-28.517006	28.642256	81.0						2017-11-01T13:57	1	11	2017	2441106	2441106	HUMAN_OBSERVATION	iNaturalist	Observations	9576591		mister_pi	2018-01-23T18:06:59	CC_BY_NC_4_0	mister_pi	mister_pi			2024-07-09T16:15:21.654Z	StillImage	COORDINATE_ROUNDED;CONTINENT_DERIVED_FROM_COORDINATES;TAXON_MATCH_TAXON_ID_IGNORED
1806346903	50c9509d-22c7-4a22-a47d-8c48425ef4a7	https://www.inaturalist.org/observations/9565181	Animalia	Chordata	Mammalia	Artiodactyla	Bovidae	Connochaetes	Connochaetes gnou		SPECIES	Connochaetes gnou (Zimmermann, 1780)	Connochaetes gnou		ZA		Free State	PRESENT		28eb1a3f-1c15-4a95-931a-4af90ecb574d	-28.488253	28.616509	558.0						2017-11-01T09:36	1	11	2017	2441106	2441106	HUMAN_OBSERVATION	iNaturalist	Observations	9565181		mister_pi	2018-01-22T20:24:54	CC_BY_NC_4_0	mister_pi	mister_pi			2024-07-09T16:15:20.704Z	StillImage	COORDINATE_ROUNDED;CONTINENT_DERIVED_FROM_COORDINATES;TAXON_MATCH_TAXON_ID_IGNORED
1805377177	50c9509d-22c7-4a22-a47d-8c48425ef4a7	https://www.inaturalist.org/observations/9407072	Animalia	Chordata	Mammalia	Artiodactyla	Bovidae	Connochaetes	Connochaetes gnou		SPECIES	Connochaetes gnou (Zimmermann, 1780)	Connochaetes gnou		SZ		Hhohho	PRESENT		28eb1a3f-1c15-4a95-931a-4af90ecb574d	-26.136	31.118	25.0						2017-08-05T02:00	5	8	2017	2441106	2441106	HUMAN_OBSERVATION	iNaturalist	Observations	9407072		Stan van Remmerden	2018-01-08T04:50:22	CC_BY_NC_4_0	Stan van Remmerden	Stan van Remmerden			2024-07-09T16:15:18.618Z	StillImage	CONTINENT_DERIVED_FROM_COORDINATES;TAXON_MATCH_TAXON_ID_IGNORED
1802742441	50c9509d-22c7-4a22-a47d-8c48425ef4a7	https://www.inaturalist.org/observations/9290748	Animalia	Chordata	Mammalia	Artiodactyla	Bovidae	Connochaetes	Connochaetes gnou		SPECIES	Connochaetes gnou (Zimmermann, 1780)	Connochaetes gnou		NA		Hardap	PRESENT		28eb1a3f-1c15-4a95-931a-4af90ecb574d	-24.080864	17.664931							2013-06-01T08:33	1	6	2013	2441106	2441106	HUMAN_OBSERVATION	iNaturalist	Observations	9290748		pfaucher	2017-12-29T03:39:03	CC_BY_NC_4_0	pfaucher	pfaucher			2024-07-09T16:15:52.507Z	StillImage	COORDINATE_ROUNDED;CONTINENT_DERIVED_FROM_COORDINATES;TAXON_MATCH_TAXON_ID_IGNORED
1703267885	6ac3f774-d9fb-4796-b3e9-92bf6c81c084		Animalia	Chordata	Mammalia	Artiodactyla	Bovidae	Connochaetes	Connochaetes gnou		SPECIES	Connochaetes gnou (Zimmermann, 1780)	Connochaetes gnou		NA	Kuzikus Wildlife Reserve		PRESENT		bb646dff-a905-4403-a49b-6d378c2cf0d9	-23.237738	18.389986	250.0						2017-11-30T00:00	30	11	2017	2441106	2441106	HUMAN_OBSERVATION	naturgucker	naturgucker	-1977143209				CC_BY_4_0		-195092215			2024-03-15T23:24:04.824Z		COORDINATE_ROUNDED;GEODETIC_DATUM_ASSUMED_WGS84;CONTINENT_DERIVED_FROM_COORDINATES;MULTIMEDIA_URI_INVALID
1703194663	50c9509d-22c7-4a22-a47d-8c48425ef4a7	https://www.inaturalist.org/observations/8896136	Animalia	Chordata	Mammalia	Artiodactyla	Bovidae	Connochaetes	Connochaetes gnou		SPECIES	Connochaetes gnou (Zimmermann, 1780)	Connochaetes gnou		ZA		Gauteng	PRESENT		28eb1a3f-1c15-4a95-931a-4af90ecb574d	-25.890844	28.286026	122.0						2011-03-23T12:03	23	3	2011	2441106	2441106	HUMAN_OBSERVATION	iNaturalist	Observations	8896136		Joachim Louis	2017-11-22T14:49:27	CC_BY_NC_4_0	Joachim Louis	Joachim Louis			2024-07-09T16:15:13.035Z	StillImage	COORDINATE_ROUNDED;CONTINENT_DERIVED_FROM_COORDINATES;TAXON_MATCH_TAXON_ID_IGNORED
1699310462	bb5b30b4-827e-4d5e-a86a-825d65cb6583	pbdb:occ:978734	Animalia	Chordata	Mammalia	Artiodactyla	Bovidae	Connochaetes	Connochaetes gnou		SPECIES	Connochaetes gnou (Zimmermann, 1780)	Connochaetes gnou (Zimmermann 1780)	(Zimmermann 1780)	ZA			PRESENT		b711353c-44d7-4e8b-90c5-16fea0d247e0	-34.052925	22.392956		1.0E-6									2441106	2441106	MATERIAL_CITATION	PBDB	113858					CC_BY_NC_4_0		Brink and Deacon			2024-04-23T18:41:14.960Z		TAXON_MATCH_TAXON_CONCEPT_ID_IGNORED;TAXON_MATCH_TAXON_ID_IGNORED;INSTITUTION_MATCH_NONE
1699303377	bb5b30b4-827e-4d5e-a86a-825d65cb6583	pbdb:occ:971104	Animalia	Chordata	Mammalia	Artiodactyla	Bovidae	Connochaetes	Connochaetes gnou		SPECIES	Connochaetes gnou (Zimmermann, 1780)	Connochaetes gnou (Zimmermann 1780)	(Zimmermann 1780)	ZA			PRESENT		b711353c-44d7-4e8b-90c5-16fea0d247e0	-33.333332	18.15		0.0166667									2441106	2441106	MATERIAL_CITATION	PBDB	115205					CC_BY_NC_4_0		Avery et al.			2024-04-23T18:41:14.108Z		TAXON_MATCH_TAXON_CONCEPT_ID_IGNORED;TAXON_MATCH_TAXON_ID_IGNORED;INSTITUTION_MATCH_NONE
1699303292	bb5b30b4-827e-4d5e-a86a-825d65cb6583	pbdb:occ:970957	Animalia	Chordata	Mammalia	Artiodactyla	Bovidae	Connochaetes	Connochaetes gnou		SPECIES	Connochaetes gnou (Zimmermann, 1780)	Connochaetes gnou (Zimmermann 1780)	(Zimmermann 1780)	ZA			PRESENT		b711353c-44d7-4e8b-90c5-16fea0d247e0	-33.029167	17.960278		2.778E-4									2441106	2441106	MATERIAL_CITATION	PBDB	115188					CC_BY_NC_4_0		Stynder et al.			2024-04-23T18:41:14.072Z		TAXON_MATCH_TAXON_CONCEPT_ID_IGNORED;TAXON_MATCH_TAXON_ID_IGNORED;INSTITUTION_MATCH_NONE
1699303180	bb5b30b4-827e-4d5e-a86a-825d65cb6583	pbdb:occ:970840	Animalia	Chordata	Mammalia	Artiodactyla	Bovidae	Connochaetes	Connochaetes gnou		SPECIES	Connochaetes gnou (Zimmermann, 1780)	Connochaetes gnou (Zimmermann 1780)	(Zimmermann 1780)	ZA			PRESENT		b711353c-44d7-4e8b-90c5-16fea0d247e0	-34.408665	21.195189		1.0E-6									2441106	2441106	MATERIAL_CITATION	PBDB	115167					CC_BY_NC_4_0		Henshilwood et al.			2024-04-23T18:41:14.039Z		TAXON_MATCH_TAXON_CONCEPT_ID_IGNORED;TAXON_MATCH_TAXON_ID_IGNORED;INSTITUTION_MATCH_NONE
1699001169	bb5b30b4-827e-4d5e-a86a-825d65cb6583	pbdb:occ:1106787	Animalia	Chordata	Mammalia	Artiodactyla	Bovidae	Connochaetes	Connochaetes gnou		SPECIES	Connochaetes gnou (Zimmermann, 1780)	Connochaetes gnou (Zimmermann 1780)	(Zimmermann 1780)	ZA			PRESENT		b711353c-44d7-4e8b-90c5-16fea0d247e0	-32.387051	18.452728		1.0E-5									2441106	2441106	MATERIAL_CITATION	PBDB	115191					CC_BY_NC_4_0		Texier et al.			2024-04-23T18:41:26.906Z		TAXON_MATCH_TAXON_CONCEPT_ID_IGNORED;TAXON_MATCH_TAXON_ID_IGNORED;INSTITUTION_MATCH_NONE
1698874809	bb5b30b4-827e-4d5e-a86a-825d65cb6583	pbdb:occ:875036	Animalia	Chordata	Mammalia	Artiodactyla	Bovidae	Connochaetes	Connochaetes gnou		SPECIES	Connochaetes gnou (Zimmermann, 1780)	Connochaetes gnou (Zimmermann 1780)	(Zimmermann 1780)	ZA			PRESENT		b711353c-44d7-4e8b-90c5-16fea0d247e0	-34.101559	23.367666		1.0E-6									2441106	2441106	MATERIAL_CITATION	PBDB	96974					CC_BY_NC_4_0		Klein			2024-04-23T18:41:03.101Z		TAXON_MATCH_TAXON_CONCEPT_ID_IGNORED;TAXON_MATCH_TAXON_ID_IGNORED;INSTITUTION_MATCH_NONE
1698589596	bb5b30b4-827e-4d5e-a86a-825d65cb6583	pbdb:occ:583606	Animalia	Chordata	Mammalia	Artiodactyla	Bovidae	Connochaetes	Connochaetes gnou		SPECIES	Connochaetes gnou (Zimmermann, 1780)	Connochaetes gnou (Zimmermann 1780)	(Zimmermann 1780)	ZA			PRESENT		b711353c-44d7-4e8b-90c5-16fea0d247e0	-34.533298	19.366699		1.0E-4									2441106	2441106	MATERIAL_CITATION	PBDB	21695					CC_BY_NC_4_0		Avery			2024-04-23T18:40:27.786Z		TAXON_MATCH_TAXON_CONCEPT_ID_IGNORED;TAXON_MATCH_TAXON_ID_IGNORED;INSTITUTION_MATCH_NONE
1698155914	bb5b30b4-827e-4d5e-a86a-825d65cb6583	pbdb:occ:226072	Animalia	Chordata	Mammalia	Artiodactyla	Bovidae	Connochaetes	Connochaetes gnou		SPECIES	Connochaetes gnou (Zimmermann, 1780)	Connochaetes gnou (Zimmermann 1780)	(Zimmermann 1780)	ZA	on Gaap Escarpment at Norlim near Taung in the Northern Cape Province of South Africa		PRESENT		b711353c-44d7-4e8b-90c5-16fea0d247e0	-27.616699	24.616699		1.0E-4									2441106	2441106	MATERIAL_CITATION	PBDB	21956					CC_BY_NC_4_0		Klein et al.			2024-04-23T18:39:42.434Z		TAXON_MATCH_TAXON_CONCEPT_ID_IGNORED;TAXON_MATCH_TAXON_ID_IGNORED;INSTITUTION_MATCH_NONE
1698155668	bb5b30b4-827e-4d5e-a86a-825d65cb6583	pbdb:occ:226010	Animalia	Chordata	Mammalia	Artiodactyla	Bovidae	Connochaetes	Connochaetes gnou		SPECIES	Connochaetes gnou (Zimmermann, 1780)	Connochaetes gnou (Zimmermann 1780)	(Zimmermann 1780)	ZA	pair of caves on SW coast of South Africa		PRESENT		b711353c-44d7-4e8b-90c5-16fea0d247e0	-34.546085	19.376802		1.0E-6									2441106	2441106	MATERIAL_CITATION	PBDB	21952					CC_BY_NC_4_0		Grine et al.			2024-04-23T18:39:42.431Z		TAXON_MATCH_TAXON_CONCEPT_ID_IGNORED;TAXON_MATCH_TAXON_ID_IGNORED;INSTITUTION_MATCH_NONE
1698149882	bb5b30b4-827e-4d5e-a86a-825d65cb6583	pbdb:occ:220692	Animalia	Chordata	Mammalia	Artiodactyla	Bovidae	Connochaetes	Connochaetes gnou		SPECIES	Connochaetes gnou (Zimmermann, 1780)	Connochaetes gnou (Zimmermann 1780)	(Zimmermann 1780)	ZA	7445 km South-southeast of Kuruman in Northern Cape Province of South Africa		PRESENT		b711353c-44d7-4e8b-90c5-16fea0d247e0	-27.8458	23.5553		1.0E-4									2441106	2441106	MATERIAL_CITATION	PBDB	21915					CC_BY_NC_4_0		Klein			2024-04-23T18:39:42.033Z		TAXON_MATCH_TAXON_CONCEPT_ID_IGNORED;TAXON_MATCH_TAXON_ID_IGNORED;INSTITUTION_MATCH_NONE
1698149740	bb5b30b4-827e-4d5e-a86a-825d65cb6583	pbdb:occ:220620	Animalia	Chordata	Mammalia	Artiodactyla	Bovidae	Connochaetes	Connochaetes gnou		SPECIES	Connochaetes gnou (Zimmermann, 1780)	Connochaetes gnou (Zimmermann 1780)	(Zimmermann 1780)	ZA	in a kloof in the Kaap Escarpment at Campbell in the Northern Cape	Orange Free	PRESENT		b711353c-44d7-4e8b-90c5-16fea0d247e0	-28.799999	23.7167		1.0E-4									2441106	2441106	MATERIAL_CITATION	PBDB	21897					CC_BY_NC_4_0		Klein			2024-04-23T18:39:42.032Z		TAXON_MATCH_TAXON_CONCEPT_ID_IGNORED;TAXON_MATCH_TAXON_ID_IGNORED;INSTITUTION_MATCH_NONE
1698149731	bb5b30b4-827e-4d5e-a86a-825d65cb6583	pbdb:occ:220357	Animalia	Chordata	Mammalia	Artiodactyla	Bovidae	Connochaetes	Connochaetes gnou		SPECIES	Connochaetes gnou (Zimmermann, 1780)	Connochaetes gnou (Zimmermann 1780)	(Zimmermann 1780)	ZA	latitude and longitude determined by map; Settlement unit on North bank on Riet River	Orange Free	PRESENT		b711353c-44d7-4e8b-90c5-16fea0d247e0	-28.6667	25.549999		1.0E-4									2441106	2441106	MATERIAL_CITATION	PBDB	21861					CC_BY_NC_4_0		Klein			2024-04-23T18:39:42.028Z		TAXON_MATCH_TAXON_CONCEPT_ID_IGNORED;TAXON_MATCH_TAXON_ID_IGNORED;INSTITUTION_MATCH_NONE
1698149501	bb5b30b4-827e-4d5e-a86a-825d65cb6583	pbdb:occ:220399	Animalia	Chordata	Mammalia	Artiodactyla	Bovidae	Connochaetes	Connochaetes gnou		SPECIES	Connochaetes gnou (Zimmermann, 1780)	Connochaetes gnou (Zimmermann 1780)	(Zimmermann 1780)	ZA	Kaap Escarpment; on the Dikbosch Farm	Orange Free	PRESENT		b711353c-44d7-4e8b-90c5-16fea0d247e0	-28.652201	23.9025		1.0E-4									2441106	2441106	MATERIAL_CITATION	PBDB	21868					CC_BY_NC_4_0		Klein			2024-04-23T18:39:42.024Z		TAXON_MATCH_TAXON_CONCEPT_ID_IGNORED;TAXON_MATCH_TAXON_ID_IGNORED;INSTITUTION_MATCH_NONE
1698145152	bb5b30b4-827e-4d5e-a86a-825d65cb6583	pbdb:occ:214057	Animalia	Chordata	Mammalia	Artiodactyla	Bovidae	Connochaetes	Connochaetes gnou		SPECIES	Connochaetes gnou (Zimmermann, 1780)	Connochaetes gnou (Zimmermann 1780)	(Zimmermann 1780)	ZA			PRESENT		b711353c-44d7-4e8b-90c5-16fea0d247e0	-27.6639	23.008301		1.0E-4									2441106	2441106	MATERIAL_CITATION	PBDB	21923					CC_BY_NC_4_0		Klein			2024-04-23T18:39:41.440Z		TAXON_MATCH_TAXON_CONCEPT_ID_IGNORED;TAXON_MATCH_TAXON_ID_IGNORED;INSTITUTION_MATCH_NONE
1698144966	bb5b30b4-827e-4d5e-a86a-825d65cb6583	pbdb:occ:214176	Animalia	Chordata	Mammalia	Artiodactyla	Bovidae	Connochaetes	Connochaetes gnou		SPECIES	Connochaetes gnou (Zimmermann, 1780)	Connochaetes gnou (Zimmermann 1780)	(Zimmermann 1780)	ZA	on edge of Little Karo, 20 km NE of Calitzdorp; excavation 13x13 m		PRESENT		b711353c-44d7-4e8b-90c5-16fea0d247e0	-33.511101	21.866699		1.0E-4									2441106	2441106	MATERIAL_CITATION	PBDB	21950					CC_BY_NC_4_0		Opperman			2024-04-23T18:39:41.463Z		TAXON_MATCH_TAXON_CONCEPT_ID_IGNORED;TAXON_MATCH_TAXON_ID_IGNORED;INSTITUTION_MATCH_NONE
1698144910	bb5b30b4-827e-4d5e-a86a-825d65cb6583	pbdb:occ:214133	Animalia	Chordata	Mammalia	Artiodactyla	Bovidae	Connochaetes	Connochaetes gnou		SPECIES	Connochaetes gnou (Zimmermann, 1780)	Connochaetes gnou (Zimmermann 1780)	(Zimmermann 1780)	ZA	latitude and longitude determined by map	Orange Free	PRESENT		b711353c-44d7-4e8b-90c5-16fea0d247e0	-30.200001	25.85		1.0E-4									2441106	2441106	MATERIAL_CITATION	PBDB	21947					CC_BY_NC_4_0		Klein			2024-04-23T18:39:41.461Z		TAXON_MATCH_TAXON_CONCEPT_ID_IGNORED;TAXON_MATCH_TAXON_ID_IGNORED;INSTITUTION_MATCH_NONE
1698144901	bb5b30b4-827e-4d5e-a86a-825d65cb6583	pbdb:occ:214130	Animalia	Chordata	Mammalia	Artiodactyla	Bovidae	Connochaetes	Connochaetes gnou		SPECIES	Connochaetes gnou (Zimmermann, 1780)	Connochaetes gnou (Zimmermann 1780)	(Zimmermann 1780)	ZA	latitude and longitude determined by map		PRESENT		b711353c-44d7-4e8b-90c5-16fea0d247e0	-29.0833	27.633301		1.0E-4									2441106	2441106	MATERIAL_CITATION	PBDB	21946					CC_BY_NC_4_0		Klein			2024-04-23T18:39:41.461Z		TAXON_MATCH_TAXON_CONCEPT_ID_IGNORED;TAXON_MATCH_TAXON_ID_IGNORED;INSTITUTION_MATCH_NONE
1698144898	bb5b30b4-827e-4d5e-a86a-825d65cb6583	pbdb:occ:214116	Animalia	Chordata	Mammalia	Artiodactyla	Bovidae	Connochaetes	Connochaetes gnou		SPECIES	Connochaetes gnou (Zimmermann, 1780)	Connochaetes gnou (Zimmermann 1780)	(Zimmermann 1780)	ZA	latitude and longitude determined by map	Orange Free	PRESENT		b711353c-44d7-4e8b-90c5-16fea0d247e0	-28.366699	25.1667		1.0E-4									2441106	2441106	MATERIAL_CITATION	PBDB	21941					CC_BY_NC_4_0		Klein			2024-04-23T18:39:41.459Z		TAXON_MATCH_TAXON_CONCEPT_ID_IGNORED;TAXON_MATCH_TAXON_ID_IGNORED;INSTITUTION_MATCH_NONE
1698144861	bb5b30b4-827e-4d5e-a86a-825d65cb6583	pbdb:occ:214093	Animalia	Chordata	Mammalia	Artiodactyla	Bovidae	Connochaetes	Connochaetes gnou		SPECIES	Connochaetes gnou (Zimmermann, 1780)	Connochaetes gnou (Zimmermann 1780)	(Zimmermann 1780)	ZA			PRESENT		b711353c-44d7-4e8b-90c5-16fea0d247e0	-33.023102	17.950001		1.0E-4									2441106	2441106	MATERIAL_CITATION	PBDB	21929					CC_BY_NC_4_0		Grine and Klein			2024-04-23T18:39:41.447Z		TAXON_MATCH_TAXON_CONCEPT_ID_IGNORED;TAXON_MATCH_TAXON_ID_IGNORED;INSTITUTION_MATCH_NONE
1698144850	bb5b30b4-827e-4d5e-a86a-825d65cb6583	pbdb:occ:214113	Animalia	Chordata	Mammalia	Artiodactyla	Bovidae	Connochaetes	Connochaetes gnou		SPECIES	Connochaetes gnou (Zimmermann, 1780)	Connochaetes gnou (Zimmermann 1780)	(Zimmermann 1780)	ZA	latitude and longitude determined by map		PRESENT		b711353c-44d7-4e8b-90c5-16fea0d247e0	-30.6667	25.5		1.0E-4									2441106	2441106	MATERIAL_CITATION	PBDB	21940					CC_BY_NC_4_0		Klein			2024-04-23T18:39:41.458Z		TAXON_MATCH_TAXON_CONCEPT_ID_IGNORED;TAXON_MATCH_TAXON_ID_IGNORED;INSTITUTION_MATCH_NONE
1698144712	bb5b30b4-827e-4d5e-a86a-825d65cb6583	pbdb:occ:213973	Animalia	Chordata	Mammalia	Artiodactyla	Bovidae	Connochaetes	Connochaetes gnou		SPECIES	Connochaetes gnou (Zimmermann, 1780)	Connochaetes gnou (Zimmermann 1780)	(Zimmermann 1780)	ZA	latitude and longitude determined by map	Orange Free	PRESENT		b711353c-44d7-4e8b-90c5-16fea0d247e0	-30.233299	25.866699		1.0E-4									2441106	2441106	MATERIAL_CITATION	PBDB	21912					CC_BY_NC_4_0		Klein			2024-04-23T18:39:41.438Z		TAXON_MATCH_TAXON_CONCEPT_ID_IGNORED;TAXON_MATCH_TAXON_ID_IGNORED;INSTITUTION_MATCH_NONE
1698144680	bb5b30b4-827e-4d5e-a86a-825d65cb6583	pbdb:occ:213961	Animalia	Chordata	Mammalia	Artiodactyla	Bovidae	Connochaetes	Connochaetes gnou		SPECIES	Connochaetes gnou (Zimmermann, 1780)	Connochaetes gnou (Zimmermann 1780)	(Zimmermann 1780)	ZA	latitude and longitude determined by map	Orange Free	PRESENT		b711353c-44d7-4e8b-90c5-16fea0d247e0	-27.6667	24.3333		1.0E-4									2441106	2441106	MATERIAL_CITATION	PBDB	21909					CC_BY_NC_4_0		Klein			2024-04-23T18:39:41.422Z		TAXON_MATCH_TAXON_CONCEPT_ID_IGNORED;TAXON_MATCH_TAXON_ID_IGNORED;INSTITUTION_MATCH_NONE
1698144652	bb5b30b4-827e-4d5e-a86a-825d65cb6583	pbdb:occ:213969	Animalia	Chordata	Mammalia	Artiodactyla	Bovidae	Connochaetes	Connochaetes gnou		SPECIES	Connochaetes gnou (Zimmermann, 1780)	Connochaetes gnou (Zimmermann 1780)	(Zimmermann 1780)	ZA	latitude and longitude determined by map; in Kaap Escarpment	Orange Free	PRESENT		b711353c-44d7-4e8b-90c5-16fea0d247e0	-27.616699	24.633301		1.0E-4									2441106	2441106	MATERIAL_CITATION	PBDB	21911					CC_BY_NC_4_0		Peabody			2024-04-23T18:39:41.419Z		TAXON_MATCH_TAXON_CONCEPT_ID_IGNORED;TAXON_MATCH_TAXON_ID_IGNORED;INSTITUTION_MATCH_NONE
1698144408	bb5b30b4-827e-4d5e-a86a-825d65cb6583	pbdb:occ:213698	Animalia	Chordata	Mammalia	Artiodactyla	Bovidae	Connochaetes	Connochaetes gnou		SPECIES	Connochaetes gnou (Zimmermann, 1780)	Connochaetes gnou (Zimmermann 1780)	(Zimmermann 1780)	ZA	latitude and longitude determined by map		PRESENT		b711353c-44d7-4e8b-90c5-16fea0d247e0	-30.4167	25.9167		1.0E-4									2441106	2441106	MATERIAL_CITATION	PBDB	21866					CC_BY_NC_4_0		Klein			2024-04-23T18:39:41.394Z		TAXON_MATCH_TAXON_CONCEPT_ID_IGNORED;TAXON_MATCH_TAXON_ID_IGNORED;INSTITUTION_MATCH_NONE
1677328334	50c9509d-22c7-4a22-a47d-8c48425ef4a7	https://www.inaturalist.org/observations/8490335	Animalia	Chordata	Mammalia	Artiodactyla	Bovidae	Connochaetes	Connochaetes gnou		SPECIES	Connochaetes gnou (Zimmermann, 1780)	Connochaetes gnou		ZA		Gauteng	PRESENT		28eb1a3f-1c15-4a95-931a-4af90ecb574d	-25.901667	28.290278	400.0						2007-02-03T13:13	3	2	2007	2441106	2441106	HUMAN_OBSERVATION	iNaturalist	Observations	8490335		Paul Tavares	2017-10-21T15:06:51	CC_BY_NC_4_0	Paul Tavares	Paul Tavares			2024-07-09T16:15:07.167Z	StillImage	COORDINATE_ROUNDED;CONTINENT_DERIVED_FROM_COORDINATES;TAXON_MATCH_TAXON_ID_IGNORED
1676935337	6ac3f774-d9fb-4796-b3e9-92bf6c81c084		Animalia	Chordata	Mammalia	Artiodactyla	Bovidae	Connochaetes	Connochaetes gnou		SPECIES	Connochaetes gnou (Zimmermann, 1780)	Connochaetes gnou		NA	Kuzikus Wildlife Reserve		PRESENT		bb646dff-a905-4403-a49b-6d378c2cf0d9	-23.237738	18.389986	250.0						2017-04-05T00:00	5	4	2017	2441106	2441106	HUMAN_OBSERVATION	naturgucker	naturgucker	-1845315435				CC_BY_4_0		1665984680			2024-03-15T23:28:06.357Z		COORDINATE_ROUNDED;GEODETIC_DATUM_ASSUMED_WGS84;CONTINENT_DERIVED_FROM_COORDINATES;MULTIMEDIA_URI_INVALID
1676925754	6ac3f774-d9fb-4796-b3e9-92bf6c81c084		Animalia	Chordata	Mammalia	Artiodactyla	Bovidae	Connochaetes	Connochaetes gnou		SPECIES	Connochaetes gnou (Zimmermann, 1780)	Connochaetes gnou		NA	Kuzikus Wildlife Reserve		PRESENT		bb646dff-a905-4403-a49b-6d378c2cf0d9	-23.237738	18.389986	250.0						2017-04-03T00:00	3	4	2017	2441106	2441106	HUMAN_OBSERVATION	naturgucker	naturgucker	-1123140850				CC_BY_4_0		1665984680			2024-03-15T23:22:46.878Z	StillImage	COORDINATE_ROUNDED;GEODETIC_DATUM_ASSUMED_WGS84;CONTINENT_DERIVED_FROM_COORDINATES
1676925274	6ac3f774-d9fb-4796-b3e9-92bf6c81c084		Animalia	Chordata	Mammalia	Artiodactyla	Bovidae	Connochaetes	Connochaetes gnou		SPECIES	Connochaetes gnou (Zimmermann, 1780)	Connochaetes gnou		NA	Kuzikus Wildlife Reserve		PRESENT		bb646dff-a905-4403-a49b-6d378c2cf0d9	-23.237738	18.389986	250.0						2017-04-01T00:00	1	4	2017	2441106	2441106	HUMAN_OBSERVATION	naturgucker	naturgucker	322446302				CC_BY_4_0		1665984680			2024-03-15T23:19:21.890Z		COORDINATE_ROUNDED;GEODETIC_DATUM_ASSUMED_WGS84;CONTINENT_DERIVED_FROM_COORDINATES;MULTIMEDIA_URI_INVALID
1676924964	6ac3f774-d9fb-4796-b3e9-92bf6c81c084		Animalia	Chordata	Mammalia	Artiodactyla	Bovidae	Connochaetes	Connochaetes gnou		SPECIES	Connochaetes gnou (Zimmermann, 1780)	Connochaetes gnou		NA	Kuzikus Wildlife Reserve		PRESENT		bb646dff-a905-4403-a49b-6d378c2cf0d9	-23.237738	18.389986	250.0						2017-03-29T00:00	29	3	2017	2441106	2441106	HUMAN_OBSERVATION	naturgucker	naturgucker	-637344902				CC_BY_4_0		1665984680			2024-03-15T23:26:26.142Z		COORDINATE_ROUNDED;GEODETIC_DATUM_ASSUMED_WGS84;CONTINENT_DERIVED_FROM_COORDINATES;MULTIMEDIA_URI_INVALID
1676907625	6ac3f774-d9fb-4796-b3e9-92bf6c81c084		Animalia	Chordata	Mammalia	Artiodactyla	Bovidae	Connochaetes	Connochaetes gnou		SPECIES	Connochaetes gnou (Zimmermann, 1780)	Connochaetes gnou		NA	Kuzikus Wildlife Reserve		PRESENT		bb646dff-a905-4403-a49b-6d378c2cf0d9	-23.237738	18.389986	250.0						2017-04-06T00:00	6	4	2017	2441106	2441106	HUMAN_OBSERVATION	naturgucker	naturgucker	-1959743605				CC_BY_4_0		1665984680			2024-03-15T23:23:42.327Z		COORDINATE_ROUNDED;GEODETIC_DATUM_ASSUMED_WGS84;CONTINENT_DERIVED_FROM_COORDINATES;MULTIMEDIA_URI_INVALID
1676904103	6ac3f774-d9fb-4796-b3e9-92bf6c81c084		Animalia	Chordata	Mammalia	Artiodactyla	Bovidae	Connochaetes	Connochaetes gnou		SPECIES	Connochaetes gnou (Zimmermann, 1780)	Connochaetes gnou		NA	Kuzikus Wildlife Reserve		PRESENT		bb646dff-a905-4403-a49b-6d378c2cf0d9	-23.237738	18.389986	250.0						2017-03-30T00:00	30	3	2017	2441106	2441106	HUMAN_OBSERVATION	naturgucker	naturgucker	601712154				CC_BY_4_0		1665984680			2024-03-15T23:19:47.296Z	StillImage	COORDINATE_ROUNDED;GEODETIC_DATUM_ASSUMED_WGS84;CONTINENT_DERIVED_FROM_COORDINATES
1676903383	6ac3f774-d9fb-4796-b3e9-92bf6c81c084		Animalia	Chordata	Mammalia	Artiodactyla	Bovidae	Connochaetes	Connochaetes gnou		SPECIES	Connochaetes gnou (Zimmermann, 1780)	Connochaetes gnou		NA	Kuzikus Wildlife Reserve		PRESENT		bb646dff-a905-4403-a49b-6d378c2cf0d9	-23.237738	18.389986	250.0						2017-03-22T00:00	22	3	2017	2441106	2441106	HUMAN_OBSERVATION	naturgucker	naturgucker	281258064				CC_BY_4_0		1665984680			2024-03-15T23:19:16.682Z		COORDINATE_ROUNDED;GEODETIC_DATUM_ASSUMED_WGS84;CONTINENT_DERIVED_FROM_COORDINATES;MULTIMEDIA_URI_INVALID
1676891054	6ac3f774-d9fb-4796-b3e9-92bf6c81c084		Animalia	Chordata	Mammalia	Artiodactyla	Bovidae	Connochaetes	Connochaetes gnou		SPECIES	Connochaetes gnou (Zimmermann, 1780)	Connochaetes gnou		NA	Kuzikus Wildlife Reserve		PRESENT		bb646dff-a905-4403-a49b-6d378c2cf0d9	-23.237738	18.389986	250.0						2017-03-31T00:00	31	3	2017	2441106	2441106	HUMAN_OBSERVATION	naturgucker	naturgucker	52372447				CC_BY_4_0		1665984680			2024-03-15T23:18:06.924Z		COORDINATE_ROUNDED;GEODETIC_DATUM_ASSUMED_WGS84;CONTINENT_DERIVED_FROM_COORDINATES;MULTIMEDIA_URI_INVALID
1668890678	50c9509d-22c7-4a22-a47d-8c48425ef4a7	https://www.inaturalist.org/observations/8232322	Animalia	Chordata	Mammalia	Artiodactyla	Bovidae	Connochaetes	Connochaetes gnou		SPECIES	Connochaetes gnou (Zimmermann, 1780)	Connochaetes gnou		ZA		Northern Cape	PRESENT		28eb1a3f-1c15-4a95-931a-4af90ecb574d	-29.164956	24.322231	328.0						2015-04-02T10:56	2	4	2015	2441106	2441106	HUMAN_OBSERVATION	iNaturalist	Observations	8232322		Santie Bourquin	2017-10-03T05:21:33	CC_BY_NC_4_0	Santie Bourquin	Santie Bourquin			2024-07-09T16:15:02.242Z	StillImage	CONTINENT_DERIVED_FROM_COORDINATES;TAXON_MATCH_TAXON_ID_IGNORED
1668745634	6ac3f774-d9fb-4796-b3e9-92bf6c81c084		Animalia	Chordata	Mammalia	Artiodactyla	Bovidae	Connochaetes	Connochaetes gnou		SPECIES	Connochaetes gnou (Zimmermann, 1780)	Connochaetes gnou		NA	Onjala Lodge		PRESENT		bb646dff-a905-4403-a49b-6d378c2cf0d9	-22.204889	17.5807	250.0						2017-08-21T00:00	21	8	2017	2441106	2441106	HUMAN_OBSERVATION	naturgucker	naturgucker	-1292032992				CC_BY_4_0		-2144842367			2024-03-15T23:27:54.828Z	StillImage	COORDINATE_ROUNDED;GEODETIC_DATUM_ASSUMED_WGS84;CONTINENT_DERIVED_FROM_COORDINATES
1640060325	50c9509d-22c7-4a22-a47d-8c48425ef4a7	https://www.inaturalist.org/observations/7677936	Animalia	Chordata	Mammalia	Artiodactyla	Bovidae	Connochaetes	Connochaetes gnou		SPECIES	Connochaetes gnou (Zimmermann, 1780)	Connochaetes gnou		ZA		Eastern Cape	PRESENT		28eb1a3f-1c15-4a95-931a-4af90ecb574d	-32.214544	25.428715	488.0						2017-07-18T17:00	18	7	2017	2441106	2441106	HUMAN_OBSERVATION	iNaturalist	Observations	7677936		David Renoult	2017-08-27T20:50:46	CC_BY_NC_4_0	David Renoult	David Renoult			2024-07-09T16:51:56.531Z	StillImage	COORDINATE_ROUNDED;CONTINENT_DERIVED_FROM_COORDINATES;TAXON_MATCH_TAXON_ID_IGNORED
1579961728	6ac3f774-d9fb-4796-b3e9-92bf6c81c084		Animalia	Chordata	Mammalia	Artiodactyla	Bovidae	Connochaetes	Connochaetes gnou		SPECIES	Connochaetes gnou (Zimmermann, 1780)	Connochaetes gnou		ZA	Phalaborwa-Letaba-Satara-Giriyondo		PRESENT		bb646dff-a905-4403-a49b-6d378c2cf0d9	-23.892117	31.616707	250.0						2010-09-04T00:00	4	9	2010	2441106	2441106	HUMAN_OBSERVATION	naturgucker	naturgucker	-522676229				CC_BY_4_0		796652975			2024-03-15T23:21:02.198Z		COORDINATE_ROUNDED;GEODETIC_DATUM_ASSUMED_WGS84;CONTINENT_DERIVED_FROM_COORDINATES;MULTIMEDIA_URI_INVALID
1579952797	6ac3f774-d9fb-4796-b3e9-92bf6c81c084		Animalia	Chordata	Mammalia	Artiodactyla	Bovidae	Connochaetes	Connochaetes gnou		SPECIES	Connochaetes gnou (Zimmermann, 1780)	Connochaetes gnou		NA	Kuzikus Wildlife Reserve		PRESENT		bb646dff-a905-4403-a49b-6d378c2cf0d9	-23.237738	18.389986	250.0						2017-03-24T00:00	24	3	2017	2441106	2441106	HUMAN_OBSERVATION	naturgucker	naturgucker	805545126				CC_BY_4_0		1665984680			2024-03-15T23:25:12.702Z		COORDINATE_ROUNDED;GEODETIC_DATUM_ASSUMED_WGS84;CONTINENT_DERIVED_FROM_COORDINATES;MULTIMEDIA_URI_INVALID
1571109199	50c9509d-22c7-4a22-a47d-8c48425ef4a7	https://www.inaturalist.org/observations/6553524	Animalia	Chordata	Mammalia	Artiodactyla	Bovidae	Connochaetes	Connochaetes gnou		SPECIES	Connochaetes gnou (Zimmermann, 1780)	Connochaetes gnou		ZA		Free State	PRESENT		28eb1a3f-1c15-4a95-931a-4af90ecb574d	-28.519081	28.612518	1394.0						2017-05-05T15:57	5	5	2017	2441106	2441106	HUMAN_OBSERVATION	iNaturalist	Observations	6553524		Mia Johnson	2017-06-08T23:06:48	CC_BY_NC_4_0	Mia Johnson	Mia Johnson			2024-07-09T16:14:46.261Z	StillImage	COORDINATE_ROUNDED;CONTINENT_DERIVED_FROM_COORDINATES;TAXON_MATCH_TAXON_ID_IGNORED
1563445825	50c9509d-22c7-4a22-a47d-8c48425ef4a7	https://www.inaturalist.org/observations/6452611	Animalia	Chordata	Mammalia	Artiodactyla	Bovidae	Connochaetes	Connochaetes gnou		SPECIES	Connochaetes gnou (Zimmermann, 1780)	Connochaetes gnou		ZA		Eastern Cape	PRESENT		28eb1a3f-1c15-4a95-931a-4af90ecb574d	-33.065443	26.280567	14479.0						2015-10-11T21:07:37	11	10	2015	2441106	2441106	HUMAN_OBSERVATION	iNaturalist	Observations	6452611		Patrick Ryan	2017-06-01T03:37:31	CC_BY_NC_4_0	Patrick Ryan	Patrick Ryan			2024-07-09T16:14:56.408Z	StillImage	COORDINATE_ROUNDED;CONTINENT_DERIVED_FROM_COORDINATES;TAXON_MATCH_TAXON_ID_IGNORED
1457624805	50c9509d-22c7-4a22-a47d-8c48425ef4a7	https://www.inaturalist.org/observations/5621402	Animalia	Chordata	Mammalia	Artiodactyla	Bovidae	Connochaetes	Connochaetes gnou		SPECIES	Connochaetes gnou (Zimmermann, 1780)	Connochaetes gnou		ZA		Northern Cape	PRESENT		28eb1a3f-1c15-4a95-931a-4af90ecb574d	-29.058129	24.471309							2017-03-01T11:11	1	3	2017	2441106	2441106	HUMAN_OBSERVATION	iNaturalist	Observations	5621402		Gawie Malan	2017-04-09T06:33:03	CC_BY_NC_4_0	Gawie Malan	Gawie Malan			2024-07-09T16:50:26.730Z	StillImage	COORDINATE_ROUNDED;CONTINENT_DERIVED_FROM_COORDINATES;TAXON_MATCH_TAXON_ID_IGNORED
1457624784	50c9509d-22c7-4a22-a47d-8c48425ef4a7	https://www.inaturalist.org/observations/5621396	Animalia	Chordata	Mammalia	Artiodactyla	Bovidae	Connochaetes	Connochaetes gnou		SPECIES	Connochaetes gnou (Zimmermann, 1780)	Connochaetes gnou		ZA		Northern Cape	PRESENT		28eb1a3f-1c15-4a95-931a-4af90ecb574d	-29.145043	24.28621							2017-02-28T17:28	28	2	2017	2441106	2441106	HUMAN_OBSERVATION	iNaturalist	Observations	5621396		Gawie Malan	2017-04-09T06:30:37	CC_BY_NC_4_0	Gawie Malan	Gawie Malan			2024-07-09T16:50:19.876Z	StillImage	COORDINATE_ROUNDED;CONTINENT_DERIVED_FROM_COORDINATES;TAXON_MATCH_TAXON_ID_IGNORED
1453371299	50c9509d-22c7-4a22-a47d-8c48425ef4a7	https://www.inaturalist.org/observations/4988270	Animalia	Chordata	Mammalia	Artiodactyla	Bovidae	Connochaetes	Connochaetes gnou		SPECIES	Connochaetes gnou (Zimmermann, 1780)	Connochaetes gnou		ZA		Eastern Cape	PRESENT		28eb1a3f-1c15-4a95-931a-4af90ecb574d	-32.206071	25.410375							2014-05-08T11:11	8	5	2014	2441106	2441106	HUMAN_OBSERVATION	iNaturalist	Observations	4988270		Gawie Malan	2017-01-22T08:43:09	CC_BY_NC_4_0	Gawie Malan	Gawie Malan			2024-07-09T16:14:32.314Z	StillImage	COORDINATE_ROUNDED;CONTINENT_DERIVED_FROM_COORDINATES;TAXON_MATCH_TAXON_ID_IGNORED
1453371283	50c9509d-22c7-4a22-a47d-8c48425ef4a7	https://www.inaturalist.org/observations/4988274	Animalia	Chordata	Mammalia	Artiodactyla	Bovidae	Connochaetes	Connochaetes gnou		SPECIES	Connochaetes gnou (Zimmermann, 1780)	Connochaetes gnou		ZA		Eastern Cape	PRESENT		28eb1a3f-1c15-4a95-931a-4af90ecb574d	-32.216035	25.424579							2014-05-06T15:59	6	5	2014	2441106	2441106	HUMAN_OBSERVATION	iNaturalist	Observations	4988274		Gawie Malan	2017-01-22T08:45:14	CC_BY_NC_4_0	Gawie Malan	Gawie Malan			2024-07-09T16:14:31.888Z	StillImage	COORDINATE_ROUNDED;CONTINENT_DERIVED_FROM_COORDINATES;TAXON_MATCH_TAXON_ID_IGNORED
1338446686	6ac3f774-d9fb-4796-b3e9-92bf6c81c084		Animalia	Chordata	Mammalia	Artiodactyla	Bovidae	Connochaetes	Connochaetes gnou		SPECIES	Connochaetes gnou (Zimmermann, 1780)	Connochaetes gnou		NA	An der C22 nach Waterberg		PRESENT		bb646dff-a905-4403-a49b-6d378c2cf0d9	-20.653988	17.032928	250.0						2012-07-14T00:00	14	7	2012	2441106	2441106	HUMAN_OBSERVATION	naturgucker	naturgucker	-171662146				CC_BY_4_0		177731058			2024-03-15T23:20:17.165Z		COORDINATE_ROUNDED;GEODETIC_DATUM_ASSUMED_WGS84;CONTINENT_DERIVED_FROM_COORDINATES;MULTIMEDIA_URI_INVALID
1338415889	6ac3f774-d9fb-4796-b3e9-92bf6c81c084		Animalia	Chordata	Mammalia	Artiodactyla	Bovidae	Connochaetes	Connochaetes gnou		SPECIES	Connochaetes gnou (Zimmermann, 1780)	Connochaetes gnou		NA	Mount Etjo		PRESENT		bb646dff-a905-4403-a49b-6d378c2cf0d9	-21.018326	16.425518	250.0						2015-07-15T00:00	15	7	2015	2441106	2441106	HUMAN_OBSERVATION	naturgucker	naturgucker	1807074501				CC_BY_4_0		-178476598			2024-03-15T23:22:25.761Z	StillImage	COORDINATE_ROUNDED;GEODETIC_DATUM_ASSUMED_WGS84;CONTINENT_DERIVED_FROM_COORDINATES
1338414087	6ac3f774-d9fb-4796-b3e9-92bf6c81c084		Animalia	Chordata	Mammalia	Artiodactyla	Bovidae	Connochaetes	Connochaetes gnou		SPECIES	Connochaetes gnou (Zimmermann, 1780)	Connochaetes gnou		KE	Masai Mara NR, Kenya		PRESENT		bb646dff-a905-4403-a49b-6d378c2cf0d9	-1.573594	35.202942	250.0						2016-06-25T00:00	25	6	2016	2441106	2441106	HUMAN_OBSERVATION	naturgucker	naturgucker	1786758676				CC_BY_4_0		1412862947			2024-03-15T23:22:24.086Z		COORDINATE_ROUNDED;GEODETIC_DATUM_ASSUMED_WGS84;CONTINENT_DERIVED_FROM_COORDINATES;MULTIMEDIA_URI_INVALID
1338362977	6ac3f774-d9fb-4796-b3e9-92bf6c81c084		Animalia	Chordata	Mammalia	Artiodactyla	Bovidae	Connochaetes	Connochaetes gnou		SPECIES	Connochaetes gnou (Zimmermann, 1780)	Connochaetes gnou		NA	Gästefarm Hamakari		PRESENT		bb646dff-a905-4403-a49b-6d378c2cf0d9	-20.589701	17.437672	250.0						2015-07-22T00:00	22	7	2015	2441106	2441106	HUMAN_OBSERVATION	naturgucker	naturgucker	1989616393				CC_BY_4_0		-178476598			2024-03-15T23:22:36.717Z		COORDINATE_ROUNDED;GEODETIC_DATUM_ASSUMED_WGS84;CONTINENT_DERIVED_FROM_COORDINATES;MULTIMEDIA_URI_INVALID
1338290965	6ac3f774-d9fb-4796-b3e9-92bf6c81c084		Animalia	Chordata	Mammalia	Artiodactyla	Bovidae	Connochaetes	Connochaetes gnou		SPECIES	Connochaetes gnou (Zimmermann, 1780)	Connochaetes gnou		NA	Gästefarm Hamakari		PRESENT		bb646dff-a905-4403-a49b-6d378c2cf0d9	-20.589701	17.437672	250.0						2015-07-23T00:00	23	7	2015	2441106	2441106	HUMAN_OBSERVATION	naturgucker	naturgucker	7121637				CC_BY_4_0		-178476598			2024-03-15T23:24:16.673Z	StillImage	COORDINATE_ROUNDED;GEODETIC_DATUM_ASSUMED_WGS84;CONTINENT_DERIVED_FROM_COORDINATES
1305171942	50c9509d-22c7-4a22-a47d-8c48425ef4a7	http://www.inaturalist.org/observations/3996590	Animalia	Chordata	Mammalia	Artiodactyla	Bovidae	Connochaetes	Connochaetes gnou		SPECIES	Connochaetes gnou (Zimmermann, 1780)	Connochaetes gnou		ZA		Free State	PRESENT		28eb1a3f-1c15-4a95-931a-4af90ecb574d	-28.513711	28.655766							2016-08-01T16:58:17	1	8	2016	2441106	2441106	HUMAN_OBSERVATION	iNaturalist	Observations	3996590		tapaculo99	2016-08-30T18:57:04	CC_BY_NC_4_0	tapaculo99	tapaculo99			2024-07-09T16:14:35.130Z		CONTINENT_DERIVED_FROM_COORDINATES;TAXON_MATCH_TAXON_ID_IGNORED
1305119198	50c9509d-22c7-4a22-a47d-8c48425ef4a7	http://www.inaturalist.org/observations/3049526	Animalia	Chordata	Mammalia	Artiodactyla	Bovidae	Connochaetes	Connochaetes gnou		SPECIES	Connochaetes gnou (Zimmermann, 1780)	Connochaetes gnou		ZA		Eastern Cape	PRESENT		28eb1a3f-1c15-4a95-931a-4af90ecb574d	-33.159627	25.917435	1049318.0						2016-04-11	11	4	2016	2441106	2441106	HUMAN_OBSERVATION	iNaturalist	Observations	3049526		Tara DiFlumeri	2016-04-28T17:49:17	CC_BY_NC_4_0	Tara DiFlumeri	Tara DiFlumeri			2024-07-09T16:50:18.665Z	StillImage	CONTINENT_DERIVED_FROM_COORDINATES;TAXON_MATCH_TAXON_ID_IGNORED
1265559686	50c9509d-22c7-4a22-a47d-8c48425ef4a7	http://www.inaturalist.org/observations/2889220	Animalia	Chordata	Mammalia	Artiodactyla	Bovidae	Connochaetes	Connochaetes gnou		SPECIES	Connochaetes gnou (Zimmermann, 1780)	Connochaetes gnou		ZA		Free State	PRESENT		28eb1a3f-1c15-4a95-931a-4af90ecb574d	-28.513651	28.632689	232.0						2012-01-08T22:59:06	8	1	2012	2441106	2441106	HUMAN_OBSERVATION	iNaturalist	Observations	2889220		Johnny Wilson	2016-04-06T15:59:08	CC_BY_NC_4_0	Johnny Wilson	Johnny Wilson			2024-07-09T16:14:07.080Z		CONTINENT_DERIVED_FROM_COORDINATES;TAXON_MATCH_TAXON_ID_IGNORED
1265559520	50c9509d-22c7-4a22-a47d-8c48425ef4a7	http://www.inaturalist.org/observations/2889221	Animalia	Chordata	Mammalia	Artiodactyla	Bovidae	Connochaetes	Connochaetes gnou		SPECIES	Connochaetes gnou (Zimmermann, 1780)	Connochaetes gnou		ZA		Free State	PRESENT		28eb1a3f-1c15-4a95-931a-4af90ecb574d	-28.509503	28.684702	478.0						2012-01-08T22:08:12	8	1	2012	2441106	2441106	HUMAN_OBSERVATION	iNaturalist	Observations	2889221		Johnny Wilson	2016-04-06T15:58:59	CC_BY_NC_4_0	Johnny Wilson	Johnny Wilson			2024-07-09T16:14:07.189Z		CONTINENT_DERIVED_FROM_COORDINATES;TAXON_MATCH_TAXON_ID_IGNORED
1134971420	50c9509d-22c7-4a22-a47d-8c48425ef4a7	http://www.inaturalist.org/observations/1835465	Animalia	Chordata	Mammalia	Artiodactyla	Bovidae	Connochaetes	Connochaetes gnou		SPECIES	Connochaetes gnou (Zimmermann, 1780)	Connochaetes gnou		ZA		Free State	PRESENT		28eb1a3f-1c15-4a95-931a-4af90ecb574d	-28.515744	28.632452	193.0						2011-01-02	2	1	2011	2441106	2441106	HUMAN_OBSERVATION	iNaturalist	Observations	1835465		Johnny Wilson	2015-08-05T21:17:01	CC_BY_NC_4_0	Johnny Wilson	Johnny Wilson			2024-07-09T16:50:14.868Z		CONTINENT_DERIVED_FROM_COORDINATES;TAXON_MATCH_TAXON_ID_IGNORED
1134971145	50c9509d-22c7-4a22-a47d-8c48425ef4a7	http://www.inaturalist.org/observations/1834147	Animalia	Chordata	Mammalia	Artiodactyla	Bovidae	Connochaetes	Connochaetes gnou		SPECIES	Connochaetes gnou (Zimmermann, 1780)	Connochaetes gnou		ZA		Mpumalanga	PRESENT		28eb1a3f-1c15-4a95-931a-4af90ecb574d	-25.65702	30.155733	129.0						2010-12-28	28	12	2010	2441106	2441106	HUMAN_OBSERVATION	iNaturalist	Observations	1834147		Johnny Wilson	2015-08-05T14:05:00	CC_BY_NC_4_0	Johnny Wilson	Johnny Wilson			2024-07-09T16:13:53.893Z		CONTINENT_DERIVED_FROM_COORDINATES;TAXON_MATCH_TAXON_ID_IGNORED
1039527945	854f602e-f762-11e1-a439-00145eb45e9a	urn:uuid:e32cab31-70ae-4119-b50d-6a742965f45c	Animalia	Chordata	Mammalia	Artiodactyla	Bovidae	Connochaetes	Connochaetes gnou		SPECIES	Connochaetes gnou (Zimmermann, 1780)	Connochaetes gnou	(Zimmermann, 1780)	ZA		Cape Province	PRESENT	1	2e167bb0-4441-11db-9ba2-b8a03c50a862	-33.9333	18.4667	1850.0										2441106	2441106	PRESERVED_SPECIMEN	YPM	VZ	YPM MAM 006820				CC0_1_0	Yale Peabody Museum				2024-07-23T13:42:14.802Z		OCCURRENCE_STATUS_INFERRED_FROM_INDIVIDUAL_COUNT;INSTITUTION_MATCH_FUZZY
