model1,model2,p_emp
W4_M1,W4_M2,0.9900990099009901
W4_M1,W4_M3,0.9108910891089109
W4_M1,W4_M4,0.8910891089108911
W4_M1,W4_M5,0.9702970297029703
W4_M1,W4_M6,0.9504950495049505
W4_M1,W4_M7,0.8712871287128713
W4_M1,W4_M8,0.019801980198019802
W4_M1,W4_M9,0.019801980198019802
W4_M1,W4_M10,0.8316831683168316
W4_M1,W4_M11,0.594059405940594
W4_M1,W4_M12,0.693069306930693
W4_M1,W4_M13,0.5346534653465347
W4_M1,W4_M14,0.5544554455445545
W4_M1,W4_M15,0.09900990099009901
W4_M1,W4_M16,0.0594059405940594
W4_M1,W4_M17,0.0594059405940594
W4_M1,W4_M18,0.019801980198019802
W4_M1,W4_M19,0.0594059405940594
W4_M1,W4_M20,0.0594059405940594
W4_M1,W4_M21,0.019801980198019802
W4_M1,W4_M22,0.09900990099009901
W4_M1,W4_M23,0.019801980198019802
W4_M1,W4_M24,0.019801980198019802
W4_M1,W4_M25,0.019801980198019802
W4_M1,W4_M26,0.019801980198019802
W4_M1,W4_M27,0.039603960396039604
W4_M1,W4_M28,0.019801980198019802
W4_M1,W4_M29,0.019801980198019802
W4_M1,W4_M30,0.019801980198019802
W4_M1,W4_M31,0.019801980198019802
W4_M1,W4_M32,0.019801980198019802
W4_M1,W4_M33,0.019801980198019802
W4_M1,W4_M34,0.019801980198019802
W4_M1,W4_M35,0.019801980198019802
W4_M1,W4_M36,0.019801980198019802
W4_M1,W4_M37,0.019801980198019802
W4_M1,W4_M38,0.019801980198019802
W4_M1,W4_M39,0.019801980198019802
W4_M1,W4_M40,0.019801980198019802
W4_M1,W4_M41,0.019801980198019802
W4_M1,W4_M42,0.019801980198019802
W4_M1,W4_M43,0.019801980198019802
W4_M1,W4_M44,0.019801980198019802
W4_M1,W4_M45,0.019801980198019802
W4_M1,W4_M46,0.019801980198019802
W4_M1,W4_M47,0.019801980198019802
W4_M1,W4_M48,0.019801980198019802
W4_M1,W4_M49,0.019801980198019802
W4_M1,W4_M50,0.019801980198019802
W4_M1,W4_M51,0.019801980198019802
W4_M1,W4_M52,0.019801980198019802
W4_M1,W4_M53,0.019801980198019802
W4_M1,W4_M54,0.019801980198019802
W4_M1,W4_M55,0.019801980198019802
W4_M1,W4_M56,0.019801980198019802
W4_M1,W4_M57,0.019801980198019802
W4_M1,W4_M58,0.019801980198019802
W4_M1,W4_M59,0.019801980198019802
W4_M1,W4_M60,0.019801980198019802
W4_M1,W4_M61,0.019801980198019802
W4_M1,W4_M62,0.019801980198019802
W4_M1,W4_M63,0.019801980198019802
W4_M1,W4_M64,0.019801980198019802
W4_M1,W4_M65,0.019801980198019802
W4_M1,W4_M66,0.019801980198019802
W4_M1,W4_M67,0.019801980198019802
W4_M1,W4_M68,0.019801980198019802
W4_M1,W4_M69,0.019801980198019802
W4_M1,W4_M70,0.019801980198019802
W4_M1,W4_M71,0.019801980198019802
W4_M1,W4_M72,0.019801980198019802
W4_M1,W4_M73,0.019801980198019802
W4_M1,W4_M74,0.019801980198019802
W4_M1,W4_M75,0.019801980198019802
W4_M1,W4_M76,0.019801980198019802
W4_M1,W4_M77,0.019801980198019802
W4_M1,W4_M78,0.019801980198019802
W4_M2,W4_M3,0.9504950495049505
W4_M2,W4_M4,0.8910891089108911
W4_M2,W4_M5,0.9504950495049505
W4_M2,W4_M6,0.9900990099009901
W4_M2,W4_M7,0.6534653465346535
W4_M2,W4_M8,0.019801980198019802
W4_M2,W4_M9,0.019801980198019802
W4_M2,W4_M10,0.7920792079207921
W4_M2,W4_M11,0.6138613861386139
W4_M2,W4_M12,0.693069306930693
W4_M2,W4_M13,0.4752475247524752
W4_M2,W4_M14,0.7524752475247525
W4_M2,W4_M15,0.07920792079207921
W4_M2,W4_M16,0.0594059405940594
W4_M2,W4_M17,0.0594059405940594
W4_M2,W4_M18,0.07920792079207921
W4_M2,W4_M19,0.039603960396039604
W4_M2,W4_M20,0.039603960396039604
W4_M2,W4_M21,0.0594059405940594
W4_M2,W4_M22,0.019801980198019802
W4_M2,W4_M23,0.07920792079207921
W4_M2,W4_M24,0.019801980198019802
W4_M2,W4_M25,0.019801980198019802
W4_M2,W4_M26,0.039603960396039604
W4_M2,W4_M27,0.019801980198019802
W4_M2,W4_M28,0.019801980198019802
W4_M2,W4_M29,0.019801980198019802
W4_M2,W4_M30,0.019801980198019802
W4_M2,W4_M31,0.019801980198019802
W4_M2,W4_M32,0.019801980198019802
W4_M2,W4_M33,0.019801980198019802
W4_M2,W4_M34,0.019801980198019802
W4_M2,W4_M35,0.019801980198019802
W4_M2,W4_M36,0.019801980198019802
W4_M2,W4_M37,0.019801980198019802
W4_M2,W4_M38,0.019801980198019802
W4_M2,W4_M39,0.019801980198019802
W4_M2,W4_M40,0.019801980198019802
W4_M2,W4_M41,0.019801980198019802
W4_M2,W4_M42,0.019801980198019802
W4_M2,W4_M43,0.019801980198019802
W4_M2,W4_M44,0.019801980198019802
W4_M2,W4_M45,0.019801980198019802
W4_M2,W4_M46,0.019801980198019802
W4_M2,W4_M47,0.019801980198019802
W4_M2,W4_M48,0.019801980198019802
W4_M2,W4_M49,0.019801980198019802
W4_M2,W4_M50,0.019801980198019802
W4_M2,W4_M51,0.019801980198019802
W4_M2,W4_M52,0.019801980198019802
W4_M2,W4_M53,0.019801980198019802
W4_M2,W4_M54,0.019801980198019802
W4_M2,W4_M55,0.019801980198019802
W4_M2,W4_M56,0.019801980198019802
W4_M2,W4_M57,0.019801980198019802
W4_M2,W4_M58,0.019801980198019802
W4_M2,W4_M59,0.019801980198019802
W4_M2,W4_M60,0.019801980198019802
W4_M2,W4_M61,0.019801980198019802
W4_M2,W4_M62,0.019801980198019802
W4_M2,W4_M63,0.019801980198019802
W4_M2,W4_M64,0.019801980198019802
W4_M2,W4_M65,0.019801980198019802
W4_M2,W4_M66,0.019801980198019802
W4_M2,W4_M67,0.019801980198019802
W4_M2,W4_M68,0.019801980198019802
W4_M2,W4_M69,0.019801980198019802
W4_M2,W4_M70,0.019801980198019802
W4_M2,W4_M71,0.019801980198019802
W4_M2,W4_M72,0.019801980198019802
W4_M2,W4_M73,0.019801980198019802
W4_M2,W4_M74,0.019801980198019802
W4_M2,W4_M75,0.019801980198019802
W4_M2,W4_M76,0.019801980198019802
W4_M2,W4_M77,0.019801980198019802
W4_M2,W4_M78,0.019801980198019802
W4_M3,W4_M4,0.9900990099009901
W4_M3,W4_M5,0.9900990099009901
W4_M3,W4_M6,0.8712871287128713
W4_M3,W4_M7,0.8118811881188119
W4_M3,W4_M8,0.019801980198019802
W4_M3,W4_M9,0.019801980198019802
W4_M3,W4_M10,0.6534653465346535
W4_M3,W4_M11,0.6732673267326733
W4_M3,W4_M12,0.5742574257425742
W4_M3,W4_M13,0.5742574257425742
W4_M3,W4_M14,0.6336633663366337
W4_M3,W4_M15,0.09900990099009901
W4_M3,W4_M16,0.0594059405940594
W4_M3,W4_M17,0.09900990099009901
W4_M3,W4_M18,0.0594059405940594
W4_M3,W4_M19,0.13861386138613863
W4_M3,W4_M20,0.07920792079207921
W4_M3,W4_M21,0.0594059405940594
W4_M3,W4_M22,0.07920792079207921
W4_M3,W4_M23,0.039603960396039604
W4_M3,W4_M24,0.019801980198019802
W4_M3,W4_M25,0.039603960396039604
W4_M3,W4_M26,0.019801980198019802
W4_M3,W4_M27,0.019801980198019802
W4_M3,W4_M28,0.019801980198019802
W4_M3,W4_M29,0.019801980198019802
W4_M3,W4_M30,0.019801980198019802
W4_M3,W4_M31,0.019801980198019802
W4_M3,W4_M32,0.019801980198019802
W4_M3,W4_M33,0.019801980198019802
W4_M3,W4_M34,0.019801980198019802
W4_M3,W4_M35,0.019801980198019802
W4_M3,W4_M36,0.019801980198019802
W4_M3,W4_M37,0.019801980198019802
W4_M3,W4_M38,0.019801980198019802
W4_M3,W4_M39,0.019801980198019802
W4_M3,W4_M40,0.019801980198019802
W4_M3,W4_M41,0.019801980198019802
W4_M3,W4_M42,0.019801980198019802
W4_M3,W4_M43,0.019801980198019802
W4_M3,W4_M44,0.019801980198019802
W4_M3,W4_M45,0.019801980198019802
W4_M3,W4_M46,0.019801980198019802
W4_M3,W4_M47,0.019801980198019802
W4_M3,W4_M48,0.019801980198019802
W4_M3,W4_M49,0.019801980198019802
W4_M3,W4_M50,0.019801980198019802
W4_M3,W4_M51,0.019801980198019802
W4_M3,W4_M52,0.019801980198019802
W4_M3,W4_M53,0.019801980198019802
W4_M3,W4_M54,0.019801980198019802
W4_M3,W4_M55,0.019801980198019802
W4_M3,W4_M56,0.019801980198019802
W4_M3,W4_M57,0.019801980198019802
W4_M3,W4_M58,0.019801980198019802
W4_M3,W4_M59,0.019801980198019802
W4_M3,W4_M60,0.019801980198019802
W4_M3,W4_M61,0.019801980198019802
W4_M3,W4_M62,0.019801980198019802
W4_M3,W4_M63,0.019801980198019802
W4_M3,W4_M64,0.019801980198019802
W4_M3,W4_M65,0.019801980198019802
W4_M3,W4_M66,0.019801980198019802
W4_M3,W4_M67,0.019801980198019802
W4_M3,W4_M68,0.019801980198019802
W4_M3,W4_M69,0.019801980198019802
W4_M3,W4_M70,0.019801980198019802
W4_M3,W4_M71,0.019801980198019802
W4_M3,W4_M72,0.019801980198019802
W4_M3,W4_M73,0.019801980198019802
W4_M3,W4_M74,0.019801980198019802
W4_M3,W4_M75,0.019801980198019802
W4_M3,W4_M76,0.019801980198019802
W4_M3,W4_M77,0.019801980198019802
W4_M3,W4_M78,0.019801980198019802
W4_M4,W4_M5,0.8712871287128713
W4_M4,W4_M6,0.9702970297029703
W4_M4,W4_M7,0.9702970297029703
W4_M4,W4_M8,0.019801980198019802
W4_M4,W4_M9,0.019801980198019802
W4_M4,W4_M10,0.7722772277227723
W4_M4,W4_M11,0.5544554455445545
W4_M4,W4_M12,0.6336633663366337
W4_M4,W4_M13,0.6138613861386139
W4_M4,W4_M14,0.5544554455445545
W4_M4,W4_M15,0.15841584158415842
W4_M4,W4_M16,0.1188118811881188
W4_M4,W4_M17,0.1782178217821782
W4_M4,W4_M18,0.019801980198019802
W4_M4,W4_M19,0.07920792079207921
W4_M4,W4_M20,0.0594059405940594
W4_M4,W4_M21,0.039603960396039604
W4_M4,W4_M22,0.0594059405940594
W4_M4,W4_M23,0.019801980198019802
W4_M4,W4_M24,0.019801980198019802
W4_M4,W4_M25,0.019801980198019802
W4_M4,W4_M26,0.019801980198019802
W4_M4,W4_M27,0.019801980198019802
W4_M4,W4_M28,0.039603960396039604
W4_M4,W4_M29,0.019801980198019802
W4_M4,W4_M30,0.019801980198019802
W4_M4,W4_M31,0.019801980198019802
W4_M4,W4_M32,0.019801980198019802
W4_M4,W4_M33,0.019801980198019802
W4_M4,W4_M34,0.019801980198019802
W4_M4,W4_M35,0.019801980198019802
W4_M4,W4_M36,0.019801980198019802
W4_M4,W4_M37,0.019801980198019802
W4_M4,W4_M38,0.019801980198019802
W4_M4,W4_M39,0.019801980198019802
W4_M4,W4_M40,0.019801980198019802
W4_M4,W4_M41,0.019801980198019802
W4_M4,W4_M42,0.019801980198019802
W4_M4,W4_M43,0.019801980198019802
W4_M4,W4_M44,0.019801980198019802
W4_M4,W4_M45,0.019801980198019802
W4_M4,W4_M46,0.019801980198019802
W4_M4,W4_M47,0.019801980198019802
W4_M4,W4_M48,0.019801980198019802
W4_M4,W4_M49,0.019801980198019802
W4_M4,W4_M50,0.019801980198019802
W4_M4,W4_M51,0.019801980198019802
W4_M4,W4_M52,0.019801980198019802
W4_M4,W4_M53,0.019801980198019802
W4_M4,W4_M54,0.019801980198019802
W4_M4,W4_M55,0.019801980198019802
W4_M4,W4_M56,0.019801980198019802
W4_M4,W4_M57,0.019801980198019802
W4_M4,W4_M58,0.019801980198019802
W4_M4,W4_M59,0.019801980198019802
W4_M4,W4_M60,0.019801980198019802
W4_M4,W4_M61,0.019801980198019802
W4_M4,W4_M62,0.019801980198019802
W4_M4,W4_M63,0.019801980198019802
W4_M4,W4_M64,0.019801980198019802
W4_M4,W4_M65,0.019801980198019802
W4_M4,W4_M66,0.019801980198019802
W4_M4,W4_M67,0.019801980198019802
W4_M4,W4_M68,0.019801980198019802
W4_M4,W4_M69,0.019801980198019802
W4_M4,W4_M70,0.019801980198019802
W4_M4,W4_M71,0.019801980198019802
W4_M4,W4_M72,0.019801980198019802
W4_M4,W4_M73,0.019801980198019802
W4_M4,W4_M74,0.019801980198019802
W4_M4,W4_M75,0.019801980198019802
W4_M4,W4_M76,0.019801980198019802
W4_M4,W4_M77,0.019801980198019802
W4_M4,W4_M78,0.019801980198019802
W4_M5,W4_M6,0.9108910891089109
W4_M5,W4_M7,0.6138613861386139
W4_M5,W4_M8,0.019801980198019802
W4_M5,W4_M9,0.019801980198019802
W4_M5,W4_M10,0.7920792079207921
W4_M5,W4_M11,0.7128712871287128
W4_M5,W4_M12,0.6534653465346535
W4_M5,W4_M13,0.6732673267326733
W4_M5,W4_M14,0.7128712871287128
W4_M5,W4_M15,0.09900990099009901
W4_M5,W4_M16,0.0594059405940594
W4_M5,W4_M17,0.039603960396039604
W4_M5,W4_M18,0.0594059405940594
W4_M5,W4_M19,0.0594059405940594
W4_M5,W4_M20,0.13861386138613863
W4_M5,W4_M21,0.019801980198019802
W4_M5,W4_M22,0.07920792079207921
W4_M5,W4_M23,0.039603960396039604
W4_M5,W4_M24,0.019801980198019802
W4_M5,W4_M25,0.019801980198019802
W4_M5,W4_M26,0.019801980198019802
W4_M5,W4_M27,0.019801980198019802
W4_M5,W4_M28,0.019801980198019802
W4_M5,W4_M29,0.019801980198019802
W4_M5,W4_M30,0.019801980198019802
W4_M5,W4_M31,0.019801980198019802
W4_M5,W4_M32,0.019801980198019802
W4_M5,W4_M33,0.019801980198019802
W4_M5,W4_M34,0.019801980198019802
W4_M5,W4_M35,0.019801980198019802
W4_M5,W4_M36,0.019801980198019802
W4_M5,W4_M37,0.019801980198019802
W4_M5,W4_M38,0.019801980198019802
W4_M5,W4_M39,0.019801980198019802
W4_M5,W4_M40,0.019801980198019802
W4_M5,W4_M41,0.019801980198019802
W4_M5,W4_M42,0.019801980198019802
W4_M5,W4_M43,0.019801980198019802
W4_M5,W4_M44,0.019801980198019802
W4_M5,W4_M45,0.019801980198019802
W4_M5,W4_M46,0.019801980198019802
W4_M5,W4_M47,0.019801980198019802
W4_M5,W4_M48,0.019801980198019802
W4_M5,W4_M49,0.019801980198019802
W4_M5,W4_M50,0.019801980198019802
W4_M5,W4_M51,0.019801980198019802
W4_M5,W4_M52,0.019801980198019802
W4_M5,W4_M53,0.019801980198019802
W4_M5,W4_M54,0.019801980198019802
W4_M5,W4_M55,0.019801980198019802
W4_M5,W4_M56,0.019801980198019802
W4_M5,W4_M57,0.019801980198019802
W4_M5,W4_M58,0.019801980198019802
W4_M5,W4_M59,0.019801980198019802
W4_M5,W4_M60,0.019801980198019802
W4_M5,W4_M61,0.019801980198019802
W4_M5,W4_M62,0.019801980198019802
W4_M5,W4_M63,0.019801980198019802
W4_M5,W4_M64,0.019801980198019802
W4_M5,W4_M65,0.019801980198019802
W4_M5,W4_M66,0.019801980198019802
W4_M5,W4_M67,0.019801980198019802
W4_M5,W4_M68,0.019801980198019802
W4_M5,W4_M69,0.019801980198019802
W4_M5,W4_M70,0.019801980198019802
W4_M5,W4_M71,0.019801980198019802
W4_M5,W4_M72,0.019801980198019802
W4_M5,W4_M73,0.019801980198019802
W4_M5,W4_M74,0.019801980198019802
W4_M5,W4_M75,0.019801980198019802
W4_M5,W4_M76,0.019801980198019802
W4_M5,W4_M77,0.019801980198019802
W4_M5,W4_M78,0.019801980198019802
W4_M6,W4_M7,0.8712871287128713
W4_M6,W4_M8,0.019801980198019802
W4_M6,W4_M9,0.019801980198019802
W4_M6,W4_M10,0.7326732673267327
W4_M6,W4_M11,0.6138613861386139
W4_M6,W4_M12,0.6732673267326733
W4_M6,W4_M13,0.6336633663366337
W4_M6,W4_M14,0.7326732673267327
W4_M6,W4_M15,0.1188118811881188
W4_M6,W4_M16,0.039603960396039604
W4_M6,W4_M17,0.09900990099009901
W4_M6,W4_M18,0.0594059405940594
W4_M6,W4_M19,0.0594059405940594
W4_M6,W4_M20,0.07920792079207921
W4_M6,W4_M21,0.039603960396039604
W4_M6,W4_M22,0.09900990099009901
W4_M6,W4_M23,0.039603960396039604
W4_M6,W4_M24,0.039603960396039604
W4_M6,W4_M25,0.019801980198019802
W4_M6,W4_M26,0.019801980198019802
W4_M6,W4_M27,0.019801980198019802
W4_M6,W4_M28,0.019801980198019802
W4_M6,W4_M29,0.019801980198019802
W4_M6,W4_M30,0.019801980198019802
W4_M6,W4_M31,0.019801980198019802
W4_M6,W4_M32,0.019801980198019802
W4_M6,W4_M33,0.019801980198019802
W4_M6,W4_M34,0.039603960396039604
W4_M6,W4_M35,0.019801980198019802
W4_M6,W4_M36,0.019801980198019802
W4_M6,W4_M37,0.019801980198019802
W4_M6,W4_M38,0.019801980198019802
W4_M6,W4_M39,0.019801980198019802
W4_M6,W4_M40,0.019801980198019802
W4_M6,W4_M41,0.019801980198019802
W4_M6,W4_M42,0.019801980198019802
W4_M6,W4_M43,0.019801980198019802
W4_M6,W4_M44,0.019801980198019802
W4_M6,W4_M45,0.019801980198019802
W4_M6,W4_M46,0.019801980198019802
W4_M6,W4_M47,0.019801980198019802
W4_M6,W4_M48,0.019801980198019802
W4_M6,W4_M49,0.019801980198019802
W4_M6,W4_M50,0.019801980198019802
W4_M6,W4_M51,0.019801980198019802
W4_M6,W4_M52,0.019801980198019802
W4_M6,W4_M53,0.019801980198019802
W4_M6,W4_M54,0.019801980198019802
W4_M6,W4_M55,0.019801980198019802
W4_M6,W4_M56,0.019801980198019802
W4_M6,W4_M57,0.019801980198019802
W4_M6,W4_M58,0.019801980198019802
W4_M6,W4_M59,0.019801980198019802
W4_M6,W4_M60,0.019801980198019802
W4_M6,W4_M61,0.019801980198019802
W4_M6,W4_M62,0.019801980198019802
W4_M6,W4_M63,0.019801980198019802
W4_M6,W4_M64,0.019801980198019802
W4_M6,W4_M65,0.019801980198019802
W4_M6,W4_M66,0.019801980198019802
W4_M6,W4_M67,0.019801980198019802
W4_M6,W4_M68,0.019801980198019802
W4_M6,W4_M69,0.019801980198019802
W4_M6,W4_M70,0.019801980198019802
W4_M6,W4_M71,0.019801980198019802
W4_M6,W4_M72,0.019801980198019802
W4_M6,W4_M73,0.019801980198019802
W4_M6,W4_M74,0.019801980198019802
W4_M6,W4_M75,0.019801980198019802
W4_M6,W4_M76,0.019801980198019802
W4_M6,W4_M77,0.019801980198019802
W4_M6,W4_M78,0.019801980198019802
W4_M7,W4_M8,0.019801980198019802
W4_M7,W4_M9,0.019801980198019802
W4_M7,W4_M10,0.9900990099009901
W4_M7,W4_M11,0.1782178217821782
W4_M7,W4_M12,0.6138613861386139
W4_M7,W4_M13,0.6138613861386139
W4_M7,W4_M14,0.7128712871287128
W4_M7,W4_M15,0.0594059405940594
W4_M7,W4_M16,0.07920792079207921
W4_M7,W4_M17,0.0594059405940594
W4_M7,W4_M18,0.039603960396039604
W4_M7,W4_M19,0.019801980198019802
W4_M7,W4_M20,0.07920792079207921
W4_M7,W4_M21,0.039603960396039604
W4_M7,W4_M22,0.039603960396039604
W4_M7,W4_M23,0.039603960396039604
W4_M7,W4_M24,0.019801980198019802
W4_M7,W4_M25,0.019801980198019802
W4_M7,W4_M26,0.019801980198019802
W4_M7,W4_M27,0.019801980198019802
W4_M7,W4_M28,0.019801980198019802
W4_M7,W4_M29,0.019801980198019802
W4_M7,W4_M30,0.019801980198019802
W4_M7,W4_M31,0.019801980198019802
W4_M7,W4_M32,0.019801980198019802
W4_M7,W4_M33,0.019801980198019802
W4_M7,W4_M34,0.019801980198019802
W4_M7,W4_M35,0.019801980198019802
W4_M7,W4_M36,0.019801980198019802
W4_M7,W4_M37,0.019801980198019802
W4_M7,W4_M38,0.019801980198019802
W4_M7,W4_M39,0.019801980198019802
W4_M7,W4_M40,0.019801980198019802
W4_M7,W4_M41,0.019801980198019802
W4_M7,W4_M42,0.019801980198019802
W4_M7,W4_M43,0.019801980198019802
W4_M7,W4_M44,0.019801980198019802
W4_M7,W4_M45,0.019801980198019802
W4_M7,W4_M46,0.019801980198019802
W4_M7,W4_M47,0.019801980198019802
W4_M7,W4_M48,0.019801980198019802
W4_M7,W4_M49,0.019801980198019802
W4_M7,W4_M50,0.019801980198019802
W4_M7,W4_M51,0.019801980198019802
W4_M7,W4_M52,0.019801980198019802
W4_M7,W4_M53,0.019801980198019802
W4_M7,W4_M54,0.019801980198019802
W4_M7,W4_M55,0.019801980198019802
W4_M7,W4_M56,0.019801980198019802
W4_M7,W4_M57,0.019801980198019802
W4_M7,W4_M58,0.019801980198019802
W4_M7,W4_M59,0.019801980198019802
W4_M7,W4_M60,0.019801980198019802
W4_M7,W4_M61,0.019801980198019802
W4_M7,W4_M62,0.019801980198019802
W4_M7,W4_M63,0.019801980198019802
W4_M7,W4_M64,0.019801980198019802
W4_M7,W4_M65,0.019801980198019802
W4_M7,W4_M66,0.019801980198019802
W4_M7,W4_M67,0.019801980198019802
W4_M7,W4_M68,0.019801980198019802
W4_M7,W4_M69,0.019801980198019802
W4_M7,W4_M70,0.019801980198019802
W4_M7,W4_M71,0.019801980198019802
W4_M7,W4_M72,0.019801980198019802
W4_M7,W4_M73,0.019801980198019802
W4_M7,W4_M74,0.019801980198019802
W4_M7,W4_M75,0.019801980198019802
W4_M7,W4_M76,0.019801980198019802
W4_M7,W4_M77,0.019801980198019802
W4_M7,W4_M78,0.019801980198019802
W4_M8,W4_M9,0.8514851485148515
W4_M8,W4_M10,0.019801980198019802
W4_M8,W4_M11,0.019801980198019802
W4_M8,W4_M12,0.019801980198019802
W4_M8,W4_M13,0.019801980198019802
W4_M8,W4_M14,0.4158415841584158
W4_M8,W4_M15,0.039603960396039604
W4_M8,W4_M16,0.019801980198019802
W4_M8,W4_M17,0.019801980198019802
W4_M8,W4_M18,0.039603960396039604
W4_M8,W4_M19,0.019801980198019802
W4_M8,W4_M20,0.019801980198019802
W4_M8,W4_M21,0.019801980198019802
W4_M8,W4_M22,0.039603960396039604
W4_M8,W4_M23,0.019801980198019802
W4_M8,W4_M24,0.019801980198019802
W4_M8,W4_M25,0.019801980198019802
W4_M8,W4_M26,0.019801980198019802
W4_M8,W4_M27,0.019801980198019802
W4_M8,W4_M28,0.019801980198019802
W4_M8,W4_M29,0.019801980198019802
W4_M8,W4_M30,0.019801980198019802
W4_M8,W4_M31,0.019801980198019802
W4_M8,W4_M32,0.019801980198019802
W4_M8,W4_M33,0.019801980198019802
W4_M8,W4_M34,0.019801980198019802
W4_M8,W4_M35,0.019801980198019802
W4_M8,W4_M36,0.019801980198019802
W4_M8,W4_M37,0.019801980198019802
W4_M8,W4_M38,0.019801980198019802
W4_M8,W4_M39,0.019801980198019802
W4_M8,W4_M40,0.019801980198019802
W4_M8,W4_M41,0.019801980198019802
W4_M8,W4_M42,0.019801980198019802
W4_M8,W4_M43,0.019801980198019802
W4_M8,W4_M44,0.019801980198019802
W4_M8,W4_M45,0.019801980198019802
W4_M8,W4_M46,0.019801980198019802
W4_M8,W4_M47,0.019801980198019802
W4_M8,W4_M48,0.019801980198019802
W4_M8,W4_M49,0.019801980198019802
W4_M8,W4_M50,0.019801980198019802
W4_M8,W4_M51,0.019801980198019802
W4_M8,W4_M52,0.019801980198019802
W4_M8,W4_M53,0.019801980198019802
W4_M8,W4_M54,0.019801980198019802
W4_M8,W4_M55,0.019801980198019802
W4_M8,W4_M56,0.019801980198019802
W4_M8,W4_M57,0.019801980198019802
W4_M8,W4_M58,0.019801980198019802
W4_M8,W4_M59,0.019801980198019802
W4_M8,W4_M60,0.019801980198019802
W4_M8,W4_M61,0.019801980198019802
W4_M8,W4_M62,0.019801980198019802
W4_M8,W4_M63,0.019801980198019802
W4_M8,W4_M64,0.019801980198019802
W4_M8,W4_M65,0.019801980198019802
W4_M8,W4_M66,0.019801980198019802
W4_M8,W4_M67,0.019801980198019802
W4_M8,W4_M68,0.019801980198019802
W4_M8,W4_M69,0.019801980198019802
W4_M8,W4_M70,0.019801980198019802
W4_M8,W4_M71,0.019801980198019802
W4_M8,W4_M72,0.019801980198019802
W4_M8,W4_M73,0.019801980198019802
W4_M8,W4_M74,0.019801980198019802
W4_M8,W4_M75,0.019801980198019802
W4_M8,W4_M76,0.019801980198019802
W4_M8,W4_M77,0.019801980198019802
W4_M8,W4_M78,0.019801980198019802
W4_M9,W4_M10,0.019801980198019802
W4_M9,W4_M11,0.019801980198019802
W4_M9,W4_M12,0.019801980198019802
W4_M9,W4_M13,0.019801980198019802
W4_M9,W4_M14,0.15841584158415842
W4_M9,W4_M15,0.019801980198019802
W4_M9,W4_M16,0.019801980198019802
W4_M9,W4_M17,0.019801980198019802
W4_M9,W4_M18,0.019801980198019802
W4_M9,W4_M19,0.019801980198019802
W4_M9,W4_M20,0.019801980198019802
W4_M9,W4_M21,0.019801980198019802
W4_M9,W4_M22,0.019801980198019802
W4_M9,W4_M23,0.039603960396039604
W4_M9,W4_M24,0.019801980198019802
W4_M9,W4_M25,0.019801980198019802
W4_M9,W4_M26,0.019801980198019802
W4_M9,W4_M27,0.019801980198019802
W4_M9,W4_M28,0.019801980198019802
W4_M9,W4_M29,0.019801980198019802
W4_M9,W4_M30,0.019801980198019802
W4_M9,W4_M31,0.019801980198019802
W4_M9,W4_M32,0.019801980198019802
W4_M9,W4_M33,0.019801980198019802
W4_M9,W4_M34,0.019801980198019802
W4_M9,W4_M35,0.019801980198019802
W4_M9,W4_M36,0.019801980198019802
W4_M9,W4_M37,0.019801980198019802
W4_M9,W4_M38,0.019801980198019802
W4_M9,W4_M39,0.019801980198019802
W4_M9,W4_M40,0.019801980198019802
W4_M9,W4_M41,0.019801980198019802
W4_M9,W4_M42,0.019801980198019802
W4_M9,W4_M43,0.019801980198019802
W4_M9,W4_M44,0.019801980198019802
W4_M9,W4_M45,0.019801980198019802
W4_M9,W4_M46,0.019801980198019802
W4_M9,W4_M47,0.019801980198019802
W4_M9,W4_M48,0.019801980198019802
W4_M9,W4_M49,0.019801980198019802
W4_M9,W4_M50,0.019801980198019802
W4_M9,W4_M51,0.019801980198019802
W4_M9,W4_M52,0.019801980198019802
W4_M9,W4_M53,0.019801980198019802
W4_M9,W4_M54,0.019801980198019802
W4_M9,W4_M55,0.019801980198019802
W4_M9,W4_M56,0.019801980198019802
W4_M9,W4_M57,0.019801980198019802
W4_M9,W4_M58,0.019801980198019802
W4_M9,W4_M59,0.019801980198019802
W4_M9,W4_M60,0.019801980198019802
W4_M9,W4_M61,0.019801980198019802
W4_M9,W4_M62,0.019801980198019802
W4_M9,W4_M63,0.019801980198019802
W4_M9,W4_M64,0.019801980198019802
W4_M9,W4_M65,0.019801980198019802
W4_M9,W4_M66,0.019801980198019802
W4_M9,W4_M67,0.019801980198019802
W4_M9,W4_M68,0.019801980198019802
W4_M9,W4_M69,0.019801980198019802
W4_M9,W4_M70,0.019801980198019802
W4_M9,W4_M71,0.019801980198019802
W4_M9,W4_M72,0.019801980198019802
W4_M9,W4_M73,0.019801980198019802
W4_M9,W4_M74,0.019801980198019802
W4_M9,W4_M75,0.019801980198019802
W4_M9,W4_M76,0.019801980198019802
W4_M9,W4_M77,0.019801980198019802
W4_M9,W4_M78,0.019801980198019802
W4_M10,W4_M11,0.0594059405940594
W4_M10,W4_M12,0.5148514851485149
W4_M10,W4_M13,0.5148514851485149
W4_M10,W4_M14,0.7128712871287128
W4_M10,W4_M15,0.07920792079207921
W4_M10,W4_M16,0.09900990099009901
W4_M10,W4_M17,0.07920792079207921
W4_M10,W4_M18,0.0594059405940594
W4_M10,W4_M19,0.039603960396039604
W4_M10,W4_M20,0.13861386138613863
W4_M10,W4_M21,0.09900990099009901
W4_M10,W4_M22,0.0594059405940594
W4_M10,W4_M23,0.039603960396039604
W4_M10,W4_M24,0.019801980198019802
W4_M10,W4_M25,0.019801980198019802
W4_M10,W4_M26,0.019801980198019802
W4_M10,W4_M27,0.019801980198019802
W4_M10,W4_M28,0.039603960396039604
W4_M10,W4_M29,0.019801980198019802
W4_M10,W4_M30,0.019801980198019802
W4_M10,W4_M31,0.019801980198019802
W4_M10,W4_M32,0.019801980198019802
W4_M10,W4_M33,0.019801980198019802
W4_M10,W4_M34,0.019801980198019802
W4_M10,W4_M35,0.019801980198019802
W4_M10,W4_M36,0.019801980198019802
W4_M10,W4_M37,0.019801980198019802
W4_M10,W4_M38,0.019801980198019802
W4_M10,W4_M39,0.019801980198019802
W4_M10,W4_M40,0.019801980198019802
W4_M10,W4_M41,0.019801980198019802
W4_M10,W4_M42,0.019801980198019802
W4_M10,W4_M43,0.019801980198019802
W4_M10,W4_M44,0.019801980198019802
W4_M10,W4_M45,0.019801980198019802
W4_M10,W4_M46,0.019801980198019802
W4_M10,W4_M47,0.019801980198019802
W4_M10,W4_M48,0.019801980198019802
W4_M10,W4_M49,0.019801980198019802
W4_M10,W4_M50,0.019801980198019802
W4_M10,W4_M51,0.019801980198019802
W4_M10,W4_M52,0.019801980198019802
W4_M10,W4_M53,0.019801980198019802
W4_M10,W4_M54,0.019801980198019802
W4_M10,W4_M55,0.019801980198019802
W4_M10,W4_M56,0.019801980198019802
W4_M10,W4_M57,0.019801980198019802
W4_M10,W4_M58,0.019801980198019802
W4_M10,W4_M59,0.019801980198019802
W4_M10,W4_M60,0.019801980198019802
W4_M10,W4_M61,0.019801980198019802
W4_M10,W4_M62,0.019801980198019802
W4_M10,W4_M63,0.019801980198019802
W4_M10,W4_M64,0.019801980198019802
W4_M10,W4_M65,0.019801980198019802
W4_M10,W4_M66,0.019801980198019802
W4_M10,W4_M67,0.019801980198019802
W4_M10,W4_M68,0.019801980198019802
W4_M10,W4_M69,0.019801980198019802
W4_M10,W4_M70,0.019801980198019802
W4_M10,W4_M71,0.019801980198019802
W4_M10,W4_M72,0.019801980198019802
W4_M10,W4_M73,0.019801980198019802
W4_M10,W4_M74,0.019801980198019802
W4_M10,W4_M75,0.019801980198019802
W4_M10,W4_M76,0.019801980198019802
W4_M10,W4_M77,0.019801980198019802
W4_M10,W4_M78,0.019801980198019802
W4_M11,W4_M12,0.6732673267326733
W4_M11,W4_M13,0.6336633663366337
W4_M11,W4_M14,0.5544554455445545
W4_M11,W4_M15,0.13861386138613863
W4_M11,W4_M16,0.1188118811881188
W4_M11,W4_M17,0.0594059405940594
W4_M11,W4_M18,0.09900990099009901
W4_M11,W4_M19,0.09900990099009901
W4_M11,W4_M20,0.0594059405940594
W4_M11,W4_M21,0.07920792079207921
W4_M11,W4_M22,0.1188118811881188
W4_M11,W4_M23,0.0594059405940594
W4_M11,W4_M24,0.019801980198019802
W4_M11,W4_M25,0.019801980198019802
W4_M11,W4_M26,0.019801980198019802
W4_M11,W4_M27,0.019801980198019802
W4_M11,W4_M28,0.019801980198019802
W4_M11,W4_M29,0.019801980198019802
W4_M11,W4_M30,0.019801980198019802
W4_M11,W4_M31,0.019801980198019802
W4_M11,W4_M32,0.019801980198019802
W4_M11,W4_M33,0.019801980198019802
W4_M11,W4_M34,0.019801980198019802
W4_M11,W4_M35,0.019801980198019802
W4_M11,W4_M36,0.019801980198019802
W4_M11,W4_M37,0.019801980198019802
W4_M11,W4_M38,0.019801980198019802
W4_M11,W4_M39,0.019801980198019802
W4_M11,W4_M40,0.019801980198019802
W4_M11,W4_M41,0.019801980198019802
W4_M11,W4_M42,0.019801980198019802
W4_M11,W4_M43,0.019801980198019802
W4_M11,W4_M44,0.019801980198019802
W4_M11,W4_M45,0.019801980198019802
W4_M11,W4_M46,0.019801980198019802
W4_M11,W4_M47,0.019801980198019802
W4_M11,W4_M48,0.019801980198019802
W4_M11,W4_M49,0.019801980198019802
W4_M11,W4_M50,0.019801980198019802
W4_M11,W4_M51,0.019801980198019802
W4_M11,W4_M52,0.019801980198019802
W4_M11,W4_M53,0.019801980198019802
W4_M11,W4_M54,0.019801980198019802
W4_M11,W4_M55,0.019801980198019802
W4_M11,W4_M56,0.019801980198019802
W4_M11,W4_M57,0.019801980198019802
W4_M11,W4_M58,0.019801980198019802
W4_M11,W4_M59,0.019801980198019802
W4_M11,W4_M60,0.019801980198019802
W4_M11,W4_M61,0.019801980198019802
W4_M11,W4_M62,0.019801980198019802
W4_M11,W4_M63,0.019801980198019802
W4_M11,W4_M64,0.019801980198019802
W4_M11,W4_M65,0.019801980198019802
W4_M11,W4_M66,0.019801980198019802
W4_M11,W4_M67,0.019801980198019802
W4_M11,W4_M68,0.019801980198019802
W4_M11,W4_M69,0.019801980198019802
W4_M11,W4_M70,0.019801980198019802
W4_M11,W4_M71,0.019801980198019802
W4_M11,W4_M72,0.019801980198019802
W4_M11,W4_M73,0.019801980198019802
W4_M11,W4_M74,0.019801980198019802
W4_M11,W4_M75,0.019801980198019802
W4_M11,W4_M76,0.019801980198019802
W4_M11,W4_M77,0.019801980198019802
W4_M11,W4_M78,0.019801980198019802
W4_M12,W4_M13,0.7524752475247525
W4_M12,W4_M14,0.7920792079207921
W4_M12,W4_M15,0.21782178217821782
W4_M12,W4_M16,0.0594059405940594
W4_M12,W4_M17,0.1782178217821782
W4_M12,W4_M18,0.1188118811881188
W4_M12,W4_M19,0.0594059405940594
W4_M12,W4_M20,0.07920792079207921
W4_M12,W4_M21,0.0594059405940594
W4_M12,W4_M22,0.0594059405940594
W4_M12,W4_M23,0.019801980198019802
W4_M12,W4_M24,0.019801980198019802
W4_M12,W4_M25,0.019801980198019802
W4_M12,W4_M26,0.019801980198019802
W4_M12,W4_M27,0.019801980198019802
W4_M12,W4_M28,0.019801980198019802
W4_M12,W4_M29,0.019801980198019802
W4_M12,W4_M30,0.019801980198019802
W4_M12,W4_M31,0.019801980198019802
W4_M12,W4_M32,0.019801980198019802
W4_M12,W4_M33,0.019801980198019802
W4_M12,W4_M34,0.019801980198019802
W4_M12,W4_M35,0.019801980198019802
W4_M12,W4_M36,0.019801980198019802
W4_M12,W4_M37,0.019801980198019802
W4_M12,W4_M38,0.019801980198019802
W4_M12,W4_M39,0.019801980198019802
W4_M12,W4_M40,0.019801980198019802
W4_M12,W4_M41,0.019801980198019802
W4_M12,W4_M42,0.019801980198019802
W4_M12,W4_M43,0.019801980198019802
W4_M12,W4_M44,0.019801980198019802
W4_M12,W4_M45,0.019801980198019802
W4_M12,W4_M46,0.019801980198019802
W4_M12,W4_M47,0.019801980198019802
W4_M12,W4_M48,0.019801980198019802
W4_M12,W4_M49,0.019801980198019802
W4_M12,W4_M50,0.019801980198019802
W4_M12,W4_M51,0.019801980198019802
W4_M12,W4_M52,0.019801980198019802
W4_M12,W4_M53,0.019801980198019802
W4_M12,W4_M54,0.019801980198019802
W4_M12,W4_M55,0.019801980198019802
W4_M12,W4_M56,0.019801980198019802
W4_M12,W4_M57,0.019801980198019802
W4_M12,W4_M58,0.019801980198019802
W4_M12,W4_M59,0.019801980198019802
W4_M12,W4_M60,0.019801980198019802
W4_M12,W4_M61,0.019801980198019802
W4_M12,W4_M62,0.019801980198019802
W4_M12,W4_M63,0.019801980198019802
W4_M12,W4_M64,0.019801980198019802
W4_M12,W4_M65,0.019801980198019802
W4_M12,W4_M66,0.019801980198019802
W4_M12,W4_M67,0.019801980198019802
W4_M12,W4_M68,0.019801980198019802
W4_M12,W4_M69,0.019801980198019802
W4_M12,W4_M70,0.019801980198019802
W4_M12,W4_M71,0.019801980198019802
W4_M12,W4_M72,0.019801980198019802
W4_M12,W4_M73,0.019801980198019802
W4_M12,W4_M74,0.019801980198019802
W4_M12,W4_M75,0.019801980198019802
W4_M12,W4_M76,0.019801980198019802
W4_M12,W4_M77,0.019801980198019802
W4_M12,W4_M78,0.019801980198019802
W4_M13,W4_M14,0.9306930693069307
W4_M13,W4_M15,0.27722772277227725
W4_M13,W4_M16,0.019801980198019802
W4_M13,W4_M17,0.1188118811881188
W4_M13,W4_M18,0.09900990099009901
W4_M13,W4_M19,0.039603960396039604
W4_M13,W4_M20,0.0594059405940594
W4_M13,W4_M21,0.019801980198019802
W4_M13,W4_M22,0.09900990099009901
W4_M13,W4_M23,0.13861386138613863
W4_M13,W4_M24,0.019801980198019802
W4_M13,W4_M25,0.019801980198019802
W4_M13,W4_M26,0.019801980198019802
W4_M13,W4_M27,0.019801980198019802
W4_M13,W4_M28,0.019801980198019802
W4_M13,W4_M29,0.019801980198019802
W4_M13,W4_M30,0.019801980198019802
W4_M13,W4_M31,0.039603960396039604
W4_M13,W4_M32,0.019801980198019802
W4_M13,W4_M33,0.019801980198019802
W4_M13,W4_M34,0.019801980198019802
W4_M13,W4_M35,0.019801980198019802
W4_M13,W4_M36,0.019801980198019802
W4_M13,W4_M37,0.019801980198019802
W4_M13,W4_M38,0.019801980198019802
W4_M13,W4_M39,0.019801980198019802
W4_M13,W4_M40,0.019801980198019802
W4_M13,W4_M41,0.019801980198019802
W4_M13,W4_M42,0.019801980198019802
W4_M13,W4_M43,0.019801980198019802
W4_M13,W4_M44,0.019801980198019802
W4_M13,W4_M45,0.019801980198019802
W4_M13,W4_M46,0.019801980198019802
W4_M13,W4_M47,0.019801980198019802
W4_M13,W4_M48,0.019801980198019802
W4_M13,W4_M49,0.019801980198019802
W4_M13,W4_M50,0.019801980198019802
W4_M13,W4_M51,0.019801980198019802
W4_M13,W4_M52,0.019801980198019802
W4_M13,W4_M53,0.019801980198019802
W4_M13,W4_M54,0.019801980198019802
W4_M13,W4_M55,0.019801980198019802
W4_M13,W4_M56,0.019801980198019802
W4_M13,W4_M57,0.019801980198019802
W4_M13,W4_M58,0.019801980198019802
W4_M13,W4_M59,0.019801980198019802
W4_M13,W4_M60,0.019801980198019802
W4_M13,W4_M61,0.019801980198019802
W4_M13,W4_M62,0.019801980198019802
W4_M13,W4_M63,0.019801980198019802
W4_M13,W4_M64,0.019801980198019802
W4_M13,W4_M65,0.019801980198019802
W4_M13,W4_M66,0.019801980198019802
W4_M13,W4_M67,0.019801980198019802
W4_M13,W4_M68,0.019801980198019802
W4_M13,W4_M69,0.019801980198019802
W4_M13,W4_M70,0.019801980198019802
W4_M13,W4_M71,0.019801980198019802
W4_M13,W4_M72,0.019801980198019802
W4_M13,W4_M73,0.019801980198019802
W4_M13,W4_M74,0.019801980198019802
W4_M13,W4_M75,0.019801980198019802
W4_M13,W4_M76,0.019801980198019802
W4_M13,W4_M77,0.019801980198019802
W4_M13,W4_M78,0.019801980198019802
W4_M14,W4_M15,0.7128712871287128
W4_M14,W4_M16,0.5544554455445545
W4_M14,W4_M17,0.2376237623762376
W4_M14,W4_M18,0.39603960396039606
W4_M14,W4_M19,0.21782178217821782
W4_M14,W4_M20,0.13861386138613863
W4_M14,W4_M21,0.0594059405940594
W4_M14,W4_M22,0.07920792079207921
W4_M14,W4_M23,0.039603960396039604
W4_M14,W4_M24,0.019801980198019802
W4_M14,W4_M25,0.019801980198019802
W4_M14,W4_M26,0.019801980198019802
W4_M14,W4_M27,0.039603960396039604
W4_M14,W4_M28,0.019801980198019802
W4_M14,W4_M29,0.0594059405940594
W4_M14,W4_M30,0.019801980198019802
W4_M14,W4_M31,0.07920792079207921
W4_M14,W4_M32,0.019801980198019802
W4_M14,W4_M33,0.019801980198019802
W4_M14,W4_M34,0.019801980198019802
W4_M14,W4_M35,0.019801980198019802
W4_M14,W4_M36,0.019801980198019802
W4_M14,W4_M37,0.019801980198019802
W4_M14,W4_M38,0.019801980198019802
W4_M14,W4_M39,0.019801980198019802
W4_M14,W4_M40,0.019801980198019802
W4_M14,W4_M41,0.019801980198019802
W4_M14,W4_M42,0.019801980198019802
W4_M14,W4_M43,0.019801980198019802
W4_M14,W4_M44,0.019801980198019802
W4_M14,W4_M45,0.019801980198019802
W4_M14,W4_M46,0.019801980198019802
W4_M14,W4_M47,0.019801980198019802
W4_M14,W4_M48,0.019801980198019802
W4_M14,W4_M49,0.019801980198019802
W4_M14,W4_M50,0.019801980198019802
W4_M14,W4_M51,0.019801980198019802
W4_M14,W4_M52,0.019801980198019802
W4_M14,W4_M53,0.019801980198019802
W4_M14,W4_M54,0.019801980198019802
W4_M14,W4_M55,0.019801980198019802
W4_M14,W4_M56,0.019801980198019802
W4_M14,W4_M57,0.019801980198019802
W4_M14,W4_M58,0.019801980198019802
W4_M14,W4_M59,0.019801980198019802
W4_M14,W4_M60,0.019801980198019802
W4_M14,W4_M61,0.019801980198019802
W4_M14,W4_M62,0.019801980198019802
W4_M14,W4_M63,0.019801980198019802
W4_M14,W4_M64,0.019801980198019802
W4_M14,W4_M65,0.019801980198019802
W4_M14,W4_M66,0.019801980198019802
W4_M14,W4_M67,0.019801980198019802
W4_M14,W4_M68,0.019801980198019802
W4_M14,W4_M69,0.019801980198019802
W4_M14,W4_M70,0.019801980198019802
W4_M14,W4_M71,0.019801980198019802
W4_M14,W4_M72,0.019801980198019802
W4_M14,W4_M73,0.019801980198019802
W4_M14,W4_M74,0.019801980198019802
W4_M14,W4_M75,0.019801980198019802
W4_M14,W4_M76,0.019801980198019802
W4_M14,W4_M77,0.019801980198019802
W4_M14,W4_M78,0.019801980198019802
W4_M15,W4_M16,0.37623762376237624
W4_M15,W4_M17,0.6534653465346535
W4_M15,W4_M18,0.4752475247524752
W4_M15,W4_M19,0.39603960396039606
W4_M15,W4_M20,0.297029702970297
W4_M15,W4_M21,0.297029702970297
W4_M15,W4_M22,0.21782178217821782
W4_M15,W4_M23,0.15841584158415842
W4_M15,W4_M24,0.039603960396039604
W4_M15,W4_M25,0.039603960396039604
W4_M15,W4_M26,0.039603960396039604
W4_M15,W4_M27,0.019801980198019802
W4_M15,W4_M28,0.019801980198019802
W4_M15,W4_M29,0.019801980198019802
W4_M15,W4_M30,0.019801980198019802
W4_M15,W4_M31,0.07920792079207921
W4_M15,W4_M32,0.039603960396039604
W4_M15,W4_M33,0.019801980198019802
W4_M15,W4_M34,0.019801980198019802
W4_M15,W4_M35,0.019801980198019802
W4_M15,W4_M36,0.019801980198019802
W4_M15,W4_M37,0.019801980198019802
W4_M15,W4_M38,0.019801980198019802
W4_M15,W4_M39,0.019801980198019802
W4_M15,W4_M40,0.019801980198019802
W4_M15,W4_M41,0.019801980198019802
W4_M15,W4_M42,0.019801980198019802
W4_M15,W4_M43,0.019801980198019802
W4_M15,W4_M44,0.019801980198019802
W4_M15,W4_M45,0.019801980198019802
W4_M15,W4_M46,0.019801980198019802
W4_M15,W4_M47,0.019801980198019802
W4_M15,W4_M48,0.019801980198019802
W4_M15,W4_M49,0.019801980198019802
W4_M15,W4_M50,0.019801980198019802
W4_M15,W4_M51,0.019801980198019802
W4_M15,W4_M52,0.019801980198019802
W4_M15,W4_M53,0.019801980198019802
W4_M15,W4_M54,0.019801980198019802
W4_M15,W4_M55,0.019801980198019802
W4_M15,W4_M56,0.019801980198019802
W4_M15,W4_M57,0.019801980198019802
W4_M15,W4_M58,0.019801980198019802
W4_M15,W4_M59,0.019801980198019802
W4_M15,W4_M60,0.019801980198019802
W4_M15,W4_M61,0.019801980198019802
W4_M15,W4_M62,0.019801980198019802
W4_M15,W4_M63,0.019801980198019802
W4_M15,W4_M64,0.019801980198019802
W4_M15,W4_M65,0.019801980198019802
W4_M15,W4_M66,0.019801980198019802
W4_M15,W4_M67,0.019801980198019802
W4_M15,W4_M68,0.019801980198019802
W4_M15,W4_M69,0.019801980198019802
W4_M15,W4_M70,0.019801980198019802
W4_M15,W4_M71,0.019801980198019802
W4_M15,W4_M72,0.019801980198019802
W4_M15,W4_M73,0.019801980198019802
W4_M15,W4_M74,0.019801980198019802
W4_M15,W4_M75,0.019801980198019802
W4_M15,W4_M76,0.019801980198019802
W4_M15,W4_M77,0.019801980198019802
W4_M15,W4_M78,0.019801980198019802
W4_M16,W4_M17,0.8316831683168316
W4_M16,W4_M18,0.7920792079207921
W4_M16,W4_M19,0.594059405940594
W4_M16,W4_M20,0.5346534653465347
W4_M16,W4_M21,0.21782178217821782
W4_M16,W4_M22,0.37623762376237624
W4_M16,W4_M23,0.27722772277227725
W4_M16,W4_M24,0.07920792079207921
W4_M16,W4_M25,0.019801980198019802
W4_M16,W4_M26,0.039603960396039604
W4_M16,W4_M27,0.019801980198019802
W4_M16,W4_M28,0.019801980198019802
W4_M16,W4_M29,0.019801980198019802
W4_M16,W4_M30,0.039603960396039604
W4_M16,W4_M31,0.13861386138613863
W4_M16,W4_M32,0.039603960396039604
W4_M16,W4_M33,0.019801980198019802
W4_M16,W4_M34,0.019801980198019802
W4_M16,W4_M35,0.019801980198019802
W4_M16,W4_M36,0.019801980198019802
W4_M16,W4_M37,0.019801980198019802
W4_M16,W4_M38,0.019801980198019802
W4_M16,W4_M39,0.019801980198019802
W4_M16,W4_M40,0.019801980198019802
W4_M16,W4_M41,0.019801980198019802
W4_M16,W4_M42,0.019801980198019802
W4_M16,W4_M43,0.019801980198019802
W4_M16,W4_M44,0.019801980198019802
W4_M16,W4_M45,0.019801980198019802
W4_M16,W4_M46,0.019801980198019802
W4_M16,W4_M47,0.019801980198019802
W4_M16,W4_M48,0.019801980198019802
W4_M16,W4_M49,0.019801980198019802
W4_M16,W4_M50,0.019801980198019802
W4_M16,W4_M51,0.019801980198019802
W4_M16,W4_M52,0.019801980198019802
W4_M16,W4_M53,0.019801980198019802
W4_M16,W4_M54,0.019801980198019802
W4_M16,W4_M55,0.019801980198019802
W4_M16,W4_M56,0.019801980198019802
W4_M16,W4_M57,0.019801980198019802
W4_M16,W4_M58,0.019801980198019802
W4_M16,W4_M59,0.019801980198019802
W4_M16,W4_M60,0.019801980198019802
W4_M16,W4_M61,0.019801980198019802
W4_M16,W4_M62,0.019801980198019802
W4_M16,W4_M63,0.019801980198019802
W4_M16,W4_M64,0.019801980198019802
W4_M16,W4_M65,0.019801980198019802
W4_M16,W4_M66,0.019801980198019802
W4_M16,W4_M67,0.019801980198019802
W4_M16,W4_M68,0.019801980198019802
W4_M16,W4_M69,0.019801980198019802
W4_M16,W4_M70,0.019801980198019802
W4_M16,W4_M71,0.019801980198019802
W4_M16,W4_M72,0.019801980198019802
W4_M16,W4_M73,0.019801980198019802
W4_M16,W4_M74,0.019801980198019802
W4_M16,W4_M75,0.019801980198019802
W4_M16,W4_M76,0.019801980198019802
W4_M16,W4_M77,0.019801980198019802
W4_M16,W4_M78,0.019801980198019802
W4_M17,W4_M18,0.019801980198019802
W4_M17,W4_M19,0.13861386138613863
W4_M17,W4_M20,0.594059405940594
W4_M17,W4_M21,0.2376237623762376
W4_M17,W4_M22,0.15841584158415842
W4_M17,W4_M23,0.3564356435643564
W4_M17,W4_M24,0.019801980198019802
W4_M17,W4_M25,0.0594059405940594
W4_M17,W4_M26,0.0594059405940594
W4_M17,W4_M27,0.039603960396039604
W4_M17,W4_M28,0.039603960396039604
W4_M17,W4_M29,0.019801980198019802
W4_M17,W4_M30,0.039603960396039604
W4_M17,W4_M31,0.25742574257425743
W4_M17,W4_M32,0.039603960396039604
W4_M17,W4_M33,0.019801980198019802
W4_M17,W4_M34,0.019801980198019802
W4_M17,W4_M35,0.019801980198019802
W4_M17,W4_M36,0.019801980198019802
W4_M17,W4_M37,0.019801980198019802
W4_M17,W4_M38,0.019801980198019802
W4_M17,W4_M39,0.019801980198019802
W4_M17,W4_M40,0.019801980198019802
W4_M17,W4_M41,0.019801980198019802
W4_M17,W4_M42,0.019801980198019802
W4_M17,W4_M43,0.019801980198019802
W4_M17,W4_M44,0.019801980198019802
W4_M17,W4_M45,0.019801980198019802
W4_M17,W4_M46,0.019801980198019802
W4_M17,W4_M47,0.019801980198019802
W4_M17,W4_M48,0.019801980198019802
W4_M17,W4_M49,0.019801980198019802
W4_M17,W4_M50,0.019801980198019802
W4_M17,W4_M51,0.019801980198019802
W4_M17,W4_M52,0.019801980198019802
W4_M17,W4_M53,0.019801980198019802
W4_M17,W4_M54,0.019801980198019802
W4_M17,W4_M55,0.019801980198019802
W4_M17,W4_M56,0.019801980198019802
W4_M17,W4_M57,0.019801980198019802
W4_M17,W4_M58,0.019801980198019802
W4_M17,W4_M59,0.019801980198019802
W4_M17,W4_M60,0.019801980198019802
W4_M17,W4_M61,0.019801980198019802
W4_M17,W4_M62,0.019801980198019802
W4_M17,W4_M63,0.019801980198019802
W4_M17,W4_M64,0.019801980198019802
W4_M17,W4_M65,0.019801980198019802
W4_M17,W4_M66,0.019801980198019802
W4_M17,W4_M67,0.019801980198019802
W4_M17,W4_M68,0.019801980198019802
W4_M17,W4_M69,0.019801980198019802
W4_M17,W4_M70,0.019801980198019802
W4_M17,W4_M71,0.019801980198019802
W4_M17,W4_M72,0.019801980198019802
W4_M17,W4_M73,0.019801980198019802
W4_M17,W4_M74,0.019801980198019802
W4_M17,W4_M75,0.019801980198019802
W4_M17,W4_M76,0.019801980198019802
W4_M17,W4_M77,0.019801980198019802
W4_M17,W4_M78,0.019801980198019802
W4_M18,W4_M19,0.4158415841584158
W4_M18,W4_M20,0.594059405940594
W4_M18,W4_M21,0.297029702970297
W4_M18,W4_M22,0.25742574257425743
W4_M18,W4_M23,0.43564356435643564
W4_M18,W4_M24,0.019801980198019802
W4_M18,W4_M25,0.039603960396039604
W4_M18,W4_M26,0.0594059405940594
W4_M18,W4_M27,0.039603960396039604
W4_M18,W4_M28,0.039603960396039604
W4_M18,W4_M29,0.039603960396039604
W4_M18,W4_M30,0.07920792079207921
W4_M18,W4_M31,0.21782178217821782
W4_M18,W4_M32,0.039603960396039604
W4_M18,W4_M33,0.039603960396039604
W4_M18,W4_M34,0.039603960396039604
W4_M18,W4_M35,0.019801980198019802
W4_M18,W4_M36,0.019801980198019802
W4_M18,W4_M37,0.019801980198019802
W4_M18,W4_M38,0.019801980198019802
W4_M18,W4_M39,0.019801980198019802
W4_M18,W4_M40,0.019801980198019802
W4_M18,W4_M41,0.019801980198019802
W4_M18,W4_M42,0.019801980198019802
W4_M18,W4_M43,0.019801980198019802
W4_M18,W4_M44,0.019801980198019802
W4_M18,W4_M45,0.019801980198019802
W4_M18,W4_M46,0.019801980198019802
W4_M18,W4_M47,0.019801980198019802
W4_M18,W4_M48,0.019801980198019802
W4_M18,W4_M49,0.019801980198019802
W4_M18,W4_M50,0.019801980198019802
W4_M18,W4_M51,0.019801980198019802
W4_M18,W4_M52,0.019801980198019802
W4_M18,W4_M53,0.019801980198019802
W4_M18,W4_M54,0.019801980198019802
W4_M18,W4_M55,0.019801980198019802
W4_M18,W4_M56,0.019801980198019802
W4_M18,W4_M57,0.019801980198019802
W4_M18,W4_M58,0.019801980198019802
W4_M18,W4_M59,0.019801980198019802
W4_M18,W4_M60,0.019801980198019802
W4_M18,W4_M61,0.019801980198019802
W4_M18,W4_M62,0.019801980198019802
W4_M18,W4_M63,0.019801980198019802
W4_M18,W4_M64,0.019801980198019802
W4_M18,W4_M65,0.019801980198019802
W4_M18,W4_M66,0.019801980198019802
W4_M18,W4_M67,0.019801980198019802
W4_M18,W4_M68,0.019801980198019802
W4_M18,W4_M69,0.019801980198019802
W4_M18,W4_M70,0.019801980198019802
W4_M18,W4_M71,0.019801980198019802
W4_M18,W4_M72,0.019801980198019802
W4_M18,W4_M73,0.019801980198019802
W4_M18,W4_M74,0.019801980198019802
W4_M18,W4_M75,0.019801980198019802
W4_M18,W4_M76,0.019801980198019802
W4_M18,W4_M77,0.019801980198019802
W4_M18,W4_M78,0.019801980198019802
W4_M19,W4_M20,0.5148514851485149
W4_M19,W4_M21,0.27722772277227725
W4_M19,W4_M22,0.297029702970297
W4_M19,W4_M23,0.43564356435643564
W4_M19,W4_M24,0.019801980198019802
W4_M19,W4_M25,0.1188118811881188
W4_M19,W4_M26,0.1188118811881188
W4_M19,W4_M27,0.039603960396039604
W4_M19,W4_M28,0.07920792079207921
W4_M19,W4_M29,0.019801980198019802
W4_M19,W4_M30,0.09900990099009901
W4_M19,W4_M31,0.1782178217821782
W4_M19,W4_M32,0.019801980198019802
W4_M19,W4_M33,0.039603960396039604
W4_M19,W4_M34,0.039603960396039604
W4_M19,W4_M35,0.019801980198019802
W4_M19,W4_M36,0.019801980198019802
W4_M19,W4_M37,0.019801980198019802
W4_M19,W4_M38,0.019801980198019802
W4_M19,W4_M39,0.019801980198019802
W4_M19,W4_M40,0.019801980198019802
W4_M19,W4_M41,0.019801980198019802
W4_M19,W4_M42,0.019801980198019802
W4_M19,W4_M43,0.019801980198019802
W4_M19,W4_M44,0.019801980198019802
W4_M19,W4_M45,0.019801980198019802
W4_M19,W4_M46,0.019801980198019802
W4_M19,W4_M47,0.019801980198019802
W4_M19,W4_M48,0.019801980198019802
W4_M19,W4_M49,0.019801980198019802
W4_M19,W4_M50,0.019801980198019802
W4_M19,W4_M51,0.019801980198019802
W4_M19,W4_M52,0.019801980198019802
W4_M19,W4_M53,0.019801980198019802
W4_M19,W4_M54,0.019801980198019802
W4_M19,W4_M55,0.019801980198019802
W4_M19,W4_M56,0.019801980198019802
W4_M19,W4_M57,0.019801980198019802
W4_M19,W4_M58,0.019801980198019802
W4_M19,W4_M59,0.019801980198019802
W4_M19,W4_M60,0.019801980198019802
W4_M19,W4_M61,0.019801980198019802
W4_M19,W4_M62,0.019801980198019802
W4_M19,W4_M63,0.019801980198019802
W4_M19,W4_M64,0.019801980198019802
W4_M19,W4_M65,0.019801980198019802
W4_M19,W4_M66,0.019801980198019802
W4_M19,W4_M67,0.019801980198019802
W4_M19,W4_M68,0.019801980198019802
W4_M19,W4_M69,0.019801980198019802
W4_M19,W4_M70,0.019801980198019802
W4_M19,W4_M71,0.019801980198019802
W4_M19,W4_M72,0.019801980198019802
W4_M19,W4_M73,0.019801980198019802
W4_M19,W4_M74,0.019801980198019802
W4_M19,W4_M75,0.019801980198019802
W4_M19,W4_M76,0.019801980198019802
W4_M19,W4_M77,0.019801980198019802
W4_M19,W4_M78,0.019801980198019802
W4_M20,W4_M21,0.7722772277227723
W4_M20,W4_M22,0.9108910891089109
W4_M20,W4_M23,0.43564356435643564
W4_M20,W4_M24,0.27722772277227725
W4_M20,W4_M25,0.09900990099009901
W4_M20,W4_M26,0.19801980198019803
W4_M20,W4_M27,0.2376237623762376
W4_M20,W4_M28,0.1188118811881188
W4_M20,W4_M29,0.15841584158415842
W4_M20,W4_M30,0.15841584158415842
W4_M20,W4_M31,0.594059405940594
W4_M20,W4_M32,0.15841584158415842
W4_M20,W4_M33,0.13861386138613863
W4_M20,W4_M34,0.09900990099009901
W4_M20,W4_M35,0.019801980198019802
W4_M20,W4_M36,0.019801980198019802
W4_M20,W4_M37,0.019801980198019802
W4_M20,W4_M38,0.019801980198019802
W4_M20,W4_M39,0.019801980198019802
W4_M20,W4_M40,0.039603960396039604
W4_M20,W4_M41,0.019801980198019802
W4_M20,W4_M42,0.019801980198019802
W4_M20,W4_M43,0.019801980198019802
W4_M20,W4_M44,0.019801980198019802
W4_M20,W4_M45,0.019801980198019802
W4_M20,W4_M46,0.039603960396039604
W4_M20,W4_M47,0.019801980198019802
W4_M20,W4_M48,0.019801980198019802
W4_M20,W4_M49,0.019801980198019802
W4_M20,W4_M50,0.019801980198019802
W4_M20,W4_M51,0.019801980198019802
W4_M20,W4_M52,0.019801980198019802
W4_M20,W4_M53,0.019801980198019802
W4_M20,W4_M54,0.019801980198019802
W4_M20,W4_M55,0.019801980198019802
W4_M20,W4_M56,0.019801980198019802
W4_M20,W4_M57,0.019801980198019802
W4_M20,W4_M58,0.019801980198019802
W4_M20,W4_M59,0.019801980198019802
W4_M20,W4_M60,0.019801980198019802
W4_M20,W4_M61,0.019801980198019802
W4_M20,W4_M62,0.019801980198019802
W4_M20,W4_M63,0.019801980198019802
W4_M20,W4_M64,0.019801980198019802
W4_M20,W4_M65,0.019801980198019802
W4_M20,W4_M66,0.019801980198019802
W4_M20,W4_M67,0.019801980198019802
W4_M20,W4_M68,0.019801980198019802
W4_M20,W4_M69,0.019801980198019802
W4_M20,W4_M70,0.019801980198019802
W4_M20,W4_M71,0.019801980198019802
W4_M20,W4_M72,0.019801980198019802
W4_M20,W4_M73,0.019801980198019802
W4_M20,W4_M74,0.019801980198019802
W4_M20,W4_M75,0.019801980198019802
W4_M20,W4_M76,0.019801980198019802
W4_M20,W4_M77,0.019801980198019802
W4_M20,W4_M78,0.019801980198019802
W4_M21,W4_M22,0.7524752475247525
W4_M21,W4_M23,0.7722772277227723
W4_M21,W4_M24,0.13861386138613863
W4_M21,W4_M25,0.25742574257425743
W4_M21,W4_M26,0.5544554455445545
W4_M21,W4_M27,0.297029702970297
W4_M21,W4_M28,0.37623762376237624
W4_M21,W4_M29,0.2376237623762376
W4_M21,W4_M30,0.07920792079207921
W4_M21,W4_M31,0.8118811881188119
W4_M21,W4_M32,0.1782178217821782
W4_M21,W4_M33,0.21782178217821782
W4_M21,W4_M34,0.019801980198019802
W4_M21,W4_M35,0.09900990099009901
W4_M21,W4_M36,0.039603960396039604
W4_M21,W4_M37,0.019801980198019802
W4_M21,W4_M38,0.039603960396039604
W4_M21,W4_M39,0.019801980198019802
W4_M21,W4_M40,0.019801980198019802
W4_M21,W4_M41,0.019801980198019802
W4_M21,W4_M42,0.019801980198019802
W4_M21,W4_M43,0.019801980198019802
W4_M21,W4_M44,0.019801980198019802
W4_M21,W4_M45,0.019801980198019802
W4_M21,W4_M46,0.019801980198019802
W4_M21,W4_M47,0.019801980198019802
W4_M21,W4_M48,0.019801980198019802
W4_M21,W4_M49,0.019801980198019802
W4_M21,W4_M50,0.019801980198019802
W4_M21,W4_M51,0.019801980198019802
W4_M21,W4_M52,0.019801980198019802
W4_M21,W4_M53,0.019801980198019802
W4_M21,W4_M54,0.019801980198019802
W4_M21,W4_M55,0.019801980198019802
W4_M21,W4_M56,0.019801980198019802
W4_M21,W4_M57,0.019801980198019802
W4_M21,W4_M58,0.019801980198019802
W4_M21,W4_M59,0.019801980198019802
W4_M21,W4_M60,0.019801980198019802
W4_M21,W4_M61,0.019801980198019802
W4_M21,W4_M62,0.019801980198019802
W4_M21,W4_M63,0.019801980198019802
W4_M21,W4_M64,0.019801980198019802
W4_M21,W4_M65,0.019801980198019802
W4_M21,W4_M66,0.019801980198019802
W4_M21,W4_M67,0.019801980198019802
W4_M21,W4_M68,0.019801980198019802
W4_M21,W4_M69,0.019801980198019802
W4_M21,W4_M70,0.019801980198019802
W4_M21,W4_M71,0.019801980198019802
W4_M21,W4_M72,0.019801980198019802
W4_M21,W4_M73,0.019801980198019802
W4_M21,W4_M74,0.019801980198019802
W4_M21,W4_M75,0.019801980198019802
W4_M21,W4_M76,0.019801980198019802
W4_M21,W4_M77,0.019801980198019802
W4_M21,W4_M78,0.019801980198019802
W4_M22,W4_M23,0.8118811881188119
W4_M22,W4_M24,0.07920792079207921
W4_M22,W4_M25,0.37623762376237624
W4_M22,W4_M26,0.297029702970297
W4_M22,W4_M27,0.37623762376237624
W4_M22,W4_M28,0.3564356435643564
W4_M22,W4_M29,0.25742574257425743
W4_M22,W4_M30,0.2376237623762376
W4_M22,W4_M31,0.9108910891089109
W4_M22,W4_M32,0.27722772277227725
W4_M22,W4_M33,0.19801980198019803
W4_M22,W4_M34,0.019801980198019802
W4_M22,W4_M35,0.07920792079207921
W4_M22,W4_M36,0.0594059405940594
W4_M22,W4_M37,0.039603960396039604
W4_M22,W4_M38,0.019801980198019802
W4_M22,W4_M39,0.019801980198019802
W4_M22,W4_M40,0.07920792079207921
W4_M22,W4_M41,0.019801980198019802
W4_M22,W4_M42,0.019801980198019802
W4_M22,W4_M43,0.019801980198019802
W4_M22,W4_M44,0.019801980198019802
W4_M22,W4_M45,0.019801980198019802
W4_M22,W4_M46,0.019801980198019802
W4_M22,W4_M47,0.019801980198019802
W4_M22,W4_M48,0.019801980198019802
W4_M22,W4_M49,0.019801980198019802
W4_M22,W4_M50,0.019801980198019802
W4_M22,W4_M51,0.019801980198019802
W4_M22,W4_M52,0.019801980198019802
W4_M22,W4_M53,0.019801980198019802
W4_M22,W4_M54,0.019801980198019802
W4_M22,W4_M55,0.019801980198019802
W4_M22,W4_M56,0.019801980198019802
W4_M22,W4_M57,0.019801980198019802
W4_M22,W4_M58,0.019801980198019802
W4_M22,W4_M59,0.019801980198019802
W4_M22,W4_M60,0.019801980198019802
W4_M22,W4_M61,0.019801980198019802
W4_M22,W4_M62,0.019801980198019802
W4_M22,W4_M63,0.019801980198019802
W4_M22,W4_M64,0.019801980198019802
W4_M22,W4_M65,0.019801980198019802
W4_M22,W4_M66,0.019801980198019802
W4_M22,W4_M67,0.019801980198019802
W4_M22,W4_M68,0.019801980198019802
W4_M22,W4_M69,0.019801980198019802
W4_M22,W4_M70,0.019801980198019802
W4_M22,W4_M71,0.019801980198019802
W4_M22,W4_M72,0.019801980198019802
W4_M22,W4_M73,0.019801980198019802
W4_M22,W4_M74,0.019801980198019802
W4_M22,W4_M75,0.019801980198019802
W4_M22,W4_M76,0.019801980198019802
W4_M22,W4_M77,0.019801980198019802
W4_M22,W4_M78,0.019801980198019802
W4_M23,W4_M24,0.6534653465346535
W4_M23,W4_M25,0.5544554455445545
W4_M23,W4_M26,0.6732673267326733
W4_M23,W4_M27,0.5346534653465347
W4_M23,W4_M28,0.5346534653465347
W4_M23,W4_M29,0.43564356435643564
W4_M23,W4_M30,0.43564356435643564
W4_M23,W4_M31,0.8514851485148515
W4_M23,W4_M32,0.43564356435643564
W4_M23,W4_M33,0.39603960396039606
W4_M23,W4_M34,0.15841584158415842
W4_M23,W4_M35,0.07920792079207921
W4_M23,W4_M36,0.039603960396039604
W4_M23,W4_M37,0.07920792079207921
W4_M23,W4_M38,0.039603960396039604
W4_M23,W4_M39,0.039603960396039604
W4_M23,W4_M40,0.13861386138613863
W4_M23,W4_M41,0.019801980198019802
W4_M23,W4_M42,0.019801980198019802
W4_M23,W4_M43,0.019801980198019802
W4_M23,W4_M44,0.039603960396039604
W4_M23,W4_M45,0.019801980198019802
W4_M23,W4_M46,0.019801980198019802
W4_M23,W4_M47,0.019801980198019802
W4_M23,W4_M48,0.019801980198019802
W4_M23,W4_M49,0.019801980198019802
W4_M23,W4_M50,0.019801980198019802
W4_M23,W4_M51,0.019801980198019802
W4_M23,W4_M52,0.019801980198019802
W4_M23,W4_M53,0.019801980198019802
W4_M23,W4_M54,0.019801980198019802
W4_M23,W4_M55,0.019801980198019802
W4_M23,W4_M56,0.019801980198019802
W4_M23,W4_M57,0.019801980198019802
W4_M23,W4_M58,0.019801980198019802
W4_M23,W4_M59,0.019801980198019802
W4_M23,W4_M60,0.019801980198019802
W4_M23,W4_M61,0.019801980198019802
W4_M23,W4_M62,0.019801980198019802
W4_M23,W4_M63,0.019801980198019802
W4_M23,W4_M64,0.019801980198019802
W4_M23,W4_M65,0.019801980198019802
W4_M23,W4_M66,0.019801980198019802
W4_M23,W4_M67,0.019801980198019802
W4_M23,W4_M68,0.019801980198019802
W4_M23,W4_M69,0.019801980198019802
W4_M23,W4_M70,0.019801980198019802
W4_M23,W4_M71,0.019801980198019802
W4_M23,W4_M72,0.019801980198019802
W4_M23,W4_M73,0.019801980198019802
W4_M23,W4_M74,0.019801980198019802
W4_M23,W4_M75,0.019801980198019802
W4_M23,W4_M76,0.019801980198019802
W4_M23,W4_M77,0.019801980198019802
W4_M23,W4_M78,0.019801980198019802
W4_M24,W4_M25,0.8712871287128713
W4_M24,W4_M26,0.7326732673267327
W4_M24,W4_M27,0.7524752475247525
W4_M24,W4_M28,0.7722772277227723
W4_M24,W4_M29,0.7326732673267327
W4_M24,W4_M30,0.6534653465346535
W4_M24,W4_M31,0.5346534653465347
W4_M24,W4_M32,0.6336633663366337
W4_M24,W4_M33,0.5148514851485149
W4_M24,W4_M34,0.21782178217821782
W4_M24,W4_M35,0.1188118811881188
W4_M24,W4_M36,0.1188118811881188
W4_M24,W4_M37,0.0594059405940594
W4_M24,W4_M38,0.07920792079207921
W4_M24,W4_M39,0.019801980198019802
W4_M24,W4_M40,0.19801980198019803
W4_M24,W4_M41,0.039603960396039604
W4_M24,W4_M42,0.019801980198019802
W4_M24,W4_M43,0.039603960396039604
W4_M24,W4_M44,0.019801980198019802
W4_M24,W4_M45,0.019801980198019802
W4_M24,W4_M46,0.019801980198019802
W4_M24,W4_M47,0.019801980198019802
W4_M24,W4_M48,0.019801980198019802
W4_M24,W4_M49,0.019801980198019802
W4_M24,W4_M50,0.039603960396039604
W4_M24,W4_M51,0.019801980198019802
W4_M24,W4_M52,0.019801980198019802
W4_M24,W4_M53,0.019801980198019802
W4_M24,W4_M54,0.019801980198019802
W4_M24,W4_M55,0.019801980198019802
W4_M24,W4_M56,0.019801980198019802
W4_M24,W4_M57,0.019801980198019802
W4_M24,W4_M58,0.019801980198019802
W4_M24,W4_M59,0.019801980198019802
W4_M24,W4_M60,0.019801980198019802
W4_M24,W4_M61,0.019801980198019802
W4_M24,W4_M62,0.019801980198019802
W4_M24,W4_M63,0.019801980198019802
W4_M24,W4_M64,0.019801980198019802
W4_M24,W4_M65,0.019801980198019802
W4_M24,W4_M66,0.019801980198019802
W4_M24,W4_M67,0.019801980198019802
W4_M24,W4_M68,0.019801980198019802
W4_M24,W4_M69,0.019801980198019802
W4_M24,W4_M70,0.019801980198019802
W4_M24,W4_M71,0.019801980198019802
W4_M24,W4_M72,0.019801980198019802
W4_M24,W4_M73,0.019801980198019802
W4_M24,W4_M74,0.019801980198019802
W4_M24,W4_M75,0.019801980198019802
W4_M24,W4_M76,0.019801980198019802
W4_M24,W4_M77,0.019801980198019802
W4_M24,W4_M78,0.019801980198019802
W4_M25,W4_M26,0.15841584158415842
W4_M25,W4_M27,0.9504950495049505
W4_M25,W4_M28,0.7524752475247525
W4_M25,W4_M29,0.8316831683168316
W4_M25,W4_M30,0.9702970297029703
W4_M25,W4_M31,0.297029702970297
W4_M25,W4_M32,0.8118811881188119
W4_M25,W4_M33,0.7128712871287128
W4_M25,W4_M34,0.5346534653465347
W4_M25,W4_M35,0.09900990099009901
W4_M25,W4_M36,0.1782178217821782
W4_M25,W4_M37,0.019801980198019802
W4_M25,W4_M38,0.019801980198019802
W4_M25,W4_M39,0.019801980198019802
W4_M25,W4_M40,0.0594059405940594
W4_M25,W4_M41,0.019801980198019802
W4_M25,W4_M42,0.039603960396039604
W4_M25,W4_M43,0.019801980198019802
W4_M25,W4_M44,0.0594059405940594
W4_M25,W4_M45,0.019801980198019802
W4_M25,W4_M46,0.019801980198019802
W4_M25,W4_M47,0.019801980198019802
W4_M25,W4_M48,0.019801980198019802
W4_M25,W4_M49,0.019801980198019802
W4_M25,W4_M50,0.019801980198019802
W4_M25,W4_M51,0.019801980198019802
W4_M25,W4_M52,0.019801980198019802
W4_M25,W4_M53,0.019801980198019802
W4_M25,W4_M54,0.019801980198019802
W4_M25,W4_M55,0.019801980198019802
W4_M25,W4_M56,0.019801980198019802
W4_M25,W4_M57,0.019801980198019802
W4_M25,W4_M58,0.019801980198019802
W4_M25,W4_M59,0.019801980198019802
W4_M25,W4_M60,0.019801980198019802
W4_M25,W4_M61,0.019801980198019802
W4_M25,W4_M62,0.019801980198019802
W4_M25,W4_M63,0.019801980198019802
W4_M25,W4_M64,0.019801980198019802
W4_M25,W4_M65,0.019801980198019802
W4_M25,W4_M66,0.019801980198019802
W4_M25,W4_M67,0.019801980198019802
W4_M25,W4_M68,0.019801980198019802
W4_M25,W4_M69,0.019801980198019802
W4_M25,W4_M70,0.019801980198019802
W4_M25,W4_M71,0.019801980198019802
W4_M25,W4_M72,0.019801980198019802
W4_M25,W4_M73,0.019801980198019802
W4_M25,W4_M74,0.019801980198019802
W4_M25,W4_M75,0.019801980198019802
W4_M25,W4_M76,0.019801980198019802
W4_M25,W4_M77,0.019801980198019802
W4_M25,W4_M78,0.019801980198019802
W4_M26,W4_M27,0.7524752475247525
W4_M26,W4_M28,0.7722772277227723
W4_M26,W4_M29,0.9504950495049505
W4_M26,W4_M30,0.9504950495049505
W4_M26,W4_M31,0.37623762376237624
W4_M26,W4_M32,0.8910891089108911
W4_M26,W4_M33,0.8514851485148515
W4_M26,W4_M34,0.37623762376237624
W4_M26,W4_M35,0.0594059405940594
W4_M26,W4_M36,0.19801980198019803
W4_M26,W4_M37,0.019801980198019802
W4_M26,W4_M38,0.019801980198019802
W4_M26,W4_M39,0.019801980198019802
W4_M26,W4_M40,0.09900990099009901
W4_M26,W4_M41,0.019801980198019802
W4_M26,W4_M42,0.07920792079207921
W4_M26,W4_M43,0.019801980198019802
W4_M26,W4_M44,0.019801980198019802
W4_M26,W4_M45,0.019801980198019802
W4_M26,W4_M46,0.019801980198019802
W4_M26,W4_M47,0.019801980198019802
W4_M26,W4_M48,0.019801980198019802
W4_M26,W4_M49,0.019801980198019802
W4_M26,W4_M50,0.019801980198019802
W4_M26,W4_M51,0.019801980198019802
W4_M26,W4_M52,0.019801980198019802
W4_M26,W4_M53,0.019801980198019802
W4_M26,W4_M54,0.019801980198019802
W4_M26,W4_M55,0.019801980198019802
W4_M26,W4_M56,0.019801980198019802
W4_M26,W4_M57,0.019801980198019802
W4_M26,W4_M58,0.019801980198019802
W4_M26,W4_M59,0.019801980198019802
W4_M26,W4_M60,0.019801980198019802
W4_M26,W4_M61,0.019801980198019802
W4_M26,W4_M62,0.019801980198019802
W4_M26,W4_M63,0.019801980198019802
W4_M26,W4_M64,0.019801980198019802
W4_M26,W4_M65,0.019801980198019802
W4_M26,W4_M66,0.019801980198019802
W4_M26,W4_M67,0.019801980198019802
W4_M26,W4_M68,0.019801980198019802
W4_M26,W4_M69,0.019801980198019802
W4_M26,W4_M70,0.019801980198019802
W4_M26,W4_M71,0.019801980198019802
W4_M26,W4_M72,0.019801980198019802
W4_M26,W4_M73,0.019801980198019802
W4_M26,W4_M74,0.019801980198019802
W4_M26,W4_M75,0.019801980198019802
W4_M26,W4_M76,0.019801980198019802
W4_M26,W4_M77,0.019801980198019802
W4_M26,W4_M78,0.019801980198019802
W4_M27,W4_M28,0.9108910891089109
W4_M27,W4_M29,0.9504950495049505
W4_M27,W4_M30,0.7326732673267327
W4_M27,W4_M31,0.09900990099009901
W4_M27,W4_M32,0.594059405940594
W4_M27,W4_M33,0.7326732673267327
W4_M27,W4_M34,0.6534653465346535
W4_M27,W4_M35,0.019801980198019802
W4_M27,W4_M36,0.19801980198019803
W4_M27,W4_M37,0.019801980198019802
W4_M27,W4_M38,0.019801980198019802
W4_M27,W4_M39,0.019801980198019802
W4_M27,W4_M40,0.07920792079207921
W4_M27,W4_M41,0.019801980198019802
W4_M27,W4_M42,0.019801980198019802
W4_M27,W4_M43,0.019801980198019802
W4_M27,W4_M44,0.019801980198019802
W4_M27,W4_M45,0.019801980198019802
W4_M27,W4_M46,0.019801980198019802
W4_M27,W4_M47,0.019801980198019802
W4_M27,W4_M48,0.019801980198019802
W4_M27,W4_M49,0.019801980198019802
W4_M27,W4_M50,0.019801980198019802
W4_M27,W4_M51,0.019801980198019802
W4_M27,W4_M52,0.019801980198019802
W4_M27,W4_M53,0.019801980198019802
W4_M27,W4_M54,0.019801980198019802
W4_M27,W4_M55,0.019801980198019802
W4_M27,W4_M56,0.019801980198019802
W4_M27,W4_M57,0.019801980198019802
W4_M27,W4_M58,0.019801980198019802
W4_M27,W4_M59,0.019801980198019802
W4_M27,W4_M60,0.019801980198019802
W4_M27,W4_M61,0.019801980198019802
W4_M27,W4_M62,0.019801980198019802
W4_M27,W4_M63,0.019801980198019802
W4_M27,W4_M64,0.019801980198019802
W4_M27,W4_M65,0.019801980198019802
W4_M27,W4_M66,0.019801980198019802
W4_M27,W4_M67,0.019801980198019802
W4_M27,W4_M68,0.019801980198019802
W4_M27,W4_M69,0.019801980198019802
W4_M27,W4_M70,0.019801980198019802
W4_M27,W4_M71,0.019801980198019802
W4_M27,W4_M72,0.019801980198019802
W4_M27,W4_M73,0.019801980198019802
W4_M27,W4_M74,0.019801980198019802
W4_M27,W4_M75,0.019801980198019802
W4_M27,W4_M76,0.019801980198019802
W4_M27,W4_M77,0.019801980198019802
W4_M27,W4_M78,0.019801980198019802
W4_M28,W4_M29,0.9306930693069307
W4_M28,W4_M30,0.7128712871287128
W4_M28,W4_M31,0.1782178217821782
W4_M28,W4_M32,0.8712871287128713
W4_M28,W4_M33,0.7920792079207921
W4_M28,W4_M34,0.5346534653465347
W4_M28,W4_M35,0.039603960396039604
W4_M28,W4_M36,0.1188118811881188
W4_M28,W4_M37,0.019801980198019802
W4_M28,W4_M38,0.019801980198019802
W4_M28,W4_M39,0.019801980198019802
W4_M28,W4_M40,0.019801980198019802
W4_M28,W4_M41,0.019801980198019802
W4_M28,W4_M42,0.019801980198019802
W4_M28,W4_M43,0.019801980198019802
W4_M28,W4_M44,0.07920792079207921
W4_M28,W4_M45,0.019801980198019802
W4_M28,W4_M46,0.039603960396039604
W4_M28,W4_M47,0.019801980198019802
W4_M28,W4_M48,0.019801980198019802
W4_M28,W4_M49,0.019801980198019802
W4_M28,W4_M50,0.019801980198019802
W4_M28,W4_M51,0.019801980198019802
W4_M28,W4_M52,0.019801980198019802
W4_M28,W4_M53,0.019801980198019802
W4_M28,W4_M54,0.019801980198019802
W4_M28,W4_M55,0.019801980198019802
W4_M28,W4_M56,0.019801980198019802
W4_M28,W4_M57,0.019801980198019802
W4_M28,W4_M58,0.019801980198019802
W4_M28,W4_M59,0.019801980198019802
W4_M28,W4_M60,0.019801980198019802
W4_M28,W4_M61,0.019801980198019802
W4_M28,W4_M62,0.019801980198019802
W4_M28,W4_M63,0.019801980198019802
W4_M28,W4_M64,0.019801980198019802
W4_M28,W4_M65,0.019801980198019802
W4_M28,W4_M66,0.019801980198019802
W4_M28,W4_M67,0.019801980198019802
W4_M28,W4_M68,0.019801980198019802
W4_M28,W4_M69,0.019801980198019802
W4_M28,W4_M70,0.019801980198019802
W4_M28,W4_M71,0.019801980198019802
W4_M28,W4_M72,0.019801980198019802
W4_M28,W4_M73,0.019801980198019802
W4_M28,W4_M74,0.019801980198019802
W4_M28,W4_M75,0.019801980198019802
W4_M28,W4_M76,0.019801980198019802
W4_M28,W4_M77,0.019801980198019802
W4_M28,W4_M78,0.019801980198019802
W4_M29,W4_M30,0.8712871287128713
W4_M29,W4_M31,0.39603960396039606
W4_M29,W4_M32,0.8910891089108911
W4_M29,W4_M33,0.49504950495049505
W4_M29,W4_M34,0.5544554455445545
W4_M29,W4_M35,0.37623762376237624
W4_M29,W4_M36,0.1782178217821782
W4_M29,W4_M37,0.0594059405940594
W4_M29,W4_M38,0.0594059405940594
W4_M29,W4_M39,0.07920792079207921
W4_M29,W4_M40,0.37623762376237624
W4_M29,W4_M41,0.039603960396039604
W4_M29,W4_M42,0.0594059405940594
W4_M29,W4_M43,0.07920792079207921
W4_M29,W4_M44,0.019801980198019802
W4_M29,W4_M45,0.019801980198019802
W4_M29,W4_M46,0.019801980198019802
W4_M29,W4_M47,0.039603960396039604
W4_M29,W4_M48,0.07920792079207921
W4_M29,W4_M49,0.019801980198019802
W4_M29,W4_M50,0.019801980198019802
W4_M29,W4_M51,0.019801980198019802
W4_M29,W4_M52,0.019801980198019802
W4_M29,W4_M53,0.019801980198019802
W4_M29,W4_M54,0.019801980198019802
W4_M29,W4_M55,0.019801980198019802
W4_M29,W4_M56,0.019801980198019802
W4_M29,W4_M57,0.019801980198019802
W4_M29,W4_M58,0.019801980198019802
W4_M29,W4_M59,0.019801980198019802
W4_M29,W4_M60,0.019801980198019802
W4_M29,W4_M61,0.019801980198019802
W4_M29,W4_M62,0.019801980198019802
W4_M29,W4_M63,0.019801980198019802
W4_M29,W4_M64,0.019801980198019802
W4_M29,W4_M65,0.019801980198019802
W4_M29,W4_M66,0.019801980198019802
W4_M29,W4_M67,0.019801980198019802
W4_M29,W4_M68,0.019801980198019802
W4_M29,W4_M69,0.019801980198019802
W4_M29,W4_M70,0.019801980198019802
W4_M29,W4_M71,0.019801980198019802
W4_M29,W4_M72,0.019801980198019802
W4_M29,W4_M73,0.019801980198019802
W4_M29,W4_M74,0.019801980198019802
W4_M29,W4_M75,0.019801980198019802
W4_M29,W4_M76,0.019801980198019802
W4_M29,W4_M77,0.019801980198019802
W4_M29,W4_M78,0.019801980198019802
W4_M30,W4_M31,0.019801980198019802
W4_M30,W4_M32,0.8712871287128713
W4_M30,W4_M33,0.6534653465346535
W4_M30,W4_M34,0.6732673267326733
W4_M30,W4_M35,0.297029702970297
W4_M30,W4_M36,0.27722772277227725
W4_M30,W4_M37,0.019801980198019802
W4_M30,W4_M38,0.019801980198019802
W4_M30,W4_M39,0.019801980198019802
W4_M30,W4_M40,0.3564356435643564
W4_M30,W4_M41,0.019801980198019802
W4_M30,W4_M42,0.019801980198019802
W4_M30,W4_M43,0.019801980198019802
W4_M30,W4_M44,0.039603960396039604
W4_M30,W4_M45,0.019801980198019802
W4_M30,W4_M46,0.019801980198019802
W4_M30,W4_M47,0.019801980198019802
W4_M30,W4_M48,0.019801980198019802
W4_M30,W4_M49,0.019801980198019802
W4_M30,W4_M50,0.019801980198019802
W4_M30,W4_M51,0.019801980198019802
W4_M30,W4_M52,0.019801980198019802
W4_M30,W4_M53,0.019801980198019802
W4_M30,W4_M54,0.019801980198019802
W4_M30,W4_M55,0.019801980198019802
W4_M30,W4_M56,0.019801980198019802
W4_M30,W4_M57,0.019801980198019802
W4_M30,W4_M58,0.019801980198019802
W4_M30,W4_M59,0.019801980198019802
W4_M30,W4_M60,0.019801980198019802
W4_M30,W4_M61,0.019801980198019802
W4_M30,W4_M62,0.019801980198019802
W4_M30,W4_M63,0.019801980198019802
W4_M30,W4_M64,0.019801980198019802
W4_M30,W4_M65,0.019801980198019802
W4_M30,W4_M66,0.019801980198019802
W4_M30,W4_M67,0.019801980198019802
W4_M30,W4_M68,0.019801980198019802
W4_M30,W4_M69,0.019801980198019802
W4_M30,W4_M70,0.019801980198019802
W4_M30,W4_M71,0.019801980198019802
W4_M30,W4_M72,0.019801980198019802
W4_M30,W4_M73,0.019801980198019802
W4_M30,W4_M74,0.019801980198019802
W4_M30,W4_M75,0.019801980198019802
W4_M30,W4_M76,0.019801980198019802
W4_M30,W4_M77,0.019801980198019802
W4_M30,W4_M78,0.019801980198019802
W4_M31,W4_M32,0.019801980198019802
W4_M31,W4_M33,0.019801980198019802
W4_M31,W4_M34,0.19801980198019803
W4_M31,W4_M35,0.019801980198019802
W4_M31,W4_M36,0.019801980198019802
W4_M31,W4_M37,0.019801980198019802
W4_M31,W4_M38,0.019801980198019802
W4_M31,W4_M39,0.019801980198019802
W4_M31,W4_M40,0.039603960396039604
W4_M31,W4_M41,0.019801980198019802
W4_M31,W4_M42,0.019801980198019802
W4_M31,W4_M43,0.019801980198019802
W4_M31,W4_M44,0.019801980198019802
W4_M31,W4_M45,0.019801980198019802
W4_M31,W4_M46,0.019801980198019802
W4_M31,W4_M47,0.019801980198019802
W4_M31,W4_M48,0.019801980198019802
W4_M31,W4_M49,0.019801980198019802
W4_M31,W4_M50,0.019801980198019802
W4_M31,W4_M51,0.019801980198019802
W4_M31,W4_M52,0.019801980198019802
W4_M31,W4_M53,0.019801980198019802
W4_M31,W4_M54,0.019801980198019802
W4_M31,W4_M55,0.019801980198019802
W4_M31,W4_M56,0.019801980198019802
W4_M31,W4_M57,0.019801980198019802
W4_M31,W4_M58,0.019801980198019802
W4_M31,W4_M59,0.019801980198019802
W4_M31,W4_M60,0.019801980198019802
W4_M31,W4_M61,0.019801980198019802
W4_M31,W4_M62,0.019801980198019802
W4_M31,W4_M63,0.019801980198019802
W4_M31,W4_M64,0.019801980198019802
W4_M31,W4_M65,0.019801980198019802
W4_M31,W4_M66,0.019801980198019802
W4_M31,W4_M67,0.019801980198019802
W4_M31,W4_M68,0.019801980198019802
W4_M31,W4_M69,0.019801980198019802
W4_M31,W4_M70,0.019801980198019802
W4_M31,W4_M71,0.019801980198019802
W4_M31,W4_M72,0.019801980198019802
W4_M31,W4_M73,0.019801980198019802
W4_M31,W4_M74,0.019801980198019802
W4_M31,W4_M75,0.019801980198019802
W4_M31,W4_M76,0.019801980198019802
W4_M31,W4_M77,0.019801980198019802
W4_M31,W4_M78,0.019801980198019802
W4_M32,W4_M33,0.8316831683168316
W4_M32,W4_M34,0.45544554455445546
W4_M32,W4_M35,0.2376237623762376
W4_M32,W4_M36,0.1188118811881188
W4_M32,W4_M37,0.019801980198019802
W4_M32,W4_M38,0.019801980198019802
W4_M32,W4_M39,0.019801980198019802
W4_M32,W4_M40,0.15841584158415842
W4_M32,W4_M41,0.019801980198019802
W4_M32,W4_M42,0.019801980198019802
W4_M32,W4_M43,0.019801980198019802
W4_M32,W4_M44,0.039603960396039604
W4_M32,W4_M45,0.019801980198019802
W4_M32,W4_M46,0.019801980198019802
W4_M32,W4_M47,0.019801980198019802
W4_M32,W4_M48,0.019801980198019802
W4_M32,W4_M49,0.019801980198019802
W4_M32,W4_M50,0.019801980198019802
W4_M32,W4_M51,0.019801980198019802
W4_M32,W4_M52,0.019801980198019802
W4_M32,W4_M53,0.019801980198019802
W4_M32,W4_M54,0.019801980198019802
W4_M32,W4_M55,0.019801980198019802
W4_M32,W4_M56,0.019801980198019802
W4_M32,W4_M57,0.019801980198019802
W4_M32,W4_M58,0.019801980198019802
W4_M32,W4_M59,0.019801980198019802
W4_M32,W4_M60,0.019801980198019802
W4_M32,W4_M61,0.019801980198019802
W4_M32,W4_M62,0.019801980198019802
W4_M32,W4_M63,0.019801980198019802
W4_M32,W4_M64,0.019801980198019802
W4_M32,W4_M65,0.019801980198019802
W4_M32,W4_M66,0.019801980198019802
W4_M32,W4_M67,0.019801980198019802
W4_M32,W4_M68,0.019801980198019802
W4_M32,W4_M69,0.019801980198019802
W4_M32,W4_M70,0.019801980198019802
W4_M32,W4_M71,0.019801980198019802
W4_M32,W4_M72,0.019801980198019802
W4_M32,W4_M73,0.019801980198019802
W4_M32,W4_M74,0.019801980198019802
W4_M32,W4_M75,0.019801980198019802
W4_M32,W4_M76,0.019801980198019802
W4_M32,W4_M77,0.019801980198019802
W4_M32,W4_M78,0.019801980198019802
W4_M33,W4_M34,0.7920792079207921
W4_M33,W4_M35,0.2376237623762376
W4_M33,W4_M36,0.2376237623762376
W4_M33,W4_M37,0.019801980198019802
W4_M33,W4_M38,0.019801980198019802
W4_M33,W4_M39,0.019801980198019802
W4_M33,W4_M40,0.297029702970297
W4_M33,W4_M41,0.039603960396039604
W4_M33,W4_M42,0.019801980198019802
W4_M33,W4_M43,0.019801980198019802
W4_M33,W4_M44,0.019801980198019802
W4_M33,W4_M45,0.019801980198019802
W4_M33,W4_M46,0.019801980198019802
W4_M33,W4_M47,0.019801980198019802
W4_M33,W4_M48,0.039603960396039604
W4_M33,W4_M49,0.019801980198019802
W4_M33,W4_M50,0.019801980198019802
W4_M33,W4_M51,0.019801980198019802
W4_M33,W4_M52,0.019801980198019802
W4_M33,W4_M53,0.019801980198019802
W4_M33,W4_M54,0.019801980198019802
W4_M33,W4_M55,0.019801980198019802
W4_M33,W4_M56,0.019801980198019802
W4_M33,W4_M57,0.019801980198019802
W4_M33,W4_M58,0.019801980198019802
W4_M33,W4_M59,0.019801980198019802
W4_M33,W4_M60,0.019801980198019802
W4_M33,W4_M61,0.019801980198019802
W4_M33,W4_M62,0.019801980198019802
W4_M33,W4_M63,0.019801980198019802
W4_M33,W4_M64,0.019801980198019802
W4_M33,W4_M65,0.019801980198019802
W4_M33,W4_M66,0.019801980198019802
W4_M33,W4_M67,0.019801980198019802
W4_M33,W4_M68,0.019801980198019802
W4_M33,W4_M69,0.019801980198019802
W4_M33,W4_M70,0.019801980198019802
W4_M33,W4_M71,0.019801980198019802
W4_M33,W4_M72,0.019801980198019802
W4_M33,W4_M73,0.019801980198019802
W4_M33,W4_M74,0.019801980198019802
W4_M33,W4_M75,0.019801980198019802
W4_M33,W4_M76,0.019801980198019802
W4_M33,W4_M77,0.019801980198019802
W4_M33,W4_M78,0.019801980198019802
W4_M34,W4_M35,0.6138613861386139
W4_M34,W4_M36,0.5346534653465347
W4_M34,W4_M37,0.1188118811881188
W4_M34,W4_M38,0.0594059405940594
W4_M34,W4_M39,0.1782178217821782
W4_M34,W4_M40,0.6534653465346535
W4_M34,W4_M41,0.15841584158415842
W4_M34,W4_M42,0.039603960396039604
W4_M34,W4_M43,0.13861386138613863
W4_M34,W4_M44,0.0594059405940594
W4_M34,W4_M45,0.039603960396039604
W4_M34,W4_M46,0.09900990099009901
W4_M34,W4_M47,0.0594059405940594
W4_M34,W4_M48,0.15841584158415842
W4_M34,W4_M49,0.019801980198019802
W4_M34,W4_M50,0.039603960396039604
W4_M34,W4_M51,0.019801980198019802
W4_M34,W4_M52,0.019801980198019802
W4_M34,W4_M53,0.019801980198019802
W4_M34,W4_M54,0.019801980198019802
W4_M34,W4_M55,0.019801980198019802
W4_M34,W4_M56,0.019801980198019802
W4_M34,W4_M57,0.019801980198019802
W4_M34,W4_M58,0.019801980198019802
W4_M34,W4_M59,0.019801980198019802
W4_M34,W4_M60,0.019801980198019802
W4_M34,W4_M61,0.019801980198019802
W4_M34,W4_M62,0.019801980198019802
W4_M34,W4_M63,0.019801980198019802
W4_M34,W4_M64,0.019801980198019802
W4_M34,W4_M65,0.019801980198019802
W4_M34,W4_M66,0.019801980198019802
W4_M34,W4_M67,0.019801980198019802
W4_M34,W4_M68,0.019801980198019802
W4_M34,W4_M69,0.019801980198019802
W4_M34,W4_M70,0.019801980198019802
W4_M34,W4_M71,0.019801980198019802
W4_M34,W4_M72,0.019801980198019802
W4_M34,W4_M73,0.019801980198019802
W4_M34,W4_M74,0.019801980198019802
W4_M34,W4_M75,0.019801980198019802
W4_M34,W4_M76,0.019801980198019802
W4_M34,W4_M77,0.019801980198019802
W4_M34,W4_M78,0.019801980198019802
W4_M35,W4_M36,0.8514851485148515
W4_M35,W4_M37,0.0594059405940594
W4_M35,W4_M38,0.13861386138613863
W4_M35,W4_M39,0.0594059405940594
W4_M35,W4_M40,0.9900990099009901
W4_M35,W4_M41,0.019801980198019802
W4_M35,W4_M42,0.15841584158415842
W4_M35,W4_M43,0.019801980198019802
W4_M35,W4_M44,0.13861386138613863
W4_M35,W4_M45,0.019801980198019802
W4_M35,W4_M46,0.0594059405940594
W4_M35,W4_M47,0.0594059405940594
W4_M35,W4_M48,0.019801980198019802
W4_M35,W4_M49,0.039603960396039604
W4_M35,W4_M50,0.019801980198019802
W4_M35,W4_M51,0.019801980198019802
W4_M35,W4_M52,0.019801980198019802
W4_M35,W4_M53,0.039603960396039604
W4_M35,W4_M54,0.019801980198019802
W4_M35,W4_M55,0.019801980198019802
W4_M35,W4_M56,0.019801980198019802
W4_M35,W4_M57,0.0594059405940594
W4_M35,W4_M58,0.019801980198019802
W4_M35,W4_M59,0.019801980198019802
W4_M35,W4_M60,0.019801980198019802
W4_M35,W4_M61,0.019801980198019802
W4_M35,W4_M62,0.019801980198019802
W4_M35,W4_M63,0.019801980198019802
W4_M35,W4_M64,0.019801980198019802
W4_M35,W4_M65,0.019801980198019802
W4_M35,W4_M66,0.019801980198019802
W4_M35,W4_M67,0.019801980198019802
W4_M35,W4_M68,0.019801980198019802
W4_M35,W4_M69,0.019801980198019802
W4_M35,W4_M70,0.019801980198019802
W4_M35,W4_M71,0.019801980198019802
W4_M35,W4_M72,0.019801980198019802
W4_M35,W4_M73,0.019801980198019802
W4_M35,W4_M74,0.019801980198019802
W4_M35,W4_M75,0.019801980198019802
W4_M35,W4_M76,0.019801980198019802
W4_M35,W4_M77,0.019801980198019802
W4_M35,W4_M78,0.019801980198019802
W4_M36,W4_M37,0.31683168316831684
W4_M36,W4_M38,0.2376237623762376
W4_M36,W4_M39,0.33663366336633666
W4_M36,W4_M40,0.7524752475247525
W4_M36,W4_M41,0.25742574257425743
W4_M36,W4_M42,0.33663366336633666
W4_M36,W4_M43,0.31683168316831684
W4_M36,W4_M44,0.31683168316831684
W4_M36,W4_M45,0.27722772277227725
W4_M36,W4_M46,0.13861386138613863
W4_M36,W4_M47,0.25742574257425743
W4_M36,W4_M48,0.09900990099009901
W4_M36,W4_M49,0.1188118811881188
W4_M36,W4_M50,0.1188118811881188
W4_M36,W4_M51,0.0594059405940594
W4_M36,W4_M52,0.039603960396039604
W4_M36,W4_M53,0.019801980198019802
W4_M36,W4_M54,0.019801980198019802
W4_M36,W4_M55,0.019801980198019802
W4_M36,W4_M56,0.039603960396039604
W4_M36,W4_M57,0.019801980198019802
W4_M36,W4_M58,0.039603960396039604
W4_M36,W4_M59,0.019801980198019802
W4_M36,W4_M60,0.039603960396039604
W4_M36,W4_M61,0.019801980198019802
W4_M36,W4_M62,0.019801980198019802
W4_M36,W4_M63,0.019801980198019802
W4_M36,W4_M64,0.019801980198019802
W4_M36,W4_M65,0.019801980198019802
W4_M36,W4_M66,0.0594059405940594
W4_M36,W4_M67,0.019801980198019802
W4_M36,W4_M68,0.019801980198019802
W4_M36,W4_M69,0.019801980198019802
W4_M36,W4_M70,0.019801980198019802
W4_M36,W4_M71,0.019801980198019802
W4_M36,W4_M72,0.019801980198019802
W4_M36,W4_M73,0.019801980198019802
W4_M36,W4_M74,0.019801980198019802
W4_M36,W4_M75,0.019801980198019802
W4_M36,W4_M76,0.019801980198019802
W4_M36,W4_M77,0.019801980198019802
W4_M36,W4_M78,0.019801980198019802
W4_M37,W4_M38,0.6138613861386139
W4_M37,W4_M39,0.6534653465346535
W4_M37,W4_M40,0.019801980198019802
W4_M37,W4_M41,0.6138613861386139
W4_M37,W4_M42,0.7524752475247525
W4_M37,W4_M43,0.31683168316831684
W4_M37,W4_M44,0.8712871287128713
W4_M37,W4_M45,0.27722772277227725
W4_M37,W4_M46,0.33663366336633666
W4_M37,W4_M47,0.31683168316831684
W4_M37,W4_M48,0.6732673267326733
W4_M37,W4_M49,0.07920792079207921
W4_M37,W4_M50,0.019801980198019802
W4_M37,W4_M51,0.019801980198019802
W4_M37,W4_M52,0.1188118811881188
W4_M37,W4_M53,0.09900990099009901
W4_M37,W4_M54,0.09900990099009901
W4_M37,W4_M55,0.07920792079207921
W4_M37,W4_M56,0.1188118811881188
W4_M37,W4_M57,0.15841584158415842
W4_M37,W4_M58,0.1188118811881188
W4_M37,W4_M59,0.09900990099009901
W4_M37,W4_M60,0.13861386138613863
W4_M37,W4_M61,0.07920792079207921
W4_M37,W4_M62,0.019801980198019802
W4_M37,W4_M63,0.13861386138613863
W4_M37,W4_M64,0.019801980198019802
W4_M37,W4_M65,0.039603960396039604
W4_M37,W4_M66,0.15841584158415842
W4_M37,W4_M67,0.039603960396039604
W4_M37,W4_M68,0.019801980198019802
W4_M37,W4_M69,0.019801980198019802
W4_M37,W4_M70,0.019801980198019802
W4_M37,W4_M71,0.019801980198019802
W4_M37,W4_M72,0.019801980198019802
W4_M37,W4_M73,0.019801980198019802
W4_M37,W4_M74,0.019801980198019802
W4_M37,W4_M75,0.019801980198019802
W4_M37,W4_M76,0.019801980198019802
W4_M37,W4_M77,0.019801980198019802
W4_M37,W4_M78,0.019801980198019802
W4_M38,W4_M39,0.9900990099009901
W4_M38,W4_M40,0.019801980198019802
W4_M38,W4_M41,0.9504950495049505
W4_M38,W4_M42,0.9702970297029703
W4_M38,W4_M43,0.5346534653465347
W4_M38,W4_M44,0.8514851485148515
W4_M38,W4_M45,0.594059405940594
W4_M38,W4_M46,0.49504950495049505
W4_M38,W4_M47,0.49504950495049505
W4_M38,W4_M48,0.7920792079207921
W4_M38,W4_M49,0.09900990099009901
W4_M38,W4_M50,0.15841584158415842
W4_M38,W4_M51,0.039603960396039604
W4_M38,W4_M52,0.21782178217821782
W4_M38,W4_M53,0.09900990099009901
W4_M38,W4_M54,0.1188118811881188
W4_M38,W4_M55,0.09900990099009901
W4_M38,W4_M56,0.13861386138613863
W4_M38,W4_M57,0.07920792079207921
W4_M38,W4_M58,0.09900990099009901
W4_M38,W4_M59,0.1782178217821782
W4_M38,W4_M60,0.13861386138613863
W4_M38,W4_M61,0.13861386138613863
W4_M38,W4_M62,0.019801980198019802
W4_M38,W4_M63,0.13861386138613863
W4_M38,W4_M64,0.039603960396039604
W4_M38,W4_M65,0.019801980198019802
W4_M38,W4_M66,0.1782178217821782
W4_M38,W4_M67,0.0594059405940594
W4_M38,W4_M68,0.019801980198019802
W4_M38,W4_M69,0.019801980198019802
W4_M38,W4_M70,0.019801980198019802
W4_M38,W4_M71,0.019801980198019802
W4_M38,W4_M72,0.019801980198019802
W4_M38,W4_M73,0.019801980198019802
W4_M38,W4_M74,0.019801980198019802
W4_M38,W4_M75,0.019801980198019802
W4_M38,W4_M76,0.019801980198019802
W4_M38,W4_M77,0.019801980198019802
W4_M38,W4_M78,0.019801980198019802
W4_M39,W4_M40,0.019801980198019802
W4_M39,W4_M41,0.7326732673267327
W4_M39,W4_M42,0.7920792079207921
W4_M39,W4_M43,0.6138613861386139
W4_M39,W4_M44,0.8910891089108911
W4_M39,W4_M45,0.43564356435643564
W4_M39,W4_M46,0.5544554455445545
W4_M39,W4_M47,0.5544554455445545
W4_M39,W4_M48,0.45544554455445546
W4_M39,W4_M49,0.19801980198019803
W4_M39,W4_M50,0.0594059405940594
W4_M39,W4_M51,0.019801980198019802
W4_M39,W4_M52,0.13861386138613863
W4_M39,W4_M53,0.09900990099009901
W4_M39,W4_M54,0.15841584158415842
W4_M39,W4_M55,0.09900990099009901
W4_M39,W4_M56,0.07920792079207921
W4_M39,W4_M57,0.09900990099009901
W4_M39,W4_M58,0.09900990099009901
W4_M39,W4_M59,0.13861386138613863
W4_M39,W4_M60,0.039603960396039604
W4_M39,W4_M61,0.19801980198019803
W4_M39,W4_M62,0.039603960396039604
W4_M39,W4_M63,0.09900990099009901
W4_M39,W4_M64,0.0594059405940594
W4_M39,W4_M65,0.019801980198019802
W4_M39,W4_M66,0.1782178217821782
W4_M39,W4_M67,0.039603960396039604
W4_M39,W4_M68,0.019801980198019802
W4_M39,W4_M69,0.039603960396039604
W4_M39,W4_M70,0.039603960396039604
W4_M39,W4_M71,0.019801980198019802
W4_M39,W4_M72,0.019801980198019802
W4_M39,W4_M73,0.019801980198019802
W4_M39,W4_M74,0.019801980198019802
W4_M39,W4_M75,0.019801980198019802
W4_M39,W4_M76,0.019801980198019802
W4_M39,W4_M77,0.019801980198019802
W4_M39,W4_M78,0.019801980198019802
W4_M40,W4_M41,0.019801980198019802
W4_M40,W4_M42,0.09900990099009901
W4_M40,W4_M43,0.019801980198019802
W4_M40,W4_M44,0.15841584158415842
W4_M40,W4_M45,0.019801980198019802
W4_M40,W4_M46,0.019801980198019802
W4_M40,W4_M47,0.019801980198019802
W4_M40,W4_M48,0.09900990099009901
W4_M40,W4_M49,0.039603960396039604
W4_M40,W4_M50,0.019801980198019802
W4_M40,W4_M51,0.019801980198019802
W4_M40,W4_M52,0.039603960396039604
W4_M40,W4_M53,0.019801980198019802
W4_M40,W4_M54,0.019801980198019802
W4_M40,W4_M55,0.039603960396039604
W4_M40,W4_M56,0.019801980198019802
W4_M40,W4_M57,0.039603960396039604
W4_M40,W4_M58,0.019801980198019802
W4_M40,W4_M59,0.019801980198019802
W4_M40,W4_M60,0.039603960396039604
W4_M40,W4_M61,0.019801980198019802
W4_M40,W4_M62,0.019801980198019802
W4_M40,W4_M63,0.019801980198019802
W4_M40,W4_M64,0.019801980198019802
W4_M40,W4_M65,0.039603960396039604
W4_M40,W4_M66,0.019801980198019802
W4_M40,W4_M67,0.019801980198019802
W4_M40,W4_M68,0.019801980198019802
W4_M40,W4_M69,0.019801980198019802
W4_M40,W4_M70,0.019801980198019802
W4_M40,W4_M71,0.019801980198019802
W4_M40,W4_M72,0.019801980198019802
W4_M40,W4_M73,0.019801980198019802
W4_M40,W4_M74,0.019801980198019802
W4_M40,W4_M75,0.019801980198019802
W4_M40,W4_M76,0.019801980198019802
W4_M40,W4_M77,0.019801980198019802
W4_M40,W4_M78,0.019801980198019802
W4_M41,W4_M42,0.8910891089108911
W4_M41,W4_M43,0.6534653465346535
W4_M41,W4_M44,0.9306930693069307
W4_M41,W4_M45,0.5148514851485149
W4_M41,W4_M46,0.5544554455445545
W4_M41,W4_M47,0.6534653465346535
W4_M41,W4_M48,0.6534653465346535
W4_M41,W4_M49,0.3564356435643564
W4_M41,W4_M50,0.019801980198019802
W4_M41,W4_M51,0.019801980198019802
W4_M41,W4_M52,0.1188118811881188
W4_M41,W4_M53,0.1782178217821782
W4_M41,W4_M54,0.13861386138613863
W4_M41,W4_M55,0.2376237623762376
W4_M41,W4_M56,0.1188118811881188
W4_M41,W4_M57,0.19801980198019803
W4_M41,W4_M58,0.09900990099009901
W4_M41,W4_M59,0.1782178217821782
W4_M41,W4_M60,0.1782178217821782
W4_M41,W4_M61,0.1188118811881188
W4_M41,W4_M62,0.019801980198019802
W4_M41,W4_M63,0.13861386138613863
W4_M41,W4_M64,0.1188118811881188
W4_M41,W4_M65,0.039603960396039604
W4_M41,W4_M66,0.1188118811881188
W4_M41,W4_M67,0.039603960396039604
W4_M41,W4_M68,0.039603960396039604
W4_M41,W4_M69,0.019801980198019802
W4_M41,W4_M70,0.019801980198019802
W4_M41,W4_M71,0.019801980198019802
W4_M41,W4_M72,0.019801980198019802
W4_M41,W4_M73,0.019801980198019802
W4_M41,W4_M74,0.019801980198019802
W4_M41,W4_M75,0.019801980198019802
W4_M41,W4_M76,0.019801980198019802
W4_M41,W4_M77,0.019801980198019802
W4_M41,W4_M78,0.019801980198019802
W4_M42,W4_M43,0.9504950495049505
W4_M42,W4_M44,0.9702970297029703
W4_M42,W4_M45,0.8514851485148515
W4_M42,W4_M46,0.6534653465346535
W4_M42,W4_M47,0.7920792079207921
W4_M42,W4_M48,0.693069306930693
W4_M42,W4_M49,0.43564356435643564
W4_M42,W4_M50,0.33663366336633666
W4_M42,W4_M51,0.19801980198019803
W4_M42,W4_M52,0.3564356435643564
W4_M42,W4_M53,0.13861386138613863
W4_M42,W4_M54,0.13861386138613863
W4_M42,W4_M55,0.19801980198019803
W4_M42,W4_M56,0.09900990099009901
W4_M42,W4_M57,0.19801980198019803
W4_M42,W4_M58,0.27722772277227725
W4_M42,W4_M59,0.15841584158415842
W4_M42,W4_M60,0.1782178217821782
W4_M42,W4_M61,0.21782178217821782
W4_M42,W4_M62,0.1188118811881188
W4_M42,W4_M63,0.13861386138613863
W4_M42,W4_M64,0.0594059405940594
W4_M42,W4_M65,0.0594059405940594
W4_M42,W4_M66,0.09900990099009901
W4_M42,W4_M67,0.0594059405940594
W4_M42,W4_M68,0.019801980198019802
W4_M42,W4_M69,0.019801980198019802
W4_M42,W4_M70,0.019801980198019802
W4_M42,W4_M71,0.019801980198019802
W4_M42,W4_M72,0.019801980198019802
W4_M42,W4_M73,0.019801980198019802
W4_M42,W4_M74,0.019801980198019802
W4_M42,W4_M75,0.019801980198019802
W4_M42,W4_M76,0.019801980198019802
W4_M42,W4_M77,0.019801980198019802
W4_M42,W4_M78,0.019801980198019802
W4_M43,W4_M44,0.9306930693069307
W4_M43,W4_M45,0.6138613861386139
W4_M43,W4_M46,0.693069306930693
W4_M43,W4_M47,1.00990099009901
W4_M43,W4_M48,0.7326732673267327
W4_M43,W4_M49,0.31683168316831684
W4_M43,W4_M50,0.0594059405940594
W4_M43,W4_M51,0.019801980198019802
W4_M43,W4_M52,0.2376237623762376
W4_M43,W4_M53,0.1782178217821782
W4_M43,W4_M54,0.21782178217821782
W4_M43,W4_M55,0.19801980198019803
W4_M43,W4_M56,0.1188118811881188
W4_M43,W4_M57,0.2376237623762376
W4_M43,W4_M58,0.1782178217821782
W4_M43,W4_M59,0.25742574257425743
W4_M43,W4_M60,0.27722772277227725
W4_M43,W4_M61,0.13861386138613863
W4_M43,W4_M62,0.019801980198019802
W4_M43,W4_M63,0.1782178217821782
W4_M43,W4_M64,0.09900990099009901
W4_M43,W4_M65,0.0594059405940594
W4_M43,W4_M66,0.13861386138613863
W4_M43,W4_M67,0.019801980198019802
W4_M43,W4_M68,0.019801980198019802
W4_M43,W4_M69,0.039603960396039604
W4_M43,W4_M70,0.019801980198019802
W4_M43,W4_M71,0.019801980198019802
W4_M43,W4_M72,0.019801980198019802
W4_M43,W4_M73,0.019801980198019802
W4_M43,W4_M74,0.019801980198019802
W4_M43,W4_M75,0.019801980198019802
W4_M43,W4_M76,0.019801980198019802
W4_M43,W4_M77,0.019801980198019802
W4_M43,W4_M78,0.019801980198019802
W4_M44,W4_M45,0.9702970297029703
W4_M44,W4_M46,0.9306930693069307
W4_M44,W4_M47,0.9900990099009901
W4_M44,W4_M48,0.8118811881188119
W4_M44,W4_M49,0.7128712871287128
W4_M44,W4_M50,0.49504950495049505
W4_M44,W4_M51,0.25742574257425743
W4_M44,W4_M52,0.33663366336633666
W4_M44,W4_M53,0.15841584158415842
W4_M44,W4_M54,0.27722772277227725
W4_M44,W4_M55,0.21782178217821782
W4_M44,W4_M56,0.21782178217821782
W4_M44,W4_M57,0.19801980198019803
W4_M44,W4_M58,0.13861386138613863
W4_M44,W4_M59,0.1188118811881188
W4_M44,W4_M60,0.19801980198019803
W4_M44,W4_M61,0.37623762376237624
W4_M44,W4_M62,0.31683168316831684
W4_M44,W4_M63,0.25742574257425743
W4_M44,W4_M64,0.09900990099009901
W4_M44,W4_M65,0.15841584158415842
W4_M44,W4_M66,0.1782178217821782
W4_M44,W4_M67,0.0594059405940594
W4_M44,W4_M68,0.039603960396039604
W4_M44,W4_M69,0.019801980198019802
W4_M44,W4_M70,0.019801980198019802
W4_M44,W4_M71,0.019801980198019802
W4_M44,W4_M72,0.019801980198019802
W4_M44,W4_M73,0.019801980198019802
W4_M44,W4_M74,0.019801980198019802
W4_M44,W4_M75,0.019801980198019802
W4_M44,W4_M76,0.019801980198019802
W4_M44,W4_M77,0.019801980198019802
W4_M44,W4_M78,0.019801980198019802
W4_M45,W4_M46,0.9504950495049505
W4_M45,W4_M47,0.8910891089108911
W4_M45,W4_M48,0.8712871287128713
W4_M45,W4_M49,0.5742574257425742
W4_M45,W4_M50,0.09900990099009901
W4_M45,W4_M51,0.07920792079207921
W4_M45,W4_M52,0.27722772277227725
W4_M45,W4_M53,0.27722772277227725
W4_M45,W4_M54,0.15841584158415842
W4_M45,W4_M55,0.1782178217821782
W4_M45,W4_M56,0.19801980198019803
W4_M45,W4_M57,0.25742574257425743
W4_M45,W4_M58,0.2376237623762376
W4_M45,W4_M59,0.09900990099009901
W4_M45,W4_M60,0.31683168316831684
W4_M45,W4_M61,0.21782178217821782
W4_M45,W4_M62,0.1188118811881188
W4_M45,W4_M63,0.21782178217821782
W4_M45,W4_M64,0.1188118811881188
W4_M45,W4_M65,0.09900990099009901
W4_M45,W4_M66,0.15841584158415842
W4_M45,W4_M67,0.039603960396039604
W4_M45,W4_M68,0.039603960396039604
W4_M45,W4_M69,0.039603960396039604
W4_M45,W4_M70,0.019801980198019802
W4_M45,W4_M71,0.019801980198019802
W4_M45,W4_M72,0.019801980198019802
W4_M45,W4_M73,0.019801980198019802
W4_M45,W4_M74,0.019801980198019802
W4_M45,W4_M75,0.019801980198019802
W4_M45,W4_M76,0.019801980198019802
W4_M45,W4_M77,0.019801980198019802
W4_M45,W4_M78,0.019801980198019802
W4_M46,W4_M47,0.7920792079207921
W4_M46,W4_M48,0.7524752475247525
W4_M46,W4_M49,0.0594059405940594
W4_M46,W4_M50,0.1782178217821782
W4_M46,W4_M51,0.07920792079207921
W4_M46,W4_M52,0.297029702970297
W4_M46,W4_M53,0.1782178217821782
W4_M46,W4_M54,0.21782178217821782
W4_M46,W4_M55,0.21782178217821782
W4_M46,W4_M56,0.15841584158415842
W4_M46,W4_M57,0.15841584158415842
W4_M46,W4_M58,0.27722772277227725
W4_M46,W4_M59,0.1782178217821782
W4_M46,W4_M60,0.19801980198019803
W4_M46,W4_M61,0.19801980198019803
W4_M46,W4_M62,0.1188118811881188
W4_M46,W4_M63,0.21782178217821782
W4_M46,W4_M64,0.07920792079207921
W4_M46,W4_M65,0.019801980198019802
W4_M46,W4_M66,0.19801980198019803
W4_M46,W4_M67,0.09900990099009901
W4_M46,W4_M68,0.039603960396039604
W4_M46,W4_M69,0.0594059405940594
W4_M46,W4_M70,0.019801980198019802
W4_M46,W4_M71,0.019801980198019802
W4_M46,W4_M72,0.019801980198019802
W4_M46,W4_M73,0.019801980198019802
W4_M46,W4_M74,0.019801980198019802
W4_M46,W4_M75,0.019801980198019802
W4_M46,W4_M76,0.019801980198019802
W4_M46,W4_M77,0.019801980198019802
W4_M46,W4_M78,0.019801980198019802
W4_M47,W4_M48,0.8910891089108911
W4_M47,W4_M49,0.07920792079207921
W4_M47,W4_M50,0.15841584158415842
W4_M47,W4_M51,0.039603960396039604
W4_M47,W4_M52,0.15841584158415842
W4_M47,W4_M53,0.19801980198019803
W4_M47,W4_M54,0.2376237623762376
W4_M47,W4_M55,0.1782178217821782
W4_M47,W4_M56,0.13861386138613863
W4_M47,W4_M57,0.21782178217821782
W4_M47,W4_M58,0.19801980198019803
W4_M47,W4_M59,0.2376237623762376
W4_M47,W4_M60,0.15841584158415842
W4_M47,W4_M61,0.19801980198019803
W4_M47,W4_M62,0.13861386138613863
W4_M47,W4_M63,0.15841584158415842
W4_M47,W4_M64,0.0594059405940594
W4_M47,W4_M65,0.019801980198019802
W4_M47,W4_M66,0.09900990099009901
W4_M47,W4_M67,0.09900990099009901
W4_M47,W4_M68,0.019801980198019802
W4_M47,W4_M69,0.039603960396039604
W4_M47,W4_M70,0.019801980198019802
W4_M47,W4_M71,0.019801980198019802
W4_M47,W4_M72,0.019801980198019802
W4_M47,W4_M73,0.019801980198019802
W4_M47,W4_M74,0.019801980198019802
W4_M47,W4_M75,0.019801980198019802
W4_M47,W4_M76,0.019801980198019802
W4_M47,W4_M77,0.019801980198019802
W4_M47,W4_M78,0.019801980198019802
W4_M48,W4_M49,0.8514851485148515
W4_M48,W4_M50,0.7326732673267327
W4_M48,W4_M51,0.21782178217821782
W4_M48,W4_M52,0.37623762376237624
W4_M48,W4_M53,0.39603960396039606
W4_M48,W4_M54,0.33663366336633666
W4_M48,W4_M55,0.25742574257425743
W4_M48,W4_M56,0.27722772277227725
W4_M48,W4_M57,0.2376237623762376
W4_M48,W4_M58,0.2376237623762376
W4_M48,W4_M59,0.25742574257425743
W4_M48,W4_M60,0.39603960396039606
W4_M48,W4_M61,0.43564356435643564
W4_M48,W4_M62,0.33663366336633666
W4_M48,W4_M63,0.27722772277227725
W4_M48,W4_M64,0.297029702970297
W4_M48,W4_M65,0.15841584158415842
W4_M48,W4_M66,0.0594059405940594
W4_M48,W4_M67,0.09900990099009901
W4_M48,W4_M68,0.0594059405940594
W4_M48,W4_M69,0.019801980198019802
W4_M48,W4_M70,0.019801980198019802
W4_M48,W4_M71,0.019801980198019802
W4_M48,W4_M72,0.019801980198019802
W4_M48,W4_M73,0.019801980198019802
W4_M48,W4_M74,0.019801980198019802
W4_M48,W4_M75,0.019801980198019802
W4_M48,W4_M76,0.019801980198019802
W4_M48,W4_M77,0.019801980198019802
W4_M48,W4_M78,0.019801980198019802
W4_M49,W4_M50,0.8910891089108911
W4_M49,W4_M51,0.25742574257425743
W4_M49,W4_M52,0.4752475247524752
W4_M49,W4_M53,0.39603960396039606
W4_M49,W4_M54,0.4752475247524752
W4_M49,W4_M55,0.3564356435643564
W4_M49,W4_M56,0.45544554455445546
W4_M49,W4_M57,0.4158415841584158
W4_M49,W4_M58,0.43564356435643564
W4_M49,W4_M59,0.39603960396039606
W4_M49,W4_M60,0.39603960396039606
W4_M49,W4_M61,0.3564356435643564
W4_M49,W4_M62,0.297029702970297
W4_M49,W4_M63,0.3564356435643564
W4_M49,W4_M64,0.15841584158415842
W4_M49,W4_M65,0.07920792079207921
W4_M49,W4_M66,0.297029702970297
W4_M49,W4_M67,0.09900990099009901
W4_M49,W4_M68,0.039603960396039604
W4_M49,W4_M69,0.039603960396039604
W4_M49,W4_M70,0.039603960396039604
W4_M49,W4_M71,0.019801980198019802
W4_M49,W4_M72,0.019801980198019802
W4_M49,W4_M73,0.019801980198019802
W4_M49,W4_M74,0.019801980198019802
W4_M49,W4_M75,0.019801980198019802
W4_M49,W4_M76,0.019801980198019802
W4_M49,W4_M77,0.019801980198019802
W4_M49,W4_M78,0.019801980198019802
W4_M50,W4_M51,0.07920792079207921
W4_M50,W4_M52,0.594059405940594
W4_M50,W4_M53,0.594059405940594
W4_M50,W4_M54,0.7524752475247525
W4_M50,W4_M55,0.4752475247524752
W4_M50,W4_M56,0.39603960396039606
W4_M50,W4_M57,0.5346534653465347
W4_M50,W4_M58,0.594059405940594
W4_M50,W4_M59,0.5148514851485149
W4_M50,W4_M60,0.6732673267326733
W4_M50,W4_M61,0.43564356435643564
W4_M50,W4_M62,0.297029702970297
W4_M50,W4_M63,0.3564356435643564
W4_M50,W4_M64,0.27722772277227725
W4_M50,W4_M65,0.13861386138613863
W4_M50,W4_M66,0.2376237623762376
W4_M50,W4_M67,0.07920792079207921
W4_M50,W4_M68,0.039603960396039604
W4_M50,W4_M69,0.039603960396039604
W4_M50,W4_M70,0.039603960396039604
W4_M50,W4_M71,0.039603960396039604
W4_M50,W4_M72,0.019801980198019802
W4_M50,W4_M73,0.019801980198019802
W4_M50,W4_M74,0.019801980198019802
W4_M50,W4_M75,0.019801980198019802
W4_M50,W4_M76,0.019801980198019802
W4_M50,W4_M77,0.019801980198019802
W4_M50,W4_M78,0.019801980198019802
W4_M51,W4_M52,0.7722772277227723
W4_M51,W4_M53,0.8514851485148515
W4_M51,W4_M54,0.8316831683168316
W4_M51,W4_M55,0.693069306930693
W4_M51,W4_M56,0.8316831683168316
W4_M51,W4_M57,0.7722772277227723
W4_M51,W4_M58,0.7920792079207921
W4_M51,W4_M59,0.8712871287128713
W4_M51,W4_M60,0.6732673267326733
W4_M51,W4_M61,0.693069306930693
W4_M51,W4_M62,0.5148514851485149
W4_M51,W4_M63,0.7920792079207921
W4_M51,W4_M64,0.5148514851485149
W4_M51,W4_M65,0.4752475247524752
W4_M51,W4_M66,0.4158415841584158
W4_M51,W4_M67,0.297029702970297
W4_M51,W4_M68,0.0594059405940594
W4_M51,W4_M69,0.039603960396039604
W4_M51,W4_M70,0.07920792079207921
W4_M51,W4_M71,0.039603960396039604
W4_M51,W4_M72,0.0594059405940594
W4_M51,W4_M73,0.019801980198019802
W4_M51,W4_M74,0.019801980198019802
W4_M51,W4_M75,0.019801980198019802
W4_M51,W4_M76,0.019801980198019802
W4_M51,W4_M77,0.019801980198019802
W4_M51,W4_M78,0.019801980198019802
W4_M52,W4_M53,0.5742574257425742
W4_M52,W4_M54,0.6534653465346535
W4_M52,W4_M55,0.693069306930693
W4_M52,W4_M56,0.4752475247524752
W4_M52,W4_M57,0.7722772277227723
W4_M52,W4_M58,0.7326732673267327
W4_M52,W4_M59,0.5148514851485149
W4_M52,W4_M60,0.7128712871287128
W4_M52,W4_M61,0.6138613861386139
W4_M52,W4_M62,0.8514851485148515
W4_M52,W4_M63,0.39603960396039606
W4_M52,W4_M64,0.31683168316831684
W4_M52,W4_M65,0.21782178217821782
W4_M52,W4_M66,0.594059405940594
W4_M52,W4_M67,0.039603960396039604
W4_M52,W4_M68,0.09900990099009901
W4_M52,W4_M69,0.039603960396039604
W4_M52,W4_M70,0.09900990099009901
W4_M52,W4_M71,0.019801980198019802
W4_M52,W4_M72,0.019801980198019802
W4_M52,W4_M73,0.019801980198019802
W4_M52,W4_M74,0.019801980198019802
W4_M52,W4_M75,0.019801980198019802
W4_M52,W4_M76,0.019801980198019802
W4_M52,W4_M77,0.019801980198019802
W4_M52,W4_M78,0.019801980198019802
W4_M53,W4_M54,0.8712871287128713
W4_M53,W4_M55,0.9900990099009901
W4_M53,W4_M56,0.31683168316831684
W4_M53,W4_M57,0.8712871287128713
W4_M53,W4_M58,0.8316831683168316
W4_M53,W4_M59,0.9702970297029703
W4_M53,W4_M60,0.8910891089108911
W4_M53,W4_M61,0.8316831683168316
W4_M53,W4_M62,0.9702970297029703
W4_M53,W4_M63,0.43564356435643564
W4_M53,W4_M64,0.5346534653465347
W4_M53,W4_M65,0.297029702970297
W4_M53,W4_M66,0.8712871287128713
W4_M53,W4_M67,0.019801980198019802
W4_M53,W4_M68,0.039603960396039604
W4_M53,W4_M69,0.09900990099009901
W4_M53,W4_M70,0.07920792079207921
W4_M53,W4_M71,0.019801980198019802
W4_M53,W4_M72,0.019801980198019802
W4_M53,W4_M73,0.019801980198019802
W4_M53,W4_M74,0.019801980198019802
W4_M53,W4_M75,0.019801980198019802
W4_M53,W4_M76,0.019801980198019802
W4_M53,W4_M77,0.019801980198019802
W4_M53,W4_M78,0.019801980198019802
W4_M54,W4_M55,1.00990099009901
W4_M54,W4_M56,0.1782178217821782
W4_M54,W4_M57,0.8514851485148515
W4_M54,W4_M58,0.9900990099009901
W4_M54,W4_M59,0.9702970297029703
W4_M54,W4_M60,0.8712871287128713
W4_M54,W4_M61,1.00990099009901
W4_M54,W4_M62,0.9702970297029703
W4_M54,W4_M63,0.49504950495049505
W4_M54,W4_M64,0.6138613861386139
W4_M54,W4_M65,0.27722772277227725
W4_M54,W4_M66,0.6732673267326733
W4_M54,W4_M67,0.019801980198019802
W4_M54,W4_M68,0.0594059405940594
W4_M54,W4_M69,0.15841584158415842
W4_M54,W4_M70,0.0594059405940594
W4_M54,W4_M71,0.019801980198019802
W4_M54,W4_M72,0.039603960396039604
W4_M54,W4_M73,0.019801980198019802
W4_M54,W4_M74,0.019801980198019802
W4_M54,W4_M75,0.019801980198019802
W4_M54,W4_M76,0.019801980198019802
W4_M54,W4_M77,0.019801980198019802
W4_M54,W4_M78,0.019801980198019802
W4_M55,W4_M56,0.13861386138613863
W4_M55,W4_M57,0.9504950495049505
W4_M55,W4_M58,0.9900990099009901
W4_M55,W4_M59,0.9702970297029703
W4_M55,W4_M60,0.9504950495049505
W4_M55,W4_M61,0.9306930693069307
W4_M55,W4_M62,0.9900990099009901
W4_M55,W4_M63,0.27722772277227725
W4_M55,W4_M64,0.594059405940594
W4_M55,W4_M65,0.37623762376237624
W4_M55,W4_M66,0.7128712871287128
W4_M55,W4_M67,0.039603960396039604
W4_M55,W4_M68,0.0594059405940594
W4_M55,W4_M69,0.07920792079207921
W4_M55,W4_M70,0.039603960396039604
W4_M55,W4_M71,0.019801980198019802
W4_M55,W4_M72,0.019801980198019802
W4_M55,W4_M73,0.019801980198019802
W4_M55,W4_M74,0.019801980198019802
W4_M55,W4_M75,0.019801980198019802
W4_M55,W4_M76,0.019801980198019802
W4_M55,W4_M77,0.019801980198019802
W4_M55,W4_M78,0.019801980198019802
W4_M56,W4_M57,0.019801980198019802
W4_M56,W4_M58,0.019801980198019802
W4_M56,W4_M59,0.019801980198019802
W4_M56,W4_M60,0.019801980198019802
W4_M56,W4_M61,0.45544554455445546
W4_M56,W4_M62,0.8514851485148515
W4_M56,W4_M63,0.9702970297029703
W4_M56,W4_M64,0.7326732673267327
W4_M56,W4_M65,0.49504950495049505
W4_M56,W4_M66,0.8118811881188119
W4_M56,W4_M67,0.019801980198019802
W4_M56,W4_M68,0.07920792079207921
W4_M56,W4_M69,0.19801980198019803
W4_M56,W4_M70,0.15841584158415842
W4_M56,W4_M71,0.019801980198019802
W4_M56,W4_M72,0.019801980198019802
W4_M56,W4_M73,0.019801980198019802
W4_M56,W4_M74,0.019801980198019802
W4_M56,W4_M75,0.019801980198019802
W4_M56,W4_M76,0.019801980198019802
W4_M56,W4_M77,0.019801980198019802
W4_M56,W4_M78,0.019801980198019802
W4_M57,W4_M58,0.9306930693069307
W4_M57,W4_M59,0.9504950495049505
W4_M57,W4_M60,0.8910891089108911
W4_M57,W4_M61,0.9900990099009901
W4_M57,W4_M62,0.9306930693069307
W4_M57,W4_M63,0.2376237623762376
W4_M57,W4_M64,0.5346534653465347
W4_M57,W4_M65,0.25742574257425743
W4_M57,W4_M66,0.6534653465346535
W4_M57,W4_M67,0.039603960396039604
W4_M57,W4_M68,0.0594059405940594
W4_M57,W4_M69,0.13861386138613863
W4_M57,W4_M70,0.07920792079207921
W4_M57,W4_M71,0.019801980198019802
W4_M57,W4_M72,0.019801980198019802
W4_M57,W4_M73,0.019801980198019802
W4_M57,W4_M74,0.019801980198019802
W4_M57,W4_M75,0.019801980198019802
W4_M57,W4_M76,0.019801980198019802
W4_M57,W4_M77,0.019801980198019802
W4_M57,W4_M78,0.019801980198019802
W4_M58,W4_M59,0.9108910891089109
W4_M58,W4_M60,0.9108910891089109
W4_M58,W4_M61,0.9108910891089109
W4_M58,W4_M62,1.00990099009901
W4_M58,W4_M63,0.3564356435643564
W4_M58,W4_M64,0.49504950495049505
W4_M58,W4_M65,0.39603960396039606
W4_M58,W4_M66,0.7326732673267327
W4_M58,W4_M67,0.019801980198019802
W4_M58,W4_M68,0.039603960396039604
W4_M58,W4_M69,0.07920792079207921
W4_M58,W4_M70,0.07920792079207921
W4_M58,W4_M71,0.019801980198019802
W4_M58,W4_M72,0.019801980198019802
W4_M58,W4_M73,0.019801980198019802
W4_M58,W4_M74,0.019801980198019802
W4_M58,W4_M75,0.019801980198019802
W4_M58,W4_M76,0.019801980198019802
W4_M58,W4_M77,0.019801980198019802
W4_M58,W4_M78,0.019801980198019802
W4_M59,W4_M60,0.9702970297029703
W4_M59,W4_M61,0.9306930693069307
W4_M59,W4_M62,1.00990099009901
W4_M59,W4_M63,0.297029702970297
W4_M59,W4_M64,0.43564356435643564
W4_M59,W4_M65,0.297029702970297
W4_M59,W4_M66,0.5742574257425742
W4_M59,W4_M67,0.039603960396039604
W4_M59,W4_M68,0.019801980198019802
W4_M59,W4_M69,0.19801980198019803
W4_M59,W4_M70,0.09900990099009901
W4_M59,W4_M71,0.019801980198019802
W4_M59,W4_M72,0.019801980198019802
W4_M59,W4_M73,0.019801980198019802
W4_M59,W4_M74,0.019801980198019802
W4_M59,W4_M75,0.019801980198019802
W4_M59,W4_M76,0.019801980198019802
W4_M59,W4_M77,0.019801980198019802
W4_M59,W4_M78,0.019801980198019802
W4_M60,W4_M61,0.8514851485148515
W4_M60,W4_M62,0.7920792079207921
W4_M60,W4_M63,0.27722772277227725
W4_M60,W4_M64,0.594059405940594
W4_M60,W4_M65,0.2376237623762376
W4_M60,W4_M66,0.8118811881188119
W4_M60,W4_M67,0.039603960396039604
W4_M60,W4_M68,0.07920792079207921
W4_M60,W4_M69,0.1188118811881188
W4_M60,W4_M70,0.039603960396039604
W4_M60,W4_M71,0.019801980198019802
W4_M60,W4_M72,0.019801980198019802
W4_M60,W4_M73,0.019801980198019802
W4_M60,W4_M74,0.019801980198019802
W4_M60,W4_M75,0.019801980198019802
W4_M60,W4_M76,0.019801980198019802
W4_M60,W4_M77,0.019801980198019802
W4_M60,W4_M78,0.019801980198019802
W4_M61,W4_M62,0.9900990099009901
W4_M61,W4_M63,0.3564356435643564
W4_M61,W4_M64,0.49504950495049505
W4_M61,W4_M65,0.27722772277227725
W4_M61,W4_M66,0.7722772277227723
W4_M61,W4_M67,0.039603960396039604
W4_M61,W4_M68,0.039603960396039604
W4_M61,W4_M69,0.1188118811881188
W4_M61,W4_M70,0.13861386138613863
W4_M61,W4_M71,0.019801980198019802
W4_M61,W4_M72,0.0594059405940594
W4_M61,W4_M73,0.019801980198019802
W4_M61,W4_M74,0.019801980198019802
W4_M61,W4_M75,0.019801980198019802
W4_M61,W4_M76,0.019801980198019802
W4_M61,W4_M77,0.019801980198019802
W4_M61,W4_M78,0.019801980198019802
W4_M62,W4_M63,0.9306930693069307
W4_M62,W4_M64,0.7524752475247525
W4_M62,W4_M65,0.7326732673267327
W4_M62,W4_M66,0.7920792079207921
W4_M62,W4_M67,0.4158415841584158
W4_M62,W4_M68,0.15841584158415842
W4_M62,W4_M69,0.07920792079207921
W4_M62,W4_M70,0.039603960396039604
W4_M62,W4_M71,0.1188118811881188
W4_M62,W4_M72,0.039603960396039604
W4_M62,W4_M73,0.019801980198019802
W4_M62,W4_M74,0.019801980198019802
W4_M62,W4_M75,0.019801980198019802
W4_M62,W4_M76,0.019801980198019802
W4_M62,W4_M77,0.019801980198019802
W4_M62,W4_M78,0.019801980198019802
W4_M63,W4_M64,0.7128712871287128
W4_M63,W4_M65,0.5346534653465347
W4_M63,W4_M66,0.8514851485148515
W4_M63,W4_M67,0.019801980198019802
W4_M63,W4_M68,0.07920792079207921
W4_M63,W4_M69,0.13861386138613863
W4_M63,W4_M70,0.13861386138613863
W4_M63,W4_M71,0.039603960396039604
W4_M63,W4_M72,0.019801980198019802
W4_M63,W4_M73,0.019801980198019802
W4_M63,W4_M74,0.019801980198019802
W4_M63,W4_M75,0.019801980198019802
W4_M63,W4_M76,0.019801980198019802
W4_M63,W4_M77,0.019801980198019802
W4_M63,W4_M78,0.019801980198019802
W4_M64,W4_M65,0.07920792079207921
W4_M64,W4_M66,0.9900990099009901
W4_M64,W4_M67,0.43564356435643564
W4_M64,W4_M68,0.0594059405940594
W4_M64,W4_M69,0.19801980198019803
W4_M64,W4_M70,0.13861386138613863
W4_M64,W4_M71,0.019801980198019802
W4_M64,W4_M72,0.039603960396039604
W4_M64,W4_M73,0.019801980198019802
W4_M64,W4_M74,0.019801980198019802
W4_M64,W4_M75,0.019801980198019802
W4_M64,W4_M76,0.019801980198019802
W4_M64,W4_M77,0.019801980198019802
W4_M64,W4_M78,0.019801980198019802
W4_M65,W4_M66,0.7524752475247525
W4_M65,W4_M67,0.594059405940594
W4_M65,W4_M68,0.07920792079207921
W4_M65,W4_M69,0.25742574257425743
W4_M65,W4_M70,0.15841584158415842
W4_M65,W4_M71,0.039603960396039604
W4_M65,W4_M72,0.039603960396039604
W4_M65,W4_M73,0.019801980198019802
W4_M65,W4_M74,0.019801980198019802
W4_M65,W4_M75,0.019801980198019802
W4_M65,W4_M76,0.019801980198019802
W4_M65,W4_M77,0.019801980198019802
W4_M65,W4_M78,0.019801980198019802
W4_M66,W4_M67,0.7326732673267327
W4_M66,W4_M68,0.19801980198019803
W4_M66,W4_M69,0.039603960396039604
W4_M66,W4_M70,0.19801980198019803
W4_M66,W4_M71,0.21782178217821782
W4_M66,W4_M72,0.0594059405940594
W4_M66,W4_M73,0.019801980198019802
W4_M66,W4_M74,0.039603960396039604
W4_M66,W4_M75,0.019801980198019802
W4_M66,W4_M76,0.019801980198019802
W4_M66,W4_M77,0.019801980198019802
W4_M66,W4_M78,0.019801980198019802
W4_M67,W4_M68,0.33663366336633666
W4_M67,W4_M69,0.39603960396039606
W4_M67,W4_M70,0.39603960396039606
W4_M67,W4_M71,0.07920792079207921
W4_M67,W4_M72,0.039603960396039604
W4_M67,W4_M73,0.039603960396039604
W4_M67,W4_M74,0.019801980198019802
W4_M67,W4_M75,0.019801980198019802
W4_M67,W4_M76,0.019801980198019802
W4_M67,W4_M77,0.019801980198019802
W4_M67,W4_M78,0.019801980198019802
W4_M68,W4_M69,0.9702970297029703
W4_M68,W4_M70,0.8910891089108911
W4_M68,W4_M71,0.7920792079207921
W4_M68,W4_M72,0.4158415841584158
W4_M68,W4_M73,0.31683168316831684
W4_M68,W4_M74,0.09900990099009901
W4_M68,W4_M75,0.07920792079207921
W4_M68,W4_M76,0.039603960396039604
W4_M68,W4_M77,0.019801980198019802
W4_M68,W4_M78,0.019801980198019802
W4_M69,W4_M70,0.9306930693069307
W4_M69,W4_M71,0.9900990099009901
W4_M69,W4_M72,0.49504950495049505
W4_M69,W4_M73,0.15841584158415842
W4_M69,W4_M74,0.13861386138613863
W4_M69,W4_M75,0.1782178217821782
W4_M69,W4_M76,0.039603960396039604
W4_M69,W4_M77,0.019801980198019802
W4_M69,W4_M78,0.019801980198019802
W4_M70,W4_M71,0.8910891089108911
W4_M70,W4_M72,0.594059405940594
W4_M70,W4_M73,0.297029702970297
W4_M70,W4_M74,0.19801980198019803
W4_M70,W4_M75,0.039603960396039604
W4_M70,W4_M76,0.09900990099009901
W4_M70,W4_M77,0.019801980198019802
W4_M70,W4_M78,0.019801980198019802
W4_M71,W4_M72,0.7326732673267327
W4_M71,W4_M73,0.19801980198019803
W4_M71,W4_M74,0.13861386138613863
W4_M71,W4_M75,0.09900990099009901
W4_M71,W4_M76,0.07920792079207921
W4_M71,W4_M77,0.019801980198019802
W4_M71,W4_M78,0.019801980198019802
W4_M72,W4_M73,0.4158415841584158
W4_M72,W4_M74,0.3564356435643564
W4_M72,W4_M75,0.39603960396039606
W4_M72,W4_M76,0.1782178217821782
W4_M72,W4_M77,0.019801980198019802
W4_M72,W4_M78,0.019801980198019802
W4_M73,W4_M74,0.6732673267326733
W4_M73,W4_M75,0.7326732673267327
W4_M73,W4_M76,0.37623762376237624
W4_M73,W4_M77,0.039603960396039604
W4_M73,W4_M78,0.019801980198019802
W4_M74,W4_M75,0.7128712871287128
W4_M74,W4_M76,0.7524752475247525
W4_M74,W4_M77,0.019801980198019802
W4_M74,W4_M78,0.019801980198019802
W4_M75,W4_M76,0.8712871287128713
W4_M75,W4_M77,0.0594059405940594
W4_M75,W4_M78,0.019801980198019802
W4_M76,W4_M77,0.019801980198019802
W4_M76,W4_M78,0.019801980198019802
W4_M77,W4_M78,0.1188118811881188
W4_M2,W4_M1,0.9900990099009901
W4_M3,W4_M1,0.9108910891089109
W4_M4,W4_M1,0.8910891089108911
W4_M5,W4_M1,0.9702970297029703
W4_M6,W4_M1,0.9504950495049505
W4_M7,W4_M1,0.8712871287128713
W4_M8,W4_M1,0.019801980198019802
W4_M9,W4_M1,0.019801980198019802
W4_M10,W4_M1,0.8316831683168316
W4_M11,W4_M1,0.594059405940594
W4_M12,W4_M1,0.693069306930693
W4_M13,W4_M1,0.5346534653465347
W4_M14,W4_M1,0.5544554455445545
W4_M15,W4_M1,0.09900990099009901
W4_M16,W4_M1,0.0594059405940594
W4_M17,W4_M1,0.0594059405940594
W4_M18,W4_M1,0.019801980198019802
W4_M19,W4_M1,0.0594059405940594
W4_M20,W4_M1,0.0594059405940594
W4_M21,W4_M1,0.019801980198019802
W4_M22,W4_M1,0.09900990099009901
W4_M23,W4_M1,0.019801980198019802
W4_M24,W4_M1,0.019801980198019802
W4_M25,W4_M1,0.019801980198019802
W4_M26,W4_M1,0.019801980198019802
W4_M27,W4_M1,0.039603960396039604
W4_M28,W4_M1,0.019801980198019802
W4_M29,W4_M1,0.019801980198019802
W4_M30,W4_M1,0.019801980198019802
W4_M31,W4_M1,0.019801980198019802
W4_M32,W4_M1,0.019801980198019802
W4_M33,W4_M1,0.019801980198019802
W4_M34,W4_M1,0.019801980198019802
W4_M35,W4_M1,0.019801980198019802
W4_M36,W4_M1,0.019801980198019802
W4_M37,W4_M1,0.019801980198019802
W4_M38,W4_M1,0.019801980198019802
W4_M39,W4_M1,0.019801980198019802
W4_M40,W4_M1,0.019801980198019802
W4_M41,W4_M1,0.019801980198019802
W4_M42,W4_M1,0.019801980198019802
W4_M43,W4_M1,0.019801980198019802
W4_M44,W4_M1,0.019801980198019802
W4_M45,W4_M1,0.019801980198019802
W4_M46,W4_M1,0.019801980198019802
W4_M47,W4_M1,0.019801980198019802
W4_M48,W4_M1,0.019801980198019802
W4_M49,W4_M1,0.019801980198019802
W4_M50,W4_M1,0.019801980198019802
W4_M51,W4_M1,0.019801980198019802
W4_M52,W4_M1,0.019801980198019802
W4_M53,W4_M1,0.019801980198019802
W4_M54,W4_M1,0.019801980198019802
W4_M55,W4_M1,0.019801980198019802
W4_M56,W4_M1,0.019801980198019802
W4_M57,W4_M1,0.019801980198019802
W4_M58,W4_M1,0.019801980198019802
W4_M59,W4_M1,0.019801980198019802
W4_M60,W4_M1,0.019801980198019802
W4_M61,W4_M1,0.019801980198019802
W4_M62,W4_M1,0.019801980198019802
W4_M63,W4_M1,0.019801980198019802
W4_M64,W4_M1,0.019801980198019802
W4_M65,W4_M1,0.019801980198019802
W4_M66,W4_M1,0.019801980198019802
W4_M67,W4_M1,0.019801980198019802
W4_M68,W4_M1,0.019801980198019802
W4_M69,W4_M1,0.019801980198019802
W4_M70,W4_M1,0.019801980198019802
W4_M71,W4_M1,0.019801980198019802
W4_M72,W4_M1,0.019801980198019802
W4_M73,W4_M1,0.019801980198019802
W4_M74,W4_M1,0.019801980198019802
W4_M75,W4_M1,0.019801980198019802
W4_M76,W4_M1,0.019801980198019802
W4_M77,W4_M1,0.019801980198019802
W4_M78,W4_M1,0.019801980198019802
W4_M3,W4_M2,0.9504950495049505
W4_M4,W4_M2,0.8910891089108911
W4_M5,W4_M2,0.9504950495049505
W4_M6,W4_M2,0.9900990099009901
W4_M7,W4_M2,0.6534653465346535
W4_M8,W4_M2,0.019801980198019802
W4_M9,W4_M2,0.019801980198019802
W4_M10,W4_M2,0.7920792079207921
W4_M11,W4_M2,0.6138613861386139
W4_M12,W4_M2,0.693069306930693
W4_M13,W4_M2,0.4752475247524752
W4_M14,W4_M2,0.7524752475247525
W4_M15,W4_M2,0.07920792079207921
W4_M16,W4_M2,0.0594059405940594
W4_M17,W4_M2,0.0594059405940594
W4_M18,W4_M2,0.07920792079207921
W4_M19,W4_M2,0.039603960396039604
W4_M20,W4_M2,0.039603960396039604
W4_M21,W4_M2,0.0594059405940594
W4_M22,W4_M2,0.019801980198019802
W4_M23,W4_M2,0.07920792079207921
W4_M24,W4_M2,0.019801980198019802
W4_M25,W4_M2,0.019801980198019802
W4_M26,W4_M2,0.039603960396039604
W4_M27,W4_M2,0.019801980198019802
W4_M28,W4_M2,0.019801980198019802
W4_M29,W4_M2,0.019801980198019802
W4_M30,W4_M2,0.019801980198019802
W4_M31,W4_M2,0.019801980198019802
W4_M32,W4_M2,0.019801980198019802
W4_M33,W4_M2,0.019801980198019802
W4_M34,W4_M2,0.019801980198019802
W4_M35,W4_M2,0.019801980198019802
W4_M36,W4_M2,0.019801980198019802
W4_M37,W4_M2,0.019801980198019802
W4_M38,W4_M2,0.019801980198019802
W4_M39,W4_M2,0.019801980198019802
W4_M40,W4_M2,0.019801980198019802
W4_M41,W4_M2,0.019801980198019802
W4_M42,W4_M2,0.019801980198019802
W4_M43,W4_M2,0.019801980198019802
W4_M44,W4_M2,0.019801980198019802
W4_M45,W4_M2,0.019801980198019802
W4_M46,W4_M2,0.019801980198019802
W4_M47,W4_M2,0.019801980198019802
W4_M48,W4_M2,0.019801980198019802
W4_M49,W4_M2,0.019801980198019802
W4_M50,W4_M2,0.019801980198019802
W4_M51,W4_M2,0.019801980198019802
W4_M52,W4_M2,0.019801980198019802
W4_M53,W4_M2,0.019801980198019802
W4_M54,W4_M2,0.019801980198019802
W4_M55,W4_M2,0.019801980198019802
W4_M56,W4_M2,0.019801980198019802
W4_M57,W4_M2,0.019801980198019802
W4_M58,W4_M2,0.019801980198019802
W4_M59,W4_M2,0.019801980198019802
W4_M60,W4_M2,0.019801980198019802
W4_M61,W4_M2,0.019801980198019802
W4_M62,W4_M2,0.019801980198019802
W4_M63,W4_M2,0.019801980198019802
W4_M64,W4_M2,0.019801980198019802
W4_M65,W4_M2,0.019801980198019802
W4_M66,W4_M2,0.019801980198019802
W4_M67,W4_M2,0.019801980198019802
W4_M68,W4_M2,0.019801980198019802
W4_M69,W4_M2,0.019801980198019802
W4_M70,W4_M2,0.019801980198019802
W4_M71,W4_M2,0.019801980198019802
W4_M72,W4_M2,0.019801980198019802
W4_M73,W4_M2,0.019801980198019802
W4_M74,W4_M2,0.019801980198019802
W4_M75,W4_M2,0.019801980198019802
W4_M76,W4_M2,0.019801980198019802
W4_M77,W4_M2,0.019801980198019802
W4_M78,W4_M2,0.019801980198019802
W4_M4,W4_M3,0.9900990099009901
W4_M5,W4_M3,0.9900990099009901
W4_M6,W4_M3,0.8712871287128713
W4_M7,W4_M3,0.8118811881188119
W4_M8,W4_M3,0.019801980198019802
W4_M9,W4_M3,0.019801980198019802
W4_M10,W4_M3,0.6534653465346535
W4_M11,W4_M3,0.6732673267326733
W4_M12,W4_M3,0.5742574257425742
W4_M13,W4_M3,0.5742574257425742
W4_M14,W4_M3,0.6336633663366337
W4_M15,W4_M3,0.09900990099009901
W4_M16,W4_M3,0.0594059405940594
W4_M17,W4_M3,0.09900990099009901
W4_M18,W4_M3,0.0594059405940594
W4_M19,W4_M3,0.13861386138613863
W4_M20,W4_M3,0.07920792079207921
W4_M21,W4_M3,0.0594059405940594
W4_M22,W4_M3,0.07920792079207921
W4_M23,W4_M3,0.039603960396039604
W4_M24,W4_M3,0.019801980198019802
W4_M25,W4_M3,0.039603960396039604
W4_M26,W4_M3,0.019801980198019802
W4_M27,W4_M3,0.019801980198019802
W4_M28,W4_M3,0.019801980198019802
W4_M29,W4_M3,0.019801980198019802
W4_M30,W4_M3,0.019801980198019802
W4_M31,W4_M3,0.019801980198019802
W4_M32,W4_M3,0.019801980198019802
W4_M33,W4_M3,0.019801980198019802
W4_M34,W4_M3,0.019801980198019802
W4_M35,W4_M3,0.019801980198019802
W4_M36,W4_M3,0.019801980198019802
W4_M37,W4_M3,0.019801980198019802
W4_M38,W4_M3,0.019801980198019802
W4_M39,W4_M3,0.019801980198019802
W4_M40,W4_M3,0.019801980198019802
W4_M41,W4_M3,0.019801980198019802
W4_M42,W4_M3,0.019801980198019802
W4_M43,W4_M3,0.019801980198019802
W4_M44,W4_M3,0.019801980198019802
W4_M45,W4_M3,0.019801980198019802
W4_M46,W4_M3,0.019801980198019802
W4_M47,W4_M3,0.019801980198019802
W4_M48,W4_M3,0.019801980198019802
W4_M49,W4_M3,0.019801980198019802
W4_M50,W4_M3,0.019801980198019802
W4_M51,W4_M3,0.019801980198019802
W4_M52,W4_M3,0.019801980198019802
W4_M53,W4_M3,0.019801980198019802
W4_M54,W4_M3,0.019801980198019802
W4_M55,W4_M3,0.019801980198019802
W4_M56,W4_M3,0.019801980198019802
W4_M57,W4_M3,0.019801980198019802
W4_M58,W4_M3,0.019801980198019802
W4_M59,W4_M3,0.019801980198019802
W4_M60,W4_M3,0.019801980198019802
W4_M61,W4_M3,0.019801980198019802
W4_M62,W4_M3,0.019801980198019802
W4_M63,W4_M3,0.019801980198019802
W4_M64,W4_M3,0.019801980198019802
W4_M65,W4_M3,0.019801980198019802
W4_M66,W4_M3,0.019801980198019802
W4_M67,W4_M3,0.019801980198019802
W4_M68,W4_M3,0.019801980198019802
W4_M69,W4_M3,0.019801980198019802
W4_M70,W4_M3,0.019801980198019802
W4_M71,W4_M3,0.019801980198019802
W4_M72,W4_M3,0.019801980198019802
W4_M73,W4_M3,0.019801980198019802
W4_M74,W4_M3,0.019801980198019802
W4_M75,W4_M3,0.019801980198019802
W4_M76,W4_M3,0.019801980198019802
W4_M77,W4_M3,0.019801980198019802
W4_M78,W4_M3,0.019801980198019802
W4_M5,W4_M4,0.8712871287128713
W4_M6,W4_M4,0.9702970297029703
W4_M7,W4_M4,0.9702970297029703
W4_M8,W4_M4,0.019801980198019802
W4_M9,W4_M4,0.019801980198019802
W4_M10,W4_M4,0.7722772277227723
W4_M11,W4_M4,0.5544554455445545
W4_M12,W4_M4,0.6336633663366337
W4_M13,W4_M4,0.6138613861386139
W4_M14,W4_M4,0.5544554455445545
W4_M15,W4_M4,0.15841584158415842
W4_M16,W4_M4,0.1188118811881188
W4_M17,W4_M4,0.1782178217821782
W4_M18,W4_M4,0.019801980198019802
W4_M19,W4_M4,0.07920792079207921
W4_M20,W4_M4,0.0594059405940594
W4_M21,W4_M4,0.039603960396039604
W4_M22,W4_M4,0.0594059405940594
W4_M23,W4_M4,0.019801980198019802
W4_M24,W4_M4,0.019801980198019802
W4_M25,W4_M4,0.019801980198019802
W4_M26,W4_M4,0.019801980198019802
W4_M27,W4_M4,0.019801980198019802
W4_M28,W4_M4,0.039603960396039604
W4_M29,W4_M4,0.019801980198019802
W4_M30,W4_M4,0.019801980198019802
W4_M31,W4_M4,0.019801980198019802
W4_M32,W4_M4,0.019801980198019802
W4_M33,W4_M4,0.019801980198019802
W4_M34,W4_M4,0.019801980198019802
W4_M35,W4_M4,0.019801980198019802
W4_M36,W4_M4,0.019801980198019802
W4_M37,W4_M4,0.019801980198019802
W4_M38,W4_M4,0.019801980198019802
W4_M39,W4_M4,0.019801980198019802
W4_M40,W4_M4,0.019801980198019802
W4_M41,W4_M4,0.019801980198019802
W4_M42,W4_M4,0.019801980198019802
W4_M43,W4_M4,0.019801980198019802
W4_M44,W4_M4,0.019801980198019802
W4_M45,W4_M4,0.019801980198019802
W4_M46,W4_M4,0.019801980198019802
W4_M47,W4_M4,0.019801980198019802
W4_M48,W4_M4,0.019801980198019802
W4_M49,W4_M4,0.019801980198019802
W4_M50,W4_M4,0.019801980198019802
W4_M51,W4_M4,0.019801980198019802
W4_M52,W4_M4,0.019801980198019802
W4_M53,W4_M4,0.019801980198019802
W4_M54,W4_M4,0.019801980198019802
W4_M55,W4_M4,0.019801980198019802
W4_M56,W4_M4,0.019801980198019802
W4_M57,W4_M4,0.019801980198019802
W4_M58,W4_M4,0.019801980198019802
W4_M59,W4_M4,0.019801980198019802
W4_M60,W4_M4,0.019801980198019802
W4_M61,W4_M4,0.019801980198019802
W4_M62,W4_M4,0.019801980198019802
W4_M63,W4_M4,0.019801980198019802
W4_M64,W4_M4,0.019801980198019802
W4_M65,W4_M4,0.019801980198019802
W4_M66,W4_M4,0.019801980198019802
W4_M67,W4_M4,0.019801980198019802
W4_M68,W4_M4,0.019801980198019802
W4_M69,W4_M4,0.019801980198019802
W4_M70,W4_M4,0.019801980198019802
W4_M71,W4_M4,0.019801980198019802
W4_M72,W4_M4,0.019801980198019802
W4_M73,W4_M4,0.019801980198019802
W4_M74,W4_M4,0.019801980198019802
W4_M75,W4_M4,0.019801980198019802
W4_M76,W4_M4,0.019801980198019802
W4_M77,W4_M4,0.019801980198019802
W4_M78,W4_M4,0.019801980198019802
W4_M6,W4_M5,0.9108910891089109
W4_M7,W4_M5,0.6138613861386139
W4_M8,W4_M5,0.019801980198019802
W4_M9,W4_M5,0.019801980198019802
W4_M10,W4_M5,0.7920792079207921
W4_M11,W4_M5,0.7128712871287128
W4_M12,W4_M5,0.6534653465346535
W4_M13,W4_M5,0.6732673267326733
W4_M14,W4_M5,0.7128712871287128
W4_M15,W4_M5,0.09900990099009901
W4_M16,W4_M5,0.0594059405940594
W4_M17,W4_M5,0.039603960396039604
W4_M18,W4_M5,0.0594059405940594
W4_M19,W4_M5,0.0594059405940594
W4_M20,W4_M5,0.13861386138613863
W4_M21,W4_M5,0.019801980198019802
W4_M22,W4_M5,0.07920792079207921
W4_M23,W4_M5,0.039603960396039604
W4_M24,W4_M5,0.019801980198019802
W4_M25,W4_M5,0.019801980198019802
W4_M26,W4_M5,0.019801980198019802
W4_M27,W4_M5,0.019801980198019802
W4_M28,W4_M5,0.019801980198019802
W4_M29,W4_M5,0.019801980198019802
W4_M30,W4_M5,0.019801980198019802
W4_M31,W4_M5,0.019801980198019802
W4_M32,W4_M5,0.019801980198019802
W4_M33,W4_M5,0.019801980198019802
W4_M34,W4_M5,0.019801980198019802
W4_M35,W4_M5,0.019801980198019802
W4_M36,W4_M5,0.019801980198019802
W4_M37,W4_M5,0.019801980198019802
W4_M38,W4_M5,0.019801980198019802
W4_M39,W4_M5,0.019801980198019802
W4_M40,W4_M5,0.019801980198019802
W4_M41,W4_M5,0.019801980198019802
W4_M42,W4_M5,0.019801980198019802
W4_M43,W4_M5,0.019801980198019802
W4_M44,W4_M5,0.019801980198019802
W4_M45,W4_M5,0.019801980198019802
W4_M46,W4_M5,0.019801980198019802
W4_M47,W4_M5,0.019801980198019802
W4_M48,W4_M5,0.019801980198019802
W4_M49,W4_M5,0.019801980198019802
W4_M50,W4_M5,0.019801980198019802
W4_M51,W4_M5,0.019801980198019802
W4_M52,W4_M5,0.019801980198019802
W4_M53,W4_M5,0.019801980198019802
W4_M54,W4_M5,0.019801980198019802
W4_M55,W4_M5,0.019801980198019802
W4_M56,W4_M5,0.019801980198019802
W4_M57,W4_M5,0.019801980198019802
W4_M58,W4_M5,0.019801980198019802
W4_M59,W4_M5,0.019801980198019802
W4_M60,W4_M5,0.019801980198019802
W4_M61,W4_M5,0.019801980198019802
W4_M62,W4_M5,0.019801980198019802
W4_M63,W4_M5,0.019801980198019802
W4_M64,W4_M5,0.019801980198019802
W4_M65,W4_M5,0.019801980198019802
W4_M66,W4_M5,0.019801980198019802
W4_M67,W4_M5,0.019801980198019802
W4_M68,W4_M5,0.019801980198019802
W4_M69,W4_M5,0.019801980198019802
W4_M70,W4_M5,0.019801980198019802
W4_M71,W4_M5,0.019801980198019802
W4_M72,W4_M5,0.019801980198019802
W4_M73,W4_M5,0.019801980198019802
W4_M74,W4_M5,0.019801980198019802
W4_M75,W4_M5,0.019801980198019802
W4_M76,W4_M5,0.019801980198019802
W4_M77,W4_M5,0.019801980198019802
W4_M78,W4_M5,0.019801980198019802
W4_M7,W4_M6,0.8712871287128713
W4_M8,W4_M6,0.019801980198019802
W4_M9,W4_M6,0.019801980198019802
W4_M10,W4_M6,0.7326732673267327
W4_M11,W4_M6,0.6138613861386139
W4_M12,W4_M6,0.6732673267326733
W4_M13,W4_M6,0.6336633663366337
W4_M14,W4_M6,0.7326732673267327
W4_M15,W4_M6,0.1188118811881188
W4_M16,W4_M6,0.039603960396039604
W4_M17,W4_M6,0.09900990099009901
W4_M18,W4_M6,0.0594059405940594
W4_M19,W4_M6,0.0594059405940594
W4_M20,W4_M6,0.07920792079207921
W4_M21,W4_M6,0.039603960396039604
W4_M22,W4_M6,0.09900990099009901
W4_M23,W4_M6,0.039603960396039604
W4_M24,W4_M6,0.039603960396039604
W4_M25,W4_M6,0.019801980198019802
W4_M26,W4_M6,0.019801980198019802
W4_M27,W4_M6,0.019801980198019802
W4_M28,W4_M6,0.019801980198019802
W4_M29,W4_M6,0.019801980198019802
W4_M30,W4_M6,0.019801980198019802
W4_M31,W4_M6,0.019801980198019802
W4_M32,W4_M6,0.019801980198019802
W4_M33,W4_M6,0.019801980198019802
W4_M34,W4_M6,0.039603960396039604
W4_M35,W4_M6,0.019801980198019802
W4_M36,W4_M6,0.019801980198019802
W4_M37,W4_M6,0.019801980198019802
W4_M38,W4_M6,0.019801980198019802
W4_M39,W4_M6,0.019801980198019802
W4_M40,W4_M6,0.019801980198019802
W4_M41,W4_M6,0.019801980198019802
W4_M42,W4_M6,0.019801980198019802
W4_M43,W4_M6,0.019801980198019802
W4_M44,W4_M6,0.019801980198019802
W4_M45,W4_M6,0.019801980198019802
W4_M46,W4_M6,0.019801980198019802
W4_M47,W4_M6,0.019801980198019802
W4_M48,W4_M6,0.019801980198019802
W4_M49,W4_M6,0.019801980198019802
W4_M50,W4_M6,0.019801980198019802
W4_M51,W4_M6,0.019801980198019802
W4_M52,W4_M6,0.019801980198019802
W4_M53,W4_M6,0.019801980198019802
W4_M54,W4_M6,0.019801980198019802
W4_M55,W4_M6,0.019801980198019802
W4_M56,W4_M6,0.019801980198019802
W4_M57,W4_M6,0.019801980198019802
W4_M58,W4_M6,0.019801980198019802
W4_M59,W4_M6,0.019801980198019802
W4_M60,W4_M6,0.019801980198019802
W4_M61,W4_M6,0.019801980198019802
W4_M62,W4_M6,0.019801980198019802
W4_M63,W4_M6,0.019801980198019802
W4_M64,W4_M6,0.019801980198019802
W4_M65,W4_M6,0.019801980198019802
W4_M66,W4_M6,0.019801980198019802
W4_M67,W4_M6,0.019801980198019802
W4_M68,W4_M6,0.019801980198019802
W4_M69,W4_M6,0.019801980198019802
W4_M70,W4_M6,0.019801980198019802
W4_M71,W4_M6,0.019801980198019802
W4_M72,W4_M6,0.019801980198019802
W4_M73,W4_M6,0.019801980198019802
W4_M74,W4_M6,0.019801980198019802
W4_M75,W4_M6,0.019801980198019802
W4_M76,W4_M6,0.019801980198019802
W4_M77,W4_M6,0.019801980198019802
W4_M78,W4_M6,0.019801980198019802
W4_M8,W4_M7,0.019801980198019802
W4_M9,W4_M7,0.019801980198019802
W4_M10,W4_M7,0.9900990099009901
W4_M11,W4_M7,0.1782178217821782
W4_M12,W4_M7,0.6138613861386139
W4_M13,W4_M7,0.6138613861386139
W4_M14,W4_M7,0.7128712871287128
W4_M15,W4_M7,0.0594059405940594
W4_M16,W4_M7,0.07920792079207921
W4_M17,W4_M7,0.0594059405940594
W4_M18,W4_M7,0.039603960396039604
W4_M19,W4_M7,0.019801980198019802
W4_M20,W4_M7,0.07920792079207921
W4_M21,W4_M7,0.039603960396039604
W4_M22,W4_M7,0.039603960396039604
W4_M23,W4_M7,0.039603960396039604
W4_M24,W4_M7,0.019801980198019802
W4_M25,W4_M7,0.019801980198019802
W4_M26,W4_M7,0.019801980198019802
W4_M27,W4_M7,0.019801980198019802
W4_M28,W4_M7,0.019801980198019802
W4_M29,W4_M7,0.019801980198019802
W4_M30,W4_M7,0.019801980198019802
W4_M31,W4_M7,0.019801980198019802
W4_M32,W4_M7,0.019801980198019802
W4_M33,W4_M7,0.019801980198019802
W4_M34,W4_M7,0.019801980198019802
W4_M35,W4_M7,0.019801980198019802
W4_M36,W4_M7,0.019801980198019802
W4_M37,W4_M7,0.019801980198019802
W4_M38,W4_M7,0.019801980198019802
W4_M39,W4_M7,0.019801980198019802
W4_M40,W4_M7,0.019801980198019802
W4_M41,W4_M7,0.019801980198019802
W4_M42,W4_M7,0.019801980198019802
W4_M43,W4_M7,0.019801980198019802
W4_M44,W4_M7,0.019801980198019802
W4_M45,W4_M7,0.019801980198019802
W4_M46,W4_M7,0.019801980198019802
W4_M47,W4_M7,0.019801980198019802
W4_M48,W4_M7,0.019801980198019802
W4_M49,W4_M7,0.019801980198019802
W4_M50,W4_M7,0.019801980198019802
W4_M51,W4_M7,0.019801980198019802
W4_M52,W4_M7,0.019801980198019802
W4_M53,W4_M7,0.019801980198019802
W4_M54,W4_M7,0.019801980198019802
W4_M55,W4_M7,0.019801980198019802
W4_M56,W4_M7,0.019801980198019802
W4_M57,W4_M7,0.019801980198019802
W4_M58,W4_M7,0.019801980198019802
W4_M59,W4_M7,0.019801980198019802
W4_M60,W4_M7,0.019801980198019802
W4_M61,W4_M7,0.019801980198019802
W4_M62,W4_M7,0.019801980198019802
W4_M63,W4_M7,0.019801980198019802
W4_M64,W4_M7,0.019801980198019802
W4_M65,W4_M7,0.019801980198019802
W4_M66,W4_M7,0.019801980198019802
W4_M67,W4_M7,0.019801980198019802
W4_M68,W4_M7,0.019801980198019802
W4_M69,W4_M7,0.019801980198019802
W4_M70,W4_M7,0.019801980198019802
W4_M71,W4_M7,0.019801980198019802
W4_M72,W4_M7,0.019801980198019802
W4_M73,W4_M7,0.019801980198019802
W4_M74,W4_M7,0.019801980198019802
W4_M75,W4_M7,0.019801980198019802
W4_M76,W4_M7,0.019801980198019802
W4_M77,W4_M7,0.019801980198019802
W4_M78,W4_M7,0.019801980198019802
W4_M9,W4_M8,0.8514851485148515
W4_M10,W4_M8,0.019801980198019802
W4_M11,W4_M8,0.019801980198019802
W4_M12,W4_M8,0.019801980198019802
W4_M13,W4_M8,0.019801980198019802
W4_M14,W4_M8,0.4158415841584158
W4_M15,W4_M8,0.039603960396039604
W4_M16,W4_M8,0.019801980198019802
W4_M17,W4_M8,0.019801980198019802
W4_M18,W4_M8,0.039603960396039604
W4_M19,W4_M8,0.019801980198019802
W4_M20,W4_M8,0.019801980198019802
W4_M21,W4_M8,0.019801980198019802
W4_M22,W4_M8,0.039603960396039604
W4_M23,W4_M8,0.019801980198019802
W4_M24,W4_M8,0.019801980198019802
W4_M25,W4_M8,0.019801980198019802
W4_M26,W4_M8,0.019801980198019802
W4_M27,W4_M8,0.019801980198019802
W4_M28,W4_M8,0.019801980198019802
W4_M29,W4_M8,0.019801980198019802
W4_M30,W4_M8,0.019801980198019802
W4_M31,W4_M8,0.019801980198019802
W4_M32,W4_M8,0.019801980198019802
W4_M33,W4_M8,0.019801980198019802
W4_M34,W4_M8,0.019801980198019802
W4_M35,W4_M8,0.019801980198019802
W4_M36,W4_M8,0.019801980198019802
W4_M37,W4_M8,0.019801980198019802
W4_M38,W4_M8,0.019801980198019802
W4_M39,W4_M8,0.019801980198019802
W4_M40,W4_M8,0.019801980198019802
W4_M41,W4_M8,0.019801980198019802
W4_M42,W4_M8,0.019801980198019802
W4_M43,W4_M8,0.019801980198019802
W4_M44,W4_M8,0.019801980198019802
W4_M45,W4_M8,0.019801980198019802
W4_M46,W4_M8,0.019801980198019802
W4_M47,W4_M8,0.019801980198019802
W4_M48,W4_M8,0.019801980198019802
W4_M49,W4_M8,0.019801980198019802
W4_M50,W4_M8,0.019801980198019802
W4_M51,W4_M8,0.019801980198019802
W4_M52,W4_M8,0.019801980198019802
W4_M53,W4_M8,0.019801980198019802
W4_M54,W4_M8,0.019801980198019802
W4_M55,W4_M8,0.019801980198019802
W4_M56,W4_M8,0.019801980198019802
W4_M57,W4_M8,0.019801980198019802
W4_M58,W4_M8,0.019801980198019802
W4_M59,W4_M8,0.019801980198019802
W4_M60,W4_M8,0.019801980198019802
W4_M61,W4_M8,0.019801980198019802
W4_M62,W4_M8,0.019801980198019802
W4_M63,W4_M8,0.019801980198019802
W4_M64,W4_M8,0.019801980198019802
W4_M65,W4_M8,0.019801980198019802
W4_M66,W4_M8,0.019801980198019802
W4_M67,W4_M8,0.019801980198019802
W4_M68,W4_M8,0.019801980198019802
W4_M69,W4_M8,0.019801980198019802
W4_M70,W4_M8,0.019801980198019802
W4_M71,W4_M8,0.019801980198019802
W4_M72,W4_M8,0.019801980198019802
W4_M73,W4_M8,0.019801980198019802
W4_M74,W4_M8,0.019801980198019802
W4_M75,W4_M8,0.019801980198019802
W4_M76,W4_M8,0.019801980198019802
W4_M77,W4_M8,0.019801980198019802
W4_M78,W4_M8,0.019801980198019802
W4_M10,W4_M9,0.019801980198019802
W4_M11,W4_M9,0.019801980198019802
W4_M12,W4_M9,0.019801980198019802
W4_M13,W4_M9,0.019801980198019802
W4_M14,W4_M9,0.15841584158415842
W4_M15,W4_M9,0.019801980198019802
W4_M16,W4_M9,0.019801980198019802
W4_M17,W4_M9,0.019801980198019802
W4_M18,W4_M9,0.019801980198019802
W4_M19,W4_M9,0.019801980198019802
W4_M20,W4_M9,0.019801980198019802
W4_M21,W4_M9,0.019801980198019802
W4_M22,W4_M9,0.019801980198019802
W4_M23,W4_M9,0.039603960396039604
W4_M24,W4_M9,0.019801980198019802
W4_M25,W4_M9,0.019801980198019802
W4_M26,W4_M9,0.019801980198019802
W4_M27,W4_M9,0.019801980198019802
W4_M28,W4_M9,0.019801980198019802
W4_M29,W4_M9,0.019801980198019802
W4_M30,W4_M9,0.019801980198019802
W4_M31,W4_M9,0.019801980198019802
W4_M32,W4_M9,0.019801980198019802
W4_M33,W4_M9,0.019801980198019802
W4_M34,W4_M9,0.019801980198019802
W4_M35,W4_M9,0.019801980198019802
W4_M36,W4_M9,0.019801980198019802
W4_M37,W4_M9,0.019801980198019802
W4_M38,W4_M9,0.019801980198019802
W4_M39,W4_M9,0.019801980198019802
W4_M40,W4_M9,0.019801980198019802
W4_M41,W4_M9,0.019801980198019802
W4_M42,W4_M9,0.019801980198019802
W4_M43,W4_M9,0.019801980198019802
W4_M44,W4_M9,0.019801980198019802
W4_M45,W4_M9,0.019801980198019802
W4_M46,W4_M9,0.019801980198019802
W4_M47,W4_M9,0.019801980198019802
W4_M48,W4_M9,0.019801980198019802
W4_M49,W4_M9,0.019801980198019802
W4_M50,W4_M9,0.019801980198019802
W4_M51,W4_M9,0.019801980198019802
W4_M52,W4_M9,0.019801980198019802
W4_M53,W4_M9,0.019801980198019802
W4_M54,W4_M9,0.019801980198019802
W4_M55,W4_M9,0.019801980198019802
W4_M56,W4_M9,0.019801980198019802
W4_M57,W4_M9,0.019801980198019802
W4_M58,W4_M9,0.019801980198019802
W4_M59,W4_M9,0.019801980198019802
W4_M60,W4_M9,0.019801980198019802
W4_M61,W4_M9,0.019801980198019802
W4_M62,W4_M9,0.019801980198019802
W4_M63,W4_M9,0.019801980198019802
W4_M64,W4_M9,0.019801980198019802
W4_M65,W4_M9,0.019801980198019802
W4_M66,W4_M9,0.019801980198019802
W4_M67,W4_M9,0.019801980198019802
W4_M68,W4_M9,0.019801980198019802
W4_M69,W4_M9,0.019801980198019802
W4_M70,W4_M9,0.019801980198019802
W4_M71,W4_M9,0.019801980198019802
W4_M72,W4_M9,0.019801980198019802
W4_M73,W4_M9,0.019801980198019802
W4_M74,W4_M9,0.019801980198019802
W4_M75,W4_M9,0.019801980198019802
W4_M76,W4_M9,0.019801980198019802
W4_M77,W4_M9,0.019801980198019802
W4_M78,W4_M9,0.019801980198019802
W4_M11,W4_M10,0.0594059405940594
W4_M12,W4_M10,0.5148514851485149
W4_M13,W4_M10,0.5148514851485149
W4_M14,W4_M10,0.7128712871287128
W4_M15,W4_M10,0.07920792079207921
W4_M16,W4_M10,0.09900990099009901
W4_M17,W4_M10,0.07920792079207921
W4_M18,W4_M10,0.0594059405940594
W4_M19,W4_M10,0.039603960396039604
W4_M20,W4_M10,0.13861386138613863
W4_M21,W4_M10,0.09900990099009901
W4_M22,W4_M10,0.0594059405940594
W4_M23,W4_M10,0.039603960396039604
W4_M24,W4_M10,0.019801980198019802
W4_M25,W4_M10,0.019801980198019802
W4_M26,W4_M10,0.019801980198019802
W4_M27,W4_M10,0.019801980198019802
W4_M28,W4_M10,0.039603960396039604
W4_M29,W4_M10,0.019801980198019802
W4_M30,W4_M10,0.019801980198019802
W4_M31,W4_M10,0.019801980198019802
W4_M32,W4_M10,0.019801980198019802
W4_M33,W4_M10,0.019801980198019802
W4_M34,W4_M10,0.019801980198019802
W4_M35,W4_M10,0.019801980198019802
W4_M36,W4_M10,0.019801980198019802
W4_M37,W4_M10,0.019801980198019802
W4_M38,W4_M10,0.019801980198019802
W4_M39,W4_M10,0.019801980198019802
W4_M40,W4_M10,0.019801980198019802
W4_M41,W4_M10,0.019801980198019802
W4_M42,W4_M10,0.019801980198019802
W4_M43,W4_M10,0.019801980198019802
W4_M44,W4_M10,0.019801980198019802
W4_M45,W4_M10,0.019801980198019802
W4_M46,W4_M10,0.019801980198019802
W4_M47,W4_M10,0.019801980198019802
W4_M48,W4_M10,0.019801980198019802
W4_M49,W4_M10,0.019801980198019802
W4_M50,W4_M10,0.019801980198019802
W4_M51,W4_M10,0.019801980198019802
W4_M52,W4_M10,0.019801980198019802
W4_M53,W4_M10,0.019801980198019802
W4_M54,W4_M10,0.019801980198019802
W4_M55,W4_M10,0.019801980198019802
W4_M56,W4_M10,0.019801980198019802
W4_M57,W4_M10,0.019801980198019802
W4_M58,W4_M10,0.019801980198019802
W4_M59,W4_M10,0.019801980198019802
W4_M60,W4_M10,0.019801980198019802
W4_M61,W4_M10,0.019801980198019802
W4_M62,W4_M10,0.019801980198019802
W4_M63,W4_M10,0.019801980198019802
W4_M64,W4_M10,0.019801980198019802
W4_M65,W4_M10,0.019801980198019802
W4_M66,W4_M10,0.019801980198019802
W4_M67,W4_M10,0.019801980198019802
W4_M68,W4_M10,0.019801980198019802
W4_M69,W4_M10,0.019801980198019802
W4_M70,W4_M10,0.019801980198019802
W4_M71,W4_M10,0.019801980198019802
W4_M72,W4_M10,0.019801980198019802
W4_M73,W4_M10,0.019801980198019802
W4_M74,W4_M10,0.019801980198019802
W4_M75,W4_M10,0.019801980198019802
W4_M76,W4_M10,0.019801980198019802
W4_M77,W4_M10,0.019801980198019802
W4_M78,W4_M10,0.019801980198019802
W4_M12,W4_M11,0.6732673267326733
W4_M13,W4_M11,0.6336633663366337
W4_M14,W4_M11,0.5544554455445545
W4_M15,W4_M11,0.13861386138613863
W4_M16,W4_M11,0.1188118811881188
W4_M17,W4_M11,0.0594059405940594
W4_M18,W4_M11,0.09900990099009901
W4_M19,W4_M11,0.09900990099009901
W4_M20,W4_M11,0.0594059405940594
W4_M21,W4_M11,0.07920792079207921
W4_M22,W4_M11,0.1188118811881188
W4_M23,W4_M11,0.0594059405940594
W4_M24,W4_M11,0.019801980198019802
W4_M25,W4_M11,0.019801980198019802
W4_M26,W4_M11,0.019801980198019802
W4_M27,W4_M11,0.019801980198019802
W4_M28,W4_M11,0.019801980198019802
W4_M29,W4_M11,0.019801980198019802
W4_M30,W4_M11,0.019801980198019802
W4_M31,W4_M11,0.019801980198019802
W4_M32,W4_M11,0.019801980198019802
W4_M33,W4_M11,0.019801980198019802
W4_M34,W4_M11,0.019801980198019802
W4_M35,W4_M11,0.019801980198019802
W4_M36,W4_M11,0.019801980198019802
W4_M37,W4_M11,0.019801980198019802
W4_M38,W4_M11,0.019801980198019802
W4_M39,W4_M11,0.019801980198019802
W4_M40,W4_M11,0.019801980198019802
W4_M41,W4_M11,0.019801980198019802
W4_M42,W4_M11,0.019801980198019802
W4_M43,W4_M11,0.019801980198019802
W4_M44,W4_M11,0.019801980198019802
W4_M45,W4_M11,0.019801980198019802
W4_M46,W4_M11,0.019801980198019802
W4_M47,W4_M11,0.019801980198019802
W4_M48,W4_M11,0.019801980198019802
W4_M49,W4_M11,0.019801980198019802
W4_M50,W4_M11,0.019801980198019802
W4_M51,W4_M11,0.019801980198019802
W4_M52,W4_M11,0.019801980198019802
W4_M53,W4_M11,0.019801980198019802
W4_M54,W4_M11,0.019801980198019802
W4_M55,W4_M11,0.019801980198019802
W4_M56,W4_M11,0.019801980198019802
W4_M57,W4_M11,0.019801980198019802
W4_M58,W4_M11,0.019801980198019802
W4_M59,W4_M11,0.019801980198019802
W4_M60,W4_M11,0.019801980198019802
W4_M61,W4_M11,0.019801980198019802
W4_M62,W4_M11,0.019801980198019802
W4_M63,W4_M11,0.019801980198019802
W4_M64,W4_M11,0.019801980198019802
W4_M65,W4_M11,0.019801980198019802
W4_M66,W4_M11,0.019801980198019802
W4_M67,W4_M11,0.019801980198019802
W4_M68,W4_M11,0.019801980198019802
W4_M69,W4_M11,0.019801980198019802
W4_M70,W4_M11,0.019801980198019802
W4_M71,W4_M11,0.019801980198019802
W4_M72,W4_M11,0.019801980198019802
W4_M73,W4_M11,0.019801980198019802
W4_M74,W4_M11,0.019801980198019802
W4_M75,W4_M11,0.019801980198019802
W4_M76,W4_M11,0.019801980198019802
W4_M77,W4_M11,0.019801980198019802
W4_M78,W4_M11,0.019801980198019802
W4_M13,W4_M12,0.7524752475247525
W4_M14,W4_M12,0.7920792079207921
W4_M15,W4_M12,0.21782178217821782
W4_M16,W4_M12,0.0594059405940594
W4_M17,W4_M12,0.1782178217821782
W4_M18,W4_M12,0.1188118811881188
W4_M19,W4_M12,0.0594059405940594
W4_M20,W4_M12,0.07920792079207921
W4_M21,W4_M12,0.0594059405940594
W4_M22,W4_M12,0.0594059405940594
W4_M23,W4_M12,0.019801980198019802
W4_M24,W4_M12,0.019801980198019802
W4_M25,W4_M12,0.019801980198019802
W4_M26,W4_M12,0.019801980198019802
W4_M27,W4_M12,0.019801980198019802
W4_M28,W4_M12,0.019801980198019802
W4_M29,W4_M12,0.019801980198019802
W4_M30,W4_M12,0.019801980198019802
W4_M31,W4_M12,0.019801980198019802
W4_M32,W4_M12,0.019801980198019802
W4_M33,W4_M12,0.019801980198019802
W4_M34,W4_M12,0.019801980198019802
W4_M35,W4_M12,0.019801980198019802
W4_M36,W4_M12,0.019801980198019802
W4_M37,W4_M12,0.019801980198019802
W4_M38,W4_M12,0.019801980198019802
W4_M39,W4_M12,0.019801980198019802
W4_M40,W4_M12,0.019801980198019802
W4_M41,W4_M12,0.019801980198019802
W4_M42,W4_M12,0.019801980198019802
W4_M43,W4_M12,0.019801980198019802
W4_M44,W4_M12,0.019801980198019802
W4_M45,W4_M12,0.019801980198019802
W4_M46,W4_M12,0.019801980198019802
W4_M47,W4_M12,0.019801980198019802
W4_M48,W4_M12,0.019801980198019802
W4_M49,W4_M12,0.019801980198019802
W4_M50,W4_M12,0.019801980198019802
W4_M51,W4_M12,0.019801980198019802
W4_M52,W4_M12,0.019801980198019802
W4_M53,W4_M12,0.019801980198019802
W4_M54,W4_M12,0.019801980198019802
W4_M55,W4_M12,0.019801980198019802
W4_M56,W4_M12,0.019801980198019802
W4_M57,W4_M12,0.019801980198019802
W4_M58,W4_M12,0.019801980198019802
W4_M59,W4_M12,0.019801980198019802
W4_M60,W4_M12,0.019801980198019802
W4_M61,W4_M12,0.019801980198019802
W4_M62,W4_M12,0.019801980198019802
W4_M63,W4_M12,0.019801980198019802
W4_M64,W4_M12,0.019801980198019802
W4_M65,W4_M12,0.019801980198019802
W4_M66,W4_M12,0.019801980198019802
W4_M67,W4_M12,0.019801980198019802
W4_M68,W4_M12,0.019801980198019802
W4_M69,W4_M12,0.019801980198019802
W4_M70,W4_M12,0.019801980198019802
W4_M71,W4_M12,0.019801980198019802
W4_M72,W4_M12,0.019801980198019802
W4_M73,W4_M12,0.019801980198019802
W4_M74,W4_M12,0.019801980198019802
W4_M75,W4_M12,0.019801980198019802
W4_M76,W4_M12,0.019801980198019802
W4_M77,W4_M12,0.019801980198019802
W4_M78,W4_M12,0.019801980198019802
W4_M14,W4_M13,0.9306930693069307
W4_M15,W4_M13,0.27722772277227725
W4_M16,W4_M13,0.019801980198019802
W4_M17,W4_M13,0.1188118811881188
W4_M18,W4_M13,0.09900990099009901
W4_M19,W4_M13,0.039603960396039604
W4_M20,W4_M13,0.0594059405940594
W4_M21,W4_M13,0.019801980198019802
W4_M22,W4_M13,0.09900990099009901
W4_M23,W4_M13,0.13861386138613863
W4_M24,W4_M13,0.019801980198019802
W4_M25,W4_M13,0.019801980198019802
W4_M26,W4_M13,0.019801980198019802
W4_M27,W4_M13,0.019801980198019802
W4_M28,W4_M13,0.019801980198019802
W4_M29,W4_M13,0.019801980198019802
W4_M30,W4_M13,0.019801980198019802
W4_M31,W4_M13,0.039603960396039604
W4_M32,W4_M13,0.019801980198019802
W4_M33,W4_M13,0.019801980198019802
W4_M34,W4_M13,0.019801980198019802
W4_M35,W4_M13,0.019801980198019802
W4_M36,W4_M13,0.019801980198019802
W4_M37,W4_M13,0.019801980198019802
W4_M38,W4_M13,0.019801980198019802
W4_M39,W4_M13,0.019801980198019802
W4_M40,W4_M13,0.019801980198019802
W4_M41,W4_M13,0.019801980198019802
W4_M42,W4_M13,0.019801980198019802
W4_M43,W4_M13,0.019801980198019802
W4_M44,W4_M13,0.019801980198019802
W4_M45,W4_M13,0.019801980198019802
W4_M46,W4_M13,0.019801980198019802
W4_M47,W4_M13,0.019801980198019802
W4_M48,W4_M13,0.019801980198019802
W4_M49,W4_M13,0.019801980198019802
W4_M50,W4_M13,0.019801980198019802
W4_M51,W4_M13,0.019801980198019802
W4_M52,W4_M13,0.019801980198019802
W4_M53,W4_M13,0.019801980198019802
W4_M54,W4_M13,0.019801980198019802
W4_M55,W4_M13,0.019801980198019802
W4_M56,W4_M13,0.019801980198019802
W4_M57,W4_M13,0.019801980198019802
W4_M58,W4_M13,0.019801980198019802
W4_M59,W4_M13,0.019801980198019802
W4_M60,W4_M13,0.019801980198019802
W4_M61,W4_M13,0.019801980198019802
W4_M62,W4_M13,0.019801980198019802
W4_M63,W4_M13,0.019801980198019802
W4_M64,W4_M13,0.019801980198019802
W4_M65,W4_M13,0.019801980198019802
W4_M66,W4_M13,0.019801980198019802
W4_M67,W4_M13,0.019801980198019802
W4_M68,W4_M13,0.019801980198019802
W4_M69,W4_M13,0.019801980198019802
W4_M70,W4_M13,0.019801980198019802
W4_M71,W4_M13,0.019801980198019802
W4_M72,W4_M13,0.019801980198019802
W4_M73,W4_M13,0.019801980198019802
W4_M74,W4_M13,0.019801980198019802
W4_M75,W4_M13,0.019801980198019802
W4_M76,W4_M13,0.019801980198019802
W4_M77,W4_M13,0.019801980198019802
W4_M78,W4_M13,0.019801980198019802
W4_M15,W4_M14,0.7128712871287128
W4_M16,W4_M14,0.5544554455445545
W4_M17,W4_M14,0.2376237623762376
W4_M18,W4_M14,0.39603960396039606
W4_M19,W4_M14,0.21782178217821782
W4_M20,W4_M14,0.13861386138613863
W4_M21,W4_M14,0.0594059405940594
W4_M22,W4_M14,0.07920792079207921
W4_M23,W4_M14,0.039603960396039604
W4_M24,W4_M14,0.019801980198019802
W4_M25,W4_M14,0.019801980198019802
W4_M26,W4_M14,0.019801980198019802
W4_M27,W4_M14,0.039603960396039604
W4_M28,W4_M14,0.019801980198019802
W4_M29,W4_M14,0.0594059405940594
W4_M30,W4_M14,0.019801980198019802
W4_M31,W4_M14,0.07920792079207921
W4_M32,W4_M14,0.019801980198019802
W4_M33,W4_M14,0.019801980198019802
W4_M34,W4_M14,0.019801980198019802
W4_M35,W4_M14,0.019801980198019802
W4_M36,W4_M14,0.019801980198019802
W4_M37,W4_M14,0.019801980198019802
W4_M38,W4_M14,0.019801980198019802
W4_M39,W4_M14,0.019801980198019802
W4_M40,W4_M14,0.019801980198019802
W4_M41,W4_M14,0.019801980198019802
W4_M42,W4_M14,0.019801980198019802
W4_M43,W4_M14,0.019801980198019802
W4_M44,W4_M14,0.019801980198019802
W4_M45,W4_M14,0.019801980198019802
W4_M46,W4_M14,0.019801980198019802
W4_M47,W4_M14,0.019801980198019802
W4_M48,W4_M14,0.019801980198019802
W4_M49,W4_M14,0.019801980198019802
W4_M50,W4_M14,0.019801980198019802
W4_M51,W4_M14,0.019801980198019802
W4_M52,W4_M14,0.019801980198019802
W4_M53,W4_M14,0.019801980198019802
W4_M54,W4_M14,0.019801980198019802
W4_M55,W4_M14,0.019801980198019802
W4_M56,W4_M14,0.019801980198019802
W4_M57,W4_M14,0.019801980198019802
W4_M58,W4_M14,0.019801980198019802
W4_M59,W4_M14,0.019801980198019802
W4_M60,W4_M14,0.019801980198019802
W4_M61,W4_M14,0.019801980198019802
W4_M62,W4_M14,0.019801980198019802
W4_M63,W4_M14,0.019801980198019802
W4_M64,W4_M14,0.019801980198019802
W4_M65,W4_M14,0.019801980198019802
W4_M66,W4_M14,0.019801980198019802
W4_M67,W4_M14,0.019801980198019802
W4_M68,W4_M14,0.019801980198019802
W4_M69,W4_M14,0.019801980198019802
W4_M70,W4_M14,0.019801980198019802
W4_M71,W4_M14,0.019801980198019802
W4_M72,W4_M14,0.019801980198019802
W4_M73,W4_M14,0.019801980198019802
W4_M74,W4_M14,0.019801980198019802
W4_M75,W4_M14,0.019801980198019802
W4_M76,W4_M14,0.019801980198019802
W4_M77,W4_M14,0.019801980198019802
W4_M78,W4_M14,0.019801980198019802
W4_M16,W4_M15,0.37623762376237624
W4_M17,W4_M15,0.6534653465346535
W4_M18,W4_M15,0.4752475247524752
W4_M19,W4_M15,0.39603960396039606
W4_M20,W4_M15,0.297029702970297
W4_M21,W4_M15,0.297029702970297
W4_M22,W4_M15,0.21782178217821782
W4_M23,W4_M15,0.15841584158415842
W4_M24,W4_M15,0.039603960396039604
W4_M25,W4_M15,0.039603960396039604
W4_M26,W4_M15,0.039603960396039604
W4_M27,W4_M15,0.019801980198019802
W4_M28,W4_M15,0.019801980198019802
W4_M29,W4_M15,0.019801980198019802
W4_M30,W4_M15,0.019801980198019802
W4_M31,W4_M15,0.07920792079207921
W4_M32,W4_M15,0.039603960396039604
W4_M33,W4_M15,0.019801980198019802
W4_M34,W4_M15,0.019801980198019802
W4_M35,W4_M15,0.019801980198019802
W4_M36,W4_M15,0.019801980198019802
W4_M37,W4_M15,0.019801980198019802
W4_M38,W4_M15,0.019801980198019802
W4_M39,W4_M15,0.019801980198019802
W4_M40,W4_M15,0.019801980198019802
W4_M41,W4_M15,0.019801980198019802
W4_M42,W4_M15,0.019801980198019802
W4_M43,W4_M15,0.019801980198019802
W4_M44,W4_M15,0.019801980198019802
W4_M45,W4_M15,0.019801980198019802
W4_M46,W4_M15,0.019801980198019802
W4_M47,W4_M15,0.019801980198019802
W4_M48,W4_M15,0.019801980198019802
W4_M49,W4_M15,0.019801980198019802
W4_M50,W4_M15,0.019801980198019802
W4_M51,W4_M15,0.019801980198019802
W4_M52,W4_M15,0.019801980198019802
W4_M53,W4_M15,0.019801980198019802
W4_M54,W4_M15,0.019801980198019802
W4_M55,W4_M15,0.019801980198019802
W4_M56,W4_M15,0.019801980198019802
W4_M57,W4_M15,0.019801980198019802
W4_M58,W4_M15,0.019801980198019802
W4_M59,W4_M15,0.019801980198019802
W4_M60,W4_M15,0.019801980198019802
W4_M61,W4_M15,0.019801980198019802
W4_M62,W4_M15,0.019801980198019802
W4_M63,W4_M15,0.019801980198019802
W4_M64,W4_M15,0.019801980198019802
W4_M65,W4_M15,0.019801980198019802
W4_M66,W4_M15,0.019801980198019802
W4_M67,W4_M15,0.019801980198019802
W4_M68,W4_M15,0.019801980198019802
W4_M69,W4_M15,0.019801980198019802
W4_M70,W4_M15,0.019801980198019802
W4_M71,W4_M15,0.019801980198019802
W4_M72,W4_M15,0.019801980198019802
W4_M73,W4_M15,0.019801980198019802
W4_M74,W4_M15,0.019801980198019802
W4_M75,W4_M15,0.019801980198019802
W4_M76,W4_M15,0.019801980198019802
W4_M77,W4_M15,0.019801980198019802
W4_M78,W4_M15,0.019801980198019802
W4_M17,W4_M16,0.8316831683168316
W4_M18,W4_M16,0.7920792079207921
W4_M19,W4_M16,0.594059405940594
W4_M20,W4_M16,0.5346534653465347
W4_M21,W4_M16,0.21782178217821782
W4_M22,W4_M16,0.37623762376237624
W4_M23,W4_M16,0.27722772277227725
W4_M24,W4_M16,0.07920792079207921
W4_M25,W4_M16,0.019801980198019802
W4_M26,W4_M16,0.039603960396039604
W4_M27,W4_M16,0.019801980198019802
W4_M28,W4_M16,0.019801980198019802
W4_M29,W4_M16,0.019801980198019802
W4_M30,W4_M16,0.039603960396039604
W4_M31,W4_M16,0.13861386138613863
W4_M32,W4_M16,0.039603960396039604
W4_M33,W4_M16,0.019801980198019802
W4_M34,W4_M16,0.019801980198019802
W4_M35,W4_M16,0.019801980198019802
W4_M36,W4_M16,0.019801980198019802
W4_M37,W4_M16,0.019801980198019802
W4_M38,W4_M16,0.019801980198019802
W4_M39,W4_M16,0.019801980198019802
W4_M40,W4_M16,0.019801980198019802
W4_M41,W4_M16,0.019801980198019802
W4_M42,W4_M16,0.019801980198019802
W4_M43,W4_M16,0.019801980198019802
W4_M44,W4_M16,0.019801980198019802
W4_M45,W4_M16,0.019801980198019802
W4_M46,W4_M16,0.019801980198019802
W4_M47,W4_M16,0.019801980198019802
W4_M48,W4_M16,0.019801980198019802
W4_M49,W4_M16,0.019801980198019802
W4_M50,W4_M16,0.019801980198019802
W4_M51,W4_M16,0.019801980198019802
W4_M52,W4_M16,0.019801980198019802
W4_M53,W4_M16,0.019801980198019802
W4_M54,W4_M16,0.019801980198019802
W4_M55,W4_M16,0.019801980198019802
W4_M56,W4_M16,0.019801980198019802
W4_M57,W4_M16,0.019801980198019802
W4_M58,W4_M16,0.019801980198019802
W4_M59,W4_M16,0.019801980198019802
W4_M60,W4_M16,0.019801980198019802
W4_M61,W4_M16,0.019801980198019802
W4_M62,W4_M16,0.019801980198019802
W4_M63,W4_M16,0.019801980198019802
W4_M64,W4_M16,0.019801980198019802
W4_M65,W4_M16,0.019801980198019802
W4_M66,W4_M16,0.019801980198019802
W4_M67,W4_M16,0.019801980198019802
W4_M68,W4_M16,0.019801980198019802
W4_M69,W4_M16,0.019801980198019802
W4_M70,W4_M16,0.019801980198019802
W4_M71,W4_M16,0.019801980198019802
W4_M72,W4_M16,0.019801980198019802
W4_M73,W4_M16,0.019801980198019802
W4_M74,W4_M16,0.019801980198019802
W4_M75,W4_M16,0.019801980198019802
W4_M76,W4_M16,0.019801980198019802
W4_M77,W4_M16,0.019801980198019802
W4_M78,W4_M16,0.019801980198019802
W4_M18,W4_M17,0.019801980198019802
W4_M19,W4_M17,0.13861386138613863
W4_M20,W4_M17,0.594059405940594
W4_M21,W4_M17,0.2376237623762376
W4_M22,W4_M17,0.15841584158415842
W4_M23,W4_M17,0.3564356435643564
W4_M24,W4_M17,0.019801980198019802
W4_M25,W4_M17,0.0594059405940594
W4_M26,W4_M17,0.0594059405940594
W4_M27,W4_M17,0.039603960396039604
W4_M28,W4_M17,0.039603960396039604
W4_M29,W4_M17,0.019801980198019802
W4_M30,W4_M17,0.039603960396039604
W4_M31,W4_M17,0.25742574257425743
W4_M32,W4_M17,0.039603960396039604
W4_M33,W4_M17,0.019801980198019802
W4_M34,W4_M17,0.019801980198019802
W4_M35,W4_M17,0.019801980198019802
W4_M36,W4_M17,0.019801980198019802
W4_M37,W4_M17,0.019801980198019802
W4_M38,W4_M17,0.019801980198019802
W4_M39,W4_M17,0.019801980198019802
W4_M40,W4_M17,0.019801980198019802
W4_M41,W4_M17,0.019801980198019802
W4_M42,W4_M17,0.019801980198019802
W4_M43,W4_M17,0.019801980198019802
W4_M44,W4_M17,0.019801980198019802
W4_M45,W4_M17,0.019801980198019802
W4_M46,W4_M17,0.019801980198019802
W4_M47,W4_M17,0.019801980198019802
W4_M48,W4_M17,0.019801980198019802
W4_M49,W4_M17,0.019801980198019802
W4_M50,W4_M17,0.019801980198019802
W4_M51,W4_M17,0.019801980198019802
W4_M52,W4_M17,0.019801980198019802
W4_M53,W4_M17,0.019801980198019802
W4_M54,W4_M17,0.019801980198019802
W4_M55,W4_M17,0.019801980198019802
W4_M56,W4_M17,0.019801980198019802
W4_M57,W4_M17,0.019801980198019802
W4_M58,W4_M17,0.019801980198019802
W4_M59,W4_M17,0.019801980198019802
W4_M60,W4_M17,0.019801980198019802
W4_M61,W4_M17,0.019801980198019802
W4_M62,W4_M17,0.019801980198019802
W4_M63,W4_M17,0.019801980198019802
W4_M64,W4_M17,0.019801980198019802
W4_M65,W4_M17,0.019801980198019802
W4_M66,W4_M17,0.019801980198019802
W4_M67,W4_M17,0.019801980198019802
W4_M68,W4_M17,0.019801980198019802
W4_M69,W4_M17,0.019801980198019802
W4_M70,W4_M17,0.019801980198019802
W4_M71,W4_M17,0.019801980198019802
W4_M72,W4_M17,0.019801980198019802
W4_M73,W4_M17,0.019801980198019802
W4_M74,W4_M17,0.019801980198019802
W4_M75,W4_M17,0.019801980198019802
W4_M76,W4_M17,0.019801980198019802
W4_M77,W4_M17,0.019801980198019802
W4_M78,W4_M17,0.019801980198019802
W4_M19,W4_M18,0.4158415841584158
W4_M20,W4_M18,0.594059405940594
W4_M21,W4_M18,0.297029702970297
W4_M22,W4_M18,0.25742574257425743
W4_M23,W4_M18,0.43564356435643564
W4_M24,W4_M18,0.019801980198019802
W4_M25,W4_M18,0.039603960396039604
W4_M26,W4_M18,0.0594059405940594
W4_M27,W4_M18,0.039603960396039604
W4_M28,W4_M18,0.039603960396039604
W4_M29,W4_M18,0.039603960396039604
W4_M30,W4_M18,0.07920792079207921
W4_M31,W4_M18,0.21782178217821782
W4_M32,W4_M18,0.039603960396039604
W4_M33,W4_M18,0.039603960396039604
W4_M34,W4_M18,0.039603960396039604
W4_M35,W4_M18,0.019801980198019802
W4_M36,W4_M18,0.019801980198019802
W4_M37,W4_M18,0.019801980198019802
W4_M38,W4_M18,0.019801980198019802
W4_M39,W4_M18,0.019801980198019802
W4_M40,W4_M18,0.019801980198019802
W4_M41,W4_M18,0.019801980198019802
W4_M42,W4_M18,0.019801980198019802
W4_M43,W4_M18,0.019801980198019802
W4_M44,W4_M18,0.019801980198019802
W4_M45,W4_M18,0.019801980198019802
W4_M46,W4_M18,0.019801980198019802
W4_M47,W4_M18,0.019801980198019802
W4_M48,W4_M18,0.019801980198019802
W4_M49,W4_M18,0.019801980198019802
W4_M50,W4_M18,0.019801980198019802
W4_M51,W4_M18,0.019801980198019802
W4_M52,W4_M18,0.019801980198019802
W4_M53,W4_M18,0.019801980198019802
W4_M54,W4_M18,0.019801980198019802
W4_M55,W4_M18,0.019801980198019802
W4_M56,W4_M18,0.019801980198019802
W4_M57,W4_M18,0.019801980198019802
W4_M58,W4_M18,0.019801980198019802
W4_M59,W4_M18,0.019801980198019802
W4_M60,W4_M18,0.019801980198019802
W4_M61,W4_M18,0.019801980198019802
W4_M62,W4_M18,0.019801980198019802
W4_M63,W4_M18,0.019801980198019802
W4_M64,W4_M18,0.019801980198019802
W4_M65,W4_M18,0.019801980198019802
W4_M66,W4_M18,0.019801980198019802
W4_M67,W4_M18,0.019801980198019802
W4_M68,W4_M18,0.019801980198019802
W4_M69,W4_M18,0.019801980198019802
W4_M70,W4_M18,0.019801980198019802
W4_M71,W4_M18,0.019801980198019802
W4_M72,W4_M18,0.019801980198019802
W4_M73,W4_M18,0.019801980198019802
W4_M74,W4_M18,0.019801980198019802
W4_M75,W4_M18,0.019801980198019802
W4_M76,W4_M18,0.019801980198019802
W4_M77,W4_M18,0.019801980198019802
W4_M78,W4_M18,0.019801980198019802
W4_M20,W4_M19,0.5148514851485149
W4_M21,W4_M19,0.27722772277227725
W4_M22,W4_M19,0.297029702970297
W4_M23,W4_M19,0.43564356435643564
W4_M24,W4_M19,0.019801980198019802
W4_M25,W4_M19,0.1188118811881188
W4_M26,W4_M19,0.1188118811881188
W4_M27,W4_M19,0.039603960396039604
W4_M28,W4_M19,0.07920792079207921
W4_M29,W4_M19,0.019801980198019802
W4_M30,W4_M19,0.09900990099009901
W4_M31,W4_M19,0.1782178217821782
W4_M32,W4_M19,0.019801980198019802
W4_M33,W4_M19,0.039603960396039604
W4_M34,W4_M19,0.039603960396039604
W4_M35,W4_M19,0.019801980198019802
W4_M36,W4_M19,0.019801980198019802
W4_M37,W4_M19,0.019801980198019802
W4_M38,W4_M19,0.019801980198019802
W4_M39,W4_M19,0.019801980198019802
W4_M40,W4_M19,0.019801980198019802
W4_M41,W4_M19,0.019801980198019802
W4_M42,W4_M19,0.019801980198019802
W4_M43,W4_M19,0.019801980198019802
W4_M44,W4_M19,0.019801980198019802
W4_M45,W4_M19,0.019801980198019802
W4_M46,W4_M19,0.019801980198019802
W4_M47,W4_M19,0.019801980198019802
W4_M48,W4_M19,0.019801980198019802
W4_M49,W4_M19,0.019801980198019802
W4_M50,W4_M19,0.019801980198019802
W4_M51,W4_M19,0.019801980198019802
W4_M52,W4_M19,0.019801980198019802
W4_M53,W4_M19,0.019801980198019802
W4_M54,W4_M19,0.019801980198019802
W4_M55,W4_M19,0.019801980198019802
W4_M56,W4_M19,0.019801980198019802
W4_M57,W4_M19,0.019801980198019802
W4_M58,W4_M19,0.019801980198019802
W4_M59,W4_M19,0.019801980198019802
W4_M60,W4_M19,0.019801980198019802
W4_M61,W4_M19,0.019801980198019802
W4_M62,W4_M19,0.019801980198019802
W4_M63,W4_M19,0.019801980198019802
W4_M64,W4_M19,0.019801980198019802
W4_M65,W4_M19,0.019801980198019802
W4_M66,W4_M19,0.019801980198019802
W4_M67,W4_M19,0.019801980198019802
W4_M68,W4_M19,0.019801980198019802
W4_M69,W4_M19,0.019801980198019802
W4_M70,W4_M19,0.019801980198019802
W4_M71,W4_M19,0.019801980198019802
W4_M72,W4_M19,0.019801980198019802
W4_M73,W4_M19,0.019801980198019802
W4_M74,W4_M19,0.019801980198019802
W4_M75,W4_M19,0.019801980198019802
W4_M76,W4_M19,0.019801980198019802
W4_M77,W4_M19,0.019801980198019802
W4_M78,W4_M19,0.019801980198019802
W4_M21,W4_M20,0.7722772277227723
W4_M22,W4_M20,0.9108910891089109
W4_M23,W4_M20,0.43564356435643564
W4_M24,W4_M20,0.27722772277227725
W4_M25,W4_M20,0.09900990099009901
W4_M26,W4_M20,0.19801980198019803
W4_M27,W4_M20,0.2376237623762376
W4_M28,W4_M20,0.1188118811881188
W4_M29,W4_M20,0.15841584158415842
W4_M30,W4_M20,0.15841584158415842
W4_M31,W4_M20,0.594059405940594
W4_M32,W4_M20,0.15841584158415842
W4_M33,W4_M20,0.13861386138613863
W4_M34,W4_M20,0.09900990099009901
W4_M35,W4_M20,0.019801980198019802
W4_M36,W4_M20,0.019801980198019802
W4_M37,W4_M20,0.019801980198019802
W4_M38,W4_M20,0.019801980198019802
W4_M39,W4_M20,0.019801980198019802
W4_M40,W4_M20,0.039603960396039604
W4_M41,W4_M20,0.019801980198019802
W4_M42,W4_M20,0.019801980198019802
W4_M43,W4_M20,0.019801980198019802
W4_M44,W4_M20,0.019801980198019802
W4_M45,W4_M20,0.019801980198019802
W4_M46,W4_M20,0.039603960396039604
W4_M47,W4_M20,0.019801980198019802
W4_M48,W4_M20,0.019801980198019802
W4_M49,W4_M20,0.019801980198019802
W4_M50,W4_M20,0.019801980198019802
W4_M51,W4_M20,0.019801980198019802
W4_M52,W4_M20,0.019801980198019802
W4_M53,W4_M20,0.019801980198019802
W4_M54,W4_M20,0.019801980198019802
W4_M55,W4_M20,0.019801980198019802
W4_M56,W4_M20,0.019801980198019802
W4_M57,W4_M20,0.019801980198019802
W4_M58,W4_M20,0.019801980198019802
W4_M59,W4_M20,0.019801980198019802
W4_M60,W4_M20,0.019801980198019802
W4_M61,W4_M20,0.019801980198019802
W4_M62,W4_M20,0.019801980198019802
W4_M63,W4_M20,0.019801980198019802
W4_M64,W4_M20,0.019801980198019802
W4_M65,W4_M20,0.019801980198019802
W4_M66,W4_M20,0.019801980198019802
W4_M67,W4_M20,0.019801980198019802
W4_M68,W4_M20,0.019801980198019802
W4_M69,W4_M20,0.019801980198019802
W4_M70,W4_M20,0.019801980198019802
W4_M71,W4_M20,0.019801980198019802
W4_M72,W4_M20,0.019801980198019802
W4_M73,W4_M20,0.019801980198019802
W4_M74,W4_M20,0.019801980198019802
W4_M75,W4_M20,0.019801980198019802
W4_M76,W4_M20,0.019801980198019802
W4_M77,W4_M20,0.019801980198019802
W4_M78,W4_M20,0.019801980198019802
W4_M22,W4_M21,0.7524752475247525
W4_M23,W4_M21,0.7722772277227723
W4_M24,W4_M21,0.13861386138613863
W4_M25,W4_M21,0.25742574257425743
W4_M26,W4_M21,0.5544554455445545
W4_M27,W4_M21,0.297029702970297
W4_M28,W4_M21,0.37623762376237624
W4_M29,W4_M21,0.2376237623762376
W4_M30,W4_M21,0.07920792079207921
W4_M31,W4_M21,0.8118811881188119
W4_M32,W4_M21,0.1782178217821782
W4_M33,W4_M21,0.21782178217821782
W4_M34,W4_M21,0.019801980198019802
W4_M35,W4_M21,0.09900990099009901
W4_M36,W4_M21,0.039603960396039604
W4_M37,W4_M21,0.019801980198019802
W4_M38,W4_M21,0.039603960396039604
W4_M39,W4_M21,0.019801980198019802
W4_M40,W4_M21,0.019801980198019802
W4_M41,W4_M21,0.019801980198019802
W4_M42,W4_M21,0.019801980198019802
W4_M43,W4_M21,0.019801980198019802
W4_M44,W4_M21,0.019801980198019802
W4_M45,W4_M21,0.019801980198019802
W4_M46,W4_M21,0.019801980198019802
W4_M47,W4_M21,0.019801980198019802
W4_M48,W4_M21,0.019801980198019802
W4_M49,W4_M21,0.019801980198019802
W4_M50,W4_M21,0.019801980198019802
W4_M51,W4_M21,0.019801980198019802
W4_M52,W4_M21,0.019801980198019802
W4_M53,W4_M21,0.019801980198019802
W4_M54,W4_M21,0.019801980198019802
W4_M55,W4_M21,0.019801980198019802
W4_M56,W4_M21,0.019801980198019802
W4_M57,W4_M21,0.019801980198019802
W4_M58,W4_M21,0.019801980198019802
W4_M59,W4_M21,0.019801980198019802
W4_M60,W4_M21,0.019801980198019802
W4_M61,W4_M21,0.019801980198019802
W4_M62,W4_M21,0.019801980198019802
W4_M63,W4_M21,0.019801980198019802
W4_M64,W4_M21,0.019801980198019802
W4_M65,W4_M21,0.019801980198019802
W4_M66,W4_M21,0.019801980198019802
W4_M67,W4_M21,0.019801980198019802
W4_M68,W4_M21,0.019801980198019802
W4_M69,W4_M21,0.019801980198019802
W4_M70,W4_M21,0.019801980198019802
W4_M71,W4_M21,0.019801980198019802
W4_M72,W4_M21,0.019801980198019802
W4_M73,W4_M21,0.019801980198019802
W4_M74,W4_M21,0.019801980198019802
W4_M75,W4_M21,0.019801980198019802
W4_M76,W4_M21,0.019801980198019802
W4_M77,W4_M21,0.019801980198019802
W4_M78,W4_M21,0.019801980198019802
W4_M23,W4_M22,0.8118811881188119
W4_M24,W4_M22,0.07920792079207921
W4_M25,W4_M22,0.37623762376237624
W4_M26,W4_M22,0.297029702970297
W4_M27,W4_M22,0.37623762376237624
W4_M28,W4_M22,0.3564356435643564
W4_M29,W4_M22,0.25742574257425743
W4_M30,W4_M22,0.2376237623762376
W4_M31,W4_M22,0.9108910891089109
W4_M32,W4_M22,0.27722772277227725
W4_M33,W4_M22,0.19801980198019803
W4_M34,W4_M22,0.019801980198019802
W4_M35,W4_M22,0.07920792079207921
W4_M36,W4_M22,0.0594059405940594
W4_M37,W4_M22,0.039603960396039604
W4_M38,W4_M22,0.019801980198019802
W4_M39,W4_M22,0.019801980198019802
W4_M40,W4_M22,0.07920792079207921
W4_M41,W4_M22,0.019801980198019802
W4_M42,W4_M22,0.019801980198019802
W4_M43,W4_M22,0.019801980198019802
W4_M44,W4_M22,0.019801980198019802
W4_M45,W4_M22,0.019801980198019802
W4_M46,W4_M22,0.019801980198019802
W4_M47,W4_M22,0.019801980198019802
W4_M48,W4_M22,0.019801980198019802
W4_M49,W4_M22,0.019801980198019802
W4_M50,W4_M22,0.019801980198019802
W4_M51,W4_M22,0.019801980198019802
W4_M52,W4_M22,0.019801980198019802
W4_M53,W4_M22,0.019801980198019802
W4_M54,W4_M22,0.019801980198019802
W4_M55,W4_M22,0.019801980198019802
W4_M56,W4_M22,0.019801980198019802
W4_M57,W4_M22,0.019801980198019802
W4_M58,W4_M22,0.019801980198019802
W4_M59,W4_M22,0.019801980198019802
W4_M60,W4_M22,0.019801980198019802
W4_M61,W4_M22,0.019801980198019802
W4_M62,W4_M22,0.019801980198019802
W4_M63,W4_M22,0.019801980198019802
W4_M64,W4_M22,0.019801980198019802
W4_M65,W4_M22,0.019801980198019802
W4_M66,W4_M22,0.019801980198019802
W4_M67,W4_M22,0.019801980198019802
W4_M68,W4_M22,0.019801980198019802
W4_M69,W4_M22,0.019801980198019802
W4_M70,W4_M22,0.019801980198019802
W4_M71,W4_M22,0.019801980198019802
W4_M72,W4_M22,0.019801980198019802
W4_M73,W4_M22,0.019801980198019802
W4_M74,W4_M22,0.019801980198019802
W4_M75,W4_M22,0.019801980198019802
W4_M76,W4_M22,0.019801980198019802
W4_M77,W4_M22,0.019801980198019802
W4_M78,W4_M22,0.019801980198019802
W4_M24,W4_M23,0.6534653465346535
W4_M25,W4_M23,0.5544554455445545
W4_M26,W4_M23,0.6732673267326733
W4_M27,W4_M23,0.5346534653465347
W4_M28,W4_M23,0.5346534653465347
W4_M29,W4_M23,0.43564356435643564
W4_M30,W4_M23,0.43564356435643564
W4_M31,W4_M23,0.8514851485148515
W4_M32,W4_M23,0.43564356435643564
W4_M33,W4_M23,0.39603960396039606
W4_M34,W4_M23,0.15841584158415842
W4_M35,W4_M23,0.07920792079207921
W4_M36,W4_M23,0.039603960396039604
W4_M37,W4_M23,0.07920792079207921
W4_M38,W4_M23,0.039603960396039604
W4_M39,W4_M23,0.039603960396039604
W4_M40,W4_M23,0.13861386138613863
W4_M41,W4_M23,0.019801980198019802
W4_M42,W4_M23,0.019801980198019802
W4_M43,W4_M23,0.019801980198019802
W4_M44,W4_M23,0.039603960396039604
W4_M45,W4_M23,0.019801980198019802
W4_M46,W4_M23,0.019801980198019802
W4_M47,W4_M23,0.019801980198019802
W4_M48,W4_M23,0.019801980198019802
W4_M49,W4_M23,0.019801980198019802
W4_M50,W4_M23,0.019801980198019802
W4_M51,W4_M23,0.019801980198019802
W4_M52,W4_M23,0.019801980198019802
W4_M53,W4_M23,0.019801980198019802
W4_M54,W4_M23,0.019801980198019802
W4_M55,W4_M23,0.019801980198019802
W4_M56,W4_M23,0.019801980198019802
W4_M57,W4_M23,0.019801980198019802
W4_M58,W4_M23,0.019801980198019802
W4_M59,W4_M23,0.019801980198019802
W4_M60,W4_M23,0.019801980198019802
W4_M61,W4_M23,0.019801980198019802
W4_M62,W4_M23,0.019801980198019802
W4_M63,W4_M23,0.019801980198019802
W4_M64,W4_M23,0.019801980198019802
W4_M65,W4_M23,0.019801980198019802
W4_M66,W4_M23,0.019801980198019802
W4_M67,W4_M23,0.019801980198019802
W4_M68,W4_M23,0.019801980198019802
W4_M69,W4_M23,0.019801980198019802
W4_M70,W4_M23,0.019801980198019802
W4_M71,W4_M23,0.019801980198019802
W4_M72,W4_M23,0.019801980198019802
W4_M73,W4_M23,0.019801980198019802
W4_M74,W4_M23,0.019801980198019802
W4_M75,W4_M23,0.019801980198019802
W4_M76,W4_M23,0.019801980198019802
W4_M77,W4_M23,0.019801980198019802
W4_M78,W4_M23,0.019801980198019802
W4_M25,W4_M24,0.8712871287128713
W4_M26,W4_M24,0.7326732673267327
W4_M27,W4_M24,0.7524752475247525
W4_M28,W4_M24,0.7722772277227723
W4_M29,W4_M24,0.7326732673267327
W4_M30,W4_M24,0.6534653465346535
W4_M31,W4_M24,0.5346534653465347
W4_M32,W4_M24,0.6336633663366337
W4_M33,W4_M24,0.5148514851485149
W4_M34,W4_M24,0.21782178217821782
W4_M35,W4_M24,0.1188118811881188
W4_M36,W4_M24,0.1188118811881188
W4_M37,W4_M24,0.0594059405940594
W4_M38,W4_M24,0.07920792079207921
W4_M39,W4_M24,0.019801980198019802
W4_M40,W4_M24,0.19801980198019803
W4_M41,W4_M24,0.039603960396039604
W4_M42,W4_M24,0.019801980198019802
W4_M43,W4_M24,0.039603960396039604
W4_M44,W4_M24,0.019801980198019802
W4_M45,W4_M24,0.019801980198019802
W4_M46,W4_M24,0.019801980198019802
W4_M47,W4_M24,0.019801980198019802
W4_M48,W4_M24,0.019801980198019802
W4_M49,W4_M24,0.019801980198019802
W4_M50,W4_M24,0.039603960396039604
W4_M51,W4_M24,0.019801980198019802
W4_M52,W4_M24,0.019801980198019802
W4_M53,W4_M24,0.019801980198019802
W4_M54,W4_M24,0.019801980198019802
W4_M55,W4_M24,0.019801980198019802
W4_M56,W4_M24,0.019801980198019802
W4_M57,W4_M24,0.019801980198019802
W4_M58,W4_M24,0.019801980198019802
W4_M59,W4_M24,0.019801980198019802
W4_M60,W4_M24,0.019801980198019802
W4_M61,W4_M24,0.019801980198019802
W4_M62,W4_M24,0.019801980198019802
W4_M63,W4_M24,0.019801980198019802
W4_M64,W4_M24,0.019801980198019802
W4_M65,W4_M24,0.019801980198019802
W4_M66,W4_M24,0.019801980198019802
W4_M67,W4_M24,0.019801980198019802
W4_M68,W4_M24,0.019801980198019802
W4_M69,W4_M24,0.019801980198019802
W4_M70,W4_M24,0.019801980198019802
W4_M71,W4_M24,0.019801980198019802
W4_M72,W4_M24,0.019801980198019802
W4_M73,W4_M24,0.019801980198019802
W4_M74,W4_M24,0.019801980198019802
W4_M75,W4_M24,0.019801980198019802
W4_M76,W4_M24,0.019801980198019802
W4_M77,W4_M24,0.019801980198019802
W4_M78,W4_M24,0.019801980198019802
W4_M26,W4_M25,0.15841584158415842
W4_M27,W4_M25,0.9504950495049505
W4_M28,W4_M25,0.7524752475247525
W4_M29,W4_M25,0.8316831683168316
W4_M30,W4_M25,0.9702970297029703
W4_M31,W4_M25,0.297029702970297
W4_M32,W4_M25,0.8118811881188119
W4_M33,W4_M25,0.7128712871287128
W4_M34,W4_M25,0.5346534653465347
W4_M35,W4_M25,0.09900990099009901
W4_M36,W4_M25,0.1782178217821782
W4_M37,W4_M25,0.019801980198019802
W4_M38,W4_M25,0.019801980198019802
W4_M39,W4_M25,0.019801980198019802
W4_M40,W4_M25,0.0594059405940594
W4_M41,W4_M25,0.019801980198019802
W4_M42,W4_M25,0.039603960396039604
W4_M43,W4_M25,0.019801980198019802
W4_M44,W4_M25,0.0594059405940594
W4_M45,W4_M25,0.019801980198019802
W4_M46,W4_M25,0.019801980198019802
W4_M47,W4_M25,0.019801980198019802
W4_M48,W4_M25,0.019801980198019802
W4_M49,W4_M25,0.019801980198019802
W4_M50,W4_M25,0.019801980198019802
W4_M51,W4_M25,0.019801980198019802
W4_M52,W4_M25,0.019801980198019802
W4_M53,W4_M25,0.019801980198019802
W4_M54,W4_M25,0.019801980198019802
W4_M55,W4_M25,0.019801980198019802
W4_M56,W4_M25,0.019801980198019802
W4_M57,W4_M25,0.019801980198019802
W4_M58,W4_M25,0.019801980198019802
W4_M59,W4_M25,0.019801980198019802
W4_M60,W4_M25,0.019801980198019802
W4_M61,W4_M25,0.019801980198019802
W4_M62,W4_M25,0.019801980198019802
W4_M63,W4_M25,0.019801980198019802
W4_M64,W4_M25,0.019801980198019802
W4_M65,W4_M25,0.019801980198019802
W4_M66,W4_M25,0.019801980198019802
W4_M67,W4_M25,0.019801980198019802
W4_M68,W4_M25,0.019801980198019802
W4_M69,W4_M25,0.019801980198019802
W4_M70,W4_M25,0.019801980198019802
W4_M71,W4_M25,0.019801980198019802
W4_M72,W4_M25,0.019801980198019802
W4_M73,W4_M25,0.019801980198019802
W4_M74,W4_M25,0.019801980198019802
W4_M75,W4_M25,0.019801980198019802
W4_M76,W4_M25,0.019801980198019802
W4_M77,W4_M25,0.019801980198019802
W4_M78,W4_M25,0.019801980198019802
W4_M27,W4_M26,0.7524752475247525
W4_M28,W4_M26,0.7722772277227723
W4_M29,W4_M26,0.9504950495049505
W4_M30,W4_M26,0.9504950495049505
W4_M31,W4_M26,0.37623762376237624
W4_M32,W4_M26,0.8910891089108911
W4_M33,W4_M26,0.8514851485148515
W4_M34,W4_M26,0.37623762376237624
W4_M35,W4_M26,0.0594059405940594
W4_M36,W4_M26,0.19801980198019803
W4_M37,W4_M26,0.019801980198019802
W4_M38,W4_M26,0.019801980198019802
W4_M39,W4_M26,0.019801980198019802
W4_M40,W4_M26,0.09900990099009901
W4_M41,W4_M26,0.019801980198019802
W4_M42,W4_M26,0.07920792079207921
W4_M43,W4_M26,0.019801980198019802
W4_M44,W4_M26,0.019801980198019802
W4_M45,W4_M26,0.019801980198019802
W4_M46,W4_M26,0.019801980198019802
W4_M47,W4_M26,0.019801980198019802
W4_M48,W4_M26,0.019801980198019802
W4_M49,W4_M26,0.019801980198019802
W4_M50,W4_M26,0.019801980198019802
W4_M51,W4_M26,0.019801980198019802
W4_M52,W4_M26,0.019801980198019802
W4_M53,W4_M26,0.019801980198019802
W4_M54,W4_M26,0.019801980198019802
W4_M55,W4_M26,0.019801980198019802
W4_M56,W4_M26,0.019801980198019802
W4_M57,W4_M26,0.019801980198019802
W4_M58,W4_M26,0.019801980198019802
W4_M59,W4_M26,0.019801980198019802
W4_M60,W4_M26,0.019801980198019802
W4_M61,W4_M26,0.019801980198019802
W4_M62,W4_M26,0.019801980198019802
W4_M63,W4_M26,0.019801980198019802
W4_M64,W4_M26,0.019801980198019802
W4_M65,W4_M26,0.019801980198019802
W4_M66,W4_M26,0.019801980198019802
W4_M67,W4_M26,0.019801980198019802
W4_M68,W4_M26,0.019801980198019802
W4_M69,W4_M26,0.019801980198019802
W4_M70,W4_M26,0.019801980198019802
W4_M71,W4_M26,0.019801980198019802
W4_M72,W4_M26,0.019801980198019802
W4_M73,W4_M26,0.019801980198019802
W4_M74,W4_M26,0.019801980198019802
W4_M75,W4_M26,0.019801980198019802
W4_M76,W4_M26,0.019801980198019802
W4_M77,W4_M26,0.019801980198019802
W4_M78,W4_M26,0.019801980198019802
W4_M28,W4_M27,0.9108910891089109
W4_M29,W4_M27,0.9504950495049505
W4_M30,W4_M27,0.7326732673267327
W4_M31,W4_M27,0.09900990099009901
W4_M32,W4_M27,0.594059405940594
W4_M33,W4_M27,0.7326732673267327
W4_M34,W4_M27,0.6534653465346535
W4_M35,W4_M27,0.019801980198019802
W4_M36,W4_M27,0.19801980198019803
W4_M37,W4_M27,0.019801980198019802
W4_M38,W4_M27,0.019801980198019802
W4_M39,W4_M27,0.019801980198019802
W4_M40,W4_M27,0.07920792079207921
W4_M41,W4_M27,0.019801980198019802
W4_M42,W4_M27,0.019801980198019802
W4_M43,W4_M27,0.019801980198019802
W4_M44,W4_M27,0.019801980198019802
W4_M45,W4_M27,0.019801980198019802
W4_M46,W4_M27,0.019801980198019802
W4_M47,W4_M27,0.019801980198019802
W4_M48,W4_M27,0.019801980198019802
W4_M49,W4_M27,0.019801980198019802
W4_M50,W4_M27,0.019801980198019802
W4_M51,W4_M27,0.019801980198019802
W4_M52,W4_M27,0.019801980198019802
W4_M53,W4_M27,0.019801980198019802
W4_M54,W4_M27,0.019801980198019802
W4_M55,W4_M27,0.019801980198019802
W4_M56,W4_M27,0.019801980198019802
W4_M57,W4_M27,0.019801980198019802
W4_M58,W4_M27,0.019801980198019802
W4_M59,W4_M27,0.019801980198019802
W4_M60,W4_M27,0.019801980198019802
W4_M61,W4_M27,0.019801980198019802
W4_M62,W4_M27,0.019801980198019802
W4_M63,W4_M27,0.019801980198019802
W4_M64,W4_M27,0.019801980198019802
W4_M65,W4_M27,0.019801980198019802
W4_M66,W4_M27,0.019801980198019802
W4_M67,W4_M27,0.019801980198019802
W4_M68,W4_M27,0.019801980198019802
W4_M69,W4_M27,0.019801980198019802
W4_M70,W4_M27,0.019801980198019802
W4_M71,W4_M27,0.019801980198019802
W4_M72,W4_M27,0.019801980198019802
W4_M73,W4_M27,0.019801980198019802
W4_M74,W4_M27,0.019801980198019802
W4_M75,W4_M27,0.019801980198019802
W4_M76,W4_M27,0.019801980198019802
W4_M77,W4_M27,0.019801980198019802
W4_M78,W4_M27,0.019801980198019802
W4_M29,W4_M28,0.9306930693069307
W4_M30,W4_M28,0.7128712871287128
W4_M31,W4_M28,0.1782178217821782
W4_M32,W4_M28,0.8712871287128713
W4_M33,W4_M28,0.7920792079207921
W4_M34,W4_M28,0.5346534653465347
W4_M35,W4_M28,0.039603960396039604
W4_M36,W4_M28,0.1188118811881188
W4_M37,W4_M28,0.019801980198019802
W4_M38,W4_M28,0.019801980198019802
W4_M39,W4_M28,0.019801980198019802
W4_M40,W4_M28,0.019801980198019802
W4_M41,W4_M28,0.019801980198019802
W4_M42,W4_M28,0.019801980198019802
W4_M43,W4_M28,0.019801980198019802
W4_M44,W4_M28,0.07920792079207921
W4_M45,W4_M28,0.019801980198019802
W4_M46,W4_M28,0.039603960396039604
W4_M47,W4_M28,0.019801980198019802
W4_M48,W4_M28,0.019801980198019802
W4_M49,W4_M28,0.019801980198019802
W4_M50,W4_M28,0.019801980198019802
W4_M51,W4_M28,0.019801980198019802
W4_M52,W4_M28,0.019801980198019802
W4_M53,W4_M28,0.019801980198019802
W4_M54,W4_M28,0.019801980198019802
W4_M55,W4_M28,0.019801980198019802
W4_M56,W4_M28,0.019801980198019802
W4_M57,W4_M28,0.019801980198019802
W4_M58,W4_M28,0.019801980198019802
W4_M59,W4_M28,0.019801980198019802
W4_M60,W4_M28,0.019801980198019802
W4_M61,W4_M28,0.019801980198019802
W4_M62,W4_M28,0.019801980198019802
W4_M63,W4_M28,0.019801980198019802
W4_M64,W4_M28,0.019801980198019802
W4_M65,W4_M28,0.019801980198019802
W4_M66,W4_M28,0.019801980198019802
W4_M67,W4_M28,0.019801980198019802
W4_M68,W4_M28,0.019801980198019802
W4_M69,W4_M28,0.019801980198019802
W4_M70,W4_M28,0.019801980198019802
W4_M71,W4_M28,0.019801980198019802
W4_M72,W4_M28,0.019801980198019802
W4_M73,W4_M28,0.019801980198019802
W4_M74,W4_M28,0.019801980198019802
W4_M75,W4_M28,0.019801980198019802
W4_M76,W4_M28,0.019801980198019802
W4_M77,W4_M28,0.019801980198019802
W4_M78,W4_M28,0.019801980198019802
W4_M30,W4_M29,0.8712871287128713
W4_M31,W4_M29,0.39603960396039606
W4_M32,W4_M29,0.8910891089108911
W4_M33,W4_M29,0.49504950495049505
W4_M34,W4_M29,0.5544554455445545
W4_M35,W4_M29,0.37623762376237624
W4_M36,W4_M29,0.1782178217821782
W4_M37,W4_M29,0.0594059405940594
W4_M38,W4_M29,0.0594059405940594
W4_M39,W4_M29,0.07920792079207921
W4_M40,W4_M29,0.37623762376237624
W4_M41,W4_M29,0.039603960396039604
W4_M42,W4_M29,0.0594059405940594
W4_M43,W4_M29,0.07920792079207921
W4_M44,W4_M29,0.019801980198019802
W4_M45,W4_M29,0.019801980198019802
W4_M46,W4_M29,0.019801980198019802
W4_M47,W4_M29,0.039603960396039604
W4_M48,W4_M29,0.07920792079207921
W4_M49,W4_M29,0.019801980198019802
W4_M50,W4_M29,0.019801980198019802
W4_M51,W4_M29,0.019801980198019802
W4_M52,W4_M29,0.019801980198019802
W4_M53,W4_M29,0.019801980198019802
W4_M54,W4_M29,0.019801980198019802
W4_M55,W4_M29,0.019801980198019802
W4_M56,W4_M29,0.019801980198019802
W4_M57,W4_M29,0.019801980198019802
W4_M58,W4_M29,0.019801980198019802
W4_M59,W4_M29,0.019801980198019802
W4_M60,W4_M29,0.019801980198019802
W4_M61,W4_M29,0.019801980198019802
W4_M62,W4_M29,0.019801980198019802
W4_M63,W4_M29,0.019801980198019802
W4_M64,W4_M29,0.019801980198019802
W4_M65,W4_M29,0.019801980198019802
W4_M66,W4_M29,0.019801980198019802
W4_M67,W4_M29,0.019801980198019802
W4_M68,W4_M29,0.019801980198019802
W4_M69,W4_M29,0.019801980198019802
W4_M70,W4_M29,0.019801980198019802
W4_M71,W4_M29,0.019801980198019802
W4_M72,W4_M29,0.019801980198019802
W4_M73,W4_M29,0.019801980198019802
W4_M74,W4_M29,0.019801980198019802
W4_M75,W4_M29,0.019801980198019802
W4_M76,W4_M29,0.019801980198019802
W4_M77,W4_M29,0.019801980198019802
W4_M78,W4_M29,0.019801980198019802
W4_M31,W4_M30,0.019801980198019802
W4_M32,W4_M30,0.8712871287128713
W4_M33,W4_M30,0.6534653465346535
W4_M34,W4_M30,0.6732673267326733
W4_M35,W4_M30,0.297029702970297
W4_M36,W4_M30,0.27722772277227725
W4_M37,W4_M30,0.019801980198019802
W4_M38,W4_M30,0.019801980198019802
W4_M39,W4_M30,0.019801980198019802
W4_M40,W4_M30,0.3564356435643564
W4_M41,W4_M30,0.019801980198019802
W4_M42,W4_M30,0.019801980198019802
W4_M43,W4_M30,0.019801980198019802
W4_M44,W4_M30,0.039603960396039604
W4_M45,W4_M30,0.019801980198019802
W4_M46,W4_M30,0.019801980198019802
W4_M47,W4_M30,0.019801980198019802
W4_M48,W4_M30,0.019801980198019802
W4_M49,W4_M30,0.019801980198019802
W4_M50,W4_M30,0.019801980198019802
W4_M51,W4_M30,0.019801980198019802
W4_M52,W4_M30,0.019801980198019802
W4_M53,W4_M30,0.019801980198019802
W4_M54,W4_M30,0.019801980198019802
W4_M55,W4_M30,0.019801980198019802
W4_M56,W4_M30,0.019801980198019802
W4_M57,W4_M30,0.019801980198019802
W4_M58,W4_M30,0.019801980198019802
W4_M59,W4_M30,0.019801980198019802
W4_M60,W4_M30,0.019801980198019802
W4_M61,W4_M30,0.019801980198019802
W4_M62,W4_M30,0.019801980198019802
W4_M63,W4_M30,0.019801980198019802
W4_M64,W4_M30,0.019801980198019802
W4_M65,W4_M30,0.019801980198019802
W4_M66,W4_M30,0.019801980198019802
W4_M67,W4_M30,0.019801980198019802
W4_M68,W4_M30,0.019801980198019802
W4_M69,W4_M30,0.019801980198019802
W4_M70,W4_M30,0.019801980198019802
W4_M71,W4_M30,0.019801980198019802
W4_M72,W4_M30,0.019801980198019802
W4_M73,W4_M30,0.019801980198019802
W4_M74,W4_M30,0.019801980198019802
W4_M75,W4_M30,0.019801980198019802
W4_M76,W4_M30,0.019801980198019802
W4_M77,W4_M30,0.019801980198019802
W4_M78,W4_M30,0.019801980198019802
W4_M32,W4_M31,0.019801980198019802
W4_M33,W4_M31,0.019801980198019802
W4_M34,W4_M31,0.19801980198019803
W4_M35,W4_M31,0.019801980198019802
W4_M36,W4_M31,0.019801980198019802
W4_M37,W4_M31,0.019801980198019802
W4_M38,W4_M31,0.019801980198019802
W4_M39,W4_M31,0.019801980198019802
W4_M40,W4_M31,0.039603960396039604
W4_M41,W4_M31,0.019801980198019802
W4_M42,W4_M31,0.019801980198019802
W4_M43,W4_M31,0.019801980198019802
W4_M44,W4_M31,0.019801980198019802
W4_M45,W4_M31,0.019801980198019802
W4_M46,W4_M31,0.019801980198019802
W4_M47,W4_M31,0.019801980198019802
W4_M48,W4_M31,0.019801980198019802
W4_M49,W4_M31,0.019801980198019802
W4_M50,W4_M31,0.019801980198019802
W4_M51,W4_M31,0.019801980198019802
W4_M52,W4_M31,0.019801980198019802
W4_M53,W4_M31,0.019801980198019802
W4_M54,W4_M31,0.019801980198019802
W4_M55,W4_M31,0.019801980198019802
W4_M56,W4_M31,0.019801980198019802
W4_M57,W4_M31,0.019801980198019802
W4_M58,W4_M31,0.019801980198019802
W4_M59,W4_M31,0.019801980198019802
W4_M60,W4_M31,0.019801980198019802
W4_M61,W4_M31,0.019801980198019802
W4_M62,W4_M31,0.019801980198019802
W4_M63,W4_M31,0.019801980198019802
W4_M64,W4_M31,0.019801980198019802
W4_M65,W4_M31,0.019801980198019802
W4_M66,W4_M31,0.019801980198019802
W4_M67,W4_M31,0.019801980198019802
W4_M68,W4_M31,0.019801980198019802
W4_M69,W4_M31,0.019801980198019802
W4_M70,W4_M31,0.019801980198019802
W4_M71,W4_M31,0.019801980198019802
W4_M72,W4_M31,0.019801980198019802
W4_M73,W4_M31,0.019801980198019802
W4_M74,W4_M31,0.019801980198019802
W4_M75,W4_M31,0.019801980198019802
W4_M76,W4_M31,0.019801980198019802
W4_M77,W4_M31,0.019801980198019802
W4_M78,W4_M31,0.019801980198019802
W4_M33,W4_M32,0.8316831683168316
W4_M34,W4_M32,0.45544554455445546
W4_M35,W4_M32,0.2376237623762376
W4_M36,W4_M32,0.1188118811881188
W4_M37,W4_M32,0.019801980198019802
W4_M38,W4_M32,0.019801980198019802
W4_M39,W4_M32,0.019801980198019802
W4_M40,W4_M32,0.15841584158415842
W4_M41,W4_M32,0.019801980198019802
W4_M42,W4_M32,0.019801980198019802
W4_M43,W4_M32,0.019801980198019802
W4_M44,W4_M32,0.039603960396039604
W4_M45,W4_M32,0.019801980198019802
W4_M46,W4_M32,0.019801980198019802
W4_M47,W4_M32,0.019801980198019802
W4_M48,W4_M32,0.019801980198019802
W4_M49,W4_M32,0.019801980198019802
W4_M50,W4_M32,0.019801980198019802
W4_M51,W4_M32,0.019801980198019802
W4_M52,W4_M32,0.019801980198019802
W4_M53,W4_M32,0.019801980198019802
W4_M54,W4_M32,0.019801980198019802
W4_M55,W4_M32,0.019801980198019802
W4_M56,W4_M32,0.019801980198019802
W4_M57,W4_M32,0.019801980198019802
W4_M58,W4_M32,0.019801980198019802
W4_M59,W4_M32,0.019801980198019802
W4_M60,W4_M32,0.019801980198019802
W4_M61,W4_M32,0.019801980198019802
W4_M62,W4_M32,0.019801980198019802
W4_M63,W4_M32,0.019801980198019802
W4_M64,W4_M32,0.019801980198019802
W4_M65,W4_M32,0.019801980198019802
W4_M66,W4_M32,0.019801980198019802
W4_M67,W4_M32,0.019801980198019802
W4_M68,W4_M32,0.019801980198019802
W4_M69,W4_M32,0.019801980198019802
W4_M70,W4_M32,0.019801980198019802
W4_M71,W4_M32,0.019801980198019802
W4_M72,W4_M32,0.019801980198019802
W4_M73,W4_M32,0.019801980198019802
W4_M74,W4_M32,0.019801980198019802
W4_M75,W4_M32,0.019801980198019802
W4_M76,W4_M32,0.019801980198019802
W4_M77,W4_M32,0.019801980198019802
W4_M78,W4_M32,0.019801980198019802
W4_M34,W4_M33,0.7920792079207921
W4_M35,W4_M33,0.2376237623762376
W4_M36,W4_M33,0.2376237623762376
W4_M37,W4_M33,0.019801980198019802
W4_M38,W4_M33,0.019801980198019802
W4_M39,W4_M33,0.019801980198019802
W4_M40,W4_M33,0.297029702970297
W4_M41,W4_M33,0.039603960396039604
W4_M42,W4_M33,0.019801980198019802
W4_M43,W4_M33,0.019801980198019802
W4_M44,W4_M33,0.019801980198019802
W4_M45,W4_M33,0.019801980198019802
W4_M46,W4_M33,0.019801980198019802
W4_M47,W4_M33,0.019801980198019802
W4_M48,W4_M33,0.039603960396039604
W4_M49,W4_M33,0.019801980198019802
W4_M50,W4_M33,0.019801980198019802
W4_M51,W4_M33,0.019801980198019802
W4_M52,W4_M33,0.019801980198019802
W4_M53,W4_M33,0.019801980198019802
W4_M54,W4_M33,0.019801980198019802
W4_M55,W4_M33,0.019801980198019802
W4_M56,W4_M33,0.019801980198019802
W4_M57,W4_M33,0.019801980198019802
W4_M58,W4_M33,0.019801980198019802
W4_M59,W4_M33,0.019801980198019802
W4_M60,W4_M33,0.019801980198019802
W4_M61,W4_M33,0.019801980198019802
W4_M62,W4_M33,0.019801980198019802
W4_M63,W4_M33,0.019801980198019802
W4_M64,W4_M33,0.019801980198019802
W4_M65,W4_M33,0.019801980198019802
W4_M66,W4_M33,0.019801980198019802
W4_M67,W4_M33,0.019801980198019802
W4_M68,W4_M33,0.019801980198019802
W4_M69,W4_M33,0.019801980198019802
W4_M70,W4_M33,0.019801980198019802
W4_M71,W4_M33,0.019801980198019802
W4_M72,W4_M33,0.019801980198019802
W4_M73,W4_M33,0.019801980198019802
W4_M74,W4_M33,0.019801980198019802
W4_M75,W4_M33,0.019801980198019802
W4_M76,W4_M33,0.019801980198019802
W4_M77,W4_M33,0.019801980198019802
W4_M78,W4_M33,0.019801980198019802
W4_M35,W4_M34,0.6138613861386139
W4_M36,W4_M34,0.5346534653465347
W4_M37,W4_M34,0.1188118811881188
W4_M38,W4_M34,0.0594059405940594
W4_M39,W4_M34,0.1782178217821782
W4_M40,W4_M34,0.6534653465346535
W4_M41,W4_M34,0.15841584158415842
W4_M42,W4_M34,0.039603960396039604
W4_M43,W4_M34,0.13861386138613863
W4_M44,W4_M34,0.0594059405940594
W4_M45,W4_M34,0.039603960396039604
W4_M46,W4_M34,0.09900990099009901
W4_M47,W4_M34,0.0594059405940594
W4_M48,W4_M34,0.15841584158415842
W4_M49,W4_M34,0.019801980198019802
W4_M50,W4_M34,0.039603960396039604
W4_M51,W4_M34,0.019801980198019802
W4_M52,W4_M34,0.019801980198019802
W4_M53,W4_M34,0.019801980198019802
W4_M54,W4_M34,0.019801980198019802
W4_M55,W4_M34,0.019801980198019802
W4_M56,W4_M34,0.019801980198019802
W4_M57,W4_M34,0.019801980198019802
W4_M58,W4_M34,0.019801980198019802
W4_M59,W4_M34,0.019801980198019802
W4_M60,W4_M34,0.019801980198019802
W4_M61,W4_M34,0.019801980198019802
W4_M62,W4_M34,0.019801980198019802
W4_M63,W4_M34,0.019801980198019802
W4_M64,W4_M34,0.019801980198019802
W4_M65,W4_M34,0.019801980198019802
W4_M66,W4_M34,0.019801980198019802
W4_M67,W4_M34,0.019801980198019802
W4_M68,W4_M34,0.019801980198019802
W4_M69,W4_M34,0.019801980198019802
W4_M70,W4_M34,0.019801980198019802
W4_M71,W4_M34,0.019801980198019802
W4_M72,W4_M34,0.019801980198019802
W4_M73,W4_M34,0.019801980198019802
W4_M74,W4_M34,0.019801980198019802
W4_M75,W4_M34,0.019801980198019802
W4_M76,W4_M34,0.019801980198019802
W4_M77,W4_M34,0.019801980198019802
W4_M78,W4_M34,0.019801980198019802
W4_M36,W4_M35,0.8514851485148515
W4_M37,W4_M35,0.0594059405940594
W4_M38,W4_M35,0.13861386138613863
W4_M39,W4_M35,0.0594059405940594
W4_M40,W4_M35,0.9900990099009901
W4_M41,W4_M35,0.019801980198019802
W4_M42,W4_M35,0.15841584158415842
W4_M43,W4_M35,0.019801980198019802
W4_M44,W4_M35,0.13861386138613863
W4_M45,W4_M35,0.019801980198019802
W4_M46,W4_M35,0.0594059405940594
W4_M47,W4_M35,0.0594059405940594
W4_M48,W4_M35,0.019801980198019802
W4_M49,W4_M35,0.039603960396039604
W4_M50,W4_M35,0.019801980198019802
W4_M51,W4_M35,0.019801980198019802
W4_M52,W4_M35,0.019801980198019802
W4_M53,W4_M35,0.039603960396039604
W4_M54,W4_M35,0.019801980198019802
W4_M55,W4_M35,0.019801980198019802
W4_M56,W4_M35,0.019801980198019802
W4_M57,W4_M35,0.0594059405940594
W4_M58,W4_M35,0.019801980198019802
W4_M59,W4_M35,0.019801980198019802
W4_M60,W4_M35,0.019801980198019802
W4_M61,W4_M35,0.019801980198019802
W4_M62,W4_M35,0.019801980198019802
W4_M63,W4_M35,0.019801980198019802
W4_M64,W4_M35,0.019801980198019802
W4_M65,W4_M35,0.019801980198019802
W4_M66,W4_M35,0.019801980198019802
W4_M67,W4_M35,0.019801980198019802
W4_M68,W4_M35,0.019801980198019802
W4_M69,W4_M35,0.019801980198019802
W4_M70,W4_M35,0.019801980198019802
W4_M71,W4_M35,0.019801980198019802
W4_M72,W4_M35,0.019801980198019802
W4_M73,W4_M35,0.019801980198019802
W4_M74,W4_M35,0.019801980198019802
W4_M75,W4_M35,0.019801980198019802
W4_M76,W4_M35,0.019801980198019802
W4_M77,W4_M35,0.019801980198019802
W4_M78,W4_M35,0.019801980198019802
W4_M37,W4_M36,0.31683168316831684
W4_M38,W4_M36,0.2376237623762376
W4_M39,W4_M36,0.33663366336633666
W4_M40,W4_M36,0.7524752475247525
W4_M41,W4_M36,0.25742574257425743
W4_M42,W4_M36,0.33663366336633666
W4_M43,W4_M36,0.31683168316831684
W4_M44,W4_M36,0.31683168316831684
W4_M45,W4_M36,0.27722772277227725
W4_M46,W4_M36,0.13861386138613863
W4_M47,W4_M36,0.25742574257425743
W4_M48,W4_M36,0.09900990099009901
W4_M49,W4_M36,0.1188118811881188
W4_M50,W4_M36,0.1188118811881188
W4_M51,W4_M36,0.0594059405940594
W4_M52,W4_M36,0.039603960396039604
W4_M53,W4_M36,0.019801980198019802
W4_M54,W4_M36,0.019801980198019802
W4_M55,W4_M36,0.019801980198019802
W4_M56,W4_M36,0.039603960396039604
W4_M57,W4_M36,0.019801980198019802
W4_M58,W4_M36,0.039603960396039604
W4_M59,W4_M36,0.019801980198019802
W4_M60,W4_M36,0.039603960396039604
W4_M61,W4_M36,0.019801980198019802
W4_M62,W4_M36,0.019801980198019802
W4_M63,W4_M36,0.019801980198019802
W4_M64,W4_M36,0.019801980198019802
W4_M65,W4_M36,0.019801980198019802
W4_M66,W4_M36,0.0594059405940594
W4_M67,W4_M36,0.019801980198019802
W4_M68,W4_M36,0.019801980198019802
W4_M69,W4_M36,0.019801980198019802
W4_M70,W4_M36,0.019801980198019802
W4_M71,W4_M36,0.019801980198019802
W4_M72,W4_M36,0.019801980198019802
W4_M73,W4_M36,0.019801980198019802
W4_M74,W4_M36,0.019801980198019802
W4_M75,W4_M36,0.019801980198019802
W4_M76,W4_M36,0.019801980198019802
W4_M77,W4_M36,0.019801980198019802
W4_M78,W4_M36,0.019801980198019802
W4_M38,W4_M37,0.6138613861386139
W4_M39,W4_M37,0.6534653465346535
W4_M40,W4_M37,0.019801980198019802
W4_M41,W4_M37,0.6138613861386139
W4_M42,W4_M37,0.7524752475247525
W4_M43,W4_M37,0.31683168316831684
W4_M44,W4_M37,0.8712871287128713
W4_M45,W4_M37,0.27722772277227725
W4_M46,W4_M37,0.33663366336633666
W4_M47,W4_M37,0.31683168316831684
W4_M48,W4_M37,0.6732673267326733
W4_M49,W4_M37,0.07920792079207921
W4_M50,W4_M37,0.019801980198019802
W4_M51,W4_M37,0.019801980198019802
W4_M52,W4_M37,0.1188118811881188
W4_M53,W4_M37,0.09900990099009901
W4_M54,W4_M37,0.09900990099009901
W4_M55,W4_M37,0.07920792079207921
W4_M56,W4_M37,0.1188118811881188
W4_M57,W4_M37,0.15841584158415842
W4_M58,W4_M37,0.1188118811881188
W4_M59,W4_M37,0.09900990099009901
W4_M60,W4_M37,0.13861386138613863
W4_M61,W4_M37,0.07920792079207921
W4_M62,W4_M37,0.019801980198019802
W4_M63,W4_M37,0.13861386138613863
W4_M64,W4_M37,0.019801980198019802
W4_M65,W4_M37,0.039603960396039604
W4_M66,W4_M37,0.15841584158415842
W4_M67,W4_M37,0.039603960396039604
W4_M68,W4_M37,0.019801980198019802
W4_M69,W4_M37,0.019801980198019802
W4_M70,W4_M37,0.019801980198019802
W4_M71,W4_M37,0.019801980198019802
W4_M72,W4_M37,0.019801980198019802
W4_M73,W4_M37,0.019801980198019802
W4_M74,W4_M37,0.019801980198019802
W4_M75,W4_M37,0.019801980198019802
W4_M76,W4_M37,0.019801980198019802
W4_M77,W4_M37,0.019801980198019802
W4_M78,W4_M37,0.019801980198019802
W4_M39,W4_M38,0.9900990099009901
W4_M40,W4_M38,0.019801980198019802
W4_M41,W4_M38,0.9504950495049505
W4_M42,W4_M38,0.9702970297029703
W4_M43,W4_M38,0.5346534653465347
W4_M44,W4_M38,0.8514851485148515
W4_M45,W4_M38,0.594059405940594
W4_M46,W4_M38,0.49504950495049505
W4_M47,W4_M38,0.49504950495049505
W4_M48,W4_M38,0.7920792079207921
W4_M49,W4_M38,0.09900990099009901
W4_M50,W4_M38,0.15841584158415842
W4_M51,W4_M38,0.039603960396039604
W4_M52,W4_M38,0.21782178217821782
W4_M53,W4_M38,0.09900990099009901
W4_M54,W4_M38,0.1188118811881188
W4_M55,W4_M38,0.09900990099009901
W4_M56,W4_M38,0.13861386138613863
W4_M57,W4_M38,0.07920792079207921
W4_M58,W4_M38,0.09900990099009901
W4_M59,W4_M38,0.1782178217821782
W4_M60,W4_M38,0.13861386138613863
W4_M61,W4_M38,0.13861386138613863
W4_M62,W4_M38,0.019801980198019802
W4_M63,W4_M38,0.13861386138613863
W4_M64,W4_M38,0.039603960396039604
W4_M65,W4_M38,0.019801980198019802
W4_M66,W4_M38,0.1782178217821782
W4_M67,W4_M38,0.0594059405940594
W4_M68,W4_M38,0.019801980198019802
W4_M69,W4_M38,0.019801980198019802
W4_M70,W4_M38,0.019801980198019802
W4_M71,W4_M38,0.019801980198019802
W4_M72,W4_M38,0.019801980198019802
W4_M73,W4_M38,0.019801980198019802
W4_M74,W4_M38,0.019801980198019802
W4_M75,W4_M38,0.019801980198019802
W4_M76,W4_M38,0.019801980198019802
W4_M77,W4_M38,0.019801980198019802
W4_M78,W4_M38,0.019801980198019802
W4_M40,W4_M39,0.019801980198019802
W4_M41,W4_M39,0.7326732673267327
W4_M42,W4_M39,0.7920792079207921
W4_M43,W4_M39,0.6138613861386139
W4_M44,W4_M39,0.8910891089108911
W4_M45,W4_M39,0.43564356435643564
W4_M46,W4_M39,0.5544554455445545
W4_M47,W4_M39,0.5544554455445545
W4_M48,W4_M39,0.45544554455445546
W4_M49,W4_M39,0.19801980198019803
W4_M50,W4_M39,0.0594059405940594
W4_M51,W4_M39,0.019801980198019802
W4_M52,W4_M39,0.13861386138613863
W4_M53,W4_M39,0.09900990099009901
W4_M54,W4_M39,0.15841584158415842
W4_M55,W4_M39,0.09900990099009901
W4_M56,W4_M39,0.07920792079207921
W4_M57,W4_M39,0.09900990099009901
W4_M58,W4_M39,0.09900990099009901
W4_M59,W4_M39,0.13861386138613863
W4_M60,W4_M39,0.039603960396039604
W4_M61,W4_M39,0.19801980198019803
W4_M62,W4_M39,0.039603960396039604
W4_M63,W4_M39,0.09900990099009901
W4_M64,W4_M39,0.0594059405940594
W4_M65,W4_M39,0.019801980198019802
W4_M66,W4_M39,0.1782178217821782
W4_M67,W4_M39,0.039603960396039604
W4_M68,W4_M39,0.019801980198019802
W4_M69,W4_M39,0.039603960396039604
W4_M70,W4_M39,0.039603960396039604
W4_M71,W4_M39,0.019801980198019802
W4_M72,W4_M39,0.019801980198019802
W4_M73,W4_M39,0.019801980198019802
W4_M74,W4_M39,0.019801980198019802
W4_M75,W4_M39,0.019801980198019802
W4_M76,W4_M39,0.019801980198019802
W4_M77,W4_M39,0.019801980198019802
W4_M78,W4_M39,0.019801980198019802
W4_M41,W4_M40,0.019801980198019802
W4_M42,W4_M40,0.09900990099009901
W4_M43,W4_M40,0.019801980198019802
W4_M44,W4_M40,0.15841584158415842
W4_M45,W4_M40,0.019801980198019802
W4_M46,W4_M40,0.019801980198019802
W4_M47,W4_M40,0.019801980198019802
W4_M48,W4_M40,0.09900990099009901
W4_M49,W4_M40,0.039603960396039604
W4_M50,W4_M40,0.019801980198019802
W4_M51,W4_M40,0.019801980198019802
W4_M52,W4_M40,0.039603960396039604
W4_M53,W4_M40,0.019801980198019802
W4_M54,W4_M40,0.019801980198019802
W4_M55,W4_M40,0.039603960396039604
W4_M56,W4_M40,0.019801980198019802
W4_M57,W4_M40,0.039603960396039604
W4_M58,W4_M40,0.019801980198019802
W4_M59,W4_M40,0.019801980198019802
W4_M60,W4_M40,0.039603960396039604
W4_M61,W4_M40,0.019801980198019802
W4_M62,W4_M40,0.019801980198019802
W4_M63,W4_M40,0.019801980198019802
W4_M64,W4_M40,0.019801980198019802
W4_M65,W4_M40,0.039603960396039604
W4_M66,W4_M40,0.019801980198019802
W4_M67,W4_M40,0.019801980198019802
W4_M68,W4_M40,0.019801980198019802
W4_M69,W4_M40,0.019801980198019802
W4_M70,W4_M40,0.019801980198019802
W4_M71,W4_M40,0.019801980198019802
W4_M72,W4_M40,0.019801980198019802
W4_M73,W4_M40,0.019801980198019802
W4_M74,W4_M40,0.019801980198019802
W4_M75,W4_M40,0.019801980198019802
W4_M76,W4_M40,0.019801980198019802
W4_M77,W4_M40,0.019801980198019802
W4_M78,W4_M40,0.019801980198019802
W4_M42,W4_M41,0.8910891089108911
W4_M43,W4_M41,0.6534653465346535
W4_M44,W4_M41,0.9306930693069307
W4_M45,W4_M41,0.5148514851485149
W4_M46,W4_M41,0.5544554455445545
W4_M47,W4_M41,0.6534653465346535
W4_M48,W4_M41,0.6534653465346535
W4_M49,W4_M41,0.3564356435643564
W4_M50,W4_M41,0.019801980198019802
W4_M51,W4_M41,0.019801980198019802
W4_M52,W4_M41,0.1188118811881188
W4_M53,W4_M41,0.1782178217821782
W4_M54,W4_M41,0.13861386138613863
W4_M55,W4_M41,0.2376237623762376
W4_M56,W4_M41,0.1188118811881188
W4_M57,W4_M41,0.19801980198019803
W4_M58,W4_M41,0.09900990099009901
W4_M59,W4_M41,0.1782178217821782
W4_M60,W4_M41,0.1782178217821782
W4_M61,W4_M41,0.1188118811881188
W4_M62,W4_M41,0.019801980198019802
W4_M63,W4_M41,0.13861386138613863
W4_M64,W4_M41,0.1188118811881188
W4_M65,W4_M41,0.039603960396039604
W4_M66,W4_M41,0.1188118811881188
W4_M67,W4_M41,0.039603960396039604
W4_M68,W4_M41,0.039603960396039604
W4_M69,W4_M41,0.019801980198019802
W4_M70,W4_M41,0.019801980198019802
W4_M71,W4_M41,0.019801980198019802
W4_M72,W4_M41,0.019801980198019802
W4_M73,W4_M41,0.019801980198019802
W4_M74,W4_M41,0.019801980198019802
W4_M75,W4_M41,0.019801980198019802
W4_M76,W4_M41,0.019801980198019802
W4_M77,W4_M41,0.019801980198019802
W4_M78,W4_M41,0.019801980198019802
W4_M43,W4_M42,0.9504950495049505
W4_M44,W4_M42,0.9702970297029703
W4_M45,W4_M42,0.8514851485148515
W4_M46,W4_M42,0.6534653465346535
W4_M47,W4_M42,0.7920792079207921
W4_M48,W4_M42,0.693069306930693
W4_M49,W4_M42,0.43564356435643564
W4_M50,W4_M42,0.33663366336633666
W4_M51,W4_M42,0.19801980198019803
W4_M52,W4_M42,0.3564356435643564
W4_M53,W4_M42,0.13861386138613863
W4_M54,W4_M42,0.13861386138613863
W4_M55,W4_M42,0.19801980198019803
W4_M56,W4_M42,0.09900990099009901
W4_M57,W4_M42,0.19801980198019803
W4_M58,W4_M42,0.27722772277227725
W4_M59,W4_M42,0.15841584158415842
W4_M60,W4_M42,0.1782178217821782
W4_M61,W4_M42,0.21782178217821782
W4_M62,W4_M42,0.1188118811881188
W4_M63,W4_M42,0.13861386138613863
W4_M64,W4_M42,0.0594059405940594
W4_M65,W4_M42,0.0594059405940594
W4_M66,W4_M42,0.09900990099009901
W4_M67,W4_M42,0.0594059405940594
W4_M68,W4_M42,0.019801980198019802
W4_M69,W4_M42,0.019801980198019802
W4_M70,W4_M42,0.019801980198019802
W4_M71,W4_M42,0.019801980198019802
W4_M72,W4_M42,0.019801980198019802
W4_M73,W4_M42,0.019801980198019802
W4_M74,W4_M42,0.019801980198019802
W4_M75,W4_M42,0.019801980198019802
W4_M76,W4_M42,0.019801980198019802
W4_M77,W4_M42,0.019801980198019802
W4_M78,W4_M42,0.019801980198019802
W4_M44,W4_M43,0.9306930693069307
W4_M45,W4_M43,0.6138613861386139
W4_M46,W4_M43,0.693069306930693
W4_M47,W4_M43,1.00990099009901
W4_M48,W4_M43,0.7326732673267327
W4_M49,W4_M43,0.31683168316831684
W4_M50,W4_M43,0.0594059405940594
W4_M51,W4_M43,0.019801980198019802
W4_M52,W4_M43,0.2376237623762376
W4_M53,W4_M43,0.1782178217821782
W4_M54,W4_M43,0.21782178217821782
W4_M55,W4_M43,0.19801980198019803
W4_M56,W4_M43,0.1188118811881188
W4_M57,W4_M43,0.2376237623762376
W4_M58,W4_M43,0.1782178217821782
W4_M59,W4_M43,0.25742574257425743
W4_M60,W4_M43,0.27722772277227725
W4_M61,W4_M43,0.13861386138613863
W4_M62,W4_M43,0.019801980198019802
W4_M63,W4_M43,0.1782178217821782
W4_M64,W4_M43,0.09900990099009901
W4_M65,W4_M43,0.0594059405940594
W4_M66,W4_M43,0.13861386138613863
W4_M67,W4_M43,0.019801980198019802
W4_M68,W4_M43,0.019801980198019802
W4_M69,W4_M43,0.039603960396039604
W4_M70,W4_M43,0.019801980198019802
W4_M71,W4_M43,0.019801980198019802
W4_M72,W4_M43,0.019801980198019802
W4_M73,W4_M43,0.019801980198019802
W4_M74,W4_M43,0.019801980198019802
W4_M75,W4_M43,0.019801980198019802
W4_M76,W4_M43,0.019801980198019802
W4_M77,W4_M43,0.019801980198019802
W4_M78,W4_M43,0.019801980198019802
W4_M45,W4_M44,0.9702970297029703
W4_M46,W4_M44,0.9306930693069307
W4_M47,W4_M44,0.9900990099009901
W4_M48,W4_M44,0.8118811881188119
W4_M49,W4_M44,0.7128712871287128
W4_M50,W4_M44,0.49504950495049505
W4_M51,W4_M44,0.25742574257425743
W4_M52,W4_M44,0.33663366336633666
W4_M53,W4_M44,0.15841584158415842
W4_M54,W4_M44,0.27722772277227725
W4_M55,W4_M44,0.21782178217821782
W4_M56,W4_M44,0.21782178217821782
W4_M57,W4_M44,0.19801980198019803
W4_M58,W4_M44,0.13861386138613863
W4_M59,W4_M44,0.1188118811881188
W4_M60,W4_M44,0.19801980198019803
W4_M61,W4_M44,0.37623762376237624
W4_M62,W4_M44,0.31683168316831684
W4_M63,W4_M44,0.25742574257425743
W4_M64,W4_M44,0.09900990099009901
W4_M65,W4_M44,0.15841584158415842
W4_M66,W4_M44,0.1782178217821782
W4_M67,W4_M44,0.0594059405940594
W4_M68,W4_M44,0.039603960396039604
W4_M69,W4_M44,0.019801980198019802
W4_M70,W4_M44,0.019801980198019802
W4_M71,W4_M44,0.019801980198019802
W4_M72,W4_M44,0.019801980198019802
W4_M73,W4_M44,0.019801980198019802
W4_M74,W4_M44,0.019801980198019802
W4_M75,W4_M44,0.019801980198019802
W4_M76,W4_M44,0.019801980198019802
W4_M77,W4_M44,0.019801980198019802
W4_M78,W4_M44,0.019801980198019802
W4_M46,W4_M45,0.9504950495049505
W4_M47,W4_M45,0.8910891089108911
W4_M48,W4_M45,0.8712871287128713
W4_M49,W4_M45,0.5742574257425742
W4_M50,W4_M45,0.09900990099009901
W4_M51,W4_M45,0.07920792079207921
W4_M52,W4_M45,0.27722772277227725
W4_M53,W4_M45,0.27722772277227725
W4_M54,W4_M45,0.15841584158415842
W4_M55,W4_M45,0.1782178217821782
W4_M56,W4_M45,0.19801980198019803
W4_M57,W4_M45,0.25742574257425743
W4_M58,W4_M45,0.2376237623762376
W4_M59,W4_M45,0.09900990099009901
W4_M60,W4_M45,0.31683168316831684
W4_M61,W4_M45,0.21782178217821782
W4_M62,W4_M45,0.1188118811881188
W4_M63,W4_M45,0.21782178217821782
W4_M64,W4_M45,0.1188118811881188
W4_M65,W4_M45,0.09900990099009901
W4_M66,W4_M45,0.15841584158415842
W4_M67,W4_M45,0.039603960396039604
W4_M68,W4_M45,0.039603960396039604
W4_M69,W4_M45,0.039603960396039604
W4_M70,W4_M45,0.019801980198019802
W4_M71,W4_M45,0.019801980198019802
W4_M72,W4_M45,0.019801980198019802
W4_M73,W4_M45,0.019801980198019802
W4_M74,W4_M45,0.019801980198019802
W4_M75,W4_M45,0.019801980198019802
W4_M76,W4_M45,0.019801980198019802
W4_M77,W4_M45,0.019801980198019802
W4_M78,W4_M45,0.019801980198019802
W4_M47,W4_M46,0.7920792079207921
W4_M48,W4_M46,0.7524752475247525
W4_M49,W4_M46,0.0594059405940594
W4_M50,W4_M46,0.1782178217821782
W4_M51,W4_M46,0.07920792079207921
W4_M52,W4_M46,0.297029702970297
W4_M53,W4_M46,0.1782178217821782
W4_M54,W4_M46,0.21782178217821782
W4_M55,W4_M46,0.21782178217821782
W4_M56,W4_M46,0.15841584158415842
W4_M57,W4_M46,0.15841584158415842
W4_M58,W4_M46,0.27722772277227725
W4_M59,W4_M46,0.1782178217821782
W4_M60,W4_M46,0.19801980198019803
W4_M61,W4_M46,0.19801980198019803
W4_M62,W4_M46,0.1188118811881188
W4_M63,W4_M46,0.21782178217821782
W4_M64,W4_M46,0.07920792079207921
W4_M65,W4_M46,0.019801980198019802
W4_M66,W4_M46,0.19801980198019803
W4_M67,W4_M46,0.09900990099009901
W4_M68,W4_M46,0.039603960396039604
W4_M69,W4_M46,0.0594059405940594
W4_M70,W4_M46,0.019801980198019802
W4_M71,W4_M46,0.019801980198019802
W4_M72,W4_M46,0.019801980198019802
W4_M73,W4_M46,0.019801980198019802
W4_M74,W4_M46,0.019801980198019802
W4_M75,W4_M46,0.019801980198019802
W4_M76,W4_M46,0.019801980198019802
W4_M77,W4_M46,0.019801980198019802
W4_M78,W4_M46,0.019801980198019802
W4_M48,W4_M47,0.8910891089108911
W4_M49,W4_M47,0.07920792079207921
W4_M50,W4_M47,0.15841584158415842
W4_M51,W4_M47,0.039603960396039604
W4_M52,W4_M47,0.15841584158415842
W4_M53,W4_M47,0.19801980198019803
W4_M54,W4_M47,0.2376237623762376
W4_M55,W4_M47,0.1782178217821782
W4_M56,W4_M47,0.13861386138613863
W4_M57,W4_M47,0.21782178217821782
W4_M58,W4_M47,0.19801980198019803
W4_M59,W4_M47,0.2376237623762376
W4_M60,W4_M47,0.15841584158415842
W4_M61,W4_M47,0.19801980198019803
W4_M62,W4_M47,0.13861386138613863
W4_M63,W4_M47,0.15841584158415842
W4_M64,W4_M47,0.0594059405940594
W4_M65,W4_M47,0.019801980198019802
W4_M66,W4_M47,0.09900990099009901
W4_M67,W4_M47,0.09900990099009901
W4_M68,W4_M47,0.019801980198019802
W4_M69,W4_M47,0.039603960396039604
W4_M70,W4_M47,0.019801980198019802
W4_M71,W4_M47,0.019801980198019802
W4_M72,W4_M47,0.019801980198019802
W4_M73,W4_M47,0.019801980198019802
W4_M74,W4_M47,0.019801980198019802
W4_M75,W4_M47,0.019801980198019802
W4_M76,W4_M47,0.019801980198019802
W4_M77,W4_M47,0.019801980198019802
W4_M78,W4_M47,0.019801980198019802
W4_M49,W4_M48,0.8514851485148515
W4_M50,W4_M48,0.7326732673267327
W4_M51,W4_M48,0.21782178217821782
W4_M52,W4_M48,0.37623762376237624
W4_M53,W4_M48,0.39603960396039606
W4_M54,W4_M48,0.33663366336633666
W4_M55,W4_M48,0.25742574257425743
W4_M56,W4_M48,0.27722772277227725
W4_M57,W4_M48,0.2376237623762376
W4_M58,W4_M48,0.2376237623762376
W4_M59,W4_M48,0.25742574257425743
W4_M60,W4_M48,0.39603960396039606
W4_M61,W4_M48,0.43564356435643564
W4_M62,W4_M48,0.33663366336633666
W4_M63,W4_M48,0.27722772277227725
W4_M64,W4_M48,0.297029702970297
W4_M65,W4_M48,0.15841584158415842
W4_M66,W4_M48,0.0594059405940594
W4_M67,W4_M48,0.09900990099009901
W4_M68,W4_M48,0.0594059405940594
W4_M69,W4_M48,0.019801980198019802
W4_M70,W4_M48,0.019801980198019802
W4_M71,W4_M48,0.019801980198019802
W4_M72,W4_M48,0.019801980198019802
W4_M73,W4_M48,0.019801980198019802
W4_M74,W4_M48,0.019801980198019802
W4_M75,W4_M48,0.019801980198019802
W4_M76,W4_M48,0.019801980198019802
W4_M77,W4_M48,0.019801980198019802
W4_M78,W4_M48,0.019801980198019802
W4_M50,W4_M49,0.8910891089108911
W4_M51,W4_M49,0.25742574257425743
W4_M52,W4_M49,0.4752475247524752
W4_M53,W4_M49,0.39603960396039606
W4_M54,W4_M49,0.4752475247524752
W4_M55,W4_M49,0.3564356435643564
W4_M56,W4_M49,0.45544554455445546
W4_M57,W4_M49,0.4158415841584158
W4_M58,W4_M49,0.43564356435643564
W4_M59,W4_M49,0.39603960396039606
W4_M60,W4_M49,0.39603960396039606
W4_M61,W4_M49,0.3564356435643564
W4_M62,W4_M49,0.297029702970297
W4_M63,W4_M49,0.3564356435643564
W4_M64,W4_M49,0.15841584158415842
W4_M65,W4_M49,0.07920792079207921
W4_M66,W4_M49,0.297029702970297
W4_M67,W4_M49,0.09900990099009901
W4_M68,W4_M49,0.039603960396039604
W4_M69,W4_M49,0.039603960396039604
W4_M70,W4_M49,0.039603960396039604
W4_M71,W4_M49,0.019801980198019802
W4_M72,W4_M49,0.019801980198019802
W4_M73,W4_M49,0.019801980198019802
W4_M74,W4_M49,0.019801980198019802
W4_M75,W4_M49,0.019801980198019802
W4_M76,W4_M49,0.019801980198019802
W4_M77,W4_M49,0.019801980198019802
W4_M78,W4_M49,0.019801980198019802
W4_M51,W4_M50,0.07920792079207921
W4_M52,W4_M50,0.594059405940594
W4_M53,W4_M50,0.594059405940594
W4_M54,W4_M50,0.7524752475247525
W4_M55,W4_M50,0.4752475247524752
W4_M56,W4_M50,0.39603960396039606
W4_M57,W4_M50,0.5346534653465347
W4_M58,W4_M50,0.594059405940594
W4_M59,W4_M50,0.5148514851485149
W4_M60,W4_M50,0.6732673267326733
W4_M61,W4_M50,0.43564356435643564
W4_M62,W4_M50,0.297029702970297
W4_M63,W4_M50,0.3564356435643564
W4_M64,W4_M50,0.27722772277227725
W4_M65,W4_M50,0.13861386138613863
W4_M66,W4_M50,0.2376237623762376
W4_M67,W4_M50,0.07920792079207921
W4_M68,W4_M50,0.039603960396039604
W4_M69,W4_M50,0.039603960396039604
W4_M70,W4_M50,0.039603960396039604
W4_M71,W4_M50,0.039603960396039604
W4_M72,W4_M50,0.019801980198019802
W4_M73,W4_M50,0.019801980198019802
W4_M74,W4_M50,0.019801980198019802
W4_M75,W4_M50,0.019801980198019802
W4_M76,W4_M50,0.019801980198019802
W4_M77,W4_M50,0.019801980198019802
W4_M78,W4_M50,0.019801980198019802
W4_M52,W4_M51,0.7722772277227723
W4_M53,W4_M51,0.8514851485148515
W4_M54,W4_M51,0.8316831683168316
W4_M55,W4_M51,0.693069306930693
W4_M56,W4_M51,0.8316831683168316
W4_M57,W4_M51,0.7722772277227723
W4_M58,W4_M51,0.7920792079207921
W4_M59,W4_M51,0.8712871287128713
W4_M60,W4_M51,0.6732673267326733
W4_M61,W4_M51,0.693069306930693
W4_M62,W4_M51,0.5148514851485149
W4_M63,W4_M51,0.7920792079207921
W4_M64,W4_M51,0.5148514851485149
W4_M65,W4_M51,0.4752475247524752
W4_M66,W4_M51,0.4158415841584158
W4_M67,W4_M51,0.297029702970297
W4_M68,W4_M51,0.0594059405940594
W4_M69,W4_M51,0.039603960396039604
W4_M70,W4_M51,0.07920792079207921
W4_M71,W4_M51,0.039603960396039604
W4_M72,W4_M51,0.0594059405940594
W4_M73,W4_M51,0.019801980198019802
W4_M74,W4_M51,0.019801980198019802
W4_M75,W4_M51,0.019801980198019802
W4_M76,W4_M51,0.019801980198019802
W4_M77,W4_M51,0.019801980198019802
W4_M78,W4_M51,0.019801980198019802
W4_M53,W4_M52,0.5742574257425742
W4_M54,W4_M52,0.6534653465346535
W4_M55,W4_M52,0.693069306930693
W4_M56,W4_M52,0.4752475247524752
W4_M57,W4_M52,0.7722772277227723
W4_M58,W4_M52,0.7326732673267327
W4_M59,W4_M52,0.5148514851485149
W4_M60,W4_M52,0.7128712871287128
W4_M61,W4_M52,0.6138613861386139
W4_M62,W4_M52,0.8514851485148515
W4_M63,W4_M52,0.39603960396039606
W4_M64,W4_M52,0.31683168316831684
W4_M65,W4_M52,0.21782178217821782
W4_M66,W4_M52,0.594059405940594
W4_M67,W4_M52,0.039603960396039604
W4_M68,W4_M52,0.09900990099009901
W4_M69,W4_M52,0.039603960396039604
W4_M70,W4_M52,0.09900990099009901
W4_M71,W4_M52,0.019801980198019802
W4_M72,W4_M52,0.019801980198019802
W4_M73,W4_M52,0.019801980198019802
W4_M74,W4_M52,0.019801980198019802
W4_M75,W4_M52,0.019801980198019802
W4_M76,W4_M52,0.019801980198019802
W4_M77,W4_M52,0.019801980198019802
W4_M78,W4_M52,0.019801980198019802
W4_M54,W4_M53,0.8712871287128713
W4_M55,W4_M53,0.9900990099009901
W4_M56,W4_M53,0.31683168316831684
W4_M57,W4_M53,0.8712871287128713
W4_M58,W4_M53,0.8316831683168316
W4_M59,W4_M53,0.9702970297029703
W4_M60,W4_M53,0.8910891089108911
W4_M61,W4_M53,0.8316831683168316
W4_M62,W4_M53,0.9702970297029703
W4_M63,W4_M53,0.43564356435643564
W4_M64,W4_M53,0.5346534653465347
W4_M65,W4_M53,0.297029702970297
W4_M66,W4_M53,0.8712871287128713
W4_M67,W4_M53,0.019801980198019802
W4_M68,W4_M53,0.039603960396039604
W4_M69,W4_M53,0.09900990099009901
W4_M70,W4_M53,0.07920792079207921
W4_M71,W4_M53,0.019801980198019802
W4_M72,W4_M53,0.019801980198019802
W4_M73,W4_M53,0.019801980198019802
W4_M74,W4_M53,0.019801980198019802
W4_M75,W4_M53,0.019801980198019802
W4_M76,W4_M53,0.019801980198019802
W4_M77,W4_M53,0.019801980198019802
W4_M78,W4_M53,0.019801980198019802
W4_M55,W4_M54,1.00990099009901
W4_M56,W4_M54,0.1782178217821782
W4_M57,W4_M54,0.8514851485148515
W4_M58,W4_M54,0.9900990099009901
W4_M59,W4_M54,0.9702970297029703
W4_M60,W4_M54,0.8712871287128713
W4_M61,W4_M54,1.00990099009901
W4_M62,W4_M54,0.9702970297029703
W4_M63,W4_M54,0.49504950495049505
W4_M64,W4_M54,0.6138613861386139
W4_M65,W4_M54,0.27722772277227725
W4_M66,W4_M54,0.6732673267326733
W4_M67,W4_M54,0.019801980198019802
W4_M68,W4_M54,0.0594059405940594
W4_M69,W4_M54,0.15841584158415842
W4_M70,W4_M54,0.0594059405940594
W4_M71,W4_M54,0.019801980198019802
W4_M72,W4_M54,0.039603960396039604
W4_M73,W4_M54,0.019801980198019802
W4_M74,W4_M54,0.019801980198019802
W4_M75,W4_M54,0.019801980198019802
W4_M76,W4_M54,0.019801980198019802
W4_M77,W4_M54,0.019801980198019802
W4_M78,W4_M54,0.019801980198019802
W4_M56,W4_M55,0.13861386138613863
W4_M57,W4_M55,0.9504950495049505
W4_M58,W4_M55,0.9900990099009901
W4_M59,W4_M55,0.9702970297029703
W4_M60,W4_M55,0.9504950495049505
W4_M61,W4_M55,0.9306930693069307
W4_M62,W4_M55,0.9900990099009901
W4_M63,W4_M55,0.27722772277227725
W4_M64,W4_M55,0.594059405940594
W4_M65,W4_M55,0.37623762376237624
W4_M66,W4_M55,0.7128712871287128
W4_M67,W4_M55,0.039603960396039604
W4_M68,W4_M55,0.0594059405940594
W4_M69,W4_M55,0.07920792079207921
W4_M70,W4_M55,0.039603960396039604
W4_M71,W4_M55,0.019801980198019802
W4_M72,W4_M55,0.019801980198019802
W4_M73,W4_M55,0.019801980198019802
W4_M74,W4_M55,0.019801980198019802
W4_M75,W4_M55,0.019801980198019802
W4_M76,W4_M55,0.019801980198019802
W4_M77,W4_M55,0.019801980198019802
W4_M78,W4_M55,0.019801980198019802
W4_M57,W4_M56,0.019801980198019802
W4_M58,W4_M56,0.019801980198019802
W4_M59,W4_M56,0.019801980198019802
W4_M60,W4_M56,0.019801980198019802
W4_M61,W4_M56,0.45544554455445546
W4_M62,W4_M56,0.8514851485148515
W4_M63,W4_M56,0.9702970297029703
W4_M64,W4_M56,0.7326732673267327
W4_M65,W4_M56,0.49504950495049505
W4_M66,W4_M56,0.8118811881188119
W4_M67,W4_M56,0.019801980198019802
W4_M68,W4_M56,0.07920792079207921
W4_M69,W4_M56,0.19801980198019803
W4_M70,W4_M56,0.15841584158415842
W4_M71,W4_M56,0.019801980198019802
W4_M72,W4_M56,0.019801980198019802
W4_M73,W4_M56,0.019801980198019802
W4_M74,W4_M56,0.019801980198019802
W4_M75,W4_M56,0.019801980198019802
W4_M76,W4_M56,0.019801980198019802
W4_M77,W4_M56,0.019801980198019802
W4_M78,W4_M56,0.019801980198019802
W4_M58,W4_M57,0.9306930693069307
W4_M59,W4_M57,0.9504950495049505
W4_M60,W4_M57,0.8910891089108911
W4_M61,W4_M57,0.9900990099009901
W4_M62,W4_M57,0.9306930693069307
W4_M63,W4_M57,0.2376237623762376
W4_M64,W4_M57,0.5346534653465347
W4_M65,W4_M57,0.25742574257425743
W4_M66,W4_M57,0.6534653465346535
W4_M67,W4_M57,0.039603960396039604
W4_M68,W4_M57,0.0594059405940594
W4_M69,W4_M57,0.13861386138613863
W4_M70,W4_M57,0.07920792079207921
W4_M71,W4_M57,0.019801980198019802
W4_M72,W4_M57,0.019801980198019802
W4_M73,W4_M57,0.019801980198019802
W4_M74,W4_M57,0.019801980198019802
W4_M75,W4_M57,0.019801980198019802
W4_M76,W4_M57,0.019801980198019802
W4_M77,W4_M57,0.019801980198019802
W4_M78,W4_M57,0.019801980198019802
W4_M59,W4_M58,0.9108910891089109
W4_M60,W4_M58,0.9108910891089109
W4_M61,W4_M58,0.9108910891089109
W4_M62,W4_M58,1.00990099009901
W4_M63,W4_M58,0.3564356435643564
W4_M64,W4_M58,0.49504950495049505
W4_M65,W4_M58,0.39603960396039606
W4_M66,W4_M58,0.7326732673267327
W4_M67,W4_M58,0.019801980198019802
W4_M68,W4_M58,0.039603960396039604
W4_M69,W4_M58,0.07920792079207921
W4_M70,W4_M58,0.07920792079207921
W4_M71,W4_M58,0.019801980198019802
W4_M72,W4_M58,0.019801980198019802
W4_M73,W4_M58,0.019801980198019802
W4_M74,W4_M58,0.019801980198019802
W4_M75,W4_M58,0.019801980198019802
W4_M76,W4_M58,0.019801980198019802
W4_M77,W4_M58,0.019801980198019802
W4_M78,W4_M58,0.019801980198019802
W4_M60,W4_M59,0.9702970297029703
W4_M61,W4_M59,0.9306930693069307
W4_M62,W4_M59,1.00990099009901
W4_M63,W4_M59,0.297029702970297
W4_M64,W4_M59,0.43564356435643564
W4_M65,W4_M59,0.297029702970297
W4_M66,W4_M59,0.5742574257425742
W4_M67,W4_M59,0.039603960396039604
W4_M68,W4_M59,0.019801980198019802
W4_M69,W4_M59,0.19801980198019803
W4_M70,W4_M59,0.09900990099009901
W4_M71,W4_M59,0.019801980198019802
W4_M72,W4_M59,0.019801980198019802
W4_M73,W4_M59,0.019801980198019802
W4_M74,W4_M59,0.019801980198019802
W4_M75,W4_M59,0.019801980198019802
W4_M76,W4_M59,0.019801980198019802
W4_M77,W4_M59,0.019801980198019802
W4_M78,W4_M59,0.019801980198019802
W4_M61,W4_M60,0.8514851485148515
W4_M62,W4_M60,0.7920792079207921
W4_M63,W4_M60,0.27722772277227725
W4_M64,W4_M60,0.594059405940594
W4_M65,W4_M60,0.2376237623762376
W4_M66,W4_M60,0.8118811881188119
W4_M67,W4_M60,0.039603960396039604
W4_M68,W4_M60,0.07920792079207921
W4_M69,W4_M60,0.1188118811881188
W4_M70,W4_M60,0.039603960396039604
W4_M71,W4_M60,0.019801980198019802
W4_M72,W4_M60,0.019801980198019802
W4_M73,W4_M60,0.019801980198019802
W4_M74,W4_M60,0.019801980198019802
W4_M75,W4_M60,0.019801980198019802
W4_M76,W4_M60,0.019801980198019802
W4_M77,W4_M60,0.019801980198019802
W4_M78,W4_M60,0.019801980198019802
W4_M62,W4_M61,0.9900990099009901
W4_M63,W4_M61,0.3564356435643564
W4_M64,W4_M61,0.49504950495049505
W4_M65,W4_M61,0.27722772277227725
W4_M66,W4_M61,0.7722772277227723
W4_M67,W4_M61,0.039603960396039604
W4_M68,W4_M61,0.039603960396039604
W4_M69,W4_M61,0.1188118811881188
W4_M70,W4_M61,0.13861386138613863
W4_M71,W4_M61,0.019801980198019802
W4_M72,W4_M61,0.0594059405940594
W4_M73,W4_M61,0.019801980198019802
W4_M74,W4_M61,0.019801980198019802
W4_M75,W4_M61,0.019801980198019802
W4_M76,W4_M61,0.019801980198019802
W4_M77,W4_M61,0.019801980198019802
W4_M78,W4_M61,0.019801980198019802
W4_M63,W4_M62,0.9306930693069307
W4_M64,W4_M62,0.7524752475247525
W4_M65,W4_M62,0.7326732673267327
W4_M66,W4_M62,0.7920792079207921
W4_M67,W4_M62,0.4158415841584158
W4_M68,W4_M62,0.15841584158415842
W4_M69,W4_M62,0.07920792079207921
W4_M70,W4_M62,0.039603960396039604
W4_M71,W4_M62,0.1188118811881188
W4_M72,W4_M62,0.039603960396039604
W4_M73,W4_M62,0.019801980198019802
W4_M74,W4_M62,0.019801980198019802
W4_M75,W4_M62,0.019801980198019802
W4_M76,W4_M62,0.019801980198019802
W4_M77,W4_M62,0.019801980198019802
W4_M78,W4_M62,0.019801980198019802
W4_M64,W4_M63,0.7128712871287128
W4_M65,W4_M63,0.5346534653465347
W4_M66,W4_M63,0.8514851485148515
W4_M67,W4_M63,0.019801980198019802
W4_M68,W4_M63,0.07920792079207921
W4_M69,W4_M63,0.13861386138613863
W4_M70,W4_M63,0.13861386138613863
W4_M71,W4_M63,0.039603960396039604
W4_M72,W4_M63,0.019801980198019802
W4_M73,W4_M63,0.019801980198019802
W4_M74,W4_M63,0.019801980198019802
W4_M75,W4_M63,0.019801980198019802
W4_M76,W4_M63,0.019801980198019802
W4_M77,W4_M63,0.019801980198019802
W4_M78,W4_M63,0.019801980198019802
W4_M65,W4_M64,0.07920792079207921
W4_M66,W4_M64,0.9900990099009901
W4_M67,W4_M64,0.43564356435643564
W4_M68,W4_M64,0.0594059405940594
W4_M69,W4_M64,0.19801980198019803
W4_M70,W4_M64,0.13861386138613863
W4_M71,W4_M64,0.019801980198019802
W4_M72,W4_M64,0.039603960396039604
W4_M73,W4_M64,0.019801980198019802
W4_M74,W4_M64,0.019801980198019802
W4_M75,W4_M64,0.019801980198019802
W4_M76,W4_M64,0.019801980198019802
W4_M77,W4_M64,0.019801980198019802
W4_M78,W4_M64,0.019801980198019802
W4_M66,W4_M65,0.7524752475247525
W4_M67,W4_M65,0.594059405940594
W4_M68,W4_M65,0.07920792079207921
W4_M69,W4_M65,0.25742574257425743
W4_M70,W4_M65,0.15841584158415842
W4_M71,W4_M65,0.039603960396039604
W4_M72,W4_M65,0.039603960396039604
W4_M73,W4_M65,0.019801980198019802
W4_M74,W4_M65,0.019801980198019802
W4_M75,W4_M65,0.019801980198019802
W4_M76,W4_M65,0.019801980198019802
W4_M77,W4_M65,0.019801980198019802
W4_M78,W4_M65,0.019801980198019802
W4_M67,W4_M66,0.7326732673267327
W4_M68,W4_M66,0.19801980198019803
W4_M69,W4_M66,0.039603960396039604
W4_M70,W4_M66,0.19801980198019803
W4_M71,W4_M66,0.21782178217821782
W4_M72,W4_M66,0.0594059405940594
W4_M73,W4_M66,0.019801980198019802
W4_M74,W4_M66,0.039603960396039604
W4_M75,W4_M66,0.019801980198019802
W4_M76,W4_M66,0.019801980198019802
W4_M77,W4_M66,0.019801980198019802
W4_M78,W4_M66,0.019801980198019802
W4_M68,W4_M67,0.33663366336633666
W4_M69,W4_M67,0.39603960396039606
W4_M70,W4_M67,0.39603960396039606
W4_M71,W4_M67,0.07920792079207921
W4_M72,W4_M67,0.039603960396039604
W4_M73,W4_M67,0.039603960396039604
W4_M74,W4_M67,0.019801980198019802
W4_M75,W4_M67,0.019801980198019802
W4_M76,W4_M67,0.019801980198019802
W4_M77,W4_M67,0.019801980198019802
W4_M78,W4_M67,0.019801980198019802
W4_M69,W4_M68,0.9702970297029703
W4_M70,W4_M68,0.8910891089108911
W4_M71,W4_M68,0.7920792079207921
W4_M72,W4_M68,0.4158415841584158
W4_M73,W4_M68,0.31683168316831684
W4_M74,W4_M68,0.09900990099009901
W4_M75,W4_M68,0.07920792079207921
W4_M76,W4_M68,0.039603960396039604
W4_M77,W4_M68,0.019801980198019802
W4_M78,W4_M68,0.019801980198019802
W4_M70,W4_M69,0.9306930693069307
W4_M71,W4_M69,0.9900990099009901
W4_M72,W4_M69,0.49504950495049505
W4_M73,W4_M69,0.15841584158415842
W4_M74,W4_M69,0.13861386138613863
W4_M75,W4_M69,0.1782178217821782
W4_M76,W4_M69,0.039603960396039604
W4_M77,W4_M69,0.019801980198019802
W4_M78,W4_M69,0.019801980198019802
W4_M71,W4_M70,0.8910891089108911
W4_M72,W4_M70,0.594059405940594
W4_M73,W4_M70,0.297029702970297
W4_M74,W4_M70,0.19801980198019803
W4_M75,W4_M70,0.039603960396039604
W4_M76,W4_M70,0.09900990099009901
W4_M77,W4_M70,0.019801980198019802
W4_M78,W4_M70,0.019801980198019802
W4_M72,W4_M71,0.7326732673267327
W4_M73,W4_M71,0.19801980198019803
W4_M74,W4_M71,0.13861386138613863
W4_M75,W4_M71,0.09900990099009901
W4_M76,W4_M71,0.07920792079207921
W4_M77,W4_M71,0.019801980198019802
W4_M78,W4_M71,0.019801980198019802
W4_M73,W4_M72,0.4158415841584158
W4_M74,W4_M72,0.3564356435643564
W4_M75,W4_M72,0.39603960396039606
W4_M76,W4_M72,0.1782178217821782
W4_M77,W4_M72,0.019801980198019802
W4_M78,W4_M72,0.019801980198019802
W4_M74,W4_M73,0.6732673267326733
W4_M75,W4_M73,0.7326732673267327
W4_M76,W4_M73,0.37623762376237624
W4_M77,W4_M73,0.039603960396039604
W4_M78,W4_M73,0.019801980198019802
W4_M75,W4_M74,0.7128712871287128
W4_M76,W4_M74,0.7524752475247525
W4_M77,W4_M74,0.019801980198019802
W4_M78,W4_M74,0.019801980198019802
W4_M76,W4_M75,0.8712871287128713
W4_M77,W4_M75,0.0594059405940594
W4_M78,W4_M75,0.019801980198019802
W4_M77,W4_M76,0.019801980198019802
W4_M78,W4_M76,0.019801980198019802
W4_M78,W4_M77,0.1188118811881188
W4_M1,W4_M1,NA
W4_M2,W4_M2,NA
W4_M3,W4_M3,NA
W4_M4,W4_M4,NA
W4_M5,W4_M5,NA
W4_M6,W4_M6,NA
W4_M7,W4_M7,NA
W4_M8,W4_M8,NA
W4_M9,W4_M9,NA
W4_M10,W4_M10,NA
W4_M11,W4_M11,NA
W4_M12,W4_M12,NA
W4_M13,W4_M13,NA
W4_M14,W4_M14,NA
W4_M15,W4_M15,NA
W4_M16,W4_M16,NA
W4_M17,W4_M17,NA
W4_M18,W4_M18,NA
W4_M19,W4_M19,NA
W4_M20,W4_M20,NA
W4_M21,W4_M21,NA
W4_M22,W4_M22,NA
W4_M23,W4_M23,NA
W4_M24,W4_M24,NA
W4_M25,W4_M25,NA
W4_M26,W4_M26,NA
W4_M27,W4_M27,NA
W4_M28,W4_M28,NA
W4_M29,W4_M29,NA
W4_M30,W4_M30,NA
W4_M31,W4_M31,NA
W4_M32,W4_M32,NA
W4_M33,W4_M33,NA
W4_M34,W4_M34,NA
W4_M35,W4_M35,NA
W4_M36,W4_M36,NA
W4_M37,W4_M37,NA
W4_M38,W4_M38,NA
W4_M39,W4_M39,NA
W4_M40,W4_M40,NA
W4_M41,W4_M41,NA
W4_M42,W4_M42,NA
W4_M43,W4_M43,NA
W4_M44,W4_M44,NA
W4_M45,W4_M45,NA
W4_M46,W4_M46,NA
W4_M47,W4_M47,NA
W4_M48,W4_M48,NA
W4_M49,W4_M49,NA
W4_M50,W4_M50,NA
W4_M51,W4_M51,NA
W4_M52,W4_M52,NA
W4_M53,W4_M53,NA
W4_M54,W4_M54,NA
W4_M55,W4_M55,NA
W4_M56,W4_M56,NA
W4_M57,W4_M57,NA
W4_M58,W4_M58,NA
W4_M59,W4_M59,NA
W4_M60,W4_M60,NA
W4_M61,W4_M61,NA
W4_M62,W4_M62,NA
W4_M63,W4_M63,NA
W4_M64,W4_M64,NA
W4_M65,W4_M65,NA
W4_M66,W4_M66,NA
W4_M67,W4_M67,NA
W4_M68,W4_M68,NA
W4_M69,W4_M69,NA
W4_M70,W4_M70,NA
W4_M71,W4_M71,NA
W4_M72,W4_M72,NA
W4_M73,W4_M73,NA
W4_M74,W4_M74,NA
W4_M75,W4_M75,NA
W4_M76,W4_M76,NA
W4_M77,W4_M77,NA
W4_M78,W4_M78,NA
