model1,model2,p_emp
W5_M1,W5_M2,0.297029702970297
W5_M1,W5_M3,0.31683168316831684
W5_M1,W5_M4,0.39603960396039606
W5_M1,W5_M5,0.21782178217821782
W5_M1,W5_M6,0.45544554455445546
W5_M1,W5_M7,0.25742574257425743
W5_M1,W5_M8,0.27722772277227725
W5_M1,W5_M9,0.15841584158415842
W5_M1,W5_M10,0.1188118811881188
W5_M1,W5_M11,0.1782178217821782
W5_M1,W5_M12,0.25742574257425743
W5_M1,W5_M13,0.15841584158415842
W5_M1,W5_M14,0.0594059405940594
W5_M1,W5_M15,0.13861386138613863
W5_M1,W5_M16,0.0594059405940594
W5_M1,W5_M17,0.0594059405940594
W5_M1,W5_M18,0.039603960396039604
W5_M1,W5_M19,0.07920792079207921
W5_M1,W5_M20,0.07920792079207921
W5_M1,W5_M21,0.09900990099009901
W5_M1,W5_M22,0.019801980198019802
W5_M1,W5_M23,0.07920792079207921
W5_M1,W5_M24,0.039603960396039604
W5_M1,W5_M25,0.039603960396039604
W5_M1,W5_M26,0.07920792079207921
W5_M1,W5_M27,0.039603960396039604
W5_M1,W5_M28,0.0594059405940594
W5_M1,W5_M29,0.019801980198019802
W5_M1,W5_M30,0.019801980198019802
W5_M1,W5_M31,0.07920792079207921
W5_M1,W5_M32,0.019801980198019802
W5_M1,W5_M33,0.07920792079207921
W5_M1,W5_M34,0.0594059405940594
W5_M1,W5_M35,0.21782178217821782
W5_M1,W5_M36,0.0594059405940594
W5_M1,W5_M37,0.07920792079207921
W5_M1,W5_M38,0.0594059405940594
W5_M1,W5_M39,0.039603960396039604
W5_M1,W5_M40,0.019801980198019802
W5_M1,W5_M41,0.039603960396039604
W5_M1,W5_M42,0.0594059405940594
W5_M1,W5_M43,0.019801980198019802
W5_M1,W5_M44,0.039603960396039604
W5_M1,W5_M45,0.019801980198019802
W5_M1,W5_M46,0.019801980198019802
W5_M1,W5_M47,0.07920792079207921
W5_M1,W5_M48,0.07920792079207921
W5_M1,W5_M49,0.0594059405940594
W5_M1,W5_M50,0.039603960396039604
W5_M1,W5_M51,0.039603960396039604
W5_M1,W5_M52,0.019801980198019802
W5_M1,W5_M53,0.019801980198019802
W5_M1,W5_M54,0.039603960396039604
W5_M1,W5_M55,0.019801980198019802
W5_M1,W5_M56,0.019801980198019802
W5_M1,W5_M57,0.019801980198019802
W5_M1,W5_M58,0.019801980198019802
W5_M1,W5_M59,0.019801980198019802
W5_M1,W5_M60,0.019801980198019802
W5_M1,W5_M61,0.019801980198019802
W5_M1,W5_M62,0.039603960396039604
W5_M1,W5_M63,0.019801980198019802
W5_M1,W5_M64,0.019801980198019802
W5_M1,W5_M65,0.019801980198019802
W5_M1,W5_M66,0.019801980198019802
W5_M1,W5_M67,0.019801980198019802
W5_M1,W5_M68,0.019801980198019802
W5_M1,W5_M69,0.019801980198019802
W5_M1,W5_M70,0.019801980198019802
W5_M1,W5_M71,0.019801980198019802
W5_M1,W5_M72,0.019801980198019802
W5_M1,W5_M73,0.019801980198019802
W5_M1,W5_M74,0.019801980198019802
W5_M1,W5_M75,0.019801980198019802
W5_M1,W5_M76,0.019801980198019802
W5_M1,W5_M77,0.019801980198019802
W5_M1,W5_M78,0.019801980198019802
W5_M1,W5_M79,0.019801980198019802
W5_M1,W5_M80,0.019801980198019802
W5_M1,W5_M81,0.019801980198019802
W5_M1,W5_M82,0.019801980198019802
W5_M1,W5_M83,0.019801980198019802
W5_M1,W5_M84,0.019801980198019802
W5_M1,W5_M85,0.019801980198019802
W5_M1,W5_M86,0.019801980198019802
W5_M1,W5_M87,0.019801980198019802
W5_M1,W5_M88,0.019801980198019802
W5_M1,W5_M89,0.019801980198019802
W5_M1,W5_M90,0.019801980198019802
W5_M1,W5_M91,0.019801980198019802
W5_M1,W5_M92,0.019801980198019802
W5_M1,W5_M93,0.019801980198019802
W5_M1,W5_M94,0.019801980198019802
W5_M2,W5_M3,0.9702970297029703
W5_M2,W5_M4,0.9900990099009901
W5_M2,W5_M5,0.9900990099009901
W5_M2,W5_M6,0.9108910891089109
W5_M2,W5_M7,0.6138613861386139
W5_M2,W5_M8,0.594059405940594
W5_M2,W5_M9,0.33663366336633666
W5_M2,W5_M10,0.19801980198019803
W5_M2,W5_M11,0.13861386138613863
W5_M2,W5_M12,0.33663366336633666
W5_M2,W5_M13,0.19801980198019803
W5_M2,W5_M14,0.039603960396039604
W5_M2,W5_M15,0.0594059405940594
W5_M2,W5_M16,0.13861386138613863
W5_M2,W5_M17,0.0594059405940594
W5_M2,W5_M18,0.0594059405940594
W5_M2,W5_M19,0.1188118811881188
W5_M2,W5_M20,0.039603960396039604
W5_M2,W5_M21,0.07920792079207921
W5_M2,W5_M22,0.039603960396039604
W5_M2,W5_M23,0.039603960396039604
W5_M2,W5_M24,0.0594059405940594
W5_M2,W5_M25,0.07920792079207921
W5_M2,W5_M26,0.0594059405940594
W5_M2,W5_M27,0.07920792079207921
W5_M2,W5_M28,0.09900990099009901
W5_M2,W5_M29,0.039603960396039604
W5_M2,W5_M30,0.0594059405940594
W5_M2,W5_M31,0.019801980198019802
W5_M2,W5_M32,0.0594059405940594
W5_M2,W5_M33,0.0594059405940594
W5_M2,W5_M34,0.039603960396039604
W5_M2,W5_M35,0.21782178217821782
W5_M2,W5_M36,0.039603960396039604
W5_M2,W5_M37,0.019801980198019802
W5_M2,W5_M38,0.019801980198019802
W5_M2,W5_M39,0.039603960396039604
W5_M2,W5_M40,0.019801980198019802
W5_M2,W5_M41,0.019801980198019802
W5_M2,W5_M42,0.039603960396039604
W5_M2,W5_M43,0.1188118811881188
W5_M2,W5_M44,0.019801980198019802
W5_M2,W5_M45,0.019801980198019802
W5_M2,W5_M46,0.039603960396039604
W5_M2,W5_M47,0.019801980198019802
W5_M2,W5_M48,0.0594059405940594
W5_M2,W5_M49,0.019801980198019802
W5_M2,W5_M50,0.019801980198019802
W5_M2,W5_M51,0.039603960396039604
W5_M2,W5_M52,0.019801980198019802
W5_M2,W5_M53,0.019801980198019802
W5_M2,W5_M54,0.07920792079207921
W5_M2,W5_M55,0.019801980198019802
W5_M2,W5_M56,0.019801980198019802
W5_M2,W5_M57,0.019801980198019802
W5_M2,W5_M58,0.039603960396039604
W5_M2,W5_M59,0.019801980198019802
W5_M2,W5_M60,0.019801980198019802
W5_M2,W5_M61,0.019801980198019802
W5_M2,W5_M62,0.019801980198019802
W5_M2,W5_M63,0.019801980198019802
W5_M2,W5_M64,0.019801980198019802
W5_M2,W5_M65,0.019801980198019802
W5_M2,W5_M66,0.019801980198019802
W5_M2,W5_M67,0.019801980198019802
W5_M2,W5_M68,0.019801980198019802
W5_M2,W5_M69,0.019801980198019802
W5_M2,W5_M70,0.019801980198019802
W5_M2,W5_M71,0.019801980198019802
W5_M2,W5_M72,0.019801980198019802
W5_M2,W5_M73,0.019801980198019802
W5_M2,W5_M74,0.019801980198019802
W5_M2,W5_M75,0.019801980198019802
W5_M2,W5_M76,0.019801980198019802
W5_M2,W5_M77,0.019801980198019802
W5_M2,W5_M78,0.019801980198019802
W5_M2,W5_M79,0.019801980198019802
W5_M2,W5_M80,0.019801980198019802
W5_M2,W5_M81,0.019801980198019802
W5_M2,W5_M82,0.019801980198019802
W5_M2,W5_M83,0.019801980198019802
W5_M2,W5_M84,0.019801980198019802
W5_M2,W5_M85,0.019801980198019802
W5_M2,W5_M86,0.019801980198019802
W5_M2,W5_M87,0.019801980198019802
W5_M2,W5_M88,0.019801980198019802
W5_M2,W5_M89,0.019801980198019802
W5_M2,W5_M90,0.019801980198019802
W5_M2,W5_M91,0.019801980198019802
W5_M2,W5_M92,0.019801980198019802
W5_M2,W5_M93,0.019801980198019802
W5_M2,W5_M94,0.019801980198019802
W5_M3,W5_M4,0.7722772277227723
W5_M3,W5_M5,0.9108910891089109
W5_M3,W5_M6,0.7920792079207921
W5_M3,W5_M7,0.6534653465346535
W5_M3,W5_M8,0.5148514851485149
W5_M3,W5_M9,0.43564356435643564
W5_M3,W5_M10,0.15841584158415842
W5_M3,W5_M11,0.1188118811881188
W5_M3,W5_M12,0.5148514851485149
W5_M3,W5_M13,0.2376237623762376
W5_M3,W5_M14,0.07920792079207921
W5_M3,W5_M15,0.09900990099009901
W5_M3,W5_M16,0.07920792079207921
W5_M3,W5_M17,0.1188118811881188
W5_M3,W5_M18,0.09900990099009901
W5_M3,W5_M19,0.039603960396039604
W5_M3,W5_M20,0.0594059405940594
W5_M3,W5_M21,0.039603960396039604
W5_M3,W5_M22,0.09900990099009901
W5_M3,W5_M23,0.039603960396039604
W5_M3,W5_M24,0.0594059405940594
W5_M3,W5_M25,0.1188118811881188
W5_M3,W5_M26,0.13861386138613863
W5_M3,W5_M27,0.07920792079207921
W5_M3,W5_M28,0.0594059405940594
W5_M3,W5_M29,0.039603960396039604
W5_M3,W5_M30,0.0594059405940594
W5_M3,W5_M31,0.0594059405940594
W5_M3,W5_M32,0.039603960396039604
W5_M3,W5_M33,0.019801980198019802
W5_M3,W5_M34,0.019801980198019802
W5_M3,W5_M35,0.19801980198019803
W5_M3,W5_M36,0.019801980198019802
W5_M3,W5_M37,0.0594059405940594
W5_M3,W5_M38,0.039603960396039604
W5_M3,W5_M39,0.0594059405940594
W5_M3,W5_M40,0.07920792079207921
W5_M3,W5_M41,0.0594059405940594
W5_M3,W5_M42,0.07920792079207921
W5_M3,W5_M43,0.0594059405940594
W5_M3,W5_M44,0.019801980198019802
W5_M3,W5_M45,0.0594059405940594
W5_M3,W5_M46,0.0594059405940594
W5_M3,W5_M47,0.019801980198019802
W5_M3,W5_M48,0.0594059405940594
W5_M3,W5_M49,0.0594059405940594
W5_M3,W5_M50,0.019801980198019802
W5_M3,W5_M51,0.019801980198019802
W5_M3,W5_M52,0.039603960396039604
W5_M3,W5_M53,0.019801980198019802
W5_M3,W5_M54,0.019801980198019802
W5_M3,W5_M55,0.019801980198019802
W5_M3,W5_M56,0.019801980198019802
W5_M3,W5_M57,0.019801980198019802
W5_M3,W5_M58,0.039603960396039604
W5_M3,W5_M59,0.019801980198019802
W5_M3,W5_M60,0.019801980198019802
W5_M3,W5_M61,0.019801980198019802
W5_M3,W5_M62,0.019801980198019802
W5_M3,W5_M63,0.039603960396039604
W5_M3,W5_M64,0.019801980198019802
W5_M3,W5_M65,0.019801980198019802
W5_M3,W5_M66,0.039603960396039604
W5_M3,W5_M67,0.019801980198019802
W5_M3,W5_M68,0.019801980198019802
W5_M3,W5_M69,0.019801980198019802
W5_M3,W5_M70,0.019801980198019802
W5_M3,W5_M71,0.019801980198019802
W5_M3,W5_M72,0.019801980198019802
W5_M3,W5_M73,0.019801980198019802
W5_M3,W5_M74,0.019801980198019802
W5_M3,W5_M75,0.019801980198019802
W5_M3,W5_M76,0.019801980198019802
W5_M3,W5_M77,0.019801980198019802
W5_M3,W5_M78,0.019801980198019802
W5_M3,W5_M79,0.019801980198019802
W5_M3,W5_M80,0.019801980198019802
W5_M3,W5_M81,0.019801980198019802
W5_M3,W5_M82,0.019801980198019802
W5_M3,W5_M83,0.019801980198019802
W5_M3,W5_M84,0.019801980198019802
W5_M3,W5_M85,0.019801980198019802
W5_M3,W5_M86,0.019801980198019802
W5_M3,W5_M87,0.019801980198019802
W5_M3,W5_M88,0.019801980198019802
W5_M3,W5_M89,0.019801980198019802
W5_M3,W5_M90,0.019801980198019802
W5_M3,W5_M91,0.019801980198019802
W5_M3,W5_M92,0.019801980198019802
W5_M3,W5_M93,0.019801980198019802
W5_M3,W5_M94,0.019801980198019802
W5_M4,W5_M5,0.9702970297029703
W5_M4,W5_M6,0.7920792079207921
W5_M4,W5_M7,0.5346534653465347
W5_M4,W5_M8,0.45544554455445546
W5_M4,W5_M9,0.39603960396039606
W5_M4,W5_M10,0.2376237623762376
W5_M4,W5_M11,0.07920792079207921
W5_M4,W5_M12,0.297029702970297
W5_M4,W5_M13,0.2376237623762376
W5_M4,W5_M14,0.019801980198019802
W5_M4,W5_M15,0.0594059405940594
W5_M4,W5_M16,0.0594059405940594
W5_M4,W5_M17,0.07920792079207921
W5_M4,W5_M18,0.039603960396039604
W5_M4,W5_M19,0.07920792079207921
W5_M4,W5_M20,0.0594059405940594
W5_M4,W5_M21,0.07920792079207921
W5_M4,W5_M22,0.0594059405940594
W5_M4,W5_M23,0.07920792079207921
W5_M4,W5_M24,0.09900990099009901
W5_M4,W5_M25,0.019801980198019802
W5_M4,W5_M26,0.1188118811881188
W5_M4,W5_M27,0.09900990099009901
W5_M4,W5_M28,0.039603960396039604
W5_M4,W5_M29,0.039603960396039604
W5_M4,W5_M30,0.07920792079207921
W5_M4,W5_M31,0.0594059405940594
W5_M4,W5_M32,0.019801980198019802
W5_M4,W5_M33,0.019801980198019802
W5_M4,W5_M34,0.019801980198019802
W5_M4,W5_M35,0.1782178217821782
W5_M4,W5_M36,0.07920792079207921
W5_M4,W5_M37,0.039603960396039604
W5_M4,W5_M38,0.09900990099009901
W5_M4,W5_M39,0.039603960396039604
W5_M4,W5_M40,0.039603960396039604
W5_M4,W5_M41,0.039603960396039604
W5_M4,W5_M42,0.0594059405940594
W5_M4,W5_M43,0.039603960396039604
W5_M4,W5_M44,0.0594059405940594
W5_M4,W5_M45,0.039603960396039604
W5_M4,W5_M46,0.019801980198019802
W5_M4,W5_M47,0.039603960396039604
W5_M4,W5_M48,0.09900990099009901
W5_M4,W5_M49,0.019801980198019802
W5_M4,W5_M50,0.019801980198019802
W5_M4,W5_M51,0.019801980198019802
W5_M4,W5_M52,0.019801980198019802
W5_M4,W5_M53,0.039603960396039604
W5_M4,W5_M54,0.019801980198019802
W5_M4,W5_M55,0.019801980198019802
W5_M4,W5_M56,0.019801980198019802
W5_M4,W5_M57,0.019801980198019802
W5_M4,W5_M58,0.019801980198019802
W5_M4,W5_M59,0.019801980198019802
W5_M4,W5_M60,0.019801980198019802
W5_M4,W5_M61,0.019801980198019802
W5_M4,W5_M62,0.019801980198019802
W5_M4,W5_M63,0.019801980198019802
W5_M4,W5_M64,0.019801980198019802
W5_M4,W5_M65,0.019801980198019802
W5_M4,W5_M66,0.019801980198019802
W5_M4,W5_M67,0.019801980198019802
W5_M4,W5_M68,0.019801980198019802
W5_M4,W5_M69,0.019801980198019802
W5_M4,W5_M70,0.019801980198019802
W5_M4,W5_M71,0.019801980198019802
W5_M4,W5_M72,0.019801980198019802
W5_M4,W5_M73,0.019801980198019802
W5_M4,W5_M74,0.019801980198019802
W5_M4,W5_M75,0.019801980198019802
W5_M4,W5_M76,0.019801980198019802
W5_M4,W5_M77,0.019801980198019802
W5_M4,W5_M78,0.019801980198019802
W5_M4,W5_M79,0.019801980198019802
W5_M4,W5_M80,0.019801980198019802
W5_M4,W5_M81,0.019801980198019802
W5_M4,W5_M82,0.019801980198019802
W5_M4,W5_M83,0.019801980198019802
W5_M4,W5_M84,0.019801980198019802
W5_M4,W5_M85,0.019801980198019802
W5_M4,W5_M86,0.019801980198019802
W5_M4,W5_M87,0.019801980198019802
W5_M4,W5_M88,0.019801980198019802
W5_M4,W5_M89,0.019801980198019802
W5_M4,W5_M90,0.019801980198019802
W5_M4,W5_M91,0.019801980198019802
W5_M4,W5_M92,0.019801980198019802
W5_M4,W5_M93,0.019801980198019802
W5_M4,W5_M94,0.019801980198019802
W5_M5,W5_M6,0.9504950495049505
W5_M5,W5_M7,0.594059405940594
W5_M5,W5_M8,0.5742574257425742
W5_M5,W5_M9,0.43564356435643564
W5_M5,W5_M10,0.15841584158415842
W5_M5,W5_M11,0.09900990099009901
W5_M5,W5_M12,0.45544554455445546
W5_M5,W5_M13,0.13861386138613863
W5_M5,W5_M14,0.0594059405940594
W5_M5,W5_M15,0.1188118811881188
W5_M5,W5_M16,0.07920792079207921
W5_M5,W5_M17,0.1188118811881188
W5_M5,W5_M18,0.07920792079207921
W5_M5,W5_M19,0.09900990099009901
W5_M5,W5_M20,0.039603960396039604
W5_M5,W5_M21,0.09900990099009901
W5_M5,W5_M22,0.039603960396039604
W5_M5,W5_M23,0.039603960396039604
W5_M5,W5_M24,0.019801980198019802
W5_M5,W5_M25,0.039603960396039604
W5_M5,W5_M26,0.1188118811881188
W5_M5,W5_M27,0.039603960396039604
W5_M5,W5_M28,0.0594059405940594
W5_M5,W5_M29,0.07920792079207921
W5_M5,W5_M30,0.1188118811881188
W5_M5,W5_M31,0.019801980198019802
W5_M5,W5_M32,0.019801980198019802
W5_M5,W5_M33,0.0594059405940594
W5_M5,W5_M34,0.0594059405940594
W5_M5,W5_M35,0.13861386138613863
W5_M5,W5_M36,0.0594059405940594
W5_M5,W5_M37,0.0594059405940594
W5_M5,W5_M38,0.039603960396039604
W5_M5,W5_M39,0.019801980198019802
W5_M5,W5_M40,0.039603960396039604
W5_M5,W5_M41,0.0594059405940594
W5_M5,W5_M42,0.07920792079207921
W5_M5,W5_M43,0.0594059405940594
W5_M5,W5_M44,0.019801980198019802
W5_M5,W5_M45,0.039603960396039604
W5_M5,W5_M46,0.039603960396039604
W5_M5,W5_M47,0.019801980198019802
W5_M5,W5_M48,0.0594059405940594
W5_M5,W5_M49,0.019801980198019802
W5_M5,W5_M50,0.039603960396039604
W5_M5,W5_M51,0.07920792079207921
W5_M5,W5_M52,0.019801980198019802
W5_M5,W5_M53,0.019801980198019802
W5_M5,W5_M54,0.039603960396039604
W5_M5,W5_M55,0.039603960396039604
W5_M5,W5_M56,0.019801980198019802
W5_M5,W5_M57,0.019801980198019802
W5_M5,W5_M58,0.019801980198019802
W5_M5,W5_M59,0.019801980198019802
W5_M5,W5_M60,0.019801980198019802
W5_M5,W5_M61,0.019801980198019802
W5_M5,W5_M62,0.019801980198019802
W5_M5,W5_M63,0.019801980198019802
W5_M5,W5_M64,0.019801980198019802
W5_M5,W5_M65,0.019801980198019802
W5_M5,W5_M66,0.019801980198019802
W5_M5,W5_M67,0.019801980198019802
W5_M5,W5_M68,0.019801980198019802
W5_M5,W5_M69,0.019801980198019802
W5_M5,W5_M70,0.0594059405940594
W5_M5,W5_M71,0.019801980198019802
W5_M5,W5_M72,0.019801980198019802
W5_M5,W5_M73,0.019801980198019802
W5_M5,W5_M74,0.019801980198019802
W5_M5,W5_M75,0.019801980198019802
W5_M5,W5_M76,0.019801980198019802
W5_M5,W5_M77,0.019801980198019802
W5_M5,W5_M78,0.019801980198019802
W5_M5,W5_M79,0.019801980198019802
W5_M5,W5_M80,0.019801980198019802
W5_M5,W5_M81,0.019801980198019802
W5_M5,W5_M82,0.019801980198019802
W5_M5,W5_M83,0.019801980198019802
W5_M5,W5_M84,0.019801980198019802
W5_M5,W5_M85,0.019801980198019802
W5_M5,W5_M86,0.019801980198019802
W5_M5,W5_M87,0.019801980198019802
W5_M5,W5_M88,0.019801980198019802
W5_M5,W5_M89,0.019801980198019802
W5_M5,W5_M90,0.019801980198019802
W5_M5,W5_M91,0.019801980198019802
W5_M5,W5_M92,0.019801980198019802
W5_M5,W5_M93,0.019801980198019802
W5_M5,W5_M94,0.019801980198019802
W5_M6,W5_M7,0.7128712871287128
W5_M6,W5_M8,0.6732673267326733
W5_M6,W5_M9,0.25742574257425743
W5_M6,W5_M10,0.2376237623762376
W5_M6,W5_M11,0.1188118811881188
W5_M6,W5_M12,0.6534653465346535
W5_M6,W5_M13,0.1188118811881188
W5_M6,W5_M14,0.019801980198019802
W5_M6,W5_M15,0.039603960396039604
W5_M6,W5_M16,0.09900990099009901
W5_M6,W5_M17,0.039603960396039604
W5_M6,W5_M18,0.09900990099009901
W5_M6,W5_M19,0.1188118811881188
W5_M6,W5_M20,0.039603960396039604
W5_M6,W5_M21,0.039603960396039604
W5_M6,W5_M22,0.019801980198019802
W5_M6,W5_M23,0.039603960396039604
W5_M6,W5_M24,0.07920792079207921
W5_M6,W5_M25,0.09900990099009901
W5_M6,W5_M26,0.09900990099009901
W5_M6,W5_M27,0.019801980198019802
W5_M6,W5_M28,0.039603960396039604
W5_M6,W5_M29,0.039603960396039604
W5_M6,W5_M30,0.039603960396039604
W5_M6,W5_M31,0.039603960396039604
W5_M6,W5_M32,0.019801980198019802
W5_M6,W5_M33,0.0594059405940594
W5_M6,W5_M34,0.019801980198019802
W5_M6,W5_M35,0.19801980198019803
W5_M6,W5_M36,0.019801980198019802
W5_M6,W5_M37,0.019801980198019802
W5_M6,W5_M38,0.019801980198019802
W5_M6,W5_M39,0.0594059405940594
W5_M6,W5_M40,0.0594059405940594
W5_M6,W5_M41,0.019801980198019802
W5_M6,W5_M42,0.07920792079207921
W5_M6,W5_M43,0.039603960396039604
W5_M6,W5_M44,0.019801980198019802
W5_M6,W5_M45,0.0594059405940594
W5_M6,W5_M46,0.039603960396039604
W5_M6,W5_M47,0.07920792079207921
W5_M6,W5_M48,0.0594059405940594
W5_M6,W5_M49,0.019801980198019802
W5_M6,W5_M50,0.0594059405940594
W5_M6,W5_M51,0.039603960396039604
W5_M6,W5_M52,0.039603960396039604
W5_M6,W5_M53,0.039603960396039604
W5_M6,W5_M54,0.039603960396039604
W5_M6,W5_M55,0.019801980198019802
W5_M6,W5_M56,0.019801980198019802
W5_M6,W5_M57,0.039603960396039604
W5_M6,W5_M58,0.019801980198019802
W5_M6,W5_M59,0.019801980198019802
W5_M6,W5_M60,0.019801980198019802
W5_M6,W5_M61,0.019801980198019802
W5_M6,W5_M62,0.019801980198019802
W5_M6,W5_M63,0.019801980198019802
W5_M6,W5_M64,0.019801980198019802
W5_M6,W5_M65,0.019801980198019802
W5_M6,W5_M66,0.019801980198019802
W5_M6,W5_M67,0.019801980198019802
W5_M6,W5_M68,0.019801980198019802
W5_M6,W5_M69,0.019801980198019802
W5_M6,W5_M70,0.019801980198019802
W5_M6,W5_M71,0.019801980198019802
W5_M6,W5_M72,0.019801980198019802
W5_M6,W5_M73,0.019801980198019802
W5_M6,W5_M74,0.019801980198019802
W5_M6,W5_M75,0.019801980198019802
W5_M6,W5_M76,0.019801980198019802
W5_M6,W5_M77,0.019801980198019802
W5_M6,W5_M78,0.019801980198019802
W5_M6,W5_M79,0.019801980198019802
W5_M6,W5_M80,0.019801980198019802
W5_M6,W5_M81,0.019801980198019802
W5_M6,W5_M82,0.019801980198019802
W5_M6,W5_M83,0.019801980198019802
W5_M6,W5_M84,0.019801980198019802
W5_M6,W5_M85,0.019801980198019802
W5_M6,W5_M86,0.019801980198019802
W5_M6,W5_M87,0.019801980198019802
W5_M6,W5_M88,0.019801980198019802
W5_M6,W5_M89,0.019801980198019802
W5_M6,W5_M90,0.019801980198019802
W5_M6,W5_M91,0.019801980198019802
W5_M6,W5_M92,0.019801980198019802
W5_M6,W5_M93,0.019801980198019802
W5_M6,W5_M94,0.019801980198019802
W5_M7,W5_M8,1.00990099009901
W5_M7,W5_M9,0.594059405940594
W5_M7,W5_M10,0.3564356435643564
W5_M7,W5_M11,0.0594059405940594
W5_M7,W5_M12,0.5742574257425742
W5_M7,W5_M13,0.13861386138613863
W5_M7,W5_M14,0.0594059405940594
W5_M7,W5_M15,0.15841584158415842
W5_M7,W5_M16,0.13861386138613863
W5_M7,W5_M17,0.039603960396039604
W5_M7,W5_M18,0.07920792079207921
W5_M7,W5_M19,0.1188118811881188
W5_M7,W5_M20,0.039603960396039604
W5_M7,W5_M21,0.07920792079207921
W5_M7,W5_M22,0.0594059405940594
W5_M7,W5_M23,0.039603960396039604
W5_M7,W5_M24,0.07920792079207921
W5_M7,W5_M25,0.07920792079207921
W5_M7,W5_M26,0.1782178217821782
W5_M7,W5_M27,0.0594059405940594
W5_M7,W5_M28,0.039603960396039604
W5_M7,W5_M29,0.07920792079207921
W5_M7,W5_M30,0.0594059405940594
W5_M7,W5_M31,0.0594059405940594
W5_M7,W5_M32,0.07920792079207921
W5_M7,W5_M33,0.039603960396039604
W5_M7,W5_M34,0.1188118811881188
W5_M7,W5_M35,0.297029702970297
W5_M7,W5_M36,0.09900990099009901
W5_M7,W5_M37,0.019801980198019802
W5_M7,W5_M38,0.0594059405940594
W5_M7,W5_M39,0.07920792079207921
W5_M7,W5_M40,0.039603960396039604
W5_M7,W5_M41,0.039603960396039604
W5_M7,W5_M42,0.0594059405940594
W5_M7,W5_M43,0.039603960396039604
W5_M7,W5_M44,0.07920792079207921
W5_M7,W5_M45,0.0594059405940594
W5_M7,W5_M46,0.019801980198019802
W5_M7,W5_M47,0.07920792079207921
W5_M7,W5_M48,0.019801980198019802
W5_M7,W5_M49,0.019801980198019802
W5_M7,W5_M50,0.0594059405940594
W5_M7,W5_M51,0.019801980198019802
W5_M7,W5_M52,0.019801980198019802
W5_M7,W5_M53,0.0594059405940594
W5_M7,W5_M54,0.019801980198019802
W5_M7,W5_M55,0.019801980198019802
W5_M7,W5_M56,0.039603960396039604
W5_M7,W5_M57,0.019801980198019802
W5_M7,W5_M58,0.019801980198019802
W5_M7,W5_M59,0.019801980198019802
W5_M7,W5_M60,0.019801980198019802
W5_M7,W5_M61,0.019801980198019802
W5_M7,W5_M62,0.019801980198019802
W5_M7,W5_M63,0.019801980198019802
W5_M7,W5_M64,0.019801980198019802
W5_M7,W5_M65,0.019801980198019802
W5_M7,W5_M66,0.039603960396039604
W5_M7,W5_M67,0.039603960396039604
W5_M7,W5_M68,0.019801980198019802
W5_M7,W5_M69,0.019801980198019802
W5_M7,W5_M70,0.039603960396039604
W5_M7,W5_M71,0.019801980198019802
W5_M7,W5_M72,0.019801980198019802
W5_M7,W5_M73,0.019801980198019802
W5_M7,W5_M74,0.019801980198019802
W5_M7,W5_M75,0.019801980198019802
W5_M7,W5_M76,0.019801980198019802
W5_M7,W5_M77,0.019801980198019802
W5_M7,W5_M78,0.019801980198019802
W5_M7,W5_M79,0.019801980198019802
W5_M7,W5_M80,0.019801980198019802
W5_M7,W5_M81,0.019801980198019802
W5_M7,W5_M82,0.019801980198019802
W5_M7,W5_M83,0.019801980198019802
W5_M7,W5_M84,0.019801980198019802
W5_M7,W5_M85,0.019801980198019802
W5_M7,W5_M86,0.019801980198019802
W5_M7,W5_M87,0.019801980198019802
W5_M7,W5_M88,0.019801980198019802
W5_M7,W5_M89,0.019801980198019802
W5_M7,W5_M90,0.019801980198019802
W5_M7,W5_M91,0.019801980198019802
W5_M7,W5_M92,0.019801980198019802
W5_M7,W5_M93,0.019801980198019802
W5_M7,W5_M94,0.019801980198019802
W5_M8,W5_M9,0.7326732673267327
W5_M8,W5_M10,0.19801980198019803
W5_M8,W5_M11,0.19801980198019803
W5_M8,W5_M12,0.5544554455445545
W5_M8,W5_M13,0.15841584158415842
W5_M8,W5_M14,0.09900990099009901
W5_M8,W5_M15,0.1782178217821782
W5_M8,W5_M16,0.0594059405940594
W5_M8,W5_M17,0.0594059405940594
W5_M8,W5_M18,0.1188118811881188
W5_M8,W5_M19,0.13861386138613863
W5_M8,W5_M20,0.09900990099009901
W5_M8,W5_M21,0.1188118811881188
W5_M8,W5_M22,0.0594059405940594
W5_M8,W5_M23,0.07920792079207921
W5_M8,W5_M24,0.039603960396039604
W5_M8,W5_M25,0.0594059405940594
W5_M8,W5_M26,0.039603960396039604
W5_M8,W5_M27,0.07920792079207921
W5_M8,W5_M28,0.019801980198019802
W5_M8,W5_M29,0.0594059405940594
W5_M8,W5_M30,0.0594059405940594
W5_M8,W5_M31,0.039603960396039604
W5_M8,W5_M32,0.07920792079207921
W5_M8,W5_M33,0.07920792079207921
W5_M8,W5_M34,0.07920792079207921
W5_M8,W5_M35,0.2376237623762376
W5_M8,W5_M36,0.07920792079207921
W5_M8,W5_M37,0.0594059405940594
W5_M8,W5_M38,0.15841584158415842
W5_M8,W5_M39,0.039603960396039604
W5_M8,W5_M40,0.039603960396039604
W5_M8,W5_M41,0.07920792079207921
W5_M8,W5_M42,0.0594059405940594
W5_M8,W5_M43,0.1188118811881188
W5_M8,W5_M44,0.07920792079207921
W5_M8,W5_M45,0.0594059405940594
W5_M8,W5_M46,0.0594059405940594
W5_M8,W5_M47,0.019801980198019802
W5_M8,W5_M48,0.019801980198019802
W5_M8,W5_M49,0.039603960396039604
W5_M8,W5_M50,0.039603960396039604
W5_M8,W5_M51,0.0594059405940594
W5_M8,W5_M52,0.0594059405940594
W5_M8,W5_M53,0.019801980198019802
W5_M8,W5_M54,0.039603960396039604
W5_M8,W5_M55,0.019801980198019802
W5_M8,W5_M56,0.019801980198019802
W5_M8,W5_M57,0.0594059405940594
W5_M8,W5_M58,0.019801980198019802
W5_M8,W5_M59,0.019801980198019802
W5_M8,W5_M60,0.019801980198019802
W5_M8,W5_M61,0.019801980198019802
W5_M8,W5_M62,0.019801980198019802
W5_M8,W5_M63,0.019801980198019802
W5_M8,W5_M64,0.019801980198019802
W5_M8,W5_M65,0.019801980198019802
W5_M8,W5_M66,0.039603960396039604
W5_M8,W5_M67,0.019801980198019802
W5_M8,W5_M68,0.019801980198019802
W5_M8,W5_M69,0.019801980198019802
W5_M8,W5_M70,0.019801980198019802
W5_M8,W5_M71,0.019801980198019802
W5_M8,W5_M72,0.019801980198019802
W5_M8,W5_M73,0.019801980198019802
W5_M8,W5_M74,0.019801980198019802
W5_M8,W5_M75,0.019801980198019802
W5_M8,W5_M76,0.019801980198019802
W5_M8,W5_M77,0.019801980198019802
W5_M8,W5_M78,0.019801980198019802
W5_M8,W5_M79,0.019801980198019802
W5_M8,W5_M80,0.019801980198019802
W5_M8,W5_M81,0.019801980198019802
W5_M8,W5_M82,0.019801980198019802
W5_M8,W5_M83,0.019801980198019802
W5_M8,W5_M84,0.019801980198019802
W5_M8,W5_M85,0.019801980198019802
W5_M8,W5_M86,0.019801980198019802
W5_M8,W5_M87,0.019801980198019802
W5_M8,W5_M88,0.019801980198019802
W5_M8,W5_M89,0.019801980198019802
W5_M8,W5_M90,0.019801980198019802
W5_M8,W5_M91,0.019801980198019802
W5_M8,W5_M92,0.019801980198019802
W5_M8,W5_M93,0.019801980198019802
W5_M8,W5_M94,0.019801980198019802
W5_M9,W5_M10,0.19801980198019803
W5_M9,W5_M11,0.1782178217821782
W5_M9,W5_M12,0.6534653465346535
W5_M9,W5_M13,0.25742574257425743
W5_M9,W5_M14,0.0594059405940594
W5_M9,W5_M15,0.1188118811881188
W5_M9,W5_M16,0.1782178217821782
W5_M9,W5_M17,0.1188118811881188
W5_M9,W5_M18,0.07920792079207921
W5_M9,W5_M19,0.13861386138613863
W5_M9,W5_M20,0.0594059405940594
W5_M9,W5_M21,0.1782178217821782
W5_M9,W5_M22,0.13861386138613863
W5_M9,W5_M23,0.07920792079207921
W5_M9,W5_M24,0.19801980198019803
W5_M9,W5_M25,0.039603960396039604
W5_M9,W5_M26,0.15841584158415842
W5_M9,W5_M27,0.13861386138613863
W5_M9,W5_M28,0.07920792079207921
W5_M9,W5_M29,0.07920792079207921
W5_M9,W5_M30,0.039603960396039604
W5_M9,W5_M31,0.0594059405940594
W5_M9,W5_M32,0.0594059405940594
W5_M9,W5_M33,0.039603960396039604
W5_M9,W5_M34,0.039603960396039604
W5_M9,W5_M35,0.4158415841584158
W5_M9,W5_M36,0.07920792079207921
W5_M9,W5_M37,0.0594059405940594
W5_M9,W5_M38,0.07920792079207921
W5_M9,W5_M39,0.0594059405940594
W5_M9,W5_M40,0.0594059405940594
W5_M9,W5_M41,0.13861386138613863
W5_M9,W5_M42,0.039603960396039604
W5_M9,W5_M43,0.039603960396039604
W5_M9,W5_M44,0.039603960396039604
W5_M9,W5_M45,0.0594059405940594
W5_M9,W5_M46,0.0594059405940594
W5_M9,W5_M47,0.019801980198019802
W5_M9,W5_M48,0.039603960396039604
W5_M9,W5_M49,0.039603960396039604
W5_M9,W5_M50,0.039603960396039604
W5_M9,W5_M51,0.09900990099009901
W5_M9,W5_M52,0.0594059405940594
W5_M9,W5_M53,0.019801980198019802
W5_M9,W5_M54,0.0594059405940594
W5_M9,W5_M55,0.019801980198019802
W5_M9,W5_M56,0.019801980198019802
W5_M9,W5_M57,0.019801980198019802
W5_M9,W5_M58,0.019801980198019802
W5_M9,W5_M59,0.019801980198019802
W5_M9,W5_M60,0.039603960396039604
W5_M9,W5_M61,0.019801980198019802
W5_M9,W5_M62,0.019801980198019802
W5_M9,W5_M63,0.019801980198019802
W5_M9,W5_M64,0.019801980198019802
W5_M9,W5_M65,0.039603960396039604
W5_M9,W5_M66,0.019801980198019802
W5_M9,W5_M67,0.019801980198019802
W5_M9,W5_M68,0.019801980198019802
W5_M9,W5_M69,0.019801980198019802
W5_M9,W5_M70,0.019801980198019802
W5_M9,W5_M71,0.019801980198019802
W5_M9,W5_M72,0.019801980198019802
W5_M9,W5_M73,0.019801980198019802
W5_M9,W5_M74,0.019801980198019802
W5_M9,W5_M75,0.019801980198019802
W5_M9,W5_M76,0.019801980198019802
W5_M9,W5_M77,0.019801980198019802
W5_M9,W5_M78,0.019801980198019802
W5_M9,W5_M79,0.019801980198019802
W5_M9,W5_M80,0.019801980198019802
W5_M9,W5_M81,0.019801980198019802
W5_M9,W5_M82,0.019801980198019802
W5_M9,W5_M83,0.019801980198019802
W5_M9,W5_M84,0.019801980198019802
W5_M9,W5_M85,0.019801980198019802
W5_M9,W5_M86,0.019801980198019802
W5_M9,W5_M87,0.019801980198019802
W5_M9,W5_M88,0.019801980198019802
W5_M9,W5_M89,0.019801980198019802
W5_M9,W5_M90,0.019801980198019802
W5_M9,W5_M91,0.019801980198019802
W5_M9,W5_M92,0.019801980198019802
W5_M9,W5_M93,0.019801980198019802
W5_M9,W5_M94,0.019801980198019802
W5_M10,W5_M11,0.7524752475247525
W5_M10,W5_M12,0.7128712871287128
W5_M10,W5_M13,0.6534653465346535
W5_M10,W5_M14,0.2376237623762376
W5_M10,W5_M15,0.3564356435643564
W5_M10,W5_M16,0.3564356435643564
W5_M10,W5_M17,0.297029702970297
W5_M10,W5_M18,0.33663366336633666
W5_M10,W5_M19,0.297029702970297
W5_M10,W5_M20,0.33663366336633666
W5_M10,W5_M21,0.4158415841584158
W5_M10,W5_M22,0.31683168316831684
W5_M10,W5_M23,0.2376237623762376
W5_M10,W5_M24,0.297029702970297
W5_M10,W5_M25,0.3564356435643564
W5_M10,W5_M26,0.4158415841584158
W5_M10,W5_M27,0.31683168316831684
W5_M10,W5_M28,0.2376237623762376
W5_M10,W5_M29,0.1782178217821782
W5_M10,W5_M30,0.27722772277227725
W5_M10,W5_M31,0.31683168316831684
W5_M10,W5_M32,0.1782178217821782
W5_M10,W5_M33,0.21782178217821782
W5_M10,W5_M34,0.297029702970297
W5_M10,W5_M35,0.8316831683168316
W5_M10,W5_M36,0.15841584158415842
W5_M10,W5_M37,0.27722772277227725
W5_M10,W5_M38,0.1782178217821782
W5_M10,W5_M39,0.19801980198019803
W5_M10,W5_M40,0.297029702970297
W5_M10,W5_M41,0.19801980198019803
W5_M10,W5_M42,0.1782178217821782
W5_M10,W5_M43,0.2376237623762376
W5_M10,W5_M44,0.1188118811881188
W5_M10,W5_M45,0.09900990099009901
W5_M10,W5_M46,0.13861386138613863
W5_M10,W5_M47,0.15841584158415842
W5_M10,W5_M48,0.297029702970297
W5_M10,W5_M49,0.0594059405940594
W5_M10,W5_M50,0.0594059405940594
W5_M10,W5_M51,0.07920792079207921
W5_M10,W5_M52,0.039603960396039604
W5_M10,W5_M53,0.039603960396039604
W5_M10,W5_M54,0.039603960396039604
W5_M10,W5_M55,0.039603960396039604
W5_M10,W5_M56,0.0594059405940594
W5_M10,W5_M57,0.0594059405940594
W5_M10,W5_M58,0.019801980198019802
W5_M10,W5_M59,0.019801980198019802
W5_M10,W5_M60,0.019801980198019802
W5_M10,W5_M61,0.019801980198019802
W5_M10,W5_M62,0.039603960396039604
W5_M10,W5_M63,0.019801980198019802
W5_M10,W5_M64,0.019801980198019802
W5_M10,W5_M65,0.019801980198019802
W5_M10,W5_M66,0.019801980198019802
W5_M10,W5_M67,0.019801980198019802
W5_M10,W5_M68,0.019801980198019802
W5_M10,W5_M69,0.039603960396039604
W5_M10,W5_M70,0.019801980198019802
W5_M10,W5_M71,0.019801980198019802
W5_M10,W5_M72,0.019801980198019802
W5_M10,W5_M73,0.019801980198019802
W5_M10,W5_M74,0.019801980198019802
W5_M10,W5_M75,0.019801980198019802
W5_M10,W5_M76,0.019801980198019802
W5_M10,W5_M77,0.019801980198019802
W5_M10,W5_M78,0.019801980198019802
W5_M10,W5_M79,0.019801980198019802
W5_M10,W5_M80,0.019801980198019802
W5_M10,W5_M81,0.019801980198019802
W5_M10,W5_M82,0.019801980198019802
W5_M10,W5_M83,0.019801980198019802
W5_M10,W5_M84,0.019801980198019802
W5_M10,W5_M85,0.019801980198019802
W5_M10,W5_M86,0.019801980198019802
W5_M10,W5_M87,0.019801980198019802
W5_M10,W5_M88,0.019801980198019802
W5_M10,W5_M89,0.019801980198019802
W5_M10,W5_M90,0.019801980198019802
W5_M10,W5_M91,0.019801980198019802
W5_M10,W5_M92,0.019801980198019802
W5_M10,W5_M93,0.019801980198019802
W5_M10,W5_M94,0.019801980198019802
W5_M11,W5_M12,0.5148514851485149
W5_M11,W5_M13,0.8514851485148515
W5_M11,W5_M14,0.7326732673267327
W5_M11,W5_M15,0.8514851485148515
W5_M11,W5_M16,0.7128712871287128
W5_M11,W5_M17,0.6732673267326733
W5_M11,W5_M18,0.7128712871287128
W5_M11,W5_M19,0.8316831683168316
W5_M11,W5_M20,0.8712871287128713
W5_M11,W5_M21,0.7920792079207921
W5_M11,W5_M22,0.7524752475247525
W5_M11,W5_M23,0.7326732673267327
W5_M11,W5_M24,0.7524752475247525
W5_M11,W5_M25,0.594059405940594
W5_M11,W5_M26,0.7128712871287128
W5_M11,W5_M27,0.6336633663366337
W5_M11,W5_M28,0.6534653465346535
W5_M11,W5_M29,0.693069306930693
W5_M11,W5_M30,0.7920792079207921
W5_M11,W5_M31,0.49504950495049505
W5_M11,W5_M32,0.5742574257425742
W5_M11,W5_M33,0.49504950495049505
W5_M11,W5_M34,0.43564356435643564
W5_M11,W5_M35,0.9108910891089109
W5_M11,W5_M36,0.43564356435643564
W5_M11,W5_M37,0.5346534653465347
W5_M11,W5_M38,0.6138613861386139
W5_M11,W5_M39,0.5148514851485149
W5_M11,W5_M40,0.5346534653465347
W5_M11,W5_M41,0.39603960396039606
W5_M11,W5_M42,0.4752475247524752
W5_M11,W5_M43,0.39603960396039606
W5_M11,W5_M44,0.31683168316831684
W5_M11,W5_M45,0.2376237623762376
W5_M11,W5_M46,0.33663366336633666
W5_M11,W5_M47,0.43564356435643564
W5_M11,W5_M48,0.5742574257425742
W5_M11,W5_M49,0.039603960396039604
W5_M11,W5_M50,0.21782178217821782
W5_M11,W5_M51,0.31683168316831684
W5_M11,W5_M52,0.0594059405940594
W5_M11,W5_M53,0.15841584158415842
W5_M11,W5_M54,0.297029702970297
W5_M11,W5_M55,0.019801980198019802
W5_M11,W5_M56,0.09900990099009901
W5_M11,W5_M57,0.07920792079207921
W5_M11,W5_M58,0.0594059405940594
W5_M11,W5_M59,0.07920792079207921
W5_M11,W5_M60,0.0594059405940594
W5_M11,W5_M61,0.07920792079207921
W5_M11,W5_M62,0.09900990099009901
W5_M11,W5_M63,0.0594059405940594
W5_M11,W5_M64,0.0594059405940594
W5_M11,W5_M65,0.07920792079207921
W5_M11,W5_M66,0.1188118811881188
W5_M11,W5_M67,0.0594059405940594
W5_M11,W5_M68,0.0594059405940594
W5_M11,W5_M69,0.039603960396039604
W5_M11,W5_M70,0.0594059405940594
W5_M11,W5_M71,0.039603960396039604
W5_M11,W5_M72,0.019801980198019802
W5_M11,W5_M73,0.019801980198019802
W5_M11,W5_M74,0.019801980198019802
W5_M11,W5_M75,0.019801980198019802
W5_M11,W5_M76,0.019801980198019802
W5_M11,W5_M77,0.019801980198019802
W5_M11,W5_M78,0.019801980198019802
W5_M11,W5_M79,0.019801980198019802
W5_M11,W5_M80,0.019801980198019802
W5_M11,W5_M81,0.019801980198019802
W5_M11,W5_M82,0.019801980198019802
W5_M11,W5_M83,0.019801980198019802
W5_M11,W5_M84,0.019801980198019802
W5_M11,W5_M85,0.019801980198019802
W5_M11,W5_M86,0.019801980198019802
W5_M11,W5_M87,0.019801980198019802
W5_M11,W5_M88,0.019801980198019802
W5_M11,W5_M89,0.019801980198019802
W5_M11,W5_M90,0.019801980198019802
W5_M11,W5_M91,0.019801980198019802
W5_M11,W5_M92,0.019801980198019802
W5_M11,W5_M93,0.019801980198019802
W5_M11,W5_M94,0.019801980198019802
W5_M12,W5_M13,0.33663366336633666
W5_M12,W5_M14,0.15841584158415842
W5_M12,W5_M15,0.1188118811881188
W5_M12,W5_M16,0.2376237623762376
W5_M12,W5_M17,0.1188118811881188
W5_M12,W5_M18,0.0594059405940594
W5_M12,W5_M19,0.1782178217821782
W5_M12,W5_M20,0.1188118811881188
W5_M12,W5_M21,0.19801980198019803
W5_M12,W5_M22,0.15841584158415842
W5_M12,W5_M23,0.13861386138613863
W5_M12,W5_M24,0.0594059405940594
W5_M12,W5_M25,0.15841584158415842
W5_M12,W5_M26,0.019801980198019802
W5_M12,W5_M27,0.25742574257425743
W5_M12,W5_M28,0.07920792079207921
W5_M12,W5_M29,0.1188118811881188
W5_M12,W5_M30,0.09900990099009901
W5_M12,W5_M31,0.019801980198019802
W5_M12,W5_M32,0.19801980198019803
W5_M12,W5_M33,0.07920792079207921
W5_M12,W5_M34,0.019801980198019802
W5_M12,W5_M35,0.3564356435643564
W5_M12,W5_M36,0.07920792079207921
W5_M12,W5_M37,0.15841584158415842
W5_M12,W5_M38,0.0594059405940594
W5_M12,W5_M39,0.019801980198019802
W5_M12,W5_M40,0.0594059405940594
W5_M12,W5_M41,0.09900990099009901
W5_M12,W5_M42,0.019801980198019802
W5_M12,W5_M43,0.07920792079207921
W5_M12,W5_M44,0.07920792079207921
W5_M12,W5_M45,0.039603960396039604
W5_M12,W5_M46,0.09900990099009901
W5_M12,W5_M47,0.1782178217821782
W5_M12,W5_M48,0.15841584158415842
W5_M12,W5_M49,0.039603960396039604
W5_M12,W5_M50,0.07920792079207921
W5_M12,W5_M51,0.0594059405940594
W5_M12,W5_M52,0.019801980198019802
W5_M12,W5_M53,0.039603960396039604
W5_M12,W5_M54,0.0594059405940594
W5_M12,W5_M55,0.019801980198019802
W5_M12,W5_M56,0.019801980198019802
W5_M12,W5_M57,0.019801980198019802
W5_M12,W5_M58,0.019801980198019802
W5_M12,W5_M59,0.019801980198019802
W5_M12,W5_M60,0.019801980198019802
W5_M12,W5_M61,0.019801980198019802
W5_M12,W5_M62,0.019801980198019802
W5_M12,W5_M63,0.019801980198019802
W5_M12,W5_M64,0.039603960396039604
W5_M12,W5_M65,0.019801980198019802
W5_M12,W5_M66,0.019801980198019802
W5_M12,W5_M67,0.019801980198019802
W5_M12,W5_M68,0.019801980198019802
W5_M12,W5_M69,0.019801980198019802
W5_M12,W5_M70,0.019801980198019802
W5_M12,W5_M71,0.019801980198019802
W5_M12,W5_M72,0.019801980198019802
W5_M12,W5_M73,0.019801980198019802
W5_M12,W5_M74,0.019801980198019802
W5_M12,W5_M75,0.019801980198019802
W5_M12,W5_M76,0.019801980198019802
W5_M12,W5_M77,0.019801980198019802
W5_M12,W5_M78,0.019801980198019802
W5_M12,W5_M79,0.019801980198019802
W5_M12,W5_M80,0.019801980198019802
W5_M12,W5_M81,0.019801980198019802
W5_M12,W5_M82,0.019801980198019802
W5_M12,W5_M83,0.019801980198019802
W5_M12,W5_M84,0.019801980198019802
W5_M12,W5_M85,0.019801980198019802
W5_M12,W5_M86,0.019801980198019802
W5_M12,W5_M87,0.019801980198019802
W5_M12,W5_M88,0.019801980198019802
W5_M12,W5_M89,0.019801980198019802
W5_M12,W5_M90,0.019801980198019802
W5_M12,W5_M91,0.019801980198019802
W5_M12,W5_M92,0.019801980198019802
W5_M12,W5_M93,0.019801980198019802
W5_M12,W5_M94,0.019801980198019802
W5_M13,W5_M14,0.9306930693069307
W5_M13,W5_M15,0.9900990099009901
W5_M13,W5_M16,0.8712871287128713
W5_M13,W5_M17,0.7524752475247525
W5_M13,W5_M18,0.8316831683168316
W5_M13,W5_M19,0.9702970297029703
W5_M13,W5_M20,0.9702970297029703
W5_M13,W5_M21,0.9702970297029703
W5_M13,W5_M22,1.00990099009901
W5_M13,W5_M23,0.8514851485148515
W5_M13,W5_M24,0.8118811881188119
W5_M13,W5_M25,0.8712871287128713
W5_M13,W5_M26,0.8910891089108911
W5_M13,W5_M27,0.5742574257425742
W5_M13,W5_M28,0.8514851485148515
W5_M13,W5_M29,0.4752475247524752
W5_M13,W5_M30,0.6534653465346535
W5_M13,W5_M31,0.5742574257425742
W5_M13,W5_M32,0.3564356435643564
W5_M13,W5_M33,0.7722772277227723
W5_M13,W5_M34,0.45544554455445546
W5_M13,W5_M35,0.8316831683168316
W5_M13,W5_M36,0.3564356435643564
W5_M13,W5_M37,0.37623762376237624
W5_M13,W5_M38,0.27722772277227725
W5_M13,W5_M39,0.39603960396039606
W5_M13,W5_M40,0.6138613861386139
W5_M13,W5_M41,0.6138613861386139
W5_M13,W5_M42,0.6336633663366337
W5_M13,W5_M43,0.25742574257425743
W5_M13,W5_M44,0.37623762376237624
W5_M13,W5_M45,0.15841584158415842
W5_M13,W5_M46,0.19801980198019803
W5_M13,W5_M47,0.21782178217821782
W5_M13,W5_M48,0.4752475247524752
W5_M13,W5_M49,0.13861386138613863
W5_M13,W5_M50,0.15841584158415842
W5_M13,W5_M51,0.31683168316831684
W5_M13,W5_M52,0.15841584158415842
W5_M13,W5_M53,0.09900990099009901
W5_M13,W5_M54,0.0594059405940594
W5_M13,W5_M55,0.0594059405940594
W5_M13,W5_M56,0.0594059405940594
W5_M13,W5_M57,0.039603960396039604
W5_M13,W5_M58,0.039603960396039604
W5_M13,W5_M59,0.039603960396039604
W5_M13,W5_M60,0.1188118811881188
W5_M13,W5_M61,0.039603960396039604
W5_M13,W5_M62,0.019801980198019802
W5_M13,W5_M63,0.039603960396039604
W5_M13,W5_M64,0.039603960396039604
W5_M13,W5_M65,0.019801980198019802
W5_M13,W5_M66,0.019801980198019802
W5_M13,W5_M67,0.019801980198019802
W5_M13,W5_M68,0.019801980198019802
W5_M13,W5_M69,0.019801980198019802
W5_M13,W5_M70,0.019801980198019802
W5_M13,W5_M71,0.019801980198019802
W5_M13,W5_M72,0.019801980198019802
W5_M13,W5_M73,0.019801980198019802
W5_M13,W5_M74,0.019801980198019802
W5_M13,W5_M75,0.019801980198019802
W5_M13,W5_M76,0.019801980198019802
W5_M13,W5_M77,0.019801980198019802
W5_M13,W5_M78,0.019801980198019802
W5_M13,W5_M79,0.019801980198019802
W5_M13,W5_M80,0.019801980198019802
W5_M13,W5_M81,0.019801980198019802
W5_M13,W5_M82,0.019801980198019802
W5_M13,W5_M83,0.019801980198019802
W5_M13,W5_M84,0.019801980198019802
W5_M13,W5_M85,0.019801980198019802
W5_M13,W5_M86,0.019801980198019802
W5_M13,W5_M87,0.019801980198019802
W5_M13,W5_M88,0.019801980198019802
W5_M13,W5_M89,0.019801980198019802
W5_M13,W5_M90,0.019801980198019802
W5_M13,W5_M91,0.019801980198019802
W5_M13,W5_M92,0.019801980198019802
W5_M13,W5_M93,0.019801980198019802
W5_M13,W5_M94,0.019801980198019802
W5_M14,W5_M15,0.9900990099009901
W5_M14,W5_M16,0.9306930693069307
W5_M14,W5_M17,0.9306930693069307
W5_M14,W5_M18,0.7722772277227723
W5_M14,W5_M19,0.693069306930693
W5_M14,W5_M20,0.7326732673267327
W5_M14,W5_M21,0.6138613861386139
W5_M14,W5_M22,0.594059405940594
W5_M14,W5_M23,0.693069306930693
W5_M14,W5_M24,0.6336633663366337
W5_M14,W5_M25,0.693069306930693
W5_M14,W5_M26,0.7722772277227723
W5_M14,W5_M27,0.5544554455445545
W5_M14,W5_M28,0.5148514851485149
W5_M14,W5_M29,0.4158415841584158
W5_M14,W5_M30,0.297029702970297
W5_M14,W5_M31,0.297029702970297
W5_M14,W5_M32,0.3564356435643564
W5_M14,W5_M33,0.45544554455445546
W5_M14,W5_M34,0.15841584158415842
W5_M14,W5_M35,0.8910891089108911
W5_M14,W5_M36,0.7128712871287128
W5_M14,W5_M37,0.45544554455445546
W5_M14,W5_M38,0.4158415841584158
W5_M14,W5_M39,0.297029702970297
W5_M14,W5_M40,0.31683168316831684
W5_M14,W5_M41,0.27722772277227725
W5_M14,W5_M42,0.31683168316831684
W5_M14,W5_M43,0.3564356435643564
W5_M14,W5_M44,0.13861386138613863
W5_M14,W5_M45,0.1188118811881188
W5_M14,W5_M46,0.25742574257425743
W5_M14,W5_M47,0.33663366336633666
W5_M14,W5_M48,0.49504950495049505
W5_M14,W5_M49,0.2376237623762376
W5_M14,W5_M50,0.09900990099009901
W5_M14,W5_M51,0.1188118811881188
W5_M14,W5_M52,0.039603960396039604
W5_M14,W5_M53,0.039603960396039604
W5_M14,W5_M54,0.09900990099009901
W5_M14,W5_M55,0.039603960396039604
W5_M14,W5_M56,0.039603960396039604
W5_M14,W5_M57,0.019801980198019802
W5_M14,W5_M58,0.019801980198019802
W5_M14,W5_M59,0.019801980198019802
W5_M14,W5_M60,0.039603960396039604
W5_M14,W5_M61,0.039603960396039604
W5_M14,W5_M62,0.0594059405940594
W5_M14,W5_M63,0.019801980198019802
W5_M14,W5_M64,0.039603960396039604
W5_M14,W5_M65,0.039603960396039604
W5_M14,W5_M66,0.07920792079207921
W5_M14,W5_M67,0.019801980198019802
W5_M14,W5_M68,0.039603960396039604
W5_M14,W5_M69,0.019801980198019802
W5_M14,W5_M70,0.039603960396039604
W5_M14,W5_M71,0.019801980198019802
W5_M14,W5_M72,0.019801980198019802
W5_M14,W5_M73,0.019801980198019802
W5_M14,W5_M74,0.019801980198019802
W5_M14,W5_M75,0.019801980198019802
W5_M14,W5_M76,0.019801980198019802
W5_M14,W5_M77,0.019801980198019802
W5_M14,W5_M78,0.019801980198019802
W5_M14,W5_M79,0.019801980198019802
W5_M14,W5_M80,0.019801980198019802
W5_M14,W5_M81,0.019801980198019802
W5_M14,W5_M82,0.019801980198019802
W5_M14,W5_M83,0.019801980198019802
W5_M14,W5_M84,0.019801980198019802
W5_M14,W5_M85,0.019801980198019802
W5_M14,W5_M86,0.019801980198019802
W5_M14,W5_M87,0.019801980198019802
W5_M14,W5_M88,0.019801980198019802
W5_M14,W5_M89,0.019801980198019802
W5_M14,W5_M90,0.019801980198019802
W5_M14,W5_M91,0.019801980198019802
W5_M14,W5_M92,0.019801980198019802
W5_M14,W5_M93,0.019801980198019802
W5_M14,W5_M94,0.019801980198019802
W5_M15,W5_M16,0.8514851485148515
W5_M15,W5_M17,0.9504950495049505
W5_M15,W5_M18,0.7128712871287128
W5_M15,W5_M19,0.9900990099009901
W5_M15,W5_M20,0.6336633663366337
W5_M15,W5_M21,0.7920792079207921
W5_M15,W5_M22,0.5346534653465347
W5_M15,W5_M23,0.5148514851485149
W5_M15,W5_M24,0.5544554455445545
W5_M15,W5_M25,0.4752475247524752
W5_M15,W5_M26,0.7722772277227723
W5_M15,W5_M27,0.37623762376237624
W5_M15,W5_M28,0.4752475247524752
W5_M15,W5_M29,0.45544554455445546
W5_M15,W5_M30,0.31683168316831684
W5_M15,W5_M31,0.39603960396039606
W5_M15,W5_M32,0.1188118811881188
W5_M15,W5_M33,0.3564356435643564
W5_M15,W5_M34,0.3564356435643564
W5_M15,W5_M35,0.8514851485148515
W5_M15,W5_M36,0.31683168316831684
W5_M15,W5_M37,0.37623762376237624
W5_M15,W5_M38,0.5148514851485149
W5_M15,W5_M39,0.5148514851485149
W5_M15,W5_M40,0.33663366336633666
W5_M15,W5_M41,0.33663366336633666
W5_M15,W5_M42,0.297029702970297
W5_M15,W5_M43,0.21782178217821782
W5_M15,W5_M44,0.1782178217821782
W5_M15,W5_M45,0.039603960396039604
W5_M15,W5_M46,0.07920792079207921
W5_M15,W5_M47,0.09900990099009901
W5_M15,W5_M48,0.4752475247524752
W5_M15,W5_M49,0.09900990099009901
W5_M15,W5_M50,0.039603960396039604
W5_M15,W5_M51,0.19801980198019803
W5_M15,W5_M52,0.1188118811881188
W5_M15,W5_M53,0.0594059405940594
W5_M15,W5_M54,0.07920792079207921
W5_M15,W5_M55,0.039603960396039604
W5_M15,W5_M56,0.019801980198019802
W5_M15,W5_M57,0.0594059405940594
W5_M15,W5_M58,0.0594059405940594
W5_M15,W5_M59,0.039603960396039604
W5_M15,W5_M60,0.019801980198019802
W5_M15,W5_M61,0.039603960396039604
W5_M15,W5_M62,0.039603960396039604
W5_M15,W5_M63,0.039603960396039604
W5_M15,W5_M64,0.019801980198019802
W5_M15,W5_M65,0.039603960396039604
W5_M15,W5_M66,0.019801980198019802
W5_M15,W5_M67,0.019801980198019802
W5_M15,W5_M68,0.039603960396039604
W5_M15,W5_M69,0.019801980198019802
W5_M15,W5_M70,0.039603960396039604
W5_M15,W5_M71,0.039603960396039604
W5_M15,W5_M72,0.019801980198019802
W5_M15,W5_M73,0.019801980198019802
W5_M15,W5_M74,0.019801980198019802
W5_M15,W5_M75,0.019801980198019802
W5_M15,W5_M76,0.019801980198019802
W5_M15,W5_M77,0.019801980198019802
W5_M15,W5_M78,0.019801980198019802
W5_M15,W5_M79,0.019801980198019802
W5_M15,W5_M80,0.019801980198019802
W5_M15,W5_M81,0.019801980198019802
W5_M15,W5_M82,0.019801980198019802
W5_M15,W5_M83,0.019801980198019802
W5_M15,W5_M84,0.019801980198019802
W5_M15,W5_M85,0.019801980198019802
W5_M15,W5_M86,0.019801980198019802
W5_M15,W5_M87,0.019801980198019802
W5_M15,W5_M88,0.019801980198019802
W5_M15,W5_M89,0.019801980198019802
W5_M15,W5_M90,0.019801980198019802
W5_M15,W5_M91,0.019801980198019802
W5_M15,W5_M92,0.019801980198019802
W5_M15,W5_M93,0.019801980198019802
W5_M15,W5_M94,0.019801980198019802
W5_M16,W5_M17,0.8118811881188119
W5_M16,W5_M18,0.594059405940594
W5_M16,W5_M19,0.8910891089108911
W5_M16,W5_M20,0.6336633663366337
W5_M16,W5_M21,0.7326732673267327
W5_M16,W5_M22,0.5544554455445545
W5_M16,W5_M23,0.45544554455445546
W5_M16,W5_M24,0.43564356435643564
W5_M16,W5_M25,0.4158415841584158
W5_M16,W5_M26,0.8118811881188119
W5_M16,W5_M27,0.37623762376237624
W5_M16,W5_M28,0.5544554455445545
W5_M16,W5_M29,0.31683168316831684
W5_M16,W5_M30,0.49504950495049505
W5_M16,W5_M31,0.39603960396039606
W5_M16,W5_M32,0.15841584158415842
W5_M16,W5_M33,0.33663366336633666
W5_M16,W5_M34,0.297029702970297
W5_M16,W5_M35,0.5742574257425742
W5_M16,W5_M36,0.31683168316831684
W5_M16,W5_M37,0.6138613861386139
W5_M16,W5_M38,0.27722772277227725
W5_M16,W5_M39,0.31683168316831684
W5_M16,W5_M40,0.39603960396039606
W5_M16,W5_M41,0.3564356435643564
W5_M16,W5_M42,0.27722772277227725
W5_M16,W5_M43,0.21782178217821782
W5_M16,W5_M44,0.15841584158415842
W5_M16,W5_M45,0.039603960396039604
W5_M16,W5_M46,0.09900990099009901
W5_M16,W5_M47,0.0594059405940594
W5_M16,W5_M48,0.297029702970297
W5_M16,W5_M49,0.1188118811881188
W5_M16,W5_M50,0.0594059405940594
W5_M16,W5_M51,0.0594059405940594
W5_M16,W5_M52,0.13861386138613863
W5_M16,W5_M53,0.0594059405940594
W5_M16,W5_M54,0.07920792079207921
W5_M16,W5_M55,0.039603960396039604
W5_M16,W5_M56,0.019801980198019802
W5_M16,W5_M57,0.039603960396039604
W5_M16,W5_M58,0.07920792079207921
W5_M16,W5_M59,0.019801980198019802
W5_M16,W5_M60,0.039603960396039604
W5_M16,W5_M61,0.019801980198019802
W5_M16,W5_M62,0.019801980198019802
W5_M16,W5_M63,0.019801980198019802
W5_M16,W5_M64,0.0594059405940594
W5_M16,W5_M65,0.019801980198019802
W5_M16,W5_M66,0.0594059405940594
W5_M16,W5_M67,0.019801980198019802
W5_M16,W5_M68,0.019801980198019802
W5_M16,W5_M69,0.019801980198019802
W5_M16,W5_M70,0.019801980198019802
W5_M16,W5_M71,0.019801980198019802
W5_M16,W5_M72,0.019801980198019802
W5_M16,W5_M73,0.019801980198019802
W5_M16,W5_M74,0.019801980198019802
W5_M16,W5_M75,0.019801980198019802
W5_M16,W5_M76,0.019801980198019802
W5_M16,W5_M77,0.019801980198019802
W5_M16,W5_M78,0.019801980198019802
W5_M16,W5_M79,0.019801980198019802
W5_M16,W5_M80,0.019801980198019802
W5_M16,W5_M81,0.019801980198019802
W5_M16,W5_M82,0.019801980198019802
W5_M16,W5_M83,0.019801980198019802
W5_M16,W5_M84,0.019801980198019802
W5_M16,W5_M85,0.019801980198019802
W5_M16,W5_M86,0.019801980198019802
W5_M16,W5_M87,0.019801980198019802
W5_M16,W5_M88,0.019801980198019802
W5_M16,W5_M89,0.019801980198019802
W5_M16,W5_M90,0.019801980198019802
W5_M16,W5_M91,0.019801980198019802
W5_M16,W5_M92,0.019801980198019802
W5_M16,W5_M93,0.019801980198019802
W5_M16,W5_M94,0.019801980198019802
W5_M17,W5_M18,0.7722772277227723
W5_M17,W5_M19,0.9108910891089109
W5_M17,W5_M20,0.8118811881188119
W5_M17,W5_M21,0.7128712871287128
W5_M17,W5_M22,0.7326732673267327
W5_M17,W5_M23,0.5742574257425742
W5_M17,W5_M24,0.693069306930693
W5_M17,W5_M25,0.693069306930693
W5_M17,W5_M26,0.8316831683168316
W5_M17,W5_M27,0.6732673267326733
W5_M17,W5_M28,0.5346534653465347
W5_M17,W5_M29,0.39603960396039606
W5_M17,W5_M30,0.31683168316831684
W5_M17,W5_M31,0.297029702970297
W5_M17,W5_M32,0.2376237623762376
W5_M17,W5_M33,0.37623762376237624
W5_M17,W5_M34,0.39603960396039606
W5_M17,W5_M35,0.7128712871287128
W5_M17,W5_M36,0.43564356435643564
W5_M17,W5_M37,0.4158415841584158
W5_M17,W5_M38,0.5346534653465347
W5_M17,W5_M39,0.31683168316831684
W5_M17,W5_M40,0.3564356435643564
W5_M17,W5_M41,0.27722772277227725
W5_M17,W5_M42,0.25742574257425743
W5_M17,W5_M43,0.4752475247524752
W5_M17,W5_M44,0.45544554455445546
W5_M17,W5_M45,0.1782178217821782
W5_M17,W5_M46,0.19801980198019803
W5_M17,W5_M47,0.1188118811881188
W5_M17,W5_M48,0.39603960396039606
W5_M17,W5_M49,0.09900990099009901
W5_M17,W5_M50,0.13861386138613863
W5_M17,W5_M51,0.2376237623762376
W5_M17,W5_M52,0.09900990099009901
W5_M17,W5_M53,0.1188118811881188
W5_M17,W5_M54,0.07920792079207921
W5_M17,W5_M55,0.0594059405940594
W5_M17,W5_M56,0.019801980198019802
W5_M17,W5_M57,0.1188118811881188
W5_M17,W5_M58,0.039603960396039604
W5_M17,W5_M59,0.019801980198019802
W5_M17,W5_M60,0.0594059405940594
W5_M17,W5_M61,0.019801980198019802
W5_M17,W5_M62,0.019801980198019802
W5_M17,W5_M63,0.019801980198019802
W5_M17,W5_M64,0.039603960396039604
W5_M17,W5_M65,0.019801980198019802
W5_M17,W5_M66,0.019801980198019802
W5_M17,W5_M67,0.039603960396039604
W5_M17,W5_M68,0.019801980198019802
W5_M17,W5_M69,0.019801980198019802
W5_M17,W5_M70,0.039603960396039604
W5_M17,W5_M71,0.039603960396039604
W5_M17,W5_M72,0.019801980198019802
W5_M17,W5_M73,0.019801980198019802
W5_M17,W5_M74,0.019801980198019802
W5_M17,W5_M75,0.019801980198019802
W5_M17,W5_M76,0.019801980198019802
W5_M17,W5_M77,0.019801980198019802
W5_M17,W5_M78,0.019801980198019802
W5_M17,W5_M79,0.019801980198019802
W5_M17,W5_M80,0.019801980198019802
W5_M17,W5_M81,0.019801980198019802
W5_M17,W5_M82,0.019801980198019802
W5_M17,W5_M83,0.019801980198019802
W5_M17,W5_M84,0.019801980198019802
W5_M17,W5_M85,0.019801980198019802
W5_M17,W5_M86,0.019801980198019802
W5_M17,W5_M87,0.019801980198019802
W5_M17,W5_M88,0.019801980198019802
W5_M17,W5_M89,0.019801980198019802
W5_M17,W5_M90,0.019801980198019802
W5_M17,W5_M91,0.019801980198019802
W5_M17,W5_M92,0.019801980198019802
W5_M17,W5_M93,0.019801980198019802
W5_M17,W5_M94,0.019801980198019802
W5_M18,W5_M19,0.9504950495049505
W5_M18,W5_M20,0.9900990099009901
W5_M18,W5_M21,0.9306930693069307
W5_M18,W5_M22,0.8712871287128713
W5_M18,W5_M23,0.8118811881188119
W5_M18,W5_M24,0.43564356435643564
W5_M18,W5_M25,0.8316831683168316
W5_M18,W5_M26,0.8316831683168316
W5_M18,W5_M27,0.9306930693069307
W5_M18,W5_M28,0.39603960396039606
W5_M18,W5_M29,0.5148514851485149
W5_M18,W5_M30,0.594059405940594
W5_M18,W5_M31,0.39603960396039606
W5_M18,W5_M32,0.4752475247524752
W5_M18,W5_M33,0.297029702970297
W5_M18,W5_M34,0.21782178217821782
W5_M18,W5_M35,0.594059405940594
W5_M18,W5_M36,0.5346534653465347
W5_M18,W5_M37,0.43564356435643564
W5_M18,W5_M38,0.31683168316831684
W5_M18,W5_M39,0.297029702970297
W5_M18,W5_M40,0.297029702970297
W5_M18,W5_M41,0.21782178217821782
W5_M18,W5_M42,0.19801980198019803
W5_M18,W5_M43,0.19801980198019803
W5_M18,W5_M44,0.21782178217821782
W5_M18,W5_M45,0.09900990099009901
W5_M18,W5_M46,0.07920792079207921
W5_M18,W5_M47,0.15841584158415842
W5_M18,W5_M48,0.4752475247524752
W5_M18,W5_M49,0.2376237623762376
W5_M18,W5_M50,0.15841584158415842
W5_M18,W5_M51,0.19801980198019803
W5_M18,W5_M52,0.1782178217821782
W5_M18,W5_M53,0.0594059405940594
W5_M18,W5_M54,0.1188118811881188
W5_M18,W5_M55,0.0594059405940594
W5_M18,W5_M56,0.019801980198019802
W5_M18,W5_M57,0.019801980198019802
W5_M18,W5_M58,0.019801980198019802
W5_M18,W5_M59,0.039603960396039604
W5_M18,W5_M60,0.039603960396039604
W5_M18,W5_M61,0.0594059405940594
W5_M18,W5_M62,0.019801980198019802
W5_M18,W5_M63,0.0594059405940594
W5_M18,W5_M64,0.019801980198019802
W5_M18,W5_M65,0.019801980198019802
W5_M18,W5_M66,0.039603960396039604
W5_M18,W5_M67,0.039603960396039604
W5_M18,W5_M68,0.039603960396039604
W5_M18,W5_M69,0.019801980198019802
W5_M18,W5_M70,0.039603960396039604
W5_M18,W5_M71,0.019801980198019802
W5_M18,W5_M72,0.019801980198019802
W5_M18,W5_M73,0.019801980198019802
W5_M18,W5_M74,0.019801980198019802
W5_M18,W5_M75,0.019801980198019802
W5_M18,W5_M76,0.019801980198019802
W5_M18,W5_M77,0.019801980198019802
W5_M18,W5_M78,0.019801980198019802
W5_M18,W5_M79,0.019801980198019802
W5_M18,W5_M80,0.019801980198019802
W5_M18,W5_M81,0.019801980198019802
W5_M18,W5_M82,0.019801980198019802
W5_M18,W5_M83,0.019801980198019802
W5_M18,W5_M84,0.019801980198019802
W5_M18,W5_M85,0.019801980198019802
W5_M18,W5_M86,0.019801980198019802
W5_M18,W5_M87,0.019801980198019802
W5_M18,W5_M88,0.019801980198019802
W5_M18,W5_M89,0.019801980198019802
W5_M18,W5_M90,0.019801980198019802
W5_M18,W5_M91,0.019801980198019802
W5_M18,W5_M92,0.019801980198019802
W5_M18,W5_M93,0.019801980198019802
W5_M18,W5_M94,0.019801980198019802
W5_M19,W5_M20,0.9504950495049505
W5_M19,W5_M21,1.00990099009901
W5_M19,W5_M22,0.8712871287128713
W5_M19,W5_M23,0.8514851485148515
W5_M19,W5_M24,0.8316831683168316
W5_M19,W5_M25,0.9702970297029703
W5_M19,W5_M26,0.8910891089108911
W5_M19,W5_M27,0.9702970297029703
W5_M19,W5_M28,0.7326732673267327
W5_M19,W5_M29,0.7326732673267327
W5_M19,W5_M30,0.7920792079207921
W5_M19,W5_M31,0.6138613861386139
W5_M19,W5_M32,0.5742574257425742
W5_M19,W5_M33,0.2376237623762376
W5_M19,W5_M34,0.37623762376237624
W5_M19,W5_M35,0.8316831683168316
W5_M19,W5_M36,0.7524752475247525
W5_M19,W5_M37,0.6732673267326733
W5_M19,W5_M38,0.49504950495049505
W5_M19,W5_M39,0.37623762376237624
W5_M19,W5_M40,0.37623762376237624
W5_M19,W5_M41,0.25742574257425743
W5_M19,W5_M42,0.33663366336633666
W5_M19,W5_M43,0.4158415841584158
W5_M19,W5_M44,0.3564356435643564
W5_M19,W5_M45,0.3564356435643564
W5_M19,W5_M46,0.37623762376237624
W5_M19,W5_M47,0.45544554455445546
W5_M19,W5_M48,0.43564356435643564
W5_M19,W5_M49,0.3564356435643564
W5_M19,W5_M50,0.33663366336633666
W5_M19,W5_M51,0.13861386138613863
W5_M19,W5_M52,0.21782178217821782
W5_M19,W5_M53,0.21782178217821782
W5_M19,W5_M54,0.19801980198019803
W5_M19,W5_M55,0.0594059405940594
W5_M19,W5_M56,0.07920792079207921
W5_M19,W5_M57,0.07920792079207921
W5_M19,W5_M58,0.019801980198019802
W5_M19,W5_M59,0.019801980198019802
W5_M19,W5_M60,0.019801980198019802
W5_M19,W5_M61,0.0594059405940594
W5_M19,W5_M62,0.07920792079207921
W5_M19,W5_M63,0.09900990099009901
W5_M19,W5_M64,0.019801980198019802
W5_M19,W5_M65,0.0594059405940594
W5_M19,W5_M66,0.019801980198019802
W5_M19,W5_M67,0.0594059405940594
W5_M19,W5_M68,0.019801980198019802
W5_M19,W5_M69,0.039603960396039604
W5_M19,W5_M70,0.0594059405940594
W5_M19,W5_M71,0.019801980198019802
W5_M19,W5_M72,0.019801980198019802
W5_M19,W5_M73,0.019801980198019802
W5_M19,W5_M74,0.019801980198019802
W5_M19,W5_M75,0.019801980198019802
W5_M19,W5_M76,0.019801980198019802
W5_M19,W5_M77,0.019801980198019802
W5_M19,W5_M78,0.019801980198019802
W5_M19,W5_M79,0.019801980198019802
W5_M19,W5_M80,0.019801980198019802
W5_M19,W5_M81,0.019801980198019802
W5_M19,W5_M82,0.019801980198019802
W5_M19,W5_M83,0.019801980198019802
W5_M19,W5_M84,0.019801980198019802
W5_M19,W5_M85,0.019801980198019802
W5_M19,W5_M86,0.019801980198019802
W5_M19,W5_M87,0.019801980198019802
W5_M19,W5_M88,0.019801980198019802
W5_M19,W5_M89,0.019801980198019802
W5_M19,W5_M90,0.019801980198019802
W5_M19,W5_M91,0.019801980198019802
W5_M19,W5_M92,0.019801980198019802
W5_M19,W5_M93,0.019801980198019802
W5_M19,W5_M94,0.019801980198019802
W5_M20,W5_M21,0.9900990099009901
W5_M20,W5_M22,0.7326732673267327
W5_M20,W5_M23,0.8118811881188119
W5_M20,W5_M24,0.39603960396039606
W5_M20,W5_M25,0.8910891089108911
W5_M20,W5_M26,0.9108910891089109
W5_M20,W5_M27,0.7920792079207921
W5_M20,W5_M28,0.6534653465346535
W5_M20,W5_M29,0.693069306930693
W5_M20,W5_M30,0.6336633663366337
W5_M20,W5_M31,0.45544554455445546
W5_M20,W5_M32,0.5742574257425742
W5_M20,W5_M33,0.25742574257425743
W5_M20,W5_M34,0.1782178217821782
W5_M20,W5_M35,0.6534653465346535
W5_M20,W5_M36,0.5148514851485149
W5_M20,W5_M37,0.6336633663366337
W5_M20,W5_M38,0.45544554455445546
W5_M20,W5_M39,0.33663366336633666
W5_M20,W5_M40,0.297029702970297
W5_M20,W5_M41,0.15841584158415842
W5_M20,W5_M42,0.297029702970297
W5_M20,W5_M43,0.27722772277227725
W5_M20,W5_M44,0.2376237623762376
W5_M20,W5_M45,0.13861386138613863
W5_M20,W5_M46,0.19801980198019803
W5_M20,W5_M47,0.09900990099009901
W5_M20,W5_M48,0.37623762376237624
W5_M20,W5_M49,0.19801980198019803
W5_M20,W5_M50,0.0594059405940594
W5_M20,W5_M51,0.25742574257425743
W5_M20,W5_M52,0.1188118811881188
W5_M20,W5_M53,0.09900990099009901
W5_M20,W5_M54,0.13861386138613863
W5_M20,W5_M55,0.09900990099009901
W5_M20,W5_M56,0.07920792079207921
W5_M20,W5_M57,0.0594059405940594
W5_M20,W5_M58,0.039603960396039604
W5_M20,W5_M59,0.039603960396039604
W5_M20,W5_M60,0.07920792079207921
W5_M20,W5_M61,0.0594059405940594
W5_M20,W5_M62,0.019801980198019802
W5_M20,W5_M63,0.039603960396039604
W5_M20,W5_M64,0.039603960396039604
W5_M20,W5_M65,0.019801980198019802
W5_M20,W5_M66,0.039603960396039604
W5_M20,W5_M67,0.019801980198019802
W5_M20,W5_M68,0.0594059405940594
W5_M20,W5_M69,0.019801980198019802
W5_M20,W5_M70,0.039603960396039604
W5_M20,W5_M71,0.039603960396039604
W5_M20,W5_M72,0.019801980198019802
W5_M20,W5_M73,0.019801980198019802
W5_M20,W5_M74,0.019801980198019802
W5_M20,W5_M75,0.019801980198019802
W5_M20,W5_M76,0.019801980198019802
W5_M20,W5_M77,0.019801980198019802
W5_M20,W5_M78,0.019801980198019802
W5_M20,W5_M79,0.019801980198019802
W5_M20,W5_M80,0.019801980198019802
W5_M20,W5_M81,0.019801980198019802
W5_M20,W5_M82,0.019801980198019802
W5_M20,W5_M83,0.019801980198019802
W5_M20,W5_M84,0.019801980198019802
W5_M20,W5_M85,0.019801980198019802
W5_M20,W5_M86,0.019801980198019802
W5_M20,W5_M87,0.019801980198019802
W5_M20,W5_M88,0.019801980198019802
W5_M20,W5_M89,0.019801980198019802
W5_M20,W5_M90,0.019801980198019802
W5_M20,W5_M91,0.019801980198019802
W5_M20,W5_M92,0.019801980198019802
W5_M20,W5_M93,0.019801980198019802
W5_M20,W5_M94,0.019801980198019802
W5_M21,W5_M22,0.9900990099009901
W5_M21,W5_M23,0.9702970297029703
W5_M21,W5_M24,0.9900990099009901
W5_M21,W5_M25,0.9504950495049505
W5_M21,W5_M26,0.8910891089108911
W5_M21,W5_M27,0.9306930693069307
W5_M21,W5_M28,0.8910891089108911
W5_M21,W5_M29,0.9504950495049505
W5_M21,W5_M30,0.8514851485148515
W5_M21,W5_M31,0.693069306930693
W5_M21,W5_M32,0.7524752475247525
W5_M21,W5_M33,0.5544554455445545
W5_M21,W5_M34,0.7722772277227723
W5_M21,W5_M35,0.7326732673267327
W5_M21,W5_M36,0.7524752475247525
W5_M21,W5_M37,0.6138613861386139
W5_M21,W5_M38,0.6336633663366337
W5_M21,W5_M39,0.5346534653465347
W5_M21,W5_M40,0.6138613861386139
W5_M21,W5_M41,0.43564356435643564
W5_M21,W5_M42,0.49504950495049505
W5_M21,W5_M43,0.5148514851485149
W5_M21,W5_M44,0.4158415841584158
W5_M21,W5_M45,0.4158415841584158
W5_M21,W5_M46,0.39603960396039606
W5_M21,W5_M47,0.45544554455445546
W5_M21,W5_M48,0.5742574257425742
W5_M21,W5_M49,0.39603960396039606
W5_M21,W5_M50,0.45544554455445546
W5_M21,W5_M51,0.39603960396039606
W5_M21,W5_M52,0.39603960396039606
W5_M21,W5_M53,0.13861386138613863
W5_M21,W5_M54,0.27722772277227725
W5_M21,W5_M55,0.09900990099009901
W5_M21,W5_M56,0.039603960396039604
W5_M21,W5_M57,0.07920792079207921
W5_M21,W5_M58,0.07920792079207921
W5_M21,W5_M59,0.0594059405940594
W5_M21,W5_M60,0.09900990099009901
W5_M21,W5_M61,0.1188118811881188
W5_M21,W5_M62,0.09900990099009901
W5_M21,W5_M63,0.039603960396039604
W5_M21,W5_M64,0.019801980198019802
W5_M21,W5_M65,0.09900990099009901
W5_M21,W5_M66,0.039603960396039604
W5_M21,W5_M67,0.019801980198019802
W5_M21,W5_M68,0.039603960396039604
W5_M21,W5_M69,0.019801980198019802
W5_M21,W5_M70,0.07920792079207921
W5_M21,W5_M71,0.019801980198019802
W5_M21,W5_M72,0.019801980198019802
W5_M21,W5_M73,0.019801980198019802
W5_M21,W5_M74,0.019801980198019802
W5_M21,W5_M75,0.019801980198019802
W5_M21,W5_M76,0.019801980198019802
W5_M21,W5_M77,0.019801980198019802
W5_M21,W5_M78,0.019801980198019802
W5_M21,W5_M79,0.019801980198019802
W5_M21,W5_M80,0.019801980198019802
W5_M21,W5_M81,0.019801980198019802
W5_M21,W5_M82,0.019801980198019802
W5_M21,W5_M83,0.019801980198019802
W5_M21,W5_M84,0.019801980198019802
W5_M21,W5_M85,0.019801980198019802
W5_M21,W5_M86,0.019801980198019802
W5_M21,W5_M87,0.019801980198019802
W5_M21,W5_M88,0.019801980198019802
W5_M21,W5_M89,0.019801980198019802
W5_M21,W5_M90,0.019801980198019802
W5_M21,W5_M91,0.019801980198019802
W5_M21,W5_M92,0.019801980198019802
W5_M21,W5_M93,0.019801980198019802
W5_M21,W5_M94,0.019801980198019802
W5_M22,W5_M23,0.9504950495049505
W5_M22,W5_M24,0.9504950495049505
W5_M22,W5_M25,1.00990099009901
W5_M22,W5_M26,0.9900990099009901
W5_M22,W5_M27,0.9504950495049505
W5_M22,W5_M28,0.8514851485148515
W5_M22,W5_M29,0.8514851485148515
W5_M22,W5_M30,0.8910891089108911
W5_M22,W5_M31,0.6732673267326733
W5_M22,W5_M32,0.49504950495049505
W5_M22,W5_M33,0.33663366336633666
W5_M22,W5_M34,0.43564356435643564
W5_M22,W5_M35,0.6336633663366337
W5_M22,W5_M36,0.6336633663366337
W5_M22,W5_M37,0.5742574257425742
W5_M22,W5_M38,0.4158415841584158
W5_M22,W5_M39,0.4752475247524752
W5_M22,W5_M40,0.5742574257425742
W5_M22,W5_M41,0.4158415841584158
W5_M22,W5_M42,0.5544554455445545
W5_M22,W5_M43,0.4158415841584158
W5_M22,W5_M44,0.3564356435643564
W5_M22,W5_M45,0.43564356435643564
W5_M22,W5_M46,0.07920792079207921
W5_M22,W5_M47,0.1782178217821782
W5_M22,W5_M48,0.5544554455445545
W5_M22,W5_M49,0.21782178217821782
W5_M22,W5_M50,0.1782178217821782
W5_M22,W5_M51,0.37623762376237624
W5_M22,W5_M52,0.13861386138613863
W5_M22,W5_M53,0.07920792079207921
W5_M22,W5_M54,0.1188118811881188
W5_M22,W5_M55,0.0594059405940594
W5_M22,W5_M56,0.07920792079207921
W5_M22,W5_M57,0.0594059405940594
W5_M22,W5_M58,0.019801980198019802
W5_M22,W5_M59,0.0594059405940594
W5_M22,W5_M60,0.0594059405940594
W5_M22,W5_M61,0.019801980198019802
W5_M22,W5_M62,0.019801980198019802
W5_M22,W5_M63,0.0594059405940594
W5_M22,W5_M64,0.019801980198019802
W5_M22,W5_M65,0.0594059405940594
W5_M22,W5_M66,0.0594059405940594
W5_M22,W5_M67,0.019801980198019802
W5_M22,W5_M68,0.019801980198019802
W5_M22,W5_M69,0.019801980198019802
W5_M22,W5_M70,0.0594059405940594
W5_M22,W5_M71,0.019801980198019802
W5_M22,W5_M72,0.019801980198019802
W5_M22,W5_M73,0.019801980198019802
W5_M22,W5_M74,0.019801980198019802
W5_M22,W5_M75,0.019801980198019802
W5_M22,W5_M76,0.019801980198019802
W5_M22,W5_M77,0.019801980198019802
W5_M22,W5_M78,0.019801980198019802
W5_M22,W5_M79,0.019801980198019802
W5_M22,W5_M80,0.019801980198019802
W5_M22,W5_M81,0.019801980198019802
W5_M22,W5_M82,0.019801980198019802
W5_M22,W5_M83,0.019801980198019802
W5_M22,W5_M84,0.019801980198019802
W5_M22,W5_M85,0.019801980198019802
W5_M22,W5_M86,0.019801980198019802
W5_M22,W5_M87,0.019801980198019802
W5_M22,W5_M88,0.019801980198019802
W5_M22,W5_M89,0.019801980198019802
W5_M22,W5_M90,0.019801980198019802
W5_M22,W5_M91,0.019801980198019802
W5_M22,W5_M92,0.019801980198019802
W5_M22,W5_M93,0.019801980198019802
W5_M22,W5_M94,0.019801980198019802
W5_M23,W5_M24,0.8118811881188119
W5_M23,W5_M25,0.9504950495049505
W5_M23,W5_M26,0.9504950495049505
W5_M23,W5_M27,0.9900990099009901
W5_M23,W5_M28,0.7920792079207921
W5_M23,W5_M29,0.8514851485148515
W5_M23,W5_M30,0.7524752475247525
W5_M23,W5_M31,0.6732673267326733
W5_M23,W5_M32,0.4752475247524752
W5_M23,W5_M33,0.594059405940594
W5_M23,W5_M34,0.3564356435643564
W5_M23,W5_M35,0.6138613861386139
W5_M23,W5_M36,0.5742574257425742
W5_M23,W5_M37,0.6336633663366337
W5_M23,W5_M38,0.5148514851485149
W5_M23,W5_M39,0.5148514851485149
W5_M23,W5_M40,0.45544554455445546
W5_M23,W5_M41,0.43564356435643564
W5_M23,W5_M42,0.6138613861386139
W5_M23,W5_M43,0.4752475247524752
W5_M23,W5_M44,0.39603960396039606
W5_M23,W5_M45,0.13861386138613863
W5_M23,W5_M46,0.27722772277227725
W5_M23,W5_M47,0.19801980198019803
W5_M23,W5_M48,0.5544554455445545
W5_M23,W5_M49,0.19801980198019803
W5_M23,W5_M50,0.039603960396039604
W5_M23,W5_M51,0.25742574257425743
W5_M23,W5_M52,0.1188118811881188
W5_M23,W5_M53,0.1188118811881188
W5_M23,W5_M54,0.1188118811881188
W5_M23,W5_M55,0.0594059405940594
W5_M23,W5_M56,0.07920792079207921
W5_M23,W5_M57,0.07920792079207921
W5_M23,W5_M58,0.09900990099009901
W5_M23,W5_M59,0.0594059405940594
W5_M23,W5_M60,0.0594059405940594
W5_M23,W5_M61,0.039603960396039604
W5_M23,W5_M62,0.019801980198019802
W5_M23,W5_M63,0.039603960396039604
W5_M23,W5_M64,0.039603960396039604
W5_M23,W5_M65,0.0594059405940594
W5_M23,W5_M66,0.0594059405940594
W5_M23,W5_M67,0.019801980198019802
W5_M23,W5_M68,0.019801980198019802
W5_M23,W5_M69,0.019801980198019802
W5_M23,W5_M70,0.039603960396039604
W5_M23,W5_M71,0.039603960396039604
W5_M23,W5_M72,0.019801980198019802
W5_M23,W5_M73,0.019801980198019802
W5_M23,W5_M74,0.019801980198019802
W5_M23,W5_M75,0.019801980198019802
W5_M23,W5_M76,0.019801980198019802
W5_M23,W5_M77,0.019801980198019802
W5_M23,W5_M78,0.019801980198019802
W5_M23,W5_M79,0.019801980198019802
W5_M23,W5_M80,0.019801980198019802
W5_M23,W5_M81,0.019801980198019802
W5_M23,W5_M82,0.019801980198019802
W5_M23,W5_M83,0.019801980198019802
W5_M23,W5_M84,0.019801980198019802
W5_M23,W5_M85,0.019801980198019802
W5_M23,W5_M86,0.019801980198019802
W5_M23,W5_M87,0.019801980198019802
W5_M23,W5_M88,0.019801980198019802
W5_M23,W5_M89,0.019801980198019802
W5_M23,W5_M90,0.019801980198019802
W5_M23,W5_M91,0.019801980198019802
W5_M23,W5_M92,0.019801980198019802
W5_M23,W5_M93,0.019801980198019802
W5_M23,W5_M94,0.019801980198019802
W5_M24,W5_M25,0.9504950495049505
W5_M24,W5_M26,0.9504950495049505
W5_M24,W5_M27,0.9108910891089109
W5_M24,W5_M28,0.8514851485148515
W5_M24,W5_M29,0.8118811881188119
W5_M24,W5_M30,0.8712871287128713
W5_M24,W5_M31,0.5148514851485149
W5_M24,W5_M32,0.5346534653465347
W5_M24,W5_M33,0.1188118811881188
W5_M24,W5_M34,0.07920792079207921
W5_M24,W5_M35,0.7326732673267327
W5_M24,W5_M36,0.6732673267326733
W5_M24,W5_M37,0.6732673267326733
W5_M24,W5_M38,0.594059405940594
W5_M24,W5_M39,0.297029702970297
W5_M24,W5_M40,0.27722772277227725
W5_M24,W5_M41,0.25742574257425743
W5_M24,W5_M42,0.27722772277227725
W5_M24,W5_M43,0.3564356435643564
W5_M24,W5_M44,0.4158415841584158
W5_M24,W5_M45,0.31683168316831684
W5_M24,W5_M46,0.297029702970297
W5_M24,W5_M47,0.31683168316831684
W5_M24,W5_M48,0.5544554455445545
W5_M24,W5_M49,0.37623762376237624
W5_M24,W5_M50,0.1782178217821782
W5_M24,W5_M51,0.07920792079207921
W5_M24,W5_M52,0.13861386138613863
W5_M24,W5_M53,0.0594059405940594
W5_M24,W5_M54,0.09900990099009901
W5_M24,W5_M55,0.019801980198019802
W5_M24,W5_M56,0.0594059405940594
W5_M24,W5_M57,0.1188118811881188
W5_M24,W5_M58,0.039603960396039604
W5_M24,W5_M59,0.019801980198019802
W5_M24,W5_M60,0.039603960396039604
W5_M24,W5_M61,0.07920792079207921
W5_M24,W5_M62,0.019801980198019802
W5_M24,W5_M63,0.019801980198019802
W5_M24,W5_M64,0.019801980198019802
W5_M24,W5_M65,0.019801980198019802
W5_M24,W5_M66,0.019801980198019802
W5_M24,W5_M67,0.039603960396039604
W5_M24,W5_M68,0.039603960396039604
W5_M24,W5_M69,0.019801980198019802
W5_M24,W5_M70,0.019801980198019802
W5_M24,W5_M71,0.019801980198019802
W5_M24,W5_M72,0.019801980198019802
W5_M24,W5_M73,0.039603960396039604
W5_M24,W5_M74,0.019801980198019802
W5_M24,W5_M75,0.019801980198019802
W5_M24,W5_M76,0.019801980198019802
W5_M24,W5_M77,0.019801980198019802
W5_M24,W5_M78,0.019801980198019802
W5_M24,W5_M79,0.019801980198019802
W5_M24,W5_M80,0.019801980198019802
W5_M24,W5_M81,0.019801980198019802
W5_M24,W5_M82,0.019801980198019802
W5_M24,W5_M83,0.019801980198019802
W5_M24,W5_M84,0.019801980198019802
W5_M24,W5_M85,0.019801980198019802
W5_M24,W5_M86,0.019801980198019802
W5_M24,W5_M87,0.019801980198019802
W5_M24,W5_M88,0.019801980198019802
W5_M24,W5_M89,0.019801980198019802
W5_M24,W5_M90,0.019801980198019802
W5_M24,W5_M91,0.019801980198019802
W5_M24,W5_M92,0.019801980198019802
W5_M24,W5_M93,0.019801980198019802
W5_M24,W5_M94,0.019801980198019802
W5_M25,W5_M26,0.9306930693069307
W5_M25,W5_M27,0.7920792079207921
W5_M25,W5_M28,0.9108910891089109
W5_M25,W5_M29,0.45544554455445546
W5_M25,W5_M30,0.9108910891089109
W5_M25,W5_M31,0.693069306930693
W5_M25,W5_M32,0.37623762376237624
W5_M25,W5_M33,0.6138613861386139
W5_M25,W5_M34,0.5346534653465347
W5_M25,W5_M35,0.5148514851485149
W5_M25,W5_M36,0.5742574257425742
W5_M25,W5_M37,0.33663366336633666
W5_M25,W5_M38,0.43564356435643564
W5_M25,W5_M39,0.5742574257425742
W5_M25,W5_M40,0.693069306930693
W5_M25,W5_M41,0.594059405940594
W5_M25,W5_M42,0.5148514851485149
W5_M25,W5_M43,0.37623762376237624
W5_M25,W5_M44,0.13861386138613863
W5_M25,W5_M45,0.13861386138613863
W5_M25,W5_M46,0.09900990099009901
W5_M25,W5_M47,0.1188118811881188
W5_M25,W5_M48,0.4752475247524752
W5_M25,W5_M49,0.31683168316831684
W5_M25,W5_M50,0.0594059405940594
W5_M25,W5_M51,0.09900990099009901
W5_M25,W5_M52,0.15841584158415842
W5_M25,W5_M53,0.0594059405940594
W5_M25,W5_M54,0.039603960396039604
W5_M25,W5_M55,0.09900990099009901
W5_M25,W5_M56,0.09900990099009901
W5_M25,W5_M57,0.09900990099009901
W5_M25,W5_M58,0.0594059405940594
W5_M25,W5_M59,0.0594059405940594
W5_M25,W5_M60,0.019801980198019802
W5_M25,W5_M61,0.019801980198019802
W5_M25,W5_M62,0.019801980198019802
W5_M25,W5_M63,0.019801980198019802
W5_M25,W5_M64,0.039603960396039604
W5_M25,W5_M65,0.039603960396039604
W5_M25,W5_M66,0.0594059405940594
W5_M25,W5_M67,0.019801980198019802
W5_M25,W5_M68,0.019801980198019802
W5_M25,W5_M69,0.019801980198019802
W5_M25,W5_M70,0.039603960396039604
W5_M25,W5_M71,0.039603960396039604
W5_M25,W5_M72,0.039603960396039604
W5_M25,W5_M73,0.019801980198019802
W5_M25,W5_M74,0.019801980198019802
W5_M25,W5_M75,0.019801980198019802
W5_M25,W5_M76,0.019801980198019802
W5_M25,W5_M77,0.019801980198019802
W5_M25,W5_M78,0.019801980198019802
W5_M25,W5_M79,0.019801980198019802
W5_M25,W5_M80,0.019801980198019802
W5_M25,W5_M81,0.019801980198019802
W5_M25,W5_M82,0.019801980198019802
W5_M25,W5_M83,0.019801980198019802
W5_M25,W5_M84,0.019801980198019802
W5_M25,W5_M85,0.019801980198019802
W5_M25,W5_M86,0.019801980198019802
W5_M25,W5_M87,0.019801980198019802
W5_M25,W5_M88,0.019801980198019802
W5_M25,W5_M89,0.019801980198019802
W5_M25,W5_M90,0.019801980198019802
W5_M25,W5_M91,0.019801980198019802
W5_M25,W5_M92,0.019801980198019802
W5_M25,W5_M93,0.019801980198019802
W5_M25,W5_M94,0.019801980198019802
W5_M26,W5_M27,0.7524752475247525
W5_M26,W5_M28,0.8712871287128713
W5_M26,W5_M29,0.8910891089108911
W5_M26,W5_M30,0.7524752475247525
W5_M26,W5_M31,0.594059405940594
W5_M26,W5_M32,0.6534653465346535
W5_M26,W5_M33,0.43564356435643564
W5_M26,W5_M34,0.4158415841584158
W5_M26,W5_M35,0.4158415841584158
W5_M26,W5_M36,0.7326732673267327
W5_M26,W5_M37,0.693069306930693
W5_M26,W5_M38,0.594059405940594
W5_M26,W5_M39,0.37623762376237624
W5_M26,W5_M40,0.2376237623762376
W5_M26,W5_M41,0.45544554455445546
W5_M26,W5_M42,0.19801980198019803
W5_M26,W5_M43,0.5544554455445545
W5_M26,W5_M44,0.594059405940594
W5_M26,W5_M45,0.5742574257425742
W5_M26,W5_M46,0.5544554455445545
W5_M26,W5_M47,0.31683168316831684
W5_M26,W5_M48,0.45544554455445546
W5_M26,W5_M49,0.25742574257425743
W5_M26,W5_M50,0.3564356435643564
W5_M26,W5_M51,0.25742574257425743
W5_M26,W5_M52,0.1782178217821782
W5_M26,W5_M53,0.13861386138613863
W5_M26,W5_M54,0.1782178217821782
W5_M26,W5_M55,0.039603960396039604
W5_M26,W5_M56,0.019801980198019802
W5_M26,W5_M57,0.019801980198019802
W5_M26,W5_M58,0.07920792079207921
W5_M26,W5_M59,0.019801980198019802
W5_M26,W5_M60,0.039603960396039604
W5_M26,W5_M61,0.039603960396039604
W5_M26,W5_M62,0.019801980198019802
W5_M26,W5_M63,0.039603960396039604
W5_M26,W5_M64,0.019801980198019802
W5_M26,W5_M65,0.019801980198019802
W5_M26,W5_M66,0.07920792079207921
W5_M26,W5_M67,0.019801980198019802
W5_M26,W5_M68,0.019801980198019802
W5_M26,W5_M69,0.019801980198019802
W5_M26,W5_M70,0.039603960396039604
W5_M26,W5_M71,0.019801980198019802
W5_M26,W5_M72,0.019801980198019802
W5_M26,W5_M73,0.019801980198019802
W5_M26,W5_M74,0.019801980198019802
W5_M26,W5_M75,0.019801980198019802
W5_M26,W5_M76,0.019801980198019802
W5_M26,W5_M77,0.019801980198019802
W5_M26,W5_M78,0.019801980198019802
W5_M26,W5_M79,0.019801980198019802
W5_M26,W5_M80,0.019801980198019802
W5_M26,W5_M81,0.019801980198019802
W5_M26,W5_M82,0.019801980198019802
W5_M26,W5_M83,0.019801980198019802
W5_M26,W5_M84,0.019801980198019802
W5_M26,W5_M85,0.019801980198019802
W5_M26,W5_M86,0.019801980198019802
W5_M26,W5_M87,0.019801980198019802
W5_M26,W5_M88,0.019801980198019802
W5_M26,W5_M89,0.019801980198019802
W5_M26,W5_M90,0.019801980198019802
W5_M26,W5_M91,0.019801980198019802
W5_M26,W5_M92,0.019801980198019802
W5_M26,W5_M93,0.019801980198019802
W5_M26,W5_M94,0.019801980198019802
W5_M27,W5_M28,0.8316831683168316
W5_M27,W5_M29,0.7524752475247525
W5_M27,W5_M30,0.7524752475247525
W5_M27,W5_M31,0.8712871287128713
W5_M27,W5_M32,0.31683168316831684
W5_M27,W5_M33,0.693069306930693
W5_M27,W5_M34,0.5148514851485149
W5_M27,W5_M35,0.45544554455445546
W5_M27,W5_M36,0.39603960396039606
W5_M27,W5_M37,0.37623762376237624
W5_M27,W5_M38,0.5148514851485149
W5_M27,W5_M39,0.6534653465346535
W5_M27,W5_M40,0.6534653465346535
W5_M27,W5_M41,0.6534653465346535
W5_M27,W5_M42,0.594059405940594
W5_M27,W5_M43,0.3564356435643564
W5_M27,W5_M44,0.25742574257425743
W5_M27,W5_M45,0.07920792079207921
W5_M27,W5_M46,0.1188118811881188
W5_M27,W5_M47,0.0594059405940594
W5_M27,W5_M48,0.6138613861386139
W5_M27,W5_M49,0.37623762376237624
W5_M27,W5_M50,0.1188118811881188
W5_M27,W5_M51,0.27722772277227725
W5_M27,W5_M52,0.07920792079207921
W5_M27,W5_M53,0.039603960396039604
W5_M27,W5_M54,0.039603960396039604
W5_M27,W5_M55,0.0594059405940594
W5_M27,W5_M56,0.1188118811881188
W5_M27,W5_M57,0.09900990099009901
W5_M27,W5_M58,0.0594059405940594
W5_M27,W5_M59,0.09900990099009901
W5_M27,W5_M60,0.07920792079207921
W5_M27,W5_M61,0.039603960396039604
W5_M27,W5_M62,0.019801980198019802
W5_M27,W5_M63,0.019801980198019802
W5_M27,W5_M64,0.039603960396039604
W5_M27,W5_M65,0.019801980198019802
W5_M27,W5_M66,0.019801980198019802
W5_M27,W5_M67,0.039603960396039604
W5_M27,W5_M68,0.0594059405940594
W5_M27,W5_M69,0.019801980198019802
W5_M27,W5_M70,0.019801980198019802
W5_M27,W5_M71,0.019801980198019802
W5_M27,W5_M72,0.019801980198019802
W5_M27,W5_M73,0.019801980198019802
W5_M27,W5_M74,0.019801980198019802
W5_M27,W5_M75,0.019801980198019802
W5_M27,W5_M76,0.019801980198019802
W5_M27,W5_M77,0.019801980198019802
W5_M27,W5_M78,0.019801980198019802
W5_M27,W5_M79,0.019801980198019802
W5_M27,W5_M80,0.019801980198019802
W5_M27,W5_M81,0.019801980198019802
W5_M27,W5_M82,0.019801980198019802
W5_M27,W5_M83,0.019801980198019802
W5_M27,W5_M84,0.019801980198019802
W5_M27,W5_M85,0.019801980198019802
W5_M27,W5_M86,0.019801980198019802
W5_M27,W5_M87,0.019801980198019802
W5_M27,W5_M88,0.019801980198019802
W5_M27,W5_M89,0.019801980198019802
W5_M27,W5_M90,0.019801980198019802
W5_M27,W5_M91,0.019801980198019802
W5_M27,W5_M92,0.019801980198019802
W5_M27,W5_M93,0.019801980198019802
W5_M27,W5_M94,0.019801980198019802
W5_M28,W5_M29,0.7326732673267327
W5_M28,W5_M30,0.9900990099009901
W5_M28,W5_M31,0.3564356435643564
W5_M28,W5_M32,0.7326732673267327
W5_M28,W5_M33,0.1782178217821782
W5_M28,W5_M34,0.2376237623762376
W5_M28,W5_M35,0.5346534653465347
W5_M28,W5_M36,0.8712871287128713
W5_M28,W5_M37,0.8514851485148515
W5_M28,W5_M38,0.6732673267326733
W5_M28,W5_M39,0.0594059405940594
W5_M28,W5_M40,0.039603960396039604
W5_M28,W5_M41,0.07920792079207921
W5_M28,W5_M42,0.0594059405940594
W5_M28,W5_M43,0.31683168316831684
W5_M28,W5_M44,0.6138613861386139
W5_M28,W5_M45,0.27722772277227725
W5_M28,W5_M46,0.33663366336633666
W5_M28,W5_M47,0.3564356435643564
W5_M28,W5_M48,0.6534653465346535
W5_M28,W5_M49,0.21782178217821782
W5_M28,W5_M50,0.297029702970297
W5_M28,W5_M51,0.19801980198019803
W5_M28,W5_M52,0.1188118811881188
W5_M28,W5_M53,0.21782178217821782
W5_M28,W5_M54,0.07920792079207921
W5_M28,W5_M55,0.039603960396039604
W5_M28,W5_M56,0.019801980198019802
W5_M28,W5_M57,0.039603960396039604
W5_M28,W5_M58,0.039603960396039604
W5_M28,W5_M59,0.0594059405940594
W5_M28,W5_M60,0.019801980198019802
W5_M28,W5_M61,0.039603960396039604
W5_M28,W5_M62,0.0594059405940594
W5_M28,W5_M63,0.07920792079207921
W5_M28,W5_M64,0.019801980198019802
W5_M28,W5_M65,0.019801980198019802
W5_M28,W5_M66,0.0594059405940594
W5_M28,W5_M67,0.019801980198019802
W5_M28,W5_M68,0.0594059405940594
W5_M28,W5_M69,0.019801980198019802
W5_M28,W5_M70,0.019801980198019802
W5_M28,W5_M71,0.019801980198019802
W5_M28,W5_M72,0.019801980198019802
W5_M28,W5_M73,0.019801980198019802
W5_M28,W5_M74,0.019801980198019802
W5_M28,W5_M75,0.019801980198019802
W5_M28,W5_M76,0.019801980198019802
W5_M28,W5_M77,0.019801980198019802
W5_M28,W5_M78,0.019801980198019802
W5_M28,W5_M79,0.019801980198019802
W5_M28,W5_M80,0.019801980198019802
W5_M28,W5_M81,0.019801980198019802
W5_M28,W5_M82,0.019801980198019802
W5_M28,W5_M83,0.019801980198019802
W5_M28,W5_M84,0.019801980198019802
W5_M28,W5_M85,0.019801980198019802
W5_M28,W5_M86,0.019801980198019802
W5_M28,W5_M87,0.019801980198019802
W5_M28,W5_M88,0.019801980198019802
W5_M28,W5_M89,0.019801980198019802
W5_M28,W5_M90,0.019801980198019802
W5_M28,W5_M91,0.019801980198019802
W5_M28,W5_M92,0.019801980198019802
W5_M28,W5_M93,0.019801980198019802
W5_M28,W5_M94,0.019801980198019802
W5_M29,W5_M30,0.8910891089108911
W5_M29,W5_M31,0.8118811881188119
W5_M29,W5_M32,0.8712871287128713
W5_M29,W5_M33,0.8910891089108911
W5_M29,W5_M34,0.7722772277227723
W5_M29,W5_M35,0.37623762376237624
W5_M29,W5_M36,0.7722772277227723
W5_M29,W5_M37,0.9306930693069307
W5_M29,W5_M38,0.5346534653465347
W5_M29,W5_M39,0.7722772277227723
W5_M29,W5_M40,0.8514851485148515
W5_M29,W5_M41,0.6534653465346535
W5_M29,W5_M42,0.7524752475247525
W5_M29,W5_M43,0.49504950495049505
W5_M29,W5_M44,0.45544554455445546
W5_M29,W5_M45,0.25742574257425743
W5_M29,W5_M46,0.297029702970297
W5_M29,W5_M47,0.33663366336633666
W5_M29,W5_M48,0.5544554455445545
W5_M29,W5_M49,0.2376237623762376
W5_M29,W5_M50,0.19801980198019803
W5_M29,W5_M51,0.43564356435643564
W5_M29,W5_M52,0.27722772277227725
W5_M29,W5_M53,0.039603960396039604
W5_M29,W5_M54,0.09900990099009901
W5_M29,W5_M55,0.07920792079207921
W5_M29,W5_M56,0.09900990099009901
W5_M29,W5_M57,0.0594059405940594
W5_M29,W5_M58,0.039603960396039604
W5_M29,W5_M59,0.039603960396039604
W5_M29,W5_M60,0.09900990099009901
W5_M29,W5_M61,0.07920792079207921
W5_M29,W5_M62,0.0594059405940594
W5_M29,W5_M63,0.039603960396039604
W5_M29,W5_M64,0.019801980198019802
W5_M29,W5_M65,0.1188118811881188
W5_M29,W5_M66,0.09900990099009901
W5_M29,W5_M67,0.019801980198019802
W5_M29,W5_M68,0.0594059405940594
W5_M29,W5_M69,0.019801980198019802
W5_M29,W5_M70,0.039603960396039604
W5_M29,W5_M71,0.019801980198019802
W5_M29,W5_M72,0.019801980198019802
W5_M29,W5_M73,0.019801980198019802
W5_M29,W5_M74,0.019801980198019802
W5_M29,W5_M75,0.019801980198019802
W5_M29,W5_M76,0.019801980198019802
W5_M29,W5_M77,0.039603960396039604
W5_M29,W5_M78,0.019801980198019802
W5_M29,W5_M79,0.019801980198019802
W5_M29,W5_M80,0.019801980198019802
W5_M29,W5_M81,0.019801980198019802
W5_M29,W5_M82,0.019801980198019802
W5_M29,W5_M83,0.019801980198019802
W5_M29,W5_M84,0.019801980198019802
W5_M29,W5_M85,0.019801980198019802
W5_M29,W5_M86,0.019801980198019802
W5_M29,W5_M87,0.019801980198019802
W5_M29,W5_M88,0.019801980198019802
W5_M29,W5_M89,0.019801980198019802
W5_M29,W5_M90,0.019801980198019802
W5_M29,W5_M91,0.019801980198019802
W5_M29,W5_M92,0.019801980198019802
W5_M29,W5_M93,0.019801980198019802
W5_M29,W5_M94,0.019801980198019802
W5_M30,W5_M31,0.8514851485148515
W5_M30,W5_M32,0.693069306930693
W5_M30,W5_M33,0.8118811881188119
W5_M30,W5_M34,0.7326732673267327
W5_M30,W5_M35,0.4752475247524752
W5_M30,W5_M36,0.8118811881188119
W5_M30,W5_M37,0.7722772277227723
W5_M30,W5_M38,0.7524752475247525
W5_M30,W5_M39,0.8712871287128713
W5_M30,W5_M40,0.5742574257425742
W5_M30,W5_M41,0.6534653465346535
W5_M30,W5_M42,0.5148514851485149
W5_M30,W5_M43,0.7326732673267327
W5_M30,W5_M44,0.39603960396039606
W5_M30,W5_M45,0.5346534653465347
W5_M30,W5_M46,0.4752475247524752
W5_M30,W5_M47,0.4158415841584158
W5_M30,W5_M48,0.5742574257425742
W5_M30,W5_M49,0.31683168316831684
W5_M30,W5_M50,0.2376237623762376
W5_M30,W5_M51,0.45544554455445546
W5_M30,W5_M52,0.297029702970297
W5_M30,W5_M53,0.039603960396039604
W5_M30,W5_M54,0.1782178217821782
W5_M30,W5_M55,0.0594059405940594
W5_M30,W5_M56,0.1188118811881188
W5_M30,W5_M57,0.07920792079207921
W5_M30,W5_M58,0.0594059405940594
W5_M30,W5_M59,0.039603960396039604
W5_M30,W5_M60,0.07920792079207921
W5_M30,W5_M61,0.07920792079207921
W5_M30,W5_M62,0.0594059405940594
W5_M30,W5_M63,0.0594059405940594
W5_M30,W5_M64,0.019801980198019802
W5_M30,W5_M65,0.019801980198019802
W5_M30,W5_M66,0.0594059405940594
W5_M30,W5_M67,0.039603960396039604
W5_M30,W5_M68,0.039603960396039604
W5_M30,W5_M69,0.019801980198019802
W5_M30,W5_M70,0.039603960396039604
W5_M30,W5_M71,0.039603960396039604
W5_M30,W5_M72,0.019801980198019802
W5_M30,W5_M73,0.039603960396039604
W5_M30,W5_M74,0.019801980198019802
W5_M30,W5_M75,0.019801980198019802
W5_M30,W5_M76,0.019801980198019802
W5_M30,W5_M77,0.019801980198019802
W5_M30,W5_M78,0.019801980198019802
W5_M30,W5_M79,0.019801980198019802
W5_M30,W5_M80,0.019801980198019802
W5_M30,W5_M81,0.019801980198019802
W5_M30,W5_M82,0.019801980198019802
W5_M30,W5_M83,0.019801980198019802
W5_M30,W5_M84,0.019801980198019802
W5_M30,W5_M85,0.019801980198019802
W5_M30,W5_M86,0.019801980198019802
W5_M30,W5_M87,0.019801980198019802
W5_M30,W5_M88,0.019801980198019802
W5_M30,W5_M89,0.019801980198019802
W5_M30,W5_M90,0.019801980198019802
W5_M30,W5_M91,0.019801980198019802
W5_M30,W5_M92,0.019801980198019802
W5_M30,W5_M93,0.019801980198019802
W5_M30,W5_M94,0.019801980198019802
W5_M31,W5_M32,0.8514851485148515
W5_M31,W5_M33,0.9306930693069307
W5_M31,W5_M34,0.9108910891089109
W5_M31,W5_M35,0.43564356435643564
W5_M31,W5_M36,0.8712871287128713
W5_M31,W5_M37,0.9702970297029703
W5_M31,W5_M38,0.8910891089108911
W5_M31,W5_M39,0.5148514851485149
W5_M31,W5_M40,0.6732673267326733
W5_M31,W5_M41,0.6138613861386139
W5_M31,W5_M42,0.7722772277227723
W5_M31,W5_M43,0.7524752475247525
W5_M31,W5_M44,0.43564356435643564
W5_M31,W5_M45,0.39603960396039606
W5_M31,W5_M46,0.45544554455445546
W5_M31,W5_M47,0.5148514851485149
W5_M31,W5_M48,0.7326732673267327
W5_M31,W5_M49,0.33663366336633666
W5_M31,W5_M50,0.39603960396039606
W5_M31,W5_M51,0.43564356435643564
W5_M31,W5_M52,0.1188118811881188
W5_M31,W5_M53,0.21782178217821782
W5_M31,W5_M54,0.297029702970297
W5_M31,W5_M55,0.07920792079207921
W5_M31,W5_M56,0.039603960396039604
W5_M31,W5_M57,0.0594059405940594
W5_M31,W5_M58,0.039603960396039604
W5_M31,W5_M59,0.019801980198019802
W5_M31,W5_M60,0.039603960396039604
W5_M31,W5_M61,0.09900990099009901
W5_M31,W5_M62,0.09900990099009901
W5_M31,W5_M63,0.07920792079207921
W5_M31,W5_M64,0.0594059405940594
W5_M31,W5_M65,0.039603960396039604
W5_M31,W5_M66,0.0594059405940594
W5_M31,W5_M67,0.039603960396039604
W5_M31,W5_M68,0.019801980198019802
W5_M31,W5_M69,0.019801980198019802
W5_M31,W5_M70,0.039603960396039604
W5_M31,W5_M71,0.019801980198019802
W5_M31,W5_M72,0.039603960396039604
W5_M31,W5_M73,0.019801980198019802
W5_M31,W5_M74,0.019801980198019802
W5_M31,W5_M75,0.019801980198019802
W5_M31,W5_M76,0.019801980198019802
W5_M31,W5_M77,0.019801980198019802
W5_M31,W5_M78,0.019801980198019802
W5_M31,W5_M79,0.019801980198019802
W5_M31,W5_M80,0.019801980198019802
W5_M31,W5_M81,0.019801980198019802
W5_M31,W5_M82,0.019801980198019802
W5_M31,W5_M83,0.019801980198019802
W5_M31,W5_M84,0.019801980198019802
W5_M31,W5_M85,0.019801980198019802
W5_M31,W5_M86,0.019801980198019802
W5_M31,W5_M87,0.019801980198019802
W5_M31,W5_M88,0.019801980198019802
W5_M31,W5_M89,0.019801980198019802
W5_M31,W5_M90,0.019801980198019802
W5_M31,W5_M91,0.019801980198019802
W5_M31,W5_M92,0.019801980198019802
W5_M31,W5_M93,0.019801980198019802
W5_M31,W5_M94,0.019801980198019802
W5_M32,W5_M33,0.9900990099009901
W5_M32,W5_M34,0.9108910891089109
W5_M32,W5_M35,0.21782178217821782
W5_M32,W5_M36,0.6732673267326733
W5_M32,W5_M37,0.9900990099009901
W5_M32,W5_M38,0.8514851485148515
W5_M32,W5_M39,0.9702970297029703
W5_M32,W5_M40,0.8910891089108911
W5_M32,W5_M41,0.8514851485148515
W5_M32,W5_M42,0.9702970297029703
W5_M32,W5_M43,0.6336633663366337
W5_M32,W5_M44,0.43564356435643564
W5_M32,W5_M45,0.25742574257425743
W5_M32,W5_M46,0.25742574257425743
W5_M32,W5_M47,0.21782178217821782
W5_M32,W5_M48,0.594059405940594
W5_M32,W5_M49,0.5148514851485149
W5_M32,W5_M50,0.15841584158415842
W5_M32,W5_M51,0.45544554455445546
W5_M32,W5_M52,0.39603960396039606
W5_M32,W5_M53,0.1782178217821782
W5_M32,W5_M54,0.039603960396039604
W5_M32,W5_M55,0.07920792079207921
W5_M32,W5_M56,0.1188118811881188
W5_M32,W5_M57,0.0594059405940594
W5_M32,W5_M58,0.13861386138613863
W5_M32,W5_M59,0.09900990099009901
W5_M32,W5_M60,0.0594059405940594
W5_M32,W5_M61,0.019801980198019802
W5_M32,W5_M62,0.019801980198019802
W5_M32,W5_M63,0.039603960396039604
W5_M32,W5_M64,0.039603960396039604
W5_M32,W5_M65,0.019801980198019802
W5_M32,W5_M66,0.1188118811881188
W5_M32,W5_M67,0.0594059405940594
W5_M32,W5_M68,0.039603960396039604
W5_M32,W5_M69,0.019801980198019802
W5_M32,W5_M70,0.019801980198019802
W5_M32,W5_M71,0.019801980198019802
W5_M32,W5_M72,0.019801980198019802
W5_M32,W5_M73,0.019801980198019802
W5_M32,W5_M74,0.019801980198019802
W5_M32,W5_M75,0.019801980198019802
W5_M32,W5_M76,0.019801980198019802
W5_M32,W5_M77,0.019801980198019802
W5_M32,W5_M78,0.019801980198019802
W5_M32,W5_M79,0.019801980198019802
W5_M32,W5_M80,0.019801980198019802
W5_M32,W5_M81,0.019801980198019802
W5_M32,W5_M82,0.019801980198019802
W5_M32,W5_M83,0.019801980198019802
W5_M32,W5_M84,0.019801980198019802
W5_M32,W5_M85,0.019801980198019802
W5_M32,W5_M86,0.019801980198019802
W5_M32,W5_M87,0.019801980198019802
W5_M32,W5_M88,0.019801980198019802
W5_M32,W5_M89,0.019801980198019802
W5_M32,W5_M90,0.019801980198019802
W5_M32,W5_M91,0.019801980198019802
W5_M32,W5_M92,0.019801980198019802
W5_M32,W5_M93,0.019801980198019802
W5_M32,W5_M94,0.019801980198019802
W5_M33,W5_M34,0.9306930693069307
W5_M33,W5_M35,0.4158415841584158
W5_M33,W5_M36,1.00990099009901
W5_M33,W5_M37,0.9504950495049505
W5_M33,W5_M38,0.9504950495049505
W5_M33,W5_M39,0.5544554455445545
W5_M33,W5_M40,0.7722772277227723
W5_M33,W5_M41,0.6534653465346535
W5_M33,W5_M42,0.6534653465346535
W5_M33,W5_M43,0.8118811881188119
W5_M33,W5_M44,0.8316831683168316
W5_M33,W5_M45,0.594059405940594
W5_M33,W5_M46,0.6138613861386139
W5_M33,W5_M47,0.5346534653465347
W5_M33,W5_M48,0.6336633663366337
W5_M33,W5_M49,0.45544554455445546
W5_M33,W5_M50,0.45544554455445546
W5_M33,W5_M51,0.27722772277227725
W5_M33,W5_M52,0.21782178217821782
W5_M33,W5_M53,0.15841584158415842
W5_M33,W5_M54,0.39603960396039606
W5_M33,W5_M55,0.07920792079207921
W5_M33,W5_M56,0.0594059405940594
W5_M33,W5_M57,0.07920792079207921
W5_M33,W5_M58,0.1188118811881188
W5_M33,W5_M59,0.0594059405940594
W5_M33,W5_M60,0.1188118811881188
W5_M33,W5_M61,0.0594059405940594
W5_M33,W5_M62,0.039603960396039604
W5_M33,W5_M63,0.1188118811881188
W5_M33,W5_M64,0.019801980198019802
W5_M33,W5_M65,0.0594059405940594
W5_M33,W5_M66,0.07920792079207921
W5_M33,W5_M67,0.019801980198019802
W5_M33,W5_M68,0.039603960396039604
W5_M33,W5_M69,0.039603960396039604
W5_M33,W5_M70,0.039603960396039604
W5_M33,W5_M71,0.0594059405940594
W5_M33,W5_M72,0.019801980198019802
W5_M33,W5_M73,0.019801980198019802
W5_M33,W5_M74,0.039603960396039604
W5_M33,W5_M75,0.019801980198019802
W5_M33,W5_M76,0.019801980198019802
W5_M33,W5_M77,0.019801980198019802
W5_M33,W5_M78,0.019801980198019802
W5_M33,W5_M79,0.019801980198019802
W5_M33,W5_M80,0.019801980198019802
W5_M33,W5_M81,0.019801980198019802
W5_M33,W5_M82,0.019801980198019802
W5_M33,W5_M83,0.019801980198019802
W5_M33,W5_M84,0.019801980198019802
W5_M33,W5_M85,0.019801980198019802
W5_M33,W5_M86,0.019801980198019802
W5_M33,W5_M87,0.019801980198019802
W5_M33,W5_M88,0.019801980198019802
W5_M33,W5_M89,0.019801980198019802
W5_M33,W5_M90,0.019801980198019802
W5_M33,W5_M91,0.019801980198019802
W5_M33,W5_M92,0.019801980198019802
W5_M33,W5_M93,0.019801980198019802
W5_M33,W5_M94,0.019801980198019802
W5_M34,W5_M35,0.45544554455445546
W5_M34,W5_M36,0.9306930693069307
W5_M34,W5_M37,0.9108910891089109
W5_M34,W5_M38,0.8712871287128713
W5_M34,W5_M39,0.8910891089108911
W5_M34,W5_M40,0.594059405940594
W5_M34,W5_M41,0.6138613861386139
W5_M34,W5_M42,0.594059405940594
W5_M34,W5_M43,0.8316831683168316
W5_M34,W5_M44,0.4752475247524752
W5_M34,W5_M45,0.5346534653465347
W5_M34,W5_M46,0.5742574257425742
W5_M34,W5_M47,0.43564356435643564
W5_M34,W5_M48,0.693069306930693
W5_M34,W5_M49,0.6732673267326733
W5_M34,W5_M50,0.5148514851485149
W5_M34,W5_M51,0.39603960396039606
W5_M34,W5_M52,0.2376237623762376
W5_M34,W5_M53,0.1782178217821782
W5_M34,W5_M54,0.297029702970297
W5_M34,W5_M55,0.07920792079207921
W5_M34,W5_M56,0.07920792079207921
W5_M34,W5_M57,0.07920792079207921
W5_M34,W5_M58,0.07920792079207921
W5_M34,W5_M59,0.039603960396039604
W5_M34,W5_M60,0.07920792079207921
W5_M34,W5_M61,0.039603960396039604
W5_M34,W5_M62,0.039603960396039604
W5_M34,W5_M63,0.07920792079207921
W5_M34,W5_M64,0.019801980198019802
W5_M34,W5_M65,0.0594059405940594
W5_M34,W5_M66,0.0594059405940594
W5_M34,W5_M67,0.07920792079207921
W5_M34,W5_M68,0.019801980198019802
W5_M34,W5_M69,0.039603960396039604
W5_M34,W5_M70,0.039603960396039604
W5_M34,W5_M71,0.039603960396039604
W5_M34,W5_M72,0.019801980198019802
W5_M34,W5_M73,0.019801980198019802
W5_M34,W5_M74,0.019801980198019802
W5_M34,W5_M75,0.019801980198019802
W5_M34,W5_M76,0.019801980198019802
W5_M34,W5_M77,0.019801980198019802
W5_M34,W5_M78,0.019801980198019802
W5_M34,W5_M79,0.019801980198019802
W5_M34,W5_M80,0.019801980198019802
W5_M34,W5_M81,0.019801980198019802
W5_M34,W5_M82,0.019801980198019802
W5_M34,W5_M83,0.019801980198019802
W5_M34,W5_M84,0.019801980198019802
W5_M34,W5_M85,0.019801980198019802
W5_M34,W5_M86,0.019801980198019802
W5_M34,W5_M87,0.019801980198019802
W5_M34,W5_M88,0.019801980198019802
W5_M34,W5_M89,0.019801980198019802
W5_M34,W5_M90,0.019801980198019802
W5_M34,W5_M91,0.019801980198019802
W5_M34,W5_M92,0.019801980198019802
W5_M34,W5_M93,0.019801980198019802
W5_M34,W5_M94,0.019801980198019802
W5_M35,W5_M36,0.019801980198019802
W5_M35,W5_M37,0.21782178217821782
W5_M35,W5_M38,0.019801980198019802
W5_M35,W5_M39,0.2376237623762376
W5_M35,W5_M40,0.4158415841584158
W5_M35,W5_M41,0.4752475247524752
W5_M35,W5_M42,0.4158415841584158
W5_M35,W5_M43,0.07920792079207921
W5_M35,W5_M44,0.039603960396039604
W5_M35,W5_M45,0.07920792079207921
W5_M35,W5_M46,0.0594059405940594
W5_M35,W5_M47,0.039603960396039604
W5_M35,W5_M48,0.3564356435643564
W5_M35,W5_M49,0.19801980198019803
W5_M35,W5_M50,0.039603960396039604
W5_M35,W5_M51,0.21782178217821782
W5_M35,W5_M52,0.1188118811881188
W5_M35,W5_M53,0.039603960396039604
W5_M35,W5_M54,0.039603960396039604
W5_M35,W5_M55,0.0594059405940594
W5_M35,W5_M56,0.019801980198019802
W5_M35,W5_M57,0.019801980198019802
W5_M35,W5_M58,0.019801980198019802
W5_M35,W5_M59,0.019801980198019802
W5_M35,W5_M60,0.039603960396039604
W5_M35,W5_M61,0.019801980198019802
W5_M35,W5_M62,0.019801980198019802
W5_M35,W5_M63,0.019801980198019802
W5_M35,W5_M64,0.019801980198019802
W5_M35,W5_M65,0.019801980198019802
W5_M35,W5_M66,0.039603960396039604
W5_M35,W5_M67,0.019801980198019802
W5_M35,W5_M68,0.019801980198019802
W5_M35,W5_M69,0.019801980198019802
W5_M35,W5_M70,0.019801980198019802
W5_M35,W5_M71,0.019801980198019802
W5_M35,W5_M72,0.019801980198019802
W5_M35,W5_M73,0.019801980198019802
W5_M35,W5_M74,0.019801980198019802
W5_M35,W5_M75,0.019801980198019802
W5_M35,W5_M76,0.019801980198019802
W5_M35,W5_M77,0.019801980198019802
W5_M35,W5_M78,0.019801980198019802
W5_M35,W5_M79,0.019801980198019802
W5_M35,W5_M80,0.019801980198019802
W5_M35,W5_M81,0.019801980198019802
W5_M35,W5_M82,0.019801980198019802
W5_M35,W5_M83,0.019801980198019802
W5_M35,W5_M84,0.019801980198019802
W5_M35,W5_M85,0.019801980198019802
W5_M35,W5_M86,0.019801980198019802
W5_M35,W5_M87,0.019801980198019802
W5_M35,W5_M88,0.019801980198019802
W5_M35,W5_M89,0.019801980198019802
W5_M35,W5_M90,0.019801980198019802
W5_M35,W5_M91,0.019801980198019802
W5_M35,W5_M92,0.019801980198019802
W5_M35,W5_M93,0.019801980198019802
W5_M35,W5_M94,0.019801980198019802
W5_M36,W5_M37,0.9306930693069307
W5_M36,W5_M38,0.297029702970297
W5_M36,W5_M39,0.9702970297029703
W5_M36,W5_M40,0.8910891089108911
W5_M36,W5_M41,0.8910891089108911
W5_M36,W5_M42,0.9702970297029703
W5_M36,W5_M43,0.7920792079207921
W5_M36,W5_M44,0.45544554455445546
W5_M36,W5_M45,0.31683168316831684
W5_M36,W5_M46,0.37623762376237624
W5_M36,W5_M47,0.297029702970297
W5_M36,W5_M48,0.6732673267326733
W5_M36,W5_M49,0.5346534653465347
W5_M36,W5_M50,0.07920792079207921
W5_M36,W5_M51,0.7326732673267327
W5_M36,W5_M52,0.4752475247524752
W5_M36,W5_M53,0.19801980198019803
W5_M36,W5_M54,0.1188118811881188
W5_M36,W5_M55,0.09900990099009901
W5_M36,W5_M56,0.13861386138613863
W5_M36,W5_M57,0.09900990099009901
W5_M36,W5_M58,0.1188118811881188
W5_M36,W5_M59,0.1188118811881188
W5_M36,W5_M60,0.15841584158415842
W5_M36,W5_M61,0.0594059405940594
W5_M36,W5_M62,0.039603960396039604
W5_M36,W5_M63,0.07920792079207921
W5_M36,W5_M64,0.019801980198019802
W5_M36,W5_M65,0.0594059405940594
W5_M36,W5_M66,0.07920792079207921
W5_M36,W5_M67,0.019801980198019802
W5_M36,W5_M68,0.039603960396039604
W5_M36,W5_M69,0.019801980198019802
W5_M36,W5_M70,0.019801980198019802
W5_M36,W5_M71,0.019801980198019802
W5_M36,W5_M72,0.019801980198019802
W5_M36,W5_M73,0.019801980198019802
W5_M36,W5_M74,0.019801980198019802
W5_M36,W5_M75,0.019801980198019802
W5_M36,W5_M76,0.019801980198019802
W5_M36,W5_M77,0.019801980198019802
W5_M36,W5_M78,0.019801980198019802
W5_M36,W5_M79,0.019801980198019802
W5_M36,W5_M80,0.019801980198019802
W5_M36,W5_M81,0.019801980198019802
W5_M36,W5_M82,0.019801980198019802
W5_M36,W5_M83,0.019801980198019802
W5_M36,W5_M84,0.019801980198019802
W5_M36,W5_M85,0.019801980198019802
W5_M36,W5_M86,0.019801980198019802
W5_M36,W5_M87,0.019801980198019802
W5_M36,W5_M88,0.019801980198019802
W5_M36,W5_M89,0.019801980198019802
W5_M36,W5_M90,0.019801980198019802
W5_M36,W5_M91,0.019801980198019802
W5_M36,W5_M92,0.019801980198019802
W5_M36,W5_M93,0.019801980198019802
W5_M36,W5_M94,0.019801980198019802
W5_M37,W5_M38,0.8910891089108911
W5_M37,W5_M39,0.9306930693069307
W5_M37,W5_M40,0.9306930693069307
W5_M37,W5_M41,0.9702970297029703
W5_M37,W5_M42,0.9504950495049505
W5_M37,W5_M43,0.7524752475247525
W5_M37,W5_M44,0.07920792079207921
W5_M37,W5_M45,0.45544554455445546
W5_M37,W5_M46,0.31683168316831684
W5_M37,W5_M47,0.297029702970297
W5_M37,W5_M48,0.7722772277227723
W5_M37,W5_M49,0.5346534653465347
W5_M37,W5_M50,0.1782178217821782
W5_M37,W5_M51,0.7722772277227723
W5_M37,W5_M52,0.49504950495049505
W5_M37,W5_M53,0.19801980198019803
W5_M37,W5_M54,0.1188118811881188
W5_M37,W5_M55,0.1782178217821782
W5_M37,W5_M56,0.19801980198019803
W5_M37,W5_M57,0.19801980198019803
W5_M37,W5_M58,0.039603960396039604
W5_M37,W5_M59,0.039603960396039604
W5_M37,W5_M60,0.039603960396039604
W5_M37,W5_M61,0.07920792079207921
W5_M37,W5_M62,0.019801980198019802
W5_M37,W5_M63,0.039603960396039604
W5_M37,W5_M64,0.039603960396039604
W5_M37,W5_M65,0.0594059405940594
W5_M37,W5_M66,0.07920792079207921
W5_M37,W5_M67,0.019801980198019802
W5_M37,W5_M68,0.039603960396039604
W5_M37,W5_M69,0.019801980198019802
W5_M37,W5_M70,0.07920792079207921
W5_M37,W5_M71,0.039603960396039604
W5_M37,W5_M72,0.019801980198019802
W5_M37,W5_M73,0.019801980198019802
W5_M37,W5_M74,0.019801980198019802
W5_M37,W5_M75,0.019801980198019802
W5_M37,W5_M76,0.019801980198019802
W5_M37,W5_M77,0.019801980198019802
W5_M37,W5_M78,0.019801980198019802
W5_M37,W5_M79,0.019801980198019802
W5_M37,W5_M80,0.019801980198019802
W5_M37,W5_M81,0.019801980198019802
W5_M37,W5_M82,0.019801980198019802
W5_M37,W5_M83,0.019801980198019802
W5_M37,W5_M84,0.019801980198019802
W5_M37,W5_M85,0.019801980198019802
W5_M37,W5_M86,0.019801980198019802
W5_M37,W5_M87,0.019801980198019802
W5_M37,W5_M88,0.019801980198019802
W5_M37,W5_M89,0.019801980198019802
W5_M37,W5_M90,0.019801980198019802
W5_M37,W5_M91,0.019801980198019802
W5_M37,W5_M92,0.019801980198019802
W5_M37,W5_M93,0.019801980198019802
W5_M37,W5_M94,0.019801980198019802
W5_M38,W5_M39,0.9702970297029703
W5_M38,W5_M40,0.9900990099009901
W5_M38,W5_M41,0.8712871287128713
W5_M38,W5_M42,0.9504950495049505
W5_M38,W5_M43,0.9108910891089109
W5_M38,W5_M44,0.6336633663366337
W5_M38,W5_M45,0.31683168316831684
W5_M38,W5_M46,0.297029702970297
W5_M38,W5_M47,0.21782178217821782
W5_M38,W5_M48,0.7920792079207921
W5_M38,W5_M49,0.693069306930693
W5_M38,W5_M50,0.15841584158415842
W5_M38,W5_M51,0.7920792079207921
W5_M38,W5_M52,0.49504950495049505
W5_M38,W5_M53,0.1782178217821782
W5_M38,W5_M54,0.0594059405940594
W5_M38,W5_M55,0.15841584158415842
W5_M38,W5_M56,0.07920792079207921
W5_M38,W5_M57,0.13861386138613863
W5_M38,W5_M58,0.15841584158415842
W5_M38,W5_M59,0.1188118811881188
W5_M38,W5_M60,0.09900990099009901
W5_M38,W5_M61,0.039603960396039604
W5_M38,W5_M62,0.039603960396039604
W5_M38,W5_M63,0.0594059405940594
W5_M38,W5_M64,0.039603960396039604
W5_M38,W5_M65,0.039603960396039604
W5_M38,W5_M66,0.13861386138613863
W5_M38,W5_M67,0.019801980198019802
W5_M38,W5_M68,0.019801980198019802
W5_M38,W5_M69,0.019801980198019802
W5_M38,W5_M70,0.019801980198019802
W5_M38,W5_M71,0.019801980198019802
W5_M38,W5_M72,0.039603960396039604
W5_M38,W5_M73,0.019801980198019802
W5_M38,W5_M74,0.019801980198019802
W5_M38,W5_M75,0.019801980198019802
W5_M38,W5_M76,0.019801980198019802
W5_M38,W5_M77,0.019801980198019802
W5_M38,W5_M78,0.019801980198019802
W5_M38,W5_M79,0.019801980198019802
W5_M38,W5_M80,0.019801980198019802
W5_M38,W5_M81,0.019801980198019802
W5_M38,W5_M82,0.019801980198019802
W5_M38,W5_M83,0.019801980198019802
W5_M38,W5_M84,0.019801980198019802
W5_M38,W5_M85,0.019801980198019802
W5_M38,W5_M86,0.019801980198019802
W5_M38,W5_M87,0.019801980198019802
W5_M38,W5_M88,0.019801980198019802
W5_M38,W5_M89,0.019801980198019802
W5_M38,W5_M90,0.019801980198019802
W5_M38,W5_M91,0.019801980198019802
W5_M38,W5_M92,0.019801980198019802
W5_M38,W5_M93,0.019801980198019802
W5_M38,W5_M94,0.019801980198019802
W5_M39,W5_M40,0.9900990099009901
W5_M39,W5_M41,0.8910891089108911
W5_M39,W5_M42,0.9504950495049505
W5_M39,W5_M43,0.9306930693069307
W5_M39,W5_M44,0.693069306930693
W5_M39,W5_M45,0.6534653465346535
W5_M39,W5_M46,0.693069306930693
W5_M39,W5_M47,0.594059405940594
W5_M39,W5_M48,0.8316831683168316
W5_M39,W5_M49,0.43564356435643564
W5_M39,W5_M50,0.37623762376237624
W5_M39,W5_M51,0.45544554455445546
W5_M39,W5_M52,0.3564356435643564
W5_M39,W5_M53,0.27722772277227725
W5_M39,W5_M54,0.37623762376237624
W5_M39,W5_M55,0.039603960396039604
W5_M39,W5_M56,0.1188118811881188
W5_M39,W5_M57,0.09900990099009901
W5_M39,W5_M58,0.07920792079207921
W5_M39,W5_M59,0.019801980198019802
W5_M39,W5_M60,0.019801980198019802
W5_M39,W5_M61,0.0594059405940594
W5_M39,W5_M62,0.1188118811881188
W5_M39,W5_M63,0.0594059405940594
W5_M39,W5_M64,0.039603960396039604
W5_M39,W5_M65,0.0594059405940594
W5_M39,W5_M66,0.039603960396039604
W5_M39,W5_M67,0.039603960396039604
W5_M39,W5_M68,0.019801980198019802
W5_M39,W5_M69,0.039603960396039604
W5_M39,W5_M70,0.09900990099009901
W5_M39,W5_M71,0.039603960396039604
W5_M39,W5_M72,0.019801980198019802
W5_M39,W5_M73,0.019801980198019802
W5_M39,W5_M74,0.019801980198019802
W5_M39,W5_M75,0.019801980198019802
W5_M39,W5_M76,0.019801980198019802
W5_M39,W5_M77,0.019801980198019802
W5_M39,W5_M78,0.019801980198019802
W5_M39,W5_M79,0.019801980198019802
W5_M39,W5_M80,0.019801980198019802
W5_M39,W5_M81,0.019801980198019802
W5_M39,W5_M82,0.019801980198019802
W5_M39,W5_M83,0.019801980198019802
W5_M39,W5_M84,0.019801980198019802
W5_M39,W5_M85,0.019801980198019802
W5_M39,W5_M86,0.019801980198019802
W5_M39,W5_M87,0.019801980198019802
W5_M39,W5_M88,0.019801980198019802
W5_M39,W5_M89,0.019801980198019802
W5_M39,W5_M90,0.019801980198019802
W5_M39,W5_M91,0.019801980198019802
W5_M39,W5_M92,0.019801980198019802
W5_M39,W5_M93,0.019801980198019802
W5_M39,W5_M94,0.019801980198019802
W5_M40,W5_M41,0.9504950495049505
W5_M40,W5_M42,0.693069306930693
W5_M40,W5_M43,1.00990099009901
W5_M40,W5_M44,0.7326732673267327
W5_M40,W5_M45,0.7128712871287128
W5_M40,W5_M46,0.693069306930693
W5_M40,W5_M47,0.6732673267326733
W5_M40,W5_M48,0.7524752475247525
W5_M40,W5_M49,0.5544554455445545
W5_M40,W5_M50,0.49504950495049505
W5_M40,W5_M51,0.5346534653465347
W5_M40,W5_M52,0.31683168316831684
W5_M40,W5_M53,0.19801980198019803
W5_M40,W5_M54,0.2376237623762376
W5_M40,W5_M55,0.07920792079207921
W5_M40,W5_M56,0.039603960396039604
W5_M40,W5_M57,0.0594059405940594
W5_M40,W5_M58,0.019801980198019802
W5_M40,W5_M59,0.039603960396039604
W5_M40,W5_M60,0.07920792079207921
W5_M40,W5_M61,0.09900990099009901
W5_M40,W5_M62,0.0594059405940594
W5_M40,W5_M63,0.09900990099009901
W5_M40,W5_M64,0.09900990099009901
W5_M40,W5_M65,0.039603960396039604
W5_M40,W5_M66,0.0594059405940594
W5_M40,W5_M67,0.019801980198019802
W5_M40,W5_M68,0.039603960396039604
W5_M40,W5_M69,0.039603960396039604
W5_M40,W5_M70,0.039603960396039604
W5_M40,W5_M71,0.019801980198019802
W5_M40,W5_M72,0.019801980198019802
W5_M40,W5_M73,0.019801980198019802
W5_M40,W5_M74,0.019801980198019802
W5_M40,W5_M75,0.019801980198019802
W5_M40,W5_M76,0.019801980198019802
W5_M40,W5_M77,0.019801980198019802
W5_M40,W5_M78,0.019801980198019802
W5_M40,W5_M79,0.019801980198019802
W5_M40,W5_M80,0.019801980198019802
W5_M40,W5_M81,0.019801980198019802
W5_M40,W5_M82,0.019801980198019802
W5_M40,W5_M83,0.019801980198019802
W5_M40,W5_M84,0.019801980198019802
W5_M40,W5_M85,0.019801980198019802
W5_M40,W5_M86,0.019801980198019802
W5_M40,W5_M87,0.019801980198019802
W5_M40,W5_M88,0.019801980198019802
W5_M40,W5_M89,0.019801980198019802
W5_M40,W5_M90,0.019801980198019802
W5_M40,W5_M91,0.019801980198019802
W5_M40,W5_M92,0.019801980198019802
W5_M40,W5_M93,0.019801980198019802
W5_M40,W5_M94,0.019801980198019802
W5_M41,W5_M42,0.9306930693069307
W5_M41,W5_M43,0.8712871287128713
W5_M41,W5_M44,0.7722772277227723
W5_M41,W5_M45,0.5742574257425742
W5_M41,W5_M46,0.5742574257425742
W5_M41,W5_M47,0.5544554455445545
W5_M41,W5_M48,0.9504950495049505
W5_M41,W5_M49,0.5346534653465347
W5_M41,W5_M50,0.5346534653465347
W5_M41,W5_M51,0.27722772277227725
W5_M41,W5_M52,0.297029702970297
W5_M41,W5_M53,0.31683168316831684
W5_M41,W5_M54,0.37623762376237624
W5_M41,W5_M55,0.09900990099009901
W5_M41,W5_M56,0.07920792079207921
W5_M41,W5_M57,0.15841584158415842
W5_M41,W5_M58,0.019801980198019802
W5_M41,W5_M59,0.039603960396039604
W5_M41,W5_M60,0.0594059405940594
W5_M41,W5_M61,0.07920792079207921
W5_M41,W5_M62,0.039603960396039604
W5_M41,W5_M63,0.0594059405940594
W5_M41,W5_M64,0.019801980198019802
W5_M41,W5_M65,0.019801980198019802
W5_M41,W5_M66,0.1188118811881188
W5_M41,W5_M67,0.019801980198019802
W5_M41,W5_M68,0.019801980198019802
W5_M41,W5_M69,0.039603960396039604
W5_M41,W5_M70,0.15841584158415842
W5_M41,W5_M71,0.039603960396039604
W5_M41,W5_M72,0.019801980198019802
W5_M41,W5_M73,0.019801980198019802
W5_M41,W5_M74,0.019801980198019802
W5_M41,W5_M75,0.019801980198019802
W5_M41,W5_M76,0.019801980198019802
W5_M41,W5_M77,0.019801980198019802
W5_M41,W5_M78,0.019801980198019802
W5_M41,W5_M79,0.019801980198019802
W5_M41,W5_M80,0.019801980198019802
W5_M41,W5_M81,0.019801980198019802
W5_M41,W5_M82,0.019801980198019802
W5_M41,W5_M83,0.019801980198019802
W5_M41,W5_M84,0.019801980198019802
W5_M41,W5_M85,0.019801980198019802
W5_M41,W5_M86,0.019801980198019802
W5_M41,W5_M87,0.019801980198019802
W5_M41,W5_M88,0.019801980198019802
W5_M41,W5_M89,0.019801980198019802
W5_M41,W5_M90,0.019801980198019802
W5_M41,W5_M91,0.019801980198019802
W5_M41,W5_M92,0.019801980198019802
W5_M41,W5_M93,0.019801980198019802
W5_M41,W5_M94,0.019801980198019802
W5_M42,W5_M43,0.8910891089108911
W5_M42,W5_M44,0.9306930693069307
W5_M42,W5_M45,0.7128712871287128
W5_M42,W5_M46,0.693069306930693
W5_M42,W5_M47,0.7722772277227723
W5_M42,W5_M48,0.8316831683168316
W5_M42,W5_M49,0.43564356435643564
W5_M42,W5_M50,0.37623762376237624
W5_M42,W5_M51,0.33663366336633666
W5_M42,W5_M52,0.43564356435643564
W5_M42,W5_M53,0.21782178217821782
W5_M42,W5_M54,0.3564356435643564
W5_M42,W5_M55,0.13861386138613863
W5_M42,W5_M56,0.07920792079207921
W5_M42,W5_M57,0.07920792079207921
W5_M42,W5_M58,0.0594059405940594
W5_M42,W5_M59,0.019801980198019802
W5_M42,W5_M60,0.0594059405940594
W5_M42,W5_M61,0.13861386138613863
W5_M42,W5_M62,0.09900990099009901
W5_M42,W5_M63,0.0594059405940594
W5_M42,W5_M64,0.019801980198019802
W5_M42,W5_M65,0.019801980198019802
W5_M42,W5_M66,0.019801980198019802
W5_M42,W5_M67,0.039603960396039604
W5_M42,W5_M68,0.039603960396039604
W5_M42,W5_M69,0.07920792079207921
W5_M42,W5_M70,0.15841584158415842
W5_M42,W5_M71,0.019801980198019802
W5_M42,W5_M72,0.019801980198019802
W5_M42,W5_M73,0.019801980198019802
W5_M42,W5_M74,0.019801980198019802
W5_M42,W5_M75,0.019801980198019802
W5_M42,W5_M76,0.019801980198019802
W5_M42,W5_M77,0.019801980198019802
W5_M42,W5_M78,0.019801980198019802
W5_M42,W5_M79,0.019801980198019802
W5_M42,W5_M80,0.019801980198019802
W5_M42,W5_M81,0.019801980198019802
W5_M42,W5_M82,0.019801980198019802
W5_M42,W5_M83,0.019801980198019802
W5_M42,W5_M84,0.019801980198019802
W5_M42,W5_M85,0.019801980198019802
W5_M42,W5_M86,0.019801980198019802
W5_M42,W5_M87,0.019801980198019802
W5_M42,W5_M88,0.019801980198019802
W5_M42,W5_M89,0.019801980198019802
W5_M42,W5_M90,0.019801980198019802
W5_M42,W5_M91,0.019801980198019802
W5_M42,W5_M92,0.019801980198019802
W5_M42,W5_M93,0.019801980198019802
W5_M42,W5_M94,0.019801980198019802
W5_M43,W5_M44,0.6534653465346535
W5_M43,W5_M45,0.39603960396039606
W5_M43,W5_M46,0.27722772277227725
W5_M43,W5_M47,0.49504950495049505
W5_M43,W5_M48,0.5742574257425742
W5_M43,W5_M49,0.6534653465346535
W5_M43,W5_M50,0.25742574257425743
W5_M43,W5_M51,0.6336633663366337
W5_M43,W5_M52,0.5148514851485149
W5_M43,W5_M53,0.07920792079207921
W5_M43,W5_M54,0.19801980198019803
W5_M43,W5_M55,0.07920792079207921
W5_M43,W5_M56,0.09900990099009901
W5_M43,W5_M57,0.1188118811881188
W5_M43,W5_M58,0.039603960396039604
W5_M43,W5_M59,0.0594059405940594
W5_M43,W5_M60,0.07920792079207921
W5_M43,W5_M61,0.019801980198019802
W5_M43,W5_M62,0.07920792079207921
W5_M43,W5_M63,0.0594059405940594
W5_M43,W5_M64,0.039603960396039604
W5_M43,W5_M65,0.019801980198019802
W5_M43,W5_M66,0.039603960396039604
W5_M43,W5_M67,0.019801980198019802
W5_M43,W5_M68,0.019801980198019802
W5_M43,W5_M69,0.0594059405940594
W5_M43,W5_M70,0.0594059405940594
W5_M43,W5_M71,0.039603960396039604
W5_M43,W5_M72,0.019801980198019802
W5_M43,W5_M73,0.019801980198019802
W5_M43,W5_M74,0.019801980198019802
W5_M43,W5_M75,0.019801980198019802
W5_M43,W5_M76,0.019801980198019802
W5_M43,W5_M77,0.019801980198019802
W5_M43,W5_M78,0.019801980198019802
W5_M43,W5_M79,0.019801980198019802
W5_M43,W5_M80,0.019801980198019802
W5_M43,W5_M81,0.019801980198019802
W5_M43,W5_M82,0.019801980198019802
W5_M43,W5_M83,0.019801980198019802
W5_M43,W5_M84,0.019801980198019802
W5_M43,W5_M85,0.019801980198019802
W5_M43,W5_M86,0.019801980198019802
W5_M43,W5_M87,0.019801980198019802
W5_M43,W5_M88,0.019801980198019802
W5_M43,W5_M89,0.019801980198019802
W5_M43,W5_M90,0.019801980198019802
W5_M43,W5_M91,0.019801980198019802
W5_M43,W5_M92,0.019801980198019802
W5_M43,W5_M93,0.019801980198019802
W5_M43,W5_M94,0.019801980198019802
W5_M44,W5_M45,0.8514851485148515
W5_M44,W5_M46,0.8910891089108911
W5_M44,W5_M47,0.9108910891089109
W5_M44,W5_M48,0.9108910891089109
W5_M44,W5_M49,0.8514851485148515
W5_M44,W5_M50,0.7326732673267327
W5_M44,W5_M51,0.9504950495049505
W5_M44,W5_M52,0.5742574257425742
W5_M44,W5_M53,0.37623762376237624
W5_M44,W5_M54,0.33663366336633666
W5_M44,W5_M55,0.2376237623762376
W5_M44,W5_M56,0.31683168316831684
W5_M44,W5_M57,0.25742574257425743
W5_M44,W5_M58,0.0594059405940594
W5_M44,W5_M59,0.19801980198019803
W5_M44,W5_M60,0.09900990099009901
W5_M44,W5_M61,0.19801980198019803
W5_M44,W5_M62,0.1188118811881188
W5_M44,W5_M63,0.019801980198019802
W5_M44,W5_M64,0.1188118811881188
W5_M44,W5_M65,0.039603960396039604
W5_M44,W5_M66,0.297029702970297
W5_M44,W5_M67,0.039603960396039604
W5_M44,W5_M68,0.0594059405940594
W5_M44,W5_M69,0.0594059405940594
W5_M44,W5_M70,0.039603960396039604
W5_M44,W5_M71,0.019801980198019802
W5_M44,W5_M72,0.019801980198019802
W5_M44,W5_M73,0.019801980198019802
W5_M44,W5_M74,0.019801980198019802
W5_M44,W5_M75,0.019801980198019802
W5_M44,W5_M76,0.019801980198019802
W5_M44,W5_M77,0.019801980198019802
W5_M44,W5_M78,0.019801980198019802
W5_M44,W5_M79,0.019801980198019802
W5_M44,W5_M80,0.019801980198019802
W5_M44,W5_M81,0.019801980198019802
W5_M44,W5_M82,0.019801980198019802
W5_M44,W5_M83,0.019801980198019802
W5_M44,W5_M84,0.019801980198019802
W5_M44,W5_M85,0.019801980198019802
W5_M44,W5_M86,0.019801980198019802
W5_M44,W5_M87,0.019801980198019802
W5_M44,W5_M88,0.019801980198019802
W5_M44,W5_M89,0.019801980198019802
W5_M44,W5_M90,0.019801980198019802
W5_M44,W5_M91,0.019801980198019802
W5_M44,W5_M92,0.019801980198019802
W5_M44,W5_M93,0.019801980198019802
W5_M44,W5_M94,0.019801980198019802
W5_M45,W5_M46,0.8910891089108911
W5_M45,W5_M47,0.9306930693069307
W5_M45,W5_M48,0.8712871287128713
W5_M45,W5_M49,0.8316831683168316
W5_M45,W5_M50,0.0594059405940594
W5_M45,W5_M51,0.9306930693069307
W5_M45,W5_M52,0.6336633663366337
W5_M45,W5_M53,0.33663366336633666
W5_M45,W5_M54,0.19801980198019803
W5_M45,W5_M55,0.19801980198019803
W5_M45,W5_M56,0.25742574257425743
W5_M45,W5_M57,0.297029702970297
W5_M45,W5_M58,0.09900990099009901
W5_M45,W5_M59,0.09900990099009901
W5_M45,W5_M60,0.13861386138613863
W5_M45,W5_M61,0.09900990099009901
W5_M45,W5_M62,0.039603960396039604
W5_M45,W5_M63,0.0594059405940594
W5_M45,W5_M64,0.19801980198019803
W5_M45,W5_M65,0.039603960396039604
W5_M45,W5_M66,0.07920792079207921
W5_M45,W5_M67,0.039603960396039604
W5_M45,W5_M68,0.039603960396039604
W5_M45,W5_M69,0.039603960396039604
W5_M45,W5_M70,0.0594059405940594
W5_M45,W5_M71,0.039603960396039604
W5_M45,W5_M72,0.039603960396039604
W5_M45,W5_M73,0.0594059405940594
W5_M45,W5_M74,0.019801980198019802
W5_M45,W5_M75,0.019801980198019802
W5_M45,W5_M76,0.019801980198019802
W5_M45,W5_M77,0.019801980198019802
W5_M45,W5_M78,0.019801980198019802
W5_M45,W5_M79,0.019801980198019802
W5_M45,W5_M80,0.019801980198019802
W5_M45,W5_M81,0.019801980198019802
W5_M45,W5_M82,0.019801980198019802
W5_M45,W5_M83,0.019801980198019802
W5_M45,W5_M84,0.019801980198019802
W5_M45,W5_M85,0.019801980198019802
W5_M45,W5_M86,0.019801980198019802
W5_M45,W5_M87,0.019801980198019802
W5_M45,W5_M88,0.019801980198019802
W5_M45,W5_M89,0.019801980198019802
W5_M45,W5_M90,0.019801980198019802
W5_M45,W5_M91,0.019801980198019802
W5_M45,W5_M92,0.019801980198019802
W5_M45,W5_M93,0.019801980198019802
W5_M45,W5_M94,0.019801980198019802
W5_M46,W5_M47,0.9702970297029703
W5_M46,W5_M48,0.9900990099009901
W5_M46,W5_M49,0.9702970297029703
W5_M46,W5_M50,0.09900990099009901
W5_M46,W5_M51,0.9900990099009901
W5_M46,W5_M52,0.5544554455445545
W5_M46,W5_M53,0.297029702970297
W5_M46,W5_M54,0.1782178217821782
W5_M46,W5_M55,0.2376237623762376
W5_M46,W5_M56,0.15841584158415842
W5_M46,W5_M57,0.19801980198019803
W5_M46,W5_M58,0.2376237623762376
W5_M46,W5_M59,0.1188118811881188
W5_M46,W5_M60,0.039603960396039604
W5_M46,W5_M61,0.1188118811881188
W5_M46,W5_M62,0.09900990099009901
W5_M46,W5_M63,0.07920792079207921
W5_M46,W5_M64,0.07920792079207921
W5_M46,W5_M65,0.0594059405940594
W5_M46,W5_M66,0.1188118811881188
W5_M46,W5_M67,0.039603960396039604
W5_M46,W5_M68,0.019801980198019802
W5_M46,W5_M69,0.039603960396039604
W5_M46,W5_M70,0.09900990099009901
W5_M46,W5_M71,0.039603960396039604
W5_M46,W5_M72,0.039603960396039604
W5_M46,W5_M73,0.019801980198019802
W5_M46,W5_M74,0.039603960396039604
W5_M46,W5_M75,0.019801980198019802
W5_M46,W5_M76,0.019801980198019802
W5_M46,W5_M77,0.019801980198019802
W5_M46,W5_M78,0.019801980198019802
W5_M46,W5_M79,0.019801980198019802
W5_M46,W5_M80,0.019801980198019802
W5_M46,W5_M81,0.019801980198019802
W5_M46,W5_M82,0.019801980198019802
W5_M46,W5_M83,0.019801980198019802
W5_M46,W5_M84,0.019801980198019802
W5_M46,W5_M85,0.019801980198019802
W5_M46,W5_M86,0.019801980198019802
W5_M46,W5_M87,0.019801980198019802
W5_M46,W5_M88,0.019801980198019802
W5_M46,W5_M89,0.019801980198019802
W5_M46,W5_M90,0.019801980198019802
W5_M46,W5_M91,0.019801980198019802
W5_M46,W5_M92,0.019801980198019802
W5_M46,W5_M93,0.019801980198019802
W5_M46,W5_M94,0.019801980198019802
W5_M47,W5_M48,0.9702970297029703
W5_M47,W5_M49,0.9306930693069307
W5_M47,W5_M50,0.019801980198019802
W5_M47,W5_M51,0.7920792079207921
W5_M47,W5_M52,0.6336633663366337
W5_M47,W5_M53,0.3564356435643564
W5_M47,W5_M54,0.13861386138613863
W5_M47,W5_M55,0.15841584158415842
W5_M47,W5_M56,0.21782178217821782
W5_M47,W5_M57,0.19801980198019803
W5_M47,W5_M58,0.13861386138613863
W5_M47,W5_M59,0.07920792079207921
W5_M47,W5_M60,0.1188118811881188
W5_M47,W5_M61,0.0594059405940594
W5_M47,W5_M62,0.1188118811881188
W5_M47,W5_M63,0.039603960396039604
W5_M47,W5_M64,0.039603960396039604
W5_M47,W5_M65,0.039603960396039604
W5_M47,W5_M66,0.1782178217821782
W5_M47,W5_M67,0.019801980198019802
W5_M47,W5_M68,0.019801980198019802
W5_M47,W5_M69,0.09900990099009901
W5_M47,W5_M70,0.07920792079207921
W5_M47,W5_M71,0.039603960396039604
W5_M47,W5_M72,0.019801980198019802
W5_M47,W5_M73,0.019801980198019802
W5_M47,W5_M74,0.019801980198019802
W5_M47,W5_M75,0.019801980198019802
W5_M47,W5_M76,0.019801980198019802
W5_M47,W5_M77,0.019801980198019802
W5_M47,W5_M78,0.019801980198019802
W5_M47,W5_M79,0.019801980198019802
W5_M47,W5_M80,0.019801980198019802
W5_M47,W5_M81,0.019801980198019802
W5_M47,W5_M82,0.019801980198019802
W5_M47,W5_M83,0.019801980198019802
W5_M47,W5_M84,0.019801980198019802
W5_M47,W5_M85,0.019801980198019802
W5_M47,W5_M86,0.019801980198019802
W5_M47,W5_M87,0.019801980198019802
W5_M47,W5_M88,0.019801980198019802
W5_M47,W5_M89,0.019801980198019802
W5_M47,W5_M90,0.019801980198019802
W5_M47,W5_M91,0.019801980198019802
W5_M47,W5_M92,0.019801980198019802
W5_M47,W5_M93,0.019801980198019802
W5_M47,W5_M94,0.019801980198019802
W5_M48,W5_M49,0.9702970297029703
W5_M48,W5_M50,0.9108910891089109
W5_M48,W5_M51,0.9702970297029703
W5_M48,W5_M52,0.6732673267326733
W5_M48,W5_M53,0.5346534653465347
W5_M48,W5_M54,0.7326732673267327
W5_M48,W5_M55,0.37623762376237624
W5_M48,W5_M56,0.31683168316831684
W5_M48,W5_M57,0.37623762376237624
W5_M48,W5_M58,0.5148514851485149
W5_M48,W5_M59,0.297029702970297
W5_M48,W5_M60,0.594059405940594
W5_M48,W5_M61,0.3564356435643564
W5_M48,W5_M62,0.21782178217821782
W5_M48,W5_M63,0.31683168316831684
W5_M48,W5_M64,0.25742574257425743
W5_M48,W5_M65,0.19801980198019803
W5_M48,W5_M66,0.1188118811881188
W5_M48,W5_M67,0.1782178217821782
W5_M48,W5_M68,0.13861386138613863
W5_M48,W5_M69,0.1188118811881188
W5_M48,W5_M70,0.07920792079207921
W5_M48,W5_M71,0.1188118811881188
W5_M48,W5_M72,0.039603960396039604
W5_M48,W5_M73,0.019801980198019802
W5_M48,W5_M74,0.019801980198019802
W5_M48,W5_M75,0.019801980198019802
W5_M48,W5_M76,0.019801980198019802
W5_M48,W5_M77,0.019801980198019802
W5_M48,W5_M78,0.019801980198019802
W5_M48,W5_M79,0.019801980198019802
W5_M48,W5_M80,0.019801980198019802
W5_M48,W5_M81,0.019801980198019802
W5_M48,W5_M82,0.019801980198019802
W5_M48,W5_M83,0.019801980198019802
W5_M48,W5_M84,0.019801980198019802
W5_M48,W5_M85,0.019801980198019802
W5_M48,W5_M86,0.019801980198019802
W5_M48,W5_M87,0.019801980198019802
W5_M48,W5_M88,0.019801980198019802
W5_M48,W5_M89,0.019801980198019802
W5_M48,W5_M90,0.019801980198019802
W5_M48,W5_M91,0.019801980198019802
W5_M48,W5_M92,0.019801980198019802
W5_M48,W5_M93,0.019801980198019802
W5_M48,W5_M94,0.019801980198019802
W5_M49,W5_M50,0.9306930693069307
W5_M49,W5_M51,0.8118811881188119
W5_M49,W5_M52,0.7326732673267327
W5_M49,W5_M53,0.7326732673267327
W5_M49,W5_M54,0.693069306930693
W5_M49,W5_M55,0.33663366336633666
W5_M49,W5_M56,0.31683168316831684
W5_M49,W5_M57,0.3564356435643564
W5_M49,W5_M58,0.21782178217821782
W5_M49,W5_M59,0.37623762376237624
W5_M49,W5_M60,0.25742574257425743
W5_M49,W5_M61,0.19801980198019803
W5_M49,W5_M62,0.27722772277227725
W5_M49,W5_M63,0.1782178217821782
W5_M49,W5_M64,0.15841584158415842
W5_M49,W5_M65,0.1188118811881188
W5_M49,W5_M66,0.1188118811881188
W5_M49,W5_M67,0.15841584158415842
W5_M49,W5_M68,0.1188118811881188
W5_M49,W5_M69,0.19801980198019803
W5_M49,W5_M70,0.13861386138613863
W5_M49,W5_M71,0.0594059405940594
W5_M49,W5_M72,0.07920792079207921
W5_M49,W5_M73,0.039603960396039604
W5_M49,W5_M74,0.019801980198019802
W5_M49,W5_M75,0.019801980198019802
W5_M49,W5_M76,0.019801980198019802
W5_M49,W5_M77,0.019801980198019802
W5_M49,W5_M78,0.019801980198019802
W5_M49,W5_M79,0.019801980198019802
W5_M49,W5_M80,0.019801980198019802
W5_M49,W5_M81,0.019801980198019802
W5_M49,W5_M82,0.019801980198019802
W5_M49,W5_M83,0.019801980198019802
W5_M49,W5_M84,0.019801980198019802
W5_M49,W5_M85,0.019801980198019802
W5_M49,W5_M86,0.019801980198019802
W5_M49,W5_M87,0.019801980198019802
W5_M49,W5_M88,0.019801980198019802
W5_M49,W5_M89,0.019801980198019802
W5_M49,W5_M90,0.019801980198019802
W5_M49,W5_M91,0.019801980198019802
W5_M49,W5_M92,0.019801980198019802
W5_M49,W5_M93,0.019801980198019802
W5_M49,W5_M94,0.019801980198019802
W5_M50,W5_M51,0.8910891089108911
W5_M50,W5_M52,0.6732673267326733
W5_M50,W5_M53,0.4158415841584158
W5_M50,W5_M54,0.297029702970297
W5_M50,W5_M55,0.25742574257425743
W5_M50,W5_M56,0.4158415841584158
W5_M50,W5_M57,0.27722772277227725
W5_M50,W5_M58,0.1188118811881188
W5_M50,W5_M59,0.27722772277227725
W5_M50,W5_M60,0.25742574257425743
W5_M50,W5_M61,0.1188118811881188
W5_M50,W5_M62,0.19801980198019803
W5_M50,W5_M63,0.07920792079207921
W5_M50,W5_M64,0.1188118811881188
W5_M50,W5_M65,0.07920792079207921
W5_M50,W5_M66,0.19801980198019803
W5_M50,W5_M67,0.039603960396039604
W5_M50,W5_M68,0.019801980198019802
W5_M50,W5_M69,0.039603960396039604
W5_M50,W5_M70,0.1188118811881188
W5_M50,W5_M71,0.019801980198019802
W5_M50,W5_M72,0.019801980198019802
W5_M50,W5_M73,0.039603960396039604
W5_M50,W5_M74,0.019801980198019802
W5_M50,W5_M75,0.019801980198019802
W5_M50,W5_M76,0.019801980198019802
W5_M50,W5_M77,0.019801980198019802
W5_M50,W5_M78,0.019801980198019802
W5_M50,W5_M79,0.019801980198019802
W5_M50,W5_M80,0.019801980198019802
W5_M50,W5_M81,0.019801980198019802
W5_M50,W5_M82,0.019801980198019802
W5_M50,W5_M83,0.019801980198019802
W5_M50,W5_M84,0.019801980198019802
W5_M50,W5_M85,0.019801980198019802
W5_M50,W5_M86,0.019801980198019802
W5_M50,W5_M87,0.019801980198019802
W5_M50,W5_M88,0.019801980198019802
W5_M50,W5_M89,0.019801980198019802
W5_M50,W5_M90,0.019801980198019802
W5_M50,W5_M91,0.019801980198019802
W5_M50,W5_M92,0.019801980198019802
W5_M50,W5_M93,0.019801980198019802
W5_M50,W5_M94,0.019801980198019802
W5_M51,W5_M52,0.7722772277227723
W5_M51,W5_M53,0.8514851485148515
W5_M51,W5_M54,0.8712871287128713
W5_M51,W5_M55,0.33663366336633666
W5_M51,W5_M56,0.39603960396039606
W5_M51,W5_M57,0.37623762376237624
W5_M51,W5_M58,0.31683168316831684
W5_M51,W5_M59,0.2376237623762376
W5_M51,W5_M60,0.2376237623762376
W5_M51,W5_M61,0.19801980198019803
W5_M51,W5_M62,0.13861386138613863
W5_M51,W5_M63,0.1188118811881188
W5_M51,W5_M64,0.1188118811881188
W5_M51,W5_M65,0.07920792079207921
W5_M51,W5_M66,0.039603960396039604
W5_M51,W5_M67,0.0594059405940594
W5_M51,W5_M68,0.07920792079207921
W5_M51,W5_M69,0.13861386138613863
W5_M51,W5_M70,0.09900990099009901
W5_M51,W5_M71,0.019801980198019802
W5_M51,W5_M72,0.07920792079207921
W5_M51,W5_M73,0.019801980198019802
W5_M51,W5_M74,0.019801980198019802
W5_M51,W5_M75,0.019801980198019802
W5_M51,W5_M76,0.019801980198019802
W5_M51,W5_M77,0.019801980198019802
W5_M51,W5_M78,0.019801980198019802
W5_M51,W5_M79,0.019801980198019802
W5_M51,W5_M80,0.019801980198019802
W5_M51,W5_M81,0.019801980198019802
W5_M51,W5_M82,0.019801980198019802
W5_M51,W5_M83,0.019801980198019802
W5_M51,W5_M84,0.019801980198019802
W5_M51,W5_M85,0.019801980198019802
W5_M51,W5_M86,0.019801980198019802
W5_M51,W5_M87,0.019801980198019802
W5_M51,W5_M88,0.019801980198019802
W5_M51,W5_M89,0.019801980198019802
W5_M51,W5_M90,0.019801980198019802
W5_M51,W5_M91,0.019801980198019802
W5_M51,W5_M92,0.019801980198019802
W5_M51,W5_M93,0.019801980198019802
W5_M51,W5_M94,0.019801980198019802
W5_M52,W5_M53,0.9306930693069307
W5_M52,W5_M54,0.9306930693069307
W5_M52,W5_M55,0.5544554455445545
W5_M52,W5_M56,0.7128712871287128
W5_M52,W5_M57,0.4752475247524752
W5_M52,W5_M58,0.43564356435643564
W5_M52,W5_M59,0.27722772277227725
W5_M52,W5_M60,0.45544554455445546
W5_M52,W5_M61,0.09900990099009901
W5_M52,W5_M62,0.25742574257425743
W5_M52,W5_M63,0.27722772277227725
W5_M52,W5_M64,0.2376237623762376
W5_M52,W5_M65,0.25742574257425743
W5_M52,W5_M66,0.25742574257425743
W5_M52,W5_M67,0.1782178217821782
W5_M52,W5_M68,0.13861386138613863
W5_M52,W5_M69,0.19801980198019803
W5_M52,W5_M70,0.19801980198019803
W5_M52,W5_M71,0.0594059405940594
W5_M52,W5_M72,0.019801980198019802
W5_M52,W5_M73,0.039603960396039604
W5_M52,W5_M74,0.019801980198019802
W5_M52,W5_M75,0.019801980198019802
W5_M52,W5_M76,0.019801980198019802
W5_M52,W5_M77,0.019801980198019802
W5_M52,W5_M78,0.019801980198019802
W5_M52,W5_M79,0.019801980198019802
W5_M52,W5_M80,0.019801980198019802
W5_M52,W5_M81,0.019801980198019802
W5_M52,W5_M82,0.019801980198019802
W5_M52,W5_M83,0.019801980198019802
W5_M52,W5_M84,0.019801980198019802
W5_M52,W5_M85,0.019801980198019802
W5_M52,W5_M86,0.019801980198019802
W5_M52,W5_M87,0.019801980198019802
W5_M52,W5_M88,0.019801980198019802
W5_M52,W5_M89,0.019801980198019802
W5_M52,W5_M90,0.019801980198019802
W5_M52,W5_M91,0.019801980198019802
W5_M52,W5_M92,0.019801980198019802
W5_M52,W5_M93,0.019801980198019802
W5_M52,W5_M94,0.019801980198019802
W5_M53,W5_M54,0.8514851485148515
W5_M53,W5_M55,0.33663366336633666
W5_M53,W5_M56,0.43564356435643564
W5_M53,W5_M57,0.39603960396039606
W5_M53,W5_M58,0.3564356435643564
W5_M53,W5_M59,0.39603960396039606
W5_M53,W5_M60,0.3564356435643564
W5_M53,W5_M61,0.3564356435643564
W5_M53,W5_M62,0.19801980198019803
W5_M53,W5_M63,0.39603960396039606
W5_M53,W5_M64,0.09900990099009901
W5_M53,W5_M65,0.19801980198019803
W5_M53,W5_M66,0.4158415841584158
W5_M53,W5_M67,0.27722772277227725
W5_M53,W5_M68,0.1782178217821782
W5_M53,W5_M69,0.19801980198019803
W5_M53,W5_M70,0.2376237623762376
W5_M53,W5_M71,0.0594059405940594
W5_M53,W5_M72,0.019801980198019802
W5_M53,W5_M73,0.019801980198019802
W5_M53,W5_M74,0.019801980198019802
W5_M53,W5_M75,0.019801980198019802
W5_M53,W5_M76,0.019801980198019802
W5_M53,W5_M77,0.019801980198019802
W5_M53,W5_M78,0.019801980198019802
W5_M53,W5_M79,0.019801980198019802
W5_M53,W5_M80,0.019801980198019802
W5_M53,W5_M81,0.019801980198019802
W5_M53,W5_M82,0.019801980198019802
W5_M53,W5_M83,0.019801980198019802
W5_M53,W5_M84,0.019801980198019802
W5_M53,W5_M85,0.019801980198019802
W5_M53,W5_M86,0.019801980198019802
W5_M53,W5_M87,0.019801980198019802
W5_M53,W5_M88,0.019801980198019802
W5_M53,W5_M89,0.019801980198019802
W5_M53,W5_M90,0.019801980198019802
W5_M53,W5_M91,0.019801980198019802
W5_M53,W5_M92,0.019801980198019802
W5_M53,W5_M93,0.019801980198019802
W5_M53,W5_M94,0.019801980198019802
W5_M54,W5_M55,0.6534653465346535
W5_M54,W5_M56,0.5148514851485149
W5_M54,W5_M57,0.5346534653465347
W5_M54,W5_M58,0.4752475247524752
W5_M54,W5_M59,0.4752475247524752
W5_M54,W5_M60,0.45544554455445546
W5_M54,W5_M61,0.31683168316831684
W5_M54,W5_M62,0.13861386138613863
W5_M54,W5_M63,0.15841584158415842
W5_M54,W5_M64,0.15841584158415842
W5_M54,W5_M65,0.07920792079207921
W5_M54,W5_M66,0.5346534653465347
W5_M54,W5_M67,0.09900990099009901
W5_M54,W5_M68,0.1782178217821782
W5_M54,W5_M69,0.1188118811881188
W5_M54,W5_M70,0.1188118811881188
W5_M54,W5_M71,0.0594059405940594
W5_M54,W5_M72,0.039603960396039604
W5_M54,W5_M73,0.039603960396039604
W5_M54,W5_M74,0.039603960396039604
W5_M54,W5_M75,0.039603960396039604
W5_M54,W5_M76,0.019801980198019802
W5_M54,W5_M77,0.019801980198019802
W5_M54,W5_M78,0.019801980198019802
W5_M54,W5_M79,0.019801980198019802
W5_M54,W5_M80,0.019801980198019802
W5_M54,W5_M81,0.019801980198019802
W5_M54,W5_M82,0.019801980198019802
W5_M54,W5_M83,0.019801980198019802
W5_M54,W5_M84,0.019801980198019802
W5_M54,W5_M85,0.019801980198019802
W5_M54,W5_M86,0.019801980198019802
W5_M54,W5_M87,0.019801980198019802
W5_M54,W5_M88,0.019801980198019802
W5_M54,W5_M89,0.019801980198019802
W5_M54,W5_M90,0.019801980198019802
W5_M54,W5_M91,0.019801980198019802
W5_M54,W5_M92,0.019801980198019802
W5_M54,W5_M93,0.019801980198019802
W5_M54,W5_M94,0.019801980198019802
W5_M55,W5_M56,0.9504950495049505
W5_M55,W5_M57,0.9306930693069307
W5_M55,W5_M58,0.7920792079207921
W5_M55,W5_M59,0.6138613861386139
W5_M55,W5_M60,0.7524752475247525
W5_M55,W5_M61,0.8316831683168316
W5_M55,W5_M62,0.6732673267326733
W5_M55,W5_M63,0.37623762376237624
W5_M55,W5_M64,0.19801980198019803
W5_M55,W5_M65,0.297029702970297
W5_M55,W5_M66,0.6732673267326733
W5_M55,W5_M67,0.13861386138613863
W5_M55,W5_M68,0.13861386138613863
W5_M55,W5_M69,0.43564356435643564
W5_M55,W5_M70,0.39603960396039606
W5_M55,W5_M71,0.039603960396039604
W5_M55,W5_M72,0.15841584158415842
W5_M55,W5_M73,0.09900990099009901
W5_M55,W5_M74,0.019801980198019802
W5_M55,W5_M75,0.019801980198019802
W5_M55,W5_M76,0.019801980198019802
W5_M55,W5_M77,0.019801980198019802
W5_M55,W5_M78,0.019801980198019802
W5_M55,W5_M79,0.019801980198019802
W5_M55,W5_M80,0.019801980198019802
W5_M55,W5_M81,0.019801980198019802
W5_M55,W5_M82,0.019801980198019802
W5_M55,W5_M83,0.019801980198019802
W5_M55,W5_M84,0.019801980198019802
W5_M55,W5_M85,0.019801980198019802
W5_M55,W5_M86,0.019801980198019802
W5_M55,W5_M87,0.019801980198019802
W5_M55,W5_M88,0.019801980198019802
W5_M55,W5_M89,0.019801980198019802
W5_M55,W5_M90,0.019801980198019802
W5_M55,W5_M91,0.019801980198019802
W5_M55,W5_M92,0.019801980198019802
W5_M55,W5_M93,0.019801980198019802
W5_M55,W5_M94,0.019801980198019802
W5_M56,W5_M57,0.7722772277227723
W5_M56,W5_M58,0.8712871287128713
W5_M56,W5_M59,0.6534653465346535
W5_M56,W5_M60,0.7326732673267327
W5_M56,W5_M61,0.9108910891089109
W5_M56,W5_M62,0.7128712871287128
W5_M56,W5_M63,0.21782178217821782
W5_M56,W5_M64,0.297029702970297
W5_M56,W5_M65,0.2376237623762376
W5_M56,W5_M66,0.49504950495049505
W5_M56,W5_M67,0.15841584158415842
W5_M56,W5_M68,0.19801980198019803
W5_M56,W5_M69,0.43564356435643564
W5_M56,W5_M70,0.45544554455445546
W5_M56,W5_M71,0.039603960396039604
W5_M56,W5_M72,0.1782178217821782
W5_M56,W5_M73,0.0594059405940594
W5_M56,W5_M74,0.0594059405940594
W5_M56,W5_M75,0.039603960396039604
W5_M56,W5_M76,0.019801980198019802
W5_M56,W5_M77,0.019801980198019802
W5_M56,W5_M78,0.019801980198019802
W5_M56,W5_M79,0.019801980198019802
W5_M56,W5_M80,0.019801980198019802
W5_M56,W5_M81,0.019801980198019802
W5_M56,W5_M82,0.019801980198019802
W5_M56,W5_M83,0.019801980198019802
W5_M56,W5_M84,0.019801980198019802
W5_M56,W5_M85,0.019801980198019802
W5_M56,W5_M86,0.019801980198019802
W5_M56,W5_M87,0.019801980198019802
W5_M56,W5_M88,0.019801980198019802
W5_M56,W5_M89,0.019801980198019802
W5_M56,W5_M90,0.019801980198019802
W5_M56,W5_M91,0.019801980198019802
W5_M56,W5_M92,0.019801980198019802
W5_M56,W5_M93,0.019801980198019802
W5_M56,W5_M94,0.019801980198019802
W5_M57,W5_M58,0.7722772277227723
W5_M57,W5_M59,0.9108910891089109
W5_M57,W5_M60,0.8316831683168316
W5_M57,W5_M61,0.8118811881188119
W5_M57,W5_M62,0.6732673267326733
W5_M57,W5_M63,0.4158415841584158
W5_M57,W5_M64,0.15841584158415842
W5_M57,W5_M65,0.33663366336633666
W5_M57,W5_M66,0.33663366336633666
W5_M57,W5_M67,0.2376237623762376
W5_M57,W5_M68,0.297029702970297
W5_M57,W5_M69,0.5148514851485149
W5_M57,W5_M70,0.49504950495049505
W5_M57,W5_M71,0.1188118811881188
W5_M57,W5_M72,0.13861386138613863
W5_M57,W5_M73,0.07920792079207921
W5_M57,W5_M74,0.039603960396039604
W5_M57,W5_M75,0.039603960396039604
W5_M57,W5_M76,0.019801980198019802
W5_M57,W5_M77,0.039603960396039604
W5_M57,W5_M78,0.019801980198019802
W5_M57,W5_M79,0.019801980198019802
W5_M57,W5_M80,0.019801980198019802
W5_M57,W5_M81,0.019801980198019802
W5_M57,W5_M82,0.019801980198019802
W5_M57,W5_M83,0.019801980198019802
W5_M57,W5_M84,0.019801980198019802
W5_M57,W5_M85,0.019801980198019802
W5_M57,W5_M86,0.019801980198019802
W5_M57,W5_M87,0.019801980198019802
W5_M57,W5_M88,0.019801980198019802
W5_M57,W5_M89,0.019801980198019802
W5_M57,W5_M90,0.019801980198019802
W5_M57,W5_M91,0.019801980198019802
W5_M57,W5_M92,0.019801980198019802
W5_M57,W5_M93,0.019801980198019802
W5_M57,W5_M94,0.019801980198019802
W5_M58,W5_M59,0.693069306930693
W5_M58,W5_M60,0.8910891089108911
W5_M58,W5_M61,0.7326732673267327
W5_M58,W5_M62,0.8910891089108911
W5_M58,W5_M63,0.4158415841584158
W5_M58,W5_M64,0.43564356435643564
W5_M58,W5_M65,0.19801980198019803
W5_M58,W5_M66,0.6534653465346535
W5_M58,W5_M67,0.1782178217821782
W5_M58,W5_M68,0.21782178217821782
W5_M58,W5_M69,0.594059405940594
W5_M58,W5_M70,0.45544554455445546
W5_M58,W5_M71,0.0594059405940594
W5_M58,W5_M72,0.1782178217821782
W5_M58,W5_M73,0.09900990099009901
W5_M58,W5_M74,0.09900990099009901
W5_M58,W5_M75,0.019801980198019802
W5_M58,W5_M76,0.019801980198019802
W5_M58,W5_M77,0.019801980198019802
W5_M58,W5_M78,0.019801980198019802
W5_M58,W5_M79,0.019801980198019802
W5_M58,W5_M80,0.019801980198019802
W5_M58,W5_M81,0.019801980198019802
W5_M58,W5_M82,0.019801980198019802
W5_M58,W5_M83,0.019801980198019802
W5_M58,W5_M84,0.019801980198019802
W5_M58,W5_M85,0.019801980198019802
W5_M58,W5_M86,0.019801980198019802
W5_M58,W5_M87,0.019801980198019802
W5_M58,W5_M88,0.019801980198019802
W5_M58,W5_M89,0.019801980198019802
W5_M58,W5_M90,0.019801980198019802
W5_M58,W5_M91,0.019801980198019802
W5_M58,W5_M92,0.019801980198019802
W5_M58,W5_M93,0.019801980198019802
W5_M58,W5_M94,0.019801980198019802
W5_M59,W5_M60,0.7326732673267327
W5_M59,W5_M61,1.00990099009901
W5_M59,W5_M62,0.7524752475247525
W5_M59,W5_M63,0.5148514851485149
W5_M59,W5_M64,0.31683168316831684
W5_M59,W5_M65,0.33663366336633666
W5_M59,W5_M66,0.5346534653465347
W5_M59,W5_M67,0.25742574257425743
W5_M59,W5_M68,0.2376237623762376
W5_M59,W5_M69,0.39603960396039606
W5_M59,W5_M70,0.3564356435643564
W5_M59,W5_M71,0.07920792079207921
W5_M59,W5_M72,0.13861386138613863
W5_M59,W5_M73,0.09900990099009901
W5_M59,W5_M74,0.039603960396039604
W5_M59,W5_M75,0.0594059405940594
W5_M59,W5_M76,0.019801980198019802
W5_M59,W5_M77,0.019801980198019802
W5_M59,W5_M78,0.019801980198019802
W5_M59,W5_M79,0.019801980198019802
W5_M59,W5_M80,0.019801980198019802
W5_M59,W5_M81,0.019801980198019802
W5_M59,W5_M82,0.019801980198019802
W5_M59,W5_M83,0.019801980198019802
W5_M59,W5_M84,0.039603960396039604
W5_M59,W5_M85,0.019801980198019802
W5_M59,W5_M86,0.019801980198019802
W5_M59,W5_M87,0.019801980198019802
W5_M59,W5_M88,0.019801980198019802
W5_M59,W5_M89,0.019801980198019802
W5_M59,W5_M90,0.019801980198019802
W5_M59,W5_M91,0.019801980198019802
W5_M59,W5_M92,0.019801980198019802
W5_M59,W5_M93,0.019801980198019802
W5_M59,W5_M94,0.019801980198019802
W5_M60,W5_M61,0.8910891089108911
W5_M60,W5_M62,0.7128712871287128
W5_M60,W5_M63,0.5346534653465347
W5_M60,W5_M64,0.43564356435643564
W5_M60,W5_M65,0.37623762376237624
W5_M60,W5_M66,0.6336633663366337
W5_M60,W5_M67,0.15841584158415842
W5_M60,W5_M68,0.1782178217821782
W5_M60,W5_M69,0.4158415841584158
W5_M60,W5_M70,0.5148514851485149
W5_M60,W5_M71,0.0594059405940594
W5_M60,W5_M72,0.21782178217821782
W5_M60,W5_M73,0.09900990099009901
W5_M60,W5_M74,0.039603960396039604
W5_M60,W5_M75,0.039603960396039604
W5_M60,W5_M76,0.0594059405940594
W5_M60,W5_M77,0.019801980198019802
W5_M60,W5_M78,0.019801980198019802
W5_M60,W5_M79,0.019801980198019802
W5_M60,W5_M80,0.019801980198019802
W5_M60,W5_M81,0.019801980198019802
W5_M60,W5_M82,0.019801980198019802
W5_M60,W5_M83,0.019801980198019802
W5_M60,W5_M84,0.019801980198019802
W5_M60,W5_M85,0.019801980198019802
W5_M60,W5_M86,0.019801980198019802
W5_M60,W5_M87,0.019801980198019802
W5_M60,W5_M88,0.019801980198019802
W5_M60,W5_M89,0.019801980198019802
W5_M60,W5_M90,0.019801980198019802
W5_M60,W5_M91,0.019801980198019802
W5_M60,W5_M92,0.019801980198019802
W5_M60,W5_M93,0.019801980198019802
W5_M60,W5_M94,0.019801980198019802
W5_M61,W5_M62,0.693069306930693
W5_M61,W5_M63,0.6534653465346535
W5_M61,W5_M64,0.7722772277227723
W5_M61,W5_M65,0.6336633663366337
W5_M61,W5_M66,0.9306930693069307
W5_M61,W5_M67,0.693069306930693
W5_M61,W5_M68,0.594059405940594
W5_M61,W5_M69,0.43564356435643564
W5_M61,W5_M70,0.6138613861386139
W5_M61,W5_M71,0.1188118811881188
W5_M61,W5_M72,0.21782178217821782
W5_M61,W5_M73,0.1188118811881188
W5_M61,W5_M74,0.019801980198019802
W5_M61,W5_M75,0.019801980198019802
W5_M61,W5_M76,0.039603960396039604
W5_M61,W5_M77,0.019801980198019802
W5_M61,W5_M78,0.019801980198019802
W5_M61,W5_M79,0.019801980198019802
W5_M61,W5_M80,0.019801980198019802
W5_M61,W5_M81,0.019801980198019802
W5_M61,W5_M82,0.019801980198019802
W5_M61,W5_M83,0.019801980198019802
W5_M61,W5_M84,0.019801980198019802
W5_M61,W5_M85,0.019801980198019802
W5_M61,W5_M86,0.019801980198019802
W5_M61,W5_M87,0.019801980198019802
W5_M61,W5_M88,0.019801980198019802
W5_M61,W5_M89,0.019801980198019802
W5_M61,W5_M90,0.019801980198019802
W5_M61,W5_M91,0.019801980198019802
W5_M61,W5_M92,0.019801980198019802
W5_M61,W5_M93,0.019801980198019802
W5_M61,W5_M94,0.019801980198019802
W5_M62,W5_M63,0.9504950495049505
W5_M62,W5_M64,0.9900990099009901
W5_M62,W5_M65,0.9900990099009901
W5_M62,W5_M66,0.7920792079207921
W5_M62,W5_M67,0.9306930693069307
W5_M62,W5_M68,0.8514851485148515
W5_M62,W5_M69,0.4158415841584158
W5_M62,W5_M70,0.49504950495049505
W5_M62,W5_M71,0.5742574257425742
W5_M62,W5_M72,0.0594059405940594
W5_M62,W5_M73,0.1188118811881188
W5_M62,W5_M74,0.0594059405940594
W5_M62,W5_M75,0.019801980198019802
W5_M62,W5_M76,0.0594059405940594
W5_M62,W5_M77,0.019801980198019802
W5_M62,W5_M78,0.019801980198019802
W5_M62,W5_M79,0.019801980198019802
W5_M62,W5_M80,0.0594059405940594
W5_M62,W5_M81,0.019801980198019802
W5_M62,W5_M82,0.019801980198019802
W5_M62,W5_M83,0.019801980198019802
W5_M62,W5_M84,0.019801980198019802
W5_M62,W5_M85,0.019801980198019802
W5_M62,W5_M86,0.019801980198019802
W5_M62,W5_M87,0.019801980198019802
W5_M62,W5_M88,0.019801980198019802
W5_M62,W5_M89,0.019801980198019802
W5_M62,W5_M90,0.019801980198019802
W5_M62,W5_M91,0.019801980198019802
W5_M62,W5_M92,0.019801980198019802
W5_M62,W5_M93,0.019801980198019802
W5_M62,W5_M94,0.019801980198019802
W5_M63,W5_M64,0.8910891089108911
W5_M63,W5_M65,0.8712871287128713
W5_M63,W5_M66,0.9900990099009901
W5_M63,W5_M67,0.3564356435643564
W5_M63,W5_M68,0.39603960396039606
W5_M63,W5_M69,0.7326732673267327
W5_M63,W5_M70,0.7128712871287128
W5_M63,W5_M71,0.19801980198019803
W5_M63,W5_M72,0.19801980198019803
W5_M63,W5_M73,0.15841584158415842
W5_M63,W5_M74,0.13861386138613863
W5_M63,W5_M75,0.13861386138613863
W5_M63,W5_M76,0.039603960396039604
W5_M63,W5_M77,0.019801980198019802
W5_M63,W5_M78,0.019801980198019802
W5_M63,W5_M79,0.019801980198019802
W5_M63,W5_M80,0.019801980198019802
W5_M63,W5_M81,0.019801980198019802
W5_M63,W5_M82,0.019801980198019802
W5_M63,W5_M83,0.019801980198019802
W5_M63,W5_M84,0.019801980198019802
W5_M63,W5_M85,0.019801980198019802
W5_M63,W5_M86,0.019801980198019802
W5_M63,W5_M87,0.019801980198019802
W5_M63,W5_M88,0.019801980198019802
W5_M63,W5_M89,0.019801980198019802
W5_M63,W5_M90,0.019801980198019802
W5_M63,W5_M91,0.019801980198019802
W5_M63,W5_M92,0.019801980198019802
W5_M63,W5_M93,0.019801980198019802
W5_M63,W5_M94,0.019801980198019802
W5_M64,W5_M65,0.7524752475247525
W5_M64,W5_M66,0.9900990099009901
W5_M64,W5_M67,0.7920792079207921
W5_M64,W5_M68,0.8118811881188119
W5_M64,W5_M69,0.9108910891089109
W5_M64,W5_M70,0.6336633663366337
W5_M64,W5_M71,0.25742574257425743
W5_M64,W5_M72,0.4752475247524752
W5_M64,W5_M73,0.2376237623762376
W5_M64,W5_M74,0.15841584158415842
W5_M64,W5_M75,0.07920792079207921
W5_M64,W5_M76,0.039603960396039604
W5_M64,W5_M77,0.039603960396039604
W5_M64,W5_M78,0.019801980198019802
W5_M64,W5_M79,0.019801980198019802
W5_M64,W5_M80,0.019801980198019802
W5_M64,W5_M81,0.019801980198019802
W5_M64,W5_M82,0.019801980198019802
W5_M64,W5_M83,0.019801980198019802
W5_M64,W5_M84,0.019801980198019802
W5_M64,W5_M85,0.019801980198019802
W5_M64,W5_M86,0.019801980198019802
W5_M64,W5_M87,0.019801980198019802
W5_M64,W5_M88,0.019801980198019802
W5_M64,W5_M89,0.019801980198019802
W5_M64,W5_M90,0.019801980198019802
W5_M64,W5_M91,0.019801980198019802
W5_M64,W5_M92,0.019801980198019802
W5_M64,W5_M93,0.019801980198019802
W5_M64,W5_M94,0.019801980198019802
W5_M65,W5_M66,0.9306930693069307
W5_M65,W5_M67,0.49504950495049505
W5_M65,W5_M68,0.6138613861386139
W5_M65,W5_M69,0.7128712871287128
W5_M65,W5_M70,0.693069306930693
W5_M65,W5_M71,0.13861386138613863
W5_M65,W5_M72,0.31683168316831684
W5_M65,W5_M73,0.21782178217821782
W5_M65,W5_M74,0.09900990099009901
W5_M65,W5_M75,0.019801980198019802
W5_M65,W5_M76,0.019801980198019802
W5_M65,W5_M77,0.019801980198019802
W5_M65,W5_M78,0.019801980198019802
W5_M65,W5_M79,0.019801980198019802
W5_M65,W5_M80,0.019801980198019802
W5_M65,W5_M81,0.019801980198019802
W5_M65,W5_M82,0.019801980198019802
W5_M65,W5_M83,0.019801980198019802
W5_M65,W5_M84,0.019801980198019802
W5_M65,W5_M85,0.019801980198019802
W5_M65,W5_M86,0.019801980198019802
W5_M65,W5_M87,0.019801980198019802
W5_M65,W5_M88,0.019801980198019802
W5_M65,W5_M89,0.019801980198019802
W5_M65,W5_M90,0.019801980198019802
W5_M65,W5_M91,0.019801980198019802
W5_M65,W5_M92,0.019801980198019802
W5_M65,W5_M93,0.019801980198019802
W5_M65,W5_M94,0.019801980198019802
W5_M66,W5_M67,0.9306930693069307
W5_M66,W5_M68,0.8316831683168316
W5_M66,W5_M69,0.7128712871287128
W5_M66,W5_M70,0.7722772277227723
W5_M66,W5_M71,0.4158415841584158
W5_M66,W5_M72,0.1782178217821782
W5_M66,W5_M73,0.019801980198019802
W5_M66,W5_M74,0.13861386138613863
W5_M66,W5_M75,0.019801980198019802
W5_M66,W5_M76,0.019801980198019802
W5_M66,W5_M77,0.019801980198019802
W5_M66,W5_M78,0.019801980198019802
W5_M66,W5_M79,0.019801980198019802
W5_M66,W5_M80,0.039603960396039604
W5_M66,W5_M81,0.019801980198019802
W5_M66,W5_M82,0.019801980198019802
W5_M66,W5_M83,0.019801980198019802
W5_M66,W5_M84,0.019801980198019802
W5_M66,W5_M85,0.019801980198019802
W5_M66,W5_M86,0.019801980198019802
W5_M66,W5_M87,0.019801980198019802
W5_M66,W5_M88,0.019801980198019802
W5_M66,W5_M89,0.019801980198019802
W5_M66,W5_M90,0.019801980198019802
W5_M66,W5_M91,0.019801980198019802
W5_M66,W5_M92,0.019801980198019802
W5_M66,W5_M93,0.019801980198019802
W5_M66,W5_M94,0.019801980198019802
W5_M67,W5_M68,0.8118811881188119
W5_M67,W5_M69,0.9702970297029703
W5_M67,W5_M70,0.8316831683168316
W5_M67,W5_M71,0.297029702970297
W5_M67,W5_M72,0.33663366336633666
W5_M67,W5_M73,0.297029702970297
W5_M67,W5_M74,0.09900990099009901
W5_M67,W5_M75,0.09900990099009901
W5_M67,W5_M76,0.0594059405940594
W5_M67,W5_M77,0.039603960396039604
W5_M67,W5_M78,0.019801980198019802
W5_M67,W5_M79,0.039603960396039604
W5_M67,W5_M80,0.019801980198019802
W5_M67,W5_M81,0.019801980198019802
W5_M67,W5_M82,0.019801980198019802
W5_M67,W5_M83,0.019801980198019802
W5_M67,W5_M84,0.019801980198019802
W5_M67,W5_M85,0.019801980198019802
W5_M67,W5_M86,0.019801980198019802
W5_M67,W5_M87,0.019801980198019802
W5_M67,W5_M88,0.019801980198019802
W5_M67,W5_M89,0.019801980198019802
W5_M67,W5_M90,0.019801980198019802
W5_M67,W5_M91,0.019801980198019802
W5_M67,W5_M92,0.019801980198019802
W5_M67,W5_M93,0.019801980198019802
W5_M67,W5_M94,0.019801980198019802
W5_M68,W5_M69,0.9702970297029703
W5_M68,W5_M70,0.9108910891089109
W5_M68,W5_M71,0.37623762376237624
W5_M68,W5_M72,0.3564356435643564
W5_M68,W5_M73,0.2376237623762376
W5_M68,W5_M74,0.19801980198019803
W5_M68,W5_M75,0.019801980198019802
W5_M68,W5_M76,0.0594059405940594
W5_M68,W5_M77,0.019801980198019802
W5_M68,W5_M78,0.019801980198019802
W5_M68,W5_M79,0.039603960396039604
W5_M68,W5_M80,0.019801980198019802
W5_M68,W5_M81,0.019801980198019802
W5_M68,W5_M82,0.019801980198019802
W5_M68,W5_M83,0.019801980198019802
W5_M68,W5_M84,0.019801980198019802
W5_M68,W5_M85,0.019801980198019802
W5_M68,W5_M86,0.019801980198019802
W5_M68,W5_M87,0.019801980198019802
W5_M68,W5_M88,0.019801980198019802
W5_M68,W5_M89,0.019801980198019802
W5_M68,W5_M90,0.019801980198019802
W5_M68,W5_M91,0.019801980198019802
W5_M68,W5_M92,0.019801980198019802
W5_M68,W5_M93,0.019801980198019802
W5_M68,W5_M94,0.019801980198019802
W5_M69,W5_M70,0.9900990099009901
W5_M69,W5_M71,0.8118811881188119
W5_M69,W5_M72,0.1188118811881188
W5_M69,W5_M73,0.297029702970297
W5_M69,W5_M74,0.0594059405940594
W5_M69,W5_M75,0.07920792079207921
W5_M69,W5_M76,0.0594059405940594
W5_M69,W5_M77,0.039603960396039604
W5_M69,W5_M78,0.019801980198019802
W5_M69,W5_M79,0.0594059405940594
W5_M69,W5_M80,0.019801980198019802
W5_M69,W5_M81,0.019801980198019802
W5_M69,W5_M82,0.019801980198019802
W5_M69,W5_M83,0.019801980198019802
W5_M69,W5_M84,0.019801980198019802
W5_M69,W5_M85,0.019801980198019802
W5_M69,W5_M86,0.019801980198019802
W5_M69,W5_M87,0.019801980198019802
W5_M69,W5_M88,0.019801980198019802
W5_M69,W5_M89,0.019801980198019802
W5_M69,W5_M90,0.019801980198019802
W5_M69,W5_M91,0.019801980198019802
W5_M69,W5_M92,0.019801980198019802
W5_M69,W5_M93,0.019801980198019802
W5_M69,W5_M94,0.019801980198019802
W5_M70,W5_M71,0.8118811881188119
W5_M70,W5_M72,0.49504950495049505
W5_M70,W5_M73,0.25742574257425743
W5_M70,W5_M74,0.0594059405940594
W5_M70,W5_M75,0.0594059405940594
W5_M70,W5_M76,0.019801980198019802
W5_M70,W5_M77,0.13861386138613863
W5_M70,W5_M78,0.0594059405940594
W5_M70,W5_M79,0.019801980198019802
W5_M70,W5_M80,0.019801980198019802
W5_M70,W5_M81,0.019801980198019802
W5_M70,W5_M82,0.019801980198019802
W5_M70,W5_M83,0.019801980198019802
W5_M70,W5_M84,0.019801980198019802
W5_M70,W5_M85,0.019801980198019802
W5_M70,W5_M86,0.019801980198019802
W5_M70,W5_M87,0.019801980198019802
W5_M70,W5_M88,0.019801980198019802
W5_M70,W5_M89,0.019801980198019802
W5_M70,W5_M90,0.019801980198019802
W5_M70,W5_M91,0.019801980198019802
W5_M70,W5_M92,0.019801980198019802
W5_M70,W5_M93,0.019801980198019802
W5_M70,W5_M94,0.019801980198019802
W5_M71,W5_M72,0.8118811881188119
W5_M71,W5_M73,0.594059405940594
W5_M71,W5_M74,0.4158415841584158
W5_M71,W5_M75,0.13861386138613863
W5_M71,W5_M76,0.0594059405940594
W5_M71,W5_M77,0.0594059405940594
W5_M71,W5_M78,0.019801980198019802
W5_M71,W5_M79,0.0594059405940594
W5_M71,W5_M80,0.019801980198019802
W5_M71,W5_M81,0.019801980198019802
W5_M71,W5_M82,0.039603960396039604
W5_M71,W5_M83,0.039603960396039604
W5_M71,W5_M84,0.039603960396039604
W5_M71,W5_M85,0.019801980198019802
W5_M71,W5_M86,0.019801980198019802
W5_M71,W5_M87,0.019801980198019802
W5_M71,W5_M88,0.019801980198019802
W5_M71,W5_M89,0.019801980198019802
W5_M71,W5_M90,0.019801980198019802
W5_M71,W5_M91,0.019801980198019802
W5_M71,W5_M92,0.019801980198019802
W5_M71,W5_M93,0.019801980198019802
W5_M71,W5_M94,0.019801980198019802
W5_M72,W5_M73,0.9108910891089109
W5_M72,W5_M74,0.693069306930693
W5_M72,W5_M75,0.2376237623762376
W5_M72,W5_M76,0.19801980198019803
W5_M72,W5_M77,0.19801980198019803
W5_M72,W5_M78,0.13861386138613863
W5_M72,W5_M79,0.1188118811881188
W5_M72,W5_M80,0.07920792079207921
W5_M72,W5_M81,0.1188118811881188
W5_M72,W5_M82,0.039603960396039604
W5_M72,W5_M83,0.019801980198019802
W5_M72,W5_M84,0.039603960396039604
W5_M72,W5_M85,0.019801980198019802
W5_M72,W5_M86,0.019801980198019802
W5_M72,W5_M87,0.019801980198019802
W5_M72,W5_M88,0.019801980198019802
W5_M72,W5_M89,0.019801980198019802
W5_M72,W5_M90,0.019801980198019802
W5_M72,W5_M91,0.019801980198019802
W5_M72,W5_M92,0.019801980198019802
W5_M72,W5_M93,0.019801980198019802
W5_M72,W5_M94,0.019801980198019802
W5_M73,W5_M74,0.7722772277227723
W5_M73,W5_M75,0.15841584158415842
W5_M73,W5_M76,0.1188118811881188
W5_M73,W5_M77,0.1188118811881188
W5_M73,W5_M78,0.039603960396039604
W5_M73,W5_M79,0.13861386138613863
W5_M73,W5_M80,0.07920792079207921
W5_M73,W5_M81,0.0594059405940594
W5_M73,W5_M82,0.039603960396039604
W5_M73,W5_M83,0.0594059405940594
W5_M73,W5_M84,0.07920792079207921
W5_M73,W5_M85,0.019801980198019802
W5_M73,W5_M86,0.019801980198019802
W5_M73,W5_M87,0.019801980198019802
W5_M73,W5_M88,0.019801980198019802
W5_M73,W5_M89,0.019801980198019802
W5_M73,W5_M90,0.019801980198019802
W5_M73,W5_M91,0.019801980198019802
W5_M73,W5_M92,0.019801980198019802
W5_M73,W5_M93,0.019801980198019802
W5_M73,W5_M94,0.019801980198019802
W5_M74,W5_M75,0.7920792079207921
W5_M74,W5_M76,0.43564356435643564
W5_M74,W5_M77,0.15841584158415842
W5_M74,W5_M78,0.25742574257425743
W5_M74,W5_M79,0.33663366336633666
W5_M74,W5_M80,0.1782178217821782
W5_M74,W5_M81,0.039603960396039604
W5_M74,W5_M82,0.07920792079207921
W5_M74,W5_M83,0.13861386138613863
W5_M74,W5_M84,0.019801980198019802
W5_M74,W5_M85,0.019801980198019802
W5_M74,W5_M86,0.019801980198019802
W5_M74,W5_M87,0.019801980198019802
W5_M74,W5_M88,0.019801980198019802
W5_M74,W5_M89,0.019801980198019802
W5_M74,W5_M90,0.019801980198019802
W5_M74,W5_M91,0.019801980198019802
W5_M74,W5_M92,0.019801980198019802
W5_M74,W5_M93,0.019801980198019802
W5_M74,W5_M94,0.019801980198019802
W5_M75,W5_M76,0.49504950495049505
W5_M75,W5_M77,0.7128712871287128
W5_M75,W5_M78,0.21782178217821782
W5_M75,W5_M79,0.33663366336633666
W5_M75,W5_M80,0.4752475247524752
W5_M75,W5_M81,0.4158415841584158
W5_M75,W5_M82,0.15841584158415842
W5_M75,W5_M83,0.15841584158415842
W5_M75,W5_M84,0.13861386138613863
W5_M75,W5_M85,0.039603960396039604
W5_M75,W5_M86,0.019801980198019802
W5_M75,W5_M87,0.019801980198019802
W5_M75,W5_M88,0.039603960396039604
W5_M75,W5_M89,0.019801980198019802
W5_M75,W5_M90,0.019801980198019802
W5_M75,W5_M91,0.019801980198019802
W5_M75,W5_M92,0.019801980198019802
W5_M75,W5_M93,0.019801980198019802
W5_M75,W5_M94,0.019801980198019802
W5_M76,W5_M77,0.9504950495049505
W5_M76,W5_M78,0.6732673267326733
W5_M76,W5_M79,0.7128712871287128
W5_M76,W5_M80,0.693069306930693
W5_M76,W5_M81,0.8514851485148515
W5_M76,W5_M82,0.45544554455445546
W5_M76,W5_M83,0.31683168316831684
W5_M76,W5_M84,0.13861386138613863
W5_M76,W5_M85,0.1782178217821782
W5_M76,W5_M86,0.1782178217821782
W5_M76,W5_M87,0.019801980198019802
W5_M76,W5_M88,0.039603960396039604
W5_M76,W5_M89,0.039603960396039604
W5_M76,W5_M90,0.039603960396039604
W5_M76,W5_M91,0.019801980198019802
W5_M76,W5_M92,0.019801980198019802
W5_M76,W5_M93,0.019801980198019802
W5_M76,W5_M94,0.019801980198019802
W5_M77,W5_M78,0.7524752475247525
W5_M77,W5_M79,0.8316831683168316
W5_M77,W5_M80,0.7920792079207921
W5_M77,W5_M81,0.45544554455445546
W5_M77,W5_M82,0.39603960396039606
W5_M77,W5_M83,0.45544554455445546
W5_M77,W5_M84,0.25742574257425743
W5_M77,W5_M85,0.0594059405940594
W5_M77,W5_M86,0.019801980198019802
W5_M77,W5_M87,0.019801980198019802
W5_M77,W5_M88,0.019801980198019802
W5_M77,W5_M89,0.039603960396039604
W5_M77,W5_M90,0.019801980198019802
W5_M77,W5_M91,0.019801980198019802
W5_M77,W5_M92,0.019801980198019802
W5_M77,W5_M93,0.019801980198019802
W5_M77,W5_M94,0.019801980198019802
W5_M78,W5_M79,0.7920792079207921
W5_M78,W5_M80,0.8910891089108911
W5_M78,W5_M81,0.9108910891089109
W5_M78,W5_M82,0.7524752475247525
W5_M78,W5_M83,0.594059405940594
W5_M78,W5_M84,0.3564356435643564
W5_M78,W5_M85,0.09900990099009901
W5_M78,W5_M86,0.1188118811881188
W5_M78,W5_M87,0.039603960396039604
W5_M78,W5_M88,0.019801980198019802
W5_M78,W5_M89,0.019801980198019802
W5_M78,W5_M90,0.039603960396039604
W5_M78,W5_M91,0.039603960396039604
W5_M78,W5_M92,0.019801980198019802
W5_M78,W5_M93,0.019801980198019802
W5_M78,W5_M94,0.019801980198019802
W5_M79,W5_M80,0.6534653465346535
W5_M79,W5_M81,0.9900990099009901
W5_M79,W5_M82,0.7326732673267327
W5_M79,W5_M83,0.15841584158415842
W5_M79,W5_M84,0.39603960396039606
W5_M79,W5_M85,0.15841584158415842
W5_M79,W5_M86,0.297029702970297
W5_M79,W5_M87,0.019801980198019802
W5_M79,W5_M88,0.019801980198019802
W5_M79,W5_M89,0.019801980198019802
W5_M79,W5_M90,0.019801980198019802
W5_M79,W5_M91,0.0594059405940594
W5_M79,W5_M92,0.019801980198019802
W5_M79,W5_M93,0.019801980198019802
W5_M79,W5_M94,0.019801980198019802
W5_M80,W5_M81,0.9306930693069307
W5_M80,W5_M82,0.6336633663366337
W5_M80,W5_M83,0.6732673267326733
W5_M80,W5_M84,0.8118811881188119
W5_M80,W5_M85,0.3564356435643564
W5_M80,W5_M86,0.19801980198019803
W5_M80,W5_M87,0.0594059405940594
W5_M80,W5_M88,0.019801980198019802
W5_M80,W5_M89,0.019801980198019802
W5_M80,W5_M90,0.019801980198019802
W5_M80,W5_M91,0.039603960396039604
W5_M80,W5_M92,0.019801980198019802
W5_M80,W5_M93,0.019801980198019802
W5_M80,W5_M94,0.019801980198019802
W5_M81,W5_M82,0.7920792079207921
W5_M81,W5_M83,0.7524752475247525
W5_M81,W5_M84,0.693069306930693
W5_M81,W5_M85,0.039603960396039604
W5_M81,W5_M86,0.0594059405940594
W5_M81,W5_M87,0.0594059405940594
W5_M81,W5_M88,0.019801980198019802
W5_M81,W5_M89,0.0594059405940594
W5_M81,W5_M90,0.019801980198019802
W5_M81,W5_M91,0.019801980198019802
W5_M81,W5_M92,0.019801980198019802
W5_M81,W5_M93,0.019801980198019802
W5_M81,W5_M94,0.019801980198019802
W5_M82,W5_M83,0.9108910891089109
W5_M82,W5_M84,0.9900990099009901
W5_M82,W5_M85,0.5544554455445545
W5_M82,W5_M86,0.45544554455445546
W5_M82,W5_M87,0.15841584158415842
W5_M82,W5_M88,0.1188118811881188
W5_M82,W5_M89,0.0594059405940594
W5_M82,W5_M90,0.15841584158415842
W5_M82,W5_M91,0.0594059405940594
W5_M82,W5_M92,0.019801980198019802
W5_M82,W5_M93,0.019801980198019802
W5_M82,W5_M94,0.019801980198019802
W5_M83,W5_M84,0.8712871287128713
W5_M83,W5_M85,0.5148514851485149
W5_M83,W5_M86,0.4752475247524752
W5_M83,W5_M87,0.0594059405940594
W5_M83,W5_M88,0.13861386138613863
W5_M83,W5_M89,0.0594059405940594
W5_M83,W5_M90,0.07920792079207921
W5_M83,W5_M91,0.0594059405940594
W5_M83,W5_M92,0.07920792079207921
W5_M83,W5_M93,0.019801980198019802
W5_M83,W5_M94,0.019801980198019802
W5_M84,W5_M85,0.43564356435643564
W5_M84,W5_M86,0.7128712871287128
W5_M84,W5_M87,0.019801980198019802
W5_M84,W5_M88,0.1188118811881188
W5_M84,W5_M89,0.13861386138613863
W5_M84,W5_M90,0.039603960396039604
W5_M84,W5_M91,0.019801980198019802
W5_M84,W5_M92,0.019801980198019802
W5_M84,W5_M93,0.019801980198019802
W5_M84,W5_M94,0.019801980198019802
W5_M85,W5_M86,0.8316831683168316
W5_M85,W5_M87,0.4752475247524752
W5_M85,W5_M88,0.1782178217821782
W5_M85,W5_M89,0.27722772277227725
W5_M85,W5_M90,0.1782178217821782
W5_M85,W5_M91,0.039603960396039604
W5_M85,W5_M92,0.039603960396039604
W5_M85,W5_M93,0.019801980198019802
W5_M85,W5_M94,0.019801980198019802
W5_M86,W5_M87,0.4752475247524752
W5_M86,W5_M88,0.1188118811881188
W5_M86,W5_M89,0.37623762376237624
W5_M86,W5_M90,0.2376237623762376
W5_M86,W5_M91,0.0594059405940594
W5_M86,W5_M92,0.019801980198019802
W5_M86,W5_M93,0.019801980198019802
W5_M86,W5_M94,0.019801980198019802
W5_M87,W5_M88,0.9108910891089109
W5_M87,W5_M89,0.6534653465346535
W5_M87,W5_M90,0.7722772277227723
W5_M87,W5_M91,0.594059405940594
W5_M87,W5_M92,0.37623762376237624
W5_M87,W5_M93,0.09900990099009901
W5_M87,W5_M94,0.019801980198019802
W5_M88,W5_M89,0.9504950495049505
W5_M88,W5_M90,0.8712871287128713
W5_M88,W5_M91,0.8910891089108911
W5_M88,W5_M92,0.019801980198019802
W5_M88,W5_M93,0.019801980198019802
W5_M88,W5_M94,0.019801980198019802
W5_M89,W5_M90,0.9702970297029703
W5_M89,W5_M91,0.9108910891089109
W5_M89,W5_M92,0.6138613861386139
W5_M89,W5_M93,0.31683168316831684
W5_M89,W5_M94,0.09900990099009901
W5_M90,W5_M91,0.3564356435643564
W5_M90,W5_M92,0.45544554455445546
W5_M90,W5_M93,0.0594059405940594
W5_M90,W5_M94,0.019801980198019802
W5_M91,W5_M92,0.33663366336633666
W5_M91,W5_M93,0.1188118811881188
W5_M91,W5_M94,0.09900990099009901
W5_M92,W5_M93,0.07920792079207921
W5_M92,W5_M94,0.019801980198019802
W5_M93,W5_M94,0.039603960396039604
W5_M2,W5_M1,0.297029702970297
W5_M3,W5_M1,0.31683168316831684
W5_M4,W5_M1,0.39603960396039606
W5_M5,W5_M1,0.21782178217821782
W5_M6,W5_M1,0.45544554455445546
W5_M7,W5_M1,0.25742574257425743
W5_M8,W5_M1,0.27722772277227725
W5_M9,W5_M1,0.15841584158415842
W5_M10,W5_M1,0.1188118811881188
W5_M11,W5_M1,0.1782178217821782
W5_M12,W5_M1,0.25742574257425743
W5_M13,W5_M1,0.15841584158415842
W5_M14,W5_M1,0.0594059405940594
W5_M15,W5_M1,0.13861386138613863
W5_M16,W5_M1,0.0594059405940594
W5_M17,W5_M1,0.0594059405940594
W5_M18,W5_M1,0.039603960396039604
W5_M19,W5_M1,0.07920792079207921
W5_M20,W5_M1,0.07920792079207921
W5_M21,W5_M1,0.09900990099009901
W5_M22,W5_M1,0.019801980198019802
W5_M23,W5_M1,0.07920792079207921
W5_M24,W5_M1,0.039603960396039604
W5_M25,W5_M1,0.039603960396039604
W5_M26,W5_M1,0.07920792079207921
W5_M27,W5_M1,0.039603960396039604
W5_M28,W5_M1,0.0594059405940594
W5_M29,W5_M1,0.019801980198019802
W5_M30,W5_M1,0.019801980198019802
W5_M31,W5_M1,0.07920792079207921
W5_M32,W5_M1,0.019801980198019802
W5_M33,W5_M1,0.07920792079207921
W5_M34,W5_M1,0.0594059405940594
W5_M35,W5_M1,0.21782178217821782
W5_M36,W5_M1,0.0594059405940594
W5_M37,W5_M1,0.07920792079207921
W5_M38,W5_M1,0.0594059405940594
W5_M39,W5_M1,0.039603960396039604
W5_M40,W5_M1,0.019801980198019802
W5_M41,W5_M1,0.039603960396039604
W5_M42,W5_M1,0.0594059405940594
W5_M43,W5_M1,0.019801980198019802
W5_M44,W5_M1,0.039603960396039604
W5_M45,W5_M1,0.019801980198019802
W5_M46,W5_M1,0.019801980198019802
W5_M47,W5_M1,0.07920792079207921
W5_M48,W5_M1,0.07920792079207921
W5_M49,W5_M1,0.0594059405940594
W5_M50,W5_M1,0.039603960396039604
W5_M51,W5_M1,0.039603960396039604
W5_M52,W5_M1,0.019801980198019802
W5_M53,W5_M1,0.019801980198019802
W5_M54,W5_M1,0.039603960396039604
W5_M55,W5_M1,0.019801980198019802
W5_M56,W5_M1,0.019801980198019802
W5_M57,W5_M1,0.019801980198019802
W5_M58,W5_M1,0.019801980198019802
W5_M59,W5_M1,0.019801980198019802
W5_M60,W5_M1,0.019801980198019802
W5_M61,W5_M1,0.019801980198019802
W5_M62,W5_M1,0.039603960396039604
W5_M63,W5_M1,0.019801980198019802
W5_M64,W5_M1,0.019801980198019802
W5_M65,W5_M1,0.019801980198019802
W5_M66,W5_M1,0.019801980198019802
W5_M67,W5_M1,0.019801980198019802
W5_M68,W5_M1,0.019801980198019802
W5_M69,W5_M1,0.019801980198019802
W5_M70,W5_M1,0.019801980198019802
W5_M71,W5_M1,0.019801980198019802
W5_M72,W5_M1,0.019801980198019802
W5_M73,W5_M1,0.019801980198019802
W5_M74,W5_M1,0.019801980198019802
W5_M75,W5_M1,0.019801980198019802
W5_M76,W5_M1,0.019801980198019802
W5_M77,W5_M1,0.019801980198019802
W5_M78,W5_M1,0.019801980198019802
W5_M79,W5_M1,0.019801980198019802
W5_M80,W5_M1,0.019801980198019802
W5_M81,W5_M1,0.019801980198019802
W5_M82,W5_M1,0.019801980198019802
W5_M83,W5_M1,0.019801980198019802
W5_M84,W5_M1,0.019801980198019802
W5_M85,W5_M1,0.019801980198019802
W5_M86,W5_M1,0.019801980198019802
W5_M87,W5_M1,0.019801980198019802
W5_M88,W5_M1,0.019801980198019802
W5_M89,W5_M1,0.019801980198019802
W5_M90,W5_M1,0.019801980198019802
W5_M91,W5_M1,0.019801980198019802
W5_M92,W5_M1,0.019801980198019802
W5_M93,W5_M1,0.019801980198019802
W5_M94,W5_M1,0.019801980198019802
W5_M3,W5_M2,0.9702970297029703
W5_M4,W5_M2,0.9900990099009901
W5_M5,W5_M2,0.9900990099009901
W5_M6,W5_M2,0.9108910891089109
W5_M7,W5_M2,0.6138613861386139
W5_M8,W5_M2,0.594059405940594
W5_M9,W5_M2,0.33663366336633666
W5_M10,W5_M2,0.19801980198019803
W5_M11,W5_M2,0.13861386138613863
W5_M12,W5_M2,0.33663366336633666
W5_M13,W5_M2,0.19801980198019803
W5_M14,W5_M2,0.039603960396039604
W5_M15,W5_M2,0.0594059405940594
W5_M16,W5_M2,0.13861386138613863
W5_M17,W5_M2,0.0594059405940594
W5_M18,W5_M2,0.0594059405940594
W5_M19,W5_M2,0.1188118811881188
W5_M20,W5_M2,0.039603960396039604
W5_M21,W5_M2,0.07920792079207921
W5_M22,W5_M2,0.039603960396039604
W5_M23,W5_M2,0.039603960396039604
W5_M24,W5_M2,0.0594059405940594
W5_M25,W5_M2,0.07920792079207921
W5_M26,W5_M2,0.0594059405940594
W5_M27,W5_M2,0.07920792079207921
W5_M28,W5_M2,0.09900990099009901
W5_M29,W5_M2,0.039603960396039604
W5_M30,W5_M2,0.0594059405940594
W5_M31,W5_M2,0.019801980198019802
W5_M32,W5_M2,0.0594059405940594
W5_M33,W5_M2,0.0594059405940594
W5_M34,W5_M2,0.039603960396039604
W5_M35,W5_M2,0.21782178217821782
W5_M36,W5_M2,0.039603960396039604
W5_M37,W5_M2,0.019801980198019802
W5_M38,W5_M2,0.019801980198019802
W5_M39,W5_M2,0.039603960396039604
W5_M40,W5_M2,0.019801980198019802
W5_M41,W5_M2,0.019801980198019802
W5_M42,W5_M2,0.039603960396039604
W5_M43,W5_M2,0.1188118811881188
W5_M44,W5_M2,0.019801980198019802
W5_M45,W5_M2,0.019801980198019802
W5_M46,W5_M2,0.039603960396039604
W5_M47,W5_M2,0.019801980198019802
W5_M48,W5_M2,0.0594059405940594
W5_M49,W5_M2,0.019801980198019802
W5_M50,W5_M2,0.019801980198019802
W5_M51,W5_M2,0.039603960396039604
W5_M52,W5_M2,0.019801980198019802
W5_M53,W5_M2,0.019801980198019802
W5_M54,W5_M2,0.07920792079207921
W5_M55,W5_M2,0.019801980198019802
W5_M56,W5_M2,0.019801980198019802
W5_M57,W5_M2,0.019801980198019802
W5_M58,W5_M2,0.039603960396039604
W5_M59,W5_M2,0.019801980198019802
W5_M60,W5_M2,0.019801980198019802
W5_M61,W5_M2,0.019801980198019802
W5_M62,W5_M2,0.019801980198019802
W5_M63,W5_M2,0.019801980198019802
W5_M64,W5_M2,0.019801980198019802
W5_M65,W5_M2,0.019801980198019802
W5_M66,W5_M2,0.019801980198019802
W5_M67,W5_M2,0.019801980198019802
W5_M68,W5_M2,0.019801980198019802
W5_M69,W5_M2,0.019801980198019802
W5_M70,W5_M2,0.019801980198019802
W5_M71,W5_M2,0.019801980198019802
W5_M72,W5_M2,0.019801980198019802
W5_M73,W5_M2,0.019801980198019802
W5_M74,W5_M2,0.019801980198019802
W5_M75,W5_M2,0.019801980198019802
W5_M76,W5_M2,0.019801980198019802
W5_M77,W5_M2,0.019801980198019802
W5_M78,W5_M2,0.019801980198019802
W5_M79,W5_M2,0.019801980198019802
W5_M80,W5_M2,0.019801980198019802
W5_M81,W5_M2,0.019801980198019802
W5_M82,W5_M2,0.019801980198019802
W5_M83,W5_M2,0.019801980198019802
W5_M84,W5_M2,0.019801980198019802
W5_M85,W5_M2,0.019801980198019802
W5_M86,W5_M2,0.019801980198019802
W5_M87,W5_M2,0.019801980198019802
W5_M88,W5_M2,0.019801980198019802
W5_M89,W5_M2,0.019801980198019802
W5_M90,W5_M2,0.019801980198019802
W5_M91,W5_M2,0.019801980198019802
W5_M92,W5_M2,0.019801980198019802
W5_M93,W5_M2,0.019801980198019802
W5_M94,W5_M2,0.019801980198019802
W5_M4,W5_M3,0.7722772277227723
W5_M5,W5_M3,0.9108910891089109
W5_M6,W5_M3,0.7920792079207921
W5_M7,W5_M3,0.6534653465346535
W5_M8,W5_M3,0.5148514851485149
W5_M9,W5_M3,0.43564356435643564
W5_M10,W5_M3,0.15841584158415842
W5_M11,W5_M3,0.1188118811881188
W5_M12,W5_M3,0.5148514851485149
W5_M13,W5_M3,0.2376237623762376
W5_M14,W5_M3,0.07920792079207921
W5_M15,W5_M3,0.09900990099009901
W5_M16,W5_M3,0.07920792079207921
W5_M17,W5_M3,0.1188118811881188
W5_M18,W5_M3,0.09900990099009901
W5_M19,W5_M3,0.039603960396039604
W5_M20,W5_M3,0.0594059405940594
W5_M21,W5_M3,0.039603960396039604
W5_M22,W5_M3,0.09900990099009901
W5_M23,W5_M3,0.039603960396039604
W5_M24,W5_M3,0.0594059405940594
W5_M25,W5_M3,0.1188118811881188
W5_M26,W5_M3,0.13861386138613863
W5_M27,W5_M3,0.07920792079207921
W5_M28,W5_M3,0.0594059405940594
W5_M29,W5_M3,0.039603960396039604
W5_M30,W5_M3,0.0594059405940594
W5_M31,W5_M3,0.0594059405940594
W5_M32,W5_M3,0.039603960396039604
W5_M33,W5_M3,0.019801980198019802
W5_M34,W5_M3,0.019801980198019802
W5_M35,W5_M3,0.19801980198019803
W5_M36,W5_M3,0.019801980198019802
W5_M37,W5_M3,0.0594059405940594
W5_M38,W5_M3,0.039603960396039604
W5_M39,W5_M3,0.0594059405940594
W5_M40,W5_M3,0.07920792079207921
W5_M41,W5_M3,0.0594059405940594
W5_M42,W5_M3,0.07920792079207921
W5_M43,W5_M3,0.0594059405940594
W5_M44,W5_M3,0.019801980198019802
W5_M45,W5_M3,0.0594059405940594
W5_M46,W5_M3,0.0594059405940594
W5_M47,W5_M3,0.019801980198019802
W5_M48,W5_M3,0.0594059405940594
W5_M49,W5_M3,0.0594059405940594
W5_M50,W5_M3,0.019801980198019802
W5_M51,W5_M3,0.019801980198019802
W5_M52,W5_M3,0.039603960396039604
W5_M53,W5_M3,0.019801980198019802
W5_M54,W5_M3,0.019801980198019802
W5_M55,W5_M3,0.019801980198019802
W5_M56,W5_M3,0.019801980198019802
W5_M57,W5_M3,0.019801980198019802
W5_M58,W5_M3,0.039603960396039604
W5_M59,W5_M3,0.019801980198019802
W5_M60,W5_M3,0.019801980198019802
W5_M61,W5_M3,0.019801980198019802
W5_M62,W5_M3,0.019801980198019802
W5_M63,W5_M3,0.039603960396039604
W5_M64,W5_M3,0.019801980198019802
W5_M65,W5_M3,0.019801980198019802
W5_M66,W5_M3,0.039603960396039604
W5_M67,W5_M3,0.019801980198019802
W5_M68,W5_M3,0.019801980198019802
W5_M69,W5_M3,0.019801980198019802
W5_M70,W5_M3,0.019801980198019802
W5_M71,W5_M3,0.019801980198019802
W5_M72,W5_M3,0.019801980198019802
W5_M73,W5_M3,0.019801980198019802
W5_M74,W5_M3,0.019801980198019802
W5_M75,W5_M3,0.019801980198019802
W5_M76,W5_M3,0.019801980198019802
W5_M77,W5_M3,0.019801980198019802
W5_M78,W5_M3,0.019801980198019802
W5_M79,W5_M3,0.019801980198019802
W5_M80,W5_M3,0.019801980198019802
W5_M81,W5_M3,0.019801980198019802
W5_M82,W5_M3,0.019801980198019802
W5_M83,W5_M3,0.019801980198019802
W5_M84,W5_M3,0.019801980198019802
W5_M85,W5_M3,0.019801980198019802
W5_M86,W5_M3,0.019801980198019802
W5_M87,W5_M3,0.019801980198019802
W5_M88,W5_M3,0.019801980198019802
W5_M89,W5_M3,0.019801980198019802
W5_M90,W5_M3,0.019801980198019802
W5_M91,W5_M3,0.019801980198019802
W5_M92,W5_M3,0.019801980198019802
W5_M93,W5_M3,0.019801980198019802
W5_M94,W5_M3,0.019801980198019802
W5_M5,W5_M4,0.9702970297029703
W5_M6,W5_M4,0.7920792079207921
W5_M7,W5_M4,0.5346534653465347
W5_M8,W5_M4,0.45544554455445546
W5_M9,W5_M4,0.39603960396039606
W5_M10,W5_M4,0.2376237623762376
W5_M11,W5_M4,0.07920792079207921
W5_M12,W5_M4,0.297029702970297
W5_M13,W5_M4,0.2376237623762376
W5_M14,W5_M4,0.019801980198019802
W5_M15,W5_M4,0.0594059405940594
W5_M16,W5_M4,0.0594059405940594
W5_M17,W5_M4,0.07920792079207921
W5_M18,W5_M4,0.039603960396039604
W5_M19,W5_M4,0.07920792079207921
W5_M20,W5_M4,0.0594059405940594
W5_M21,W5_M4,0.07920792079207921
W5_M22,W5_M4,0.0594059405940594
W5_M23,W5_M4,0.07920792079207921
W5_M24,W5_M4,0.09900990099009901
W5_M25,W5_M4,0.019801980198019802
W5_M26,W5_M4,0.1188118811881188
W5_M27,W5_M4,0.09900990099009901
W5_M28,W5_M4,0.039603960396039604
W5_M29,W5_M4,0.039603960396039604
W5_M30,W5_M4,0.07920792079207921
W5_M31,W5_M4,0.0594059405940594
W5_M32,W5_M4,0.019801980198019802
W5_M33,W5_M4,0.019801980198019802
W5_M34,W5_M4,0.019801980198019802
W5_M35,W5_M4,0.1782178217821782
W5_M36,W5_M4,0.07920792079207921
W5_M37,W5_M4,0.039603960396039604
W5_M38,W5_M4,0.09900990099009901
W5_M39,W5_M4,0.039603960396039604
W5_M40,W5_M4,0.039603960396039604
W5_M41,W5_M4,0.039603960396039604
W5_M42,W5_M4,0.0594059405940594
W5_M43,W5_M4,0.039603960396039604
W5_M44,W5_M4,0.0594059405940594
W5_M45,W5_M4,0.039603960396039604
W5_M46,W5_M4,0.019801980198019802
W5_M47,W5_M4,0.039603960396039604
W5_M48,W5_M4,0.09900990099009901
W5_M49,W5_M4,0.019801980198019802
W5_M50,W5_M4,0.019801980198019802
W5_M51,W5_M4,0.019801980198019802
W5_M52,W5_M4,0.019801980198019802
W5_M53,W5_M4,0.039603960396039604
W5_M54,W5_M4,0.019801980198019802
W5_M55,W5_M4,0.019801980198019802
W5_M56,W5_M4,0.019801980198019802
W5_M57,W5_M4,0.019801980198019802
W5_M58,W5_M4,0.019801980198019802
W5_M59,W5_M4,0.019801980198019802
W5_M60,W5_M4,0.019801980198019802
W5_M61,W5_M4,0.019801980198019802
W5_M62,W5_M4,0.019801980198019802
W5_M63,W5_M4,0.019801980198019802
W5_M64,W5_M4,0.019801980198019802
W5_M65,W5_M4,0.019801980198019802
W5_M66,W5_M4,0.019801980198019802
W5_M67,W5_M4,0.019801980198019802
W5_M68,W5_M4,0.019801980198019802
W5_M69,W5_M4,0.019801980198019802
W5_M70,W5_M4,0.019801980198019802
W5_M71,W5_M4,0.019801980198019802
W5_M72,W5_M4,0.019801980198019802
W5_M73,W5_M4,0.019801980198019802
W5_M74,W5_M4,0.019801980198019802
W5_M75,W5_M4,0.019801980198019802
W5_M76,W5_M4,0.019801980198019802
W5_M77,W5_M4,0.019801980198019802
W5_M78,W5_M4,0.019801980198019802
W5_M79,W5_M4,0.019801980198019802
W5_M80,W5_M4,0.019801980198019802
W5_M81,W5_M4,0.019801980198019802
W5_M82,W5_M4,0.019801980198019802
W5_M83,W5_M4,0.019801980198019802
W5_M84,W5_M4,0.019801980198019802
W5_M85,W5_M4,0.019801980198019802
W5_M86,W5_M4,0.019801980198019802
W5_M87,W5_M4,0.019801980198019802
W5_M88,W5_M4,0.019801980198019802
W5_M89,W5_M4,0.019801980198019802
W5_M90,W5_M4,0.019801980198019802
W5_M91,W5_M4,0.019801980198019802
W5_M92,W5_M4,0.019801980198019802
W5_M93,W5_M4,0.019801980198019802
W5_M94,W5_M4,0.019801980198019802
W5_M6,W5_M5,0.9504950495049505
W5_M7,W5_M5,0.594059405940594
W5_M8,W5_M5,0.5742574257425742
W5_M9,W5_M5,0.43564356435643564
W5_M10,W5_M5,0.15841584158415842
W5_M11,W5_M5,0.09900990099009901
W5_M12,W5_M5,0.45544554455445546
W5_M13,W5_M5,0.13861386138613863
W5_M14,W5_M5,0.0594059405940594
W5_M15,W5_M5,0.1188118811881188
W5_M16,W5_M5,0.07920792079207921
W5_M17,W5_M5,0.1188118811881188
W5_M18,W5_M5,0.07920792079207921
W5_M19,W5_M5,0.09900990099009901
W5_M20,W5_M5,0.039603960396039604
W5_M21,W5_M5,0.09900990099009901
W5_M22,W5_M5,0.039603960396039604
W5_M23,W5_M5,0.039603960396039604
W5_M24,W5_M5,0.019801980198019802
W5_M25,W5_M5,0.039603960396039604
W5_M26,W5_M5,0.1188118811881188
W5_M27,W5_M5,0.039603960396039604
W5_M28,W5_M5,0.0594059405940594
W5_M29,W5_M5,0.07920792079207921
W5_M30,W5_M5,0.1188118811881188
W5_M31,W5_M5,0.019801980198019802
W5_M32,W5_M5,0.019801980198019802
W5_M33,W5_M5,0.0594059405940594
W5_M34,W5_M5,0.0594059405940594
W5_M35,W5_M5,0.13861386138613863
W5_M36,W5_M5,0.0594059405940594
W5_M37,W5_M5,0.0594059405940594
W5_M38,W5_M5,0.039603960396039604
W5_M39,W5_M5,0.019801980198019802
W5_M40,W5_M5,0.039603960396039604
W5_M41,W5_M5,0.0594059405940594
W5_M42,W5_M5,0.07920792079207921
W5_M43,W5_M5,0.0594059405940594
W5_M44,W5_M5,0.019801980198019802
W5_M45,W5_M5,0.039603960396039604
W5_M46,W5_M5,0.039603960396039604
W5_M47,W5_M5,0.019801980198019802
W5_M48,W5_M5,0.0594059405940594
W5_M49,W5_M5,0.019801980198019802
W5_M50,W5_M5,0.039603960396039604
W5_M51,W5_M5,0.07920792079207921
W5_M52,W5_M5,0.019801980198019802
W5_M53,W5_M5,0.019801980198019802
W5_M54,W5_M5,0.039603960396039604
W5_M55,W5_M5,0.039603960396039604
W5_M56,W5_M5,0.019801980198019802
W5_M57,W5_M5,0.019801980198019802
W5_M58,W5_M5,0.019801980198019802
W5_M59,W5_M5,0.019801980198019802
W5_M60,W5_M5,0.019801980198019802
W5_M61,W5_M5,0.019801980198019802
W5_M62,W5_M5,0.019801980198019802
W5_M63,W5_M5,0.019801980198019802
W5_M64,W5_M5,0.019801980198019802
W5_M65,W5_M5,0.019801980198019802
W5_M66,W5_M5,0.019801980198019802
W5_M67,W5_M5,0.019801980198019802
W5_M68,W5_M5,0.019801980198019802
W5_M69,W5_M5,0.019801980198019802
W5_M70,W5_M5,0.0594059405940594
W5_M71,W5_M5,0.019801980198019802
W5_M72,W5_M5,0.019801980198019802
W5_M73,W5_M5,0.019801980198019802
W5_M74,W5_M5,0.019801980198019802
W5_M75,W5_M5,0.019801980198019802
W5_M76,W5_M5,0.019801980198019802
W5_M77,W5_M5,0.019801980198019802
W5_M78,W5_M5,0.019801980198019802
W5_M79,W5_M5,0.019801980198019802
W5_M80,W5_M5,0.019801980198019802
W5_M81,W5_M5,0.019801980198019802
W5_M82,W5_M5,0.019801980198019802
W5_M83,W5_M5,0.019801980198019802
W5_M84,W5_M5,0.019801980198019802
W5_M85,W5_M5,0.019801980198019802
W5_M86,W5_M5,0.019801980198019802
W5_M87,W5_M5,0.019801980198019802
W5_M88,W5_M5,0.019801980198019802
W5_M89,W5_M5,0.019801980198019802
W5_M90,W5_M5,0.019801980198019802
W5_M91,W5_M5,0.019801980198019802
W5_M92,W5_M5,0.019801980198019802
W5_M93,W5_M5,0.019801980198019802
W5_M94,W5_M5,0.019801980198019802
W5_M7,W5_M6,0.7128712871287128
W5_M8,W5_M6,0.6732673267326733
W5_M9,W5_M6,0.25742574257425743
W5_M10,W5_M6,0.2376237623762376
W5_M11,W5_M6,0.1188118811881188
W5_M12,W5_M6,0.6534653465346535
W5_M13,W5_M6,0.1188118811881188
W5_M14,W5_M6,0.019801980198019802
W5_M15,W5_M6,0.039603960396039604
W5_M16,W5_M6,0.09900990099009901
W5_M17,W5_M6,0.039603960396039604
W5_M18,W5_M6,0.09900990099009901
W5_M19,W5_M6,0.1188118811881188
W5_M20,W5_M6,0.039603960396039604
W5_M21,W5_M6,0.039603960396039604
W5_M22,W5_M6,0.019801980198019802
W5_M23,W5_M6,0.039603960396039604
W5_M24,W5_M6,0.07920792079207921
W5_M25,W5_M6,0.09900990099009901
W5_M26,W5_M6,0.09900990099009901
W5_M27,W5_M6,0.019801980198019802
W5_M28,W5_M6,0.039603960396039604
W5_M29,W5_M6,0.039603960396039604
W5_M30,W5_M6,0.039603960396039604
W5_M31,W5_M6,0.039603960396039604
W5_M32,W5_M6,0.019801980198019802
W5_M33,W5_M6,0.0594059405940594
W5_M34,W5_M6,0.019801980198019802
W5_M35,W5_M6,0.19801980198019803
W5_M36,W5_M6,0.019801980198019802
W5_M37,W5_M6,0.019801980198019802
W5_M38,W5_M6,0.019801980198019802
W5_M39,W5_M6,0.0594059405940594
W5_M40,W5_M6,0.0594059405940594
W5_M41,W5_M6,0.019801980198019802
W5_M42,W5_M6,0.07920792079207921
W5_M43,W5_M6,0.039603960396039604
W5_M44,W5_M6,0.019801980198019802
W5_M45,W5_M6,0.0594059405940594
W5_M46,W5_M6,0.039603960396039604
W5_M47,W5_M6,0.07920792079207921
W5_M48,W5_M6,0.0594059405940594
W5_M49,W5_M6,0.019801980198019802
W5_M50,W5_M6,0.0594059405940594
W5_M51,W5_M6,0.039603960396039604
W5_M52,W5_M6,0.039603960396039604
W5_M53,W5_M6,0.039603960396039604
W5_M54,W5_M6,0.039603960396039604
W5_M55,W5_M6,0.019801980198019802
W5_M56,W5_M6,0.019801980198019802
W5_M57,W5_M6,0.039603960396039604
W5_M58,W5_M6,0.019801980198019802
W5_M59,W5_M6,0.019801980198019802
W5_M60,W5_M6,0.019801980198019802
W5_M61,W5_M6,0.019801980198019802
W5_M62,W5_M6,0.019801980198019802
W5_M63,W5_M6,0.019801980198019802
W5_M64,W5_M6,0.019801980198019802
W5_M65,W5_M6,0.019801980198019802
W5_M66,W5_M6,0.019801980198019802
W5_M67,W5_M6,0.019801980198019802
W5_M68,W5_M6,0.019801980198019802
W5_M69,W5_M6,0.019801980198019802
W5_M70,W5_M6,0.019801980198019802
W5_M71,W5_M6,0.019801980198019802
W5_M72,W5_M6,0.019801980198019802
W5_M73,W5_M6,0.019801980198019802
W5_M74,W5_M6,0.019801980198019802
W5_M75,W5_M6,0.019801980198019802
W5_M76,W5_M6,0.019801980198019802
W5_M77,W5_M6,0.019801980198019802
W5_M78,W5_M6,0.019801980198019802
W5_M79,W5_M6,0.019801980198019802
W5_M80,W5_M6,0.019801980198019802
W5_M81,W5_M6,0.019801980198019802
W5_M82,W5_M6,0.019801980198019802
W5_M83,W5_M6,0.019801980198019802
W5_M84,W5_M6,0.019801980198019802
W5_M85,W5_M6,0.019801980198019802
W5_M86,W5_M6,0.019801980198019802
W5_M87,W5_M6,0.019801980198019802
W5_M88,W5_M6,0.019801980198019802
W5_M89,W5_M6,0.019801980198019802
W5_M90,W5_M6,0.019801980198019802
W5_M91,W5_M6,0.019801980198019802
W5_M92,W5_M6,0.019801980198019802
W5_M93,W5_M6,0.019801980198019802
W5_M94,W5_M6,0.019801980198019802
W5_M8,W5_M7,1.00990099009901
W5_M9,W5_M7,0.594059405940594
W5_M10,W5_M7,0.3564356435643564
W5_M11,W5_M7,0.0594059405940594
W5_M12,W5_M7,0.5742574257425742
W5_M13,W5_M7,0.13861386138613863
W5_M14,W5_M7,0.0594059405940594
W5_M15,W5_M7,0.15841584158415842
W5_M16,W5_M7,0.13861386138613863
W5_M17,W5_M7,0.039603960396039604
W5_M18,W5_M7,0.07920792079207921
W5_M19,W5_M7,0.1188118811881188
W5_M20,W5_M7,0.039603960396039604
W5_M21,W5_M7,0.07920792079207921
W5_M22,W5_M7,0.0594059405940594
W5_M23,W5_M7,0.039603960396039604
W5_M24,W5_M7,0.07920792079207921
W5_M25,W5_M7,0.07920792079207921
W5_M26,W5_M7,0.1782178217821782
W5_M27,W5_M7,0.0594059405940594
W5_M28,W5_M7,0.039603960396039604
W5_M29,W5_M7,0.07920792079207921
W5_M30,W5_M7,0.0594059405940594
W5_M31,W5_M7,0.0594059405940594
W5_M32,W5_M7,0.07920792079207921
W5_M33,W5_M7,0.039603960396039604
W5_M34,W5_M7,0.1188118811881188
W5_M35,W5_M7,0.297029702970297
W5_M36,W5_M7,0.09900990099009901
W5_M37,W5_M7,0.019801980198019802
W5_M38,W5_M7,0.0594059405940594
W5_M39,W5_M7,0.07920792079207921
W5_M40,W5_M7,0.039603960396039604
W5_M41,W5_M7,0.039603960396039604
W5_M42,W5_M7,0.0594059405940594
W5_M43,W5_M7,0.039603960396039604
W5_M44,W5_M7,0.07920792079207921
W5_M45,W5_M7,0.0594059405940594
W5_M46,W5_M7,0.019801980198019802
W5_M47,W5_M7,0.07920792079207921
W5_M48,W5_M7,0.019801980198019802
W5_M49,W5_M7,0.019801980198019802
W5_M50,W5_M7,0.0594059405940594
W5_M51,W5_M7,0.019801980198019802
W5_M52,W5_M7,0.019801980198019802
W5_M53,W5_M7,0.0594059405940594
W5_M54,W5_M7,0.019801980198019802
W5_M55,W5_M7,0.019801980198019802
W5_M56,W5_M7,0.039603960396039604
W5_M57,W5_M7,0.019801980198019802
W5_M58,W5_M7,0.019801980198019802
W5_M59,W5_M7,0.019801980198019802
W5_M60,W5_M7,0.019801980198019802
W5_M61,W5_M7,0.019801980198019802
W5_M62,W5_M7,0.019801980198019802
W5_M63,W5_M7,0.019801980198019802
W5_M64,W5_M7,0.019801980198019802
W5_M65,W5_M7,0.019801980198019802
W5_M66,W5_M7,0.039603960396039604
W5_M67,W5_M7,0.039603960396039604
W5_M68,W5_M7,0.019801980198019802
W5_M69,W5_M7,0.019801980198019802
W5_M70,W5_M7,0.039603960396039604
W5_M71,W5_M7,0.019801980198019802
W5_M72,W5_M7,0.019801980198019802
W5_M73,W5_M7,0.019801980198019802
W5_M74,W5_M7,0.019801980198019802
W5_M75,W5_M7,0.019801980198019802
W5_M76,W5_M7,0.019801980198019802
W5_M77,W5_M7,0.019801980198019802
W5_M78,W5_M7,0.019801980198019802
W5_M79,W5_M7,0.019801980198019802
W5_M80,W5_M7,0.019801980198019802
W5_M81,W5_M7,0.019801980198019802
W5_M82,W5_M7,0.019801980198019802
W5_M83,W5_M7,0.019801980198019802
W5_M84,W5_M7,0.019801980198019802
W5_M85,W5_M7,0.019801980198019802
W5_M86,W5_M7,0.019801980198019802
W5_M87,W5_M7,0.019801980198019802
W5_M88,W5_M7,0.019801980198019802
W5_M89,W5_M7,0.019801980198019802
W5_M90,W5_M7,0.019801980198019802
W5_M91,W5_M7,0.019801980198019802
W5_M92,W5_M7,0.019801980198019802
W5_M93,W5_M7,0.019801980198019802
W5_M94,W5_M7,0.019801980198019802
W5_M9,W5_M8,0.7326732673267327
W5_M10,W5_M8,0.19801980198019803
W5_M11,W5_M8,0.19801980198019803
W5_M12,W5_M8,0.5544554455445545
W5_M13,W5_M8,0.15841584158415842
W5_M14,W5_M8,0.09900990099009901
W5_M15,W5_M8,0.1782178217821782
W5_M16,W5_M8,0.0594059405940594
W5_M17,W5_M8,0.0594059405940594
W5_M18,W5_M8,0.1188118811881188
W5_M19,W5_M8,0.13861386138613863
W5_M20,W5_M8,0.09900990099009901
W5_M21,W5_M8,0.1188118811881188
W5_M22,W5_M8,0.0594059405940594
W5_M23,W5_M8,0.07920792079207921
W5_M24,W5_M8,0.039603960396039604
W5_M25,W5_M8,0.0594059405940594
W5_M26,W5_M8,0.039603960396039604
W5_M27,W5_M8,0.07920792079207921
W5_M28,W5_M8,0.019801980198019802
W5_M29,W5_M8,0.0594059405940594
W5_M30,W5_M8,0.0594059405940594
W5_M31,W5_M8,0.039603960396039604
W5_M32,W5_M8,0.07920792079207921
W5_M33,W5_M8,0.07920792079207921
W5_M34,W5_M8,0.07920792079207921
W5_M35,W5_M8,0.2376237623762376
W5_M36,W5_M8,0.07920792079207921
W5_M37,W5_M8,0.0594059405940594
W5_M38,W5_M8,0.15841584158415842
W5_M39,W5_M8,0.039603960396039604
W5_M40,W5_M8,0.039603960396039604
W5_M41,W5_M8,0.07920792079207921
W5_M42,W5_M8,0.0594059405940594
W5_M43,W5_M8,0.1188118811881188
W5_M44,W5_M8,0.07920792079207921
W5_M45,W5_M8,0.0594059405940594
W5_M46,W5_M8,0.0594059405940594
W5_M47,W5_M8,0.019801980198019802
W5_M48,W5_M8,0.019801980198019802
W5_M49,W5_M8,0.039603960396039604
W5_M50,W5_M8,0.039603960396039604
W5_M51,W5_M8,0.0594059405940594
W5_M52,W5_M8,0.0594059405940594
W5_M53,W5_M8,0.019801980198019802
W5_M54,W5_M8,0.039603960396039604
W5_M55,W5_M8,0.019801980198019802
W5_M56,W5_M8,0.019801980198019802
W5_M57,W5_M8,0.0594059405940594
W5_M58,W5_M8,0.019801980198019802
W5_M59,W5_M8,0.019801980198019802
W5_M60,W5_M8,0.019801980198019802
W5_M61,W5_M8,0.019801980198019802
W5_M62,W5_M8,0.019801980198019802
W5_M63,W5_M8,0.019801980198019802
W5_M64,W5_M8,0.019801980198019802
W5_M65,W5_M8,0.019801980198019802
W5_M66,W5_M8,0.039603960396039604
W5_M67,W5_M8,0.019801980198019802
W5_M68,W5_M8,0.019801980198019802
W5_M69,W5_M8,0.019801980198019802
W5_M70,W5_M8,0.019801980198019802
W5_M71,W5_M8,0.019801980198019802
W5_M72,W5_M8,0.019801980198019802
W5_M73,W5_M8,0.019801980198019802
W5_M74,W5_M8,0.019801980198019802
W5_M75,W5_M8,0.019801980198019802
W5_M76,W5_M8,0.019801980198019802
W5_M77,W5_M8,0.019801980198019802
W5_M78,W5_M8,0.019801980198019802
W5_M79,W5_M8,0.019801980198019802
W5_M80,W5_M8,0.019801980198019802
W5_M81,W5_M8,0.019801980198019802
W5_M82,W5_M8,0.019801980198019802
W5_M83,W5_M8,0.019801980198019802
W5_M84,W5_M8,0.019801980198019802
W5_M85,W5_M8,0.019801980198019802
W5_M86,W5_M8,0.019801980198019802
W5_M87,W5_M8,0.019801980198019802
W5_M88,W5_M8,0.019801980198019802
W5_M89,W5_M8,0.019801980198019802
W5_M90,W5_M8,0.019801980198019802
W5_M91,W5_M8,0.019801980198019802
W5_M92,W5_M8,0.019801980198019802
W5_M93,W5_M8,0.019801980198019802
W5_M94,W5_M8,0.019801980198019802
W5_M10,W5_M9,0.19801980198019803
W5_M11,W5_M9,0.1782178217821782
W5_M12,W5_M9,0.6534653465346535
W5_M13,W5_M9,0.25742574257425743
W5_M14,W5_M9,0.0594059405940594
W5_M15,W5_M9,0.1188118811881188
W5_M16,W5_M9,0.1782178217821782
W5_M17,W5_M9,0.1188118811881188
W5_M18,W5_M9,0.07920792079207921
W5_M19,W5_M9,0.13861386138613863
W5_M20,W5_M9,0.0594059405940594
W5_M21,W5_M9,0.1782178217821782
W5_M22,W5_M9,0.13861386138613863
W5_M23,W5_M9,0.07920792079207921
W5_M24,W5_M9,0.19801980198019803
W5_M25,W5_M9,0.039603960396039604
W5_M26,W5_M9,0.15841584158415842
W5_M27,W5_M9,0.13861386138613863
W5_M28,W5_M9,0.07920792079207921
W5_M29,W5_M9,0.07920792079207921
W5_M30,W5_M9,0.039603960396039604
W5_M31,W5_M9,0.0594059405940594
W5_M32,W5_M9,0.0594059405940594
W5_M33,W5_M9,0.039603960396039604
W5_M34,W5_M9,0.039603960396039604
W5_M35,W5_M9,0.4158415841584158
W5_M36,W5_M9,0.07920792079207921
W5_M37,W5_M9,0.0594059405940594
W5_M38,W5_M9,0.07920792079207921
W5_M39,W5_M9,0.0594059405940594
W5_M40,W5_M9,0.0594059405940594
W5_M41,W5_M9,0.13861386138613863
W5_M42,W5_M9,0.039603960396039604
W5_M43,W5_M9,0.039603960396039604
W5_M44,W5_M9,0.039603960396039604
W5_M45,W5_M9,0.0594059405940594
W5_M46,W5_M9,0.0594059405940594
W5_M47,W5_M9,0.019801980198019802
W5_M48,W5_M9,0.039603960396039604
W5_M49,W5_M9,0.039603960396039604
W5_M50,W5_M9,0.039603960396039604
W5_M51,W5_M9,0.09900990099009901
W5_M52,W5_M9,0.0594059405940594
W5_M53,W5_M9,0.019801980198019802
W5_M54,W5_M9,0.0594059405940594
W5_M55,W5_M9,0.019801980198019802
W5_M56,W5_M9,0.019801980198019802
W5_M57,W5_M9,0.019801980198019802
W5_M58,W5_M9,0.019801980198019802
W5_M59,W5_M9,0.019801980198019802
W5_M60,W5_M9,0.039603960396039604
W5_M61,W5_M9,0.019801980198019802
W5_M62,W5_M9,0.019801980198019802
W5_M63,W5_M9,0.019801980198019802
W5_M64,W5_M9,0.019801980198019802
W5_M65,W5_M9,0.039603960396039604
W5_M66,W5_M9,0.019801980198019802
W5_M67,W5_M9,0.019801980198019802
W5_M68,W5_M9,0.019801980198019802
W5_M69,W5_M9,0.019801980198019802
W5_M70,W5_M9,0.019801980198019802
W5_M71,W5_M9,0.019801980198019802
W5_M72,W5_M9,0.019801980198019802
W5_M73,W5_M9,0.019801980198019802
W5_M74,W5_M9,0.019801980198019802
W5_M75,W5_M9,0.019801980198019802
W5_M76,W5_M9,0.019801980198019802
W5_M77,W5_M9,0.019801980198019802
W5_M78,W5_M9,0.019801980198019802
W5_M79,W5_M9,0.019801980198019802
W5_M80,W5_M9,0.019801980198019802
W5_M81,W5_M9,0.019801980198019802
W5_M82,W5_M9,0.019801980198019802
W5_M83,W5_M9,0.019801980198019802
W5_M84,W5_M9,0.019801980198019802
W5_M85,W5_M9,0.019801980198019802
W5_M86,W5_M9,0.019801980198019802
W5_M87,W5_M9,0.019801980198019802
W5_M88,W5_M9,0.019801980198019802
W5_M89,W5_M9,0.019801980198019802
W5_M90,W5_M9,0.019801980198019802
W5_M91,W5_M9,0.019801980198019802
W5_M92,W5_M9,0.019801980198019802
W5_M93,W5_M9,0.019801980198019802
W5_M94,W5_M9,0.019801980198019802
W5_M11,W5_M10,0.7524752475247525
W5_M12,W5_M10,0.7128712871287128
W5_M13,W5_M10,0.6534653465346535
W5_M14,W5_M10,0.2376237623762376
W5_M15,W5_M10,0.3564356435643564
W5_M16,W5_M10,0.3564356435643564
W5_M17,W5_M10,0.297029702970297
W5_M18,W5_M10,0.33663366336633666
W5_M19,W5_M10,0.297029702970297
W5_M20,W5_M10,0.33663366336633666
W5_M21,W5_M10,0.4158415841584158
W5_M22,W5_M10,0.31683168316831684
W5_M23,W5_M10,0.2376237623762376
W5_M24,W5_M10,0.297029702970297
W5_M25,W5_M10,0.3564356435643564
W5_M26,W5_M10,0.4158415841584158
W5_M27,W5_M10,0.31683168316831684
W5_M28,W5_M10,0.2376237623762376
W5_M29,W5_M10,0.1782178217821782
W5_M30,W5_M10,0.27722772277227725
W5_M31,W5_M10,0.31683168316831684
W5_M32,W5_M10,0.1782178217821782
W5_M33,W5_M10,0.21782178217821782
W5_M34,W5_M10,0.297029702970297
W5_M35,W5_M10,0.8316831683168316
W5_M36,W5_M10,0.15841584158415842
W5_M37,W5_M10,0.27722772277227725
W5_M38,W5_M10,0.1782178217821782
W5_M39,W5_M10,0.19801980198019803
W5_M40,W5_M10,0.297029702970297
W5_M41,W5_M10,0.19801980198019803
W5_M42,W5_M10,0.1782178217821782
W5_M43,W5_M10,0.2376237623762376
W5_M44,W5_M10,0.1188118811881188
W5_M45,W5_M10,0.09900990099009901
W5_M46,W5_M10,0.13861386138613863
W5_M47,W5_M10,0.15841584158415842
W5_M48,W5_M10,0.297029702970297
W5_M49,W5_M10,0.0594059405940594
W5_M50,W5_M10,0.0594059405940594
W5_M51,W5_M10,0.07920792079207921
W5_M52,W5_M10,0.039603960396039604
W5_M53,W5_M10,0.039603960396039604
W5_M54,W5_M10,0.039603960396039604
W5_M55,W5_M10,0.039603960396039604
W5_M56,W5_M10,0.0594059405940594
W5_M57,W5_M10,0.0594059405940594
W5_M58,W5_M10,0.019801980198019802
W5_M59,W5_M10,0.019801980198019802
W5_M60,W5_M10,0.019801980198019802
W5_M61,W5_M10,0.019801980198019802
W5_M62,W5_M10,0.039603960396039604
W5_M63,W5_M10,0.019801980198019802
W5_M64,W5_M10,0.019801980198019802
W5_M65,W5_M10,0.019801980198019802
W5_M66,W5_M10,0.019801980198019802
W5_M67,W5_M10,0.019801980198019802
W5_M68,W5_M10,0.019801980198019802
W5_M69,W5_M10,0.039603960396039604
W5_M70,W5_M10,0.019801980198019802
W5_M71,W5_M10,0.019801980198019802
W5_M72,W5_M10,0.019801980198019802
W5_M73,W5_M10,0.019801980198019802
W5_M74,W5_M10,0.019801980198019802
W5_M75,W5_M10,0.019801980198019802
W5_M76,W5_M10,0.019801980198019802
W5_M77,W5_M10,0.019801980198019802
W5_M78,W5_M10,0.019801980198019802
W5_M79,W5_M10,0.019801980198019802
W5_M80,W5_M10,0.019801980198019802
W5_M81,W5_M10,0.019801980198019802
W5_M82,W5_M10,0.019801980198019802
W5_M83,W5_M10,0.019801980198019802
W5_M84,W5_M10,0.019801980198019802
W5_M85,W5_M10,0.019801980198019802
W5_M86,W5_M10,0.019801980198019802
W5_M87,W5_M10,0.019801980198019802
W5_M88,W5_M10,0.019801980198019802
W5_M89,W5_M10,0.019801980198019802
W5_M90,W5_M10,0.019801980198019802
W5_M91,W5_M10,0.019801980198019802
W5_M92,W5_M10,0.019801980198019802
W5_M93,W5_M10,0.019801980198019802
W5_M94,W5_M10,0.019801980198019802
W5_M12,W5_M11,0.5148514851485149
W5_M13,W5_M11,0.8514851485148515
W5_M14,W5_M11,0.7326732673267327
W5_M15,W5_M11,0.8514851485148515
W5_M16,W5_M11,0.7128712871287128
W5_M17,W5_M11,0.6732673267326733
W5_M18,W5_M11,0.7128712871287128
W5_M19,W5_M11,0.8316831683168316
W5_M20,W5_M11,0.8712871287128713
W5_M21,W5_M11,0.7920792079207921
W5_M22,W5_M11,0.7524752475247525
W5_M23,W5_M11,0.7326732673267327
W5_M24,W5_M11,0.7524752475247525
W5_M25,W5_M11,0.594059405940594
W5_M26,W5_M11,0.7128712871287128
W5_M27,W5_M11,0.6336633663366337
W5_M28,W5_M11,0.6534653465346535
W5_M29,W5_M11,0.693069306930693
W5_M30,W5_M11,0.7920792079207921
W5_M31,W5_M11,0.49504950495049505
W5_M32,W5_M11,0.5742574257425742
W5_M33,W5_M11,0.49504950495049505
W5_M34,W5_M11,0.43564356435643564
W5_M35,W5_M11,0.9108910891089109
W5_M36,W5_M11,0.43564356435643564
W5_M37,W5_M11,0.5346534653465347
W5_M38,W5_M11,0.6138613861386139
W5_M39,W5_M11,0.5148514851485149
W5_M40,W5_M11,0.5346534653465347
W5_M41,W5_M11,0.39603960396039606
W5_M42,W5_M11,0.4752475247524752
W5_M43,W5_M11,0.39603960396039606
W5_M44,W5_M11,0.31683168316831684
W5_M45,W5_M11,0.2376237623762376
W5_M46,W5_M11,0.33663366336633666
W5_M47,W5_M11,0.43564356435643564
W5_M48,W5_M11,0.5742574257425742
W5_M49,W5_M11,0.039603960396039604
W5_M50,W5_M11,0.21782178217821782
W5_M51,W5_M11,0.31683168316831684
W5_M52,W5_M11,0.0594059405940594
W5_M53,W5_M11,0.15841584158415842
W5_M54,W5_M11,0.297029702970297
W5_M55,W5_M11,0.019801980198019802
W5_M56,W5_M11,0.09900990099009901
W5_M57,W5_M11,0.07920792079207921
W5_M58,W5_M11,0.0594059405940594
W5_M59,W5_M11,0.07920792079207921
W5_M60,W5_M11,0.0594059405940594
W5_M61,W5_M11,0.07920792079207921
W5_M62,W5_M11,0.09900990099009901
W5_M63,W5_M11,0.0594059405940594
W5_M64,W5_M11,0.0594059405940594
W5_M65,W5_M11,0.07920792079207921
W5_M66,W5_M11,0.1188118811881188
W5_M67,W5_M11,0.0594059405940594
W5_M68,W5_M11,0.0594059405940594
W5_M69,W5_M11,0.039603960396039604
W5_M70,W5_M11,0.0594059405940594
W5_M71,W5_M11,0.039603960396039604
W5_M72,W5_M11,0.019801980198019802
W5_M73,W5_M11,0.019801980198019802
W5_M74,W5_M11,0.019801980198019802
W5_M75,W5_M11,0.019801980198019802
W5_M76,W5_M11,0.019801980198019802
W5_M77,W5_M11,0.019801980198019802
W5_M78,W5_M11,0.019801980198019802
W5_M79,W5_M11,0.019801980198019802
W5_M80,W5_M11,0.019801980198019802
W5_M81,W5_M11,0.019801980198019802
W5_M82,W5_M11,0.019801980198019802
W5_M83,W5_M11,0.019801980198019802
W5_M84,W5_M11,0.019801980198019802
W5_M85,W5_M11,0.019801980198019802
W5_M86,W5_M11,0.019801980198019802
W5_M87,W5_M11,0.019801980198019802
W5_M88,W5_M11,0.019801980198019802
W5_M89,W5_M11,0.019801980198019802
W5_M90,W5_M11,0.019801980198019802
W5_M91,W5_M11,0.019801980198019802
W5_M92,W5_M11,0.019801980198019802
W5_M93,W5_M11,0.019801980198019802
W5_M94,W5_M11,0.019801980198019802
W5_M13,W5_M12,0.33663366336633666
W5_M14,W5_M12,0.15841584158415842
W5_M15,W5_M12,0.1188118811881188
W5_M16,W5_M12,0.2376237623762376
W5_M17,W5_M12,0.1188118811881188
W5_M18,W5_M12,0.0594059405940594
W5_M19,W5_M12,0.1782178217821782
W5_M20,W5_M12,0.1188118811881188
W5_M21,W5_M12,0.19801980198019803
W5_M22,W5_M12,0.15841584158415842
W5_M23,W5_M12,0.13861386138613863
W5_M24,W5_M12,0.0594059405940594
W5_M25,W5_M12,0.15841584158415842
W5_M26,W5_M12,0.019801980198019802
W5_M27,W5_M12,0.25742574257425743
W5_M28,W5_M12,0.07920792079207921
W5_M29,W5_M12,0.1188118811881188
W5_M30,W5_M12,0.09900990099009901
W5_M31,W5_M12,0.019801980198019802
W5_M32,W5_M12,0.19801980198019803
W5_M33,W5_M12,0.07920792079207921
W5_M34,W5_M12,0.019801980198019802
W5_M35,W5_M12,0.3564356435643564
W5_M36,W5_M12,0.07920792079207921
W5_M37,W5_M12,0.15841584158415842
W5_M38,W5_M12,0.0594059405940594
W5_M39,W5_M12,0.019801980198019802
W5_M40,W5_M12,0.0594059405940594
W5_M41,W5_M12,0.09900990099009901
W5_M42,W5_M12,0.019801980198019802
W5_M43,W5_M12,0.07920792079207921
W5_M44,W5_M12,0.07920792079207921
W5_M45,W5_M12,0.039603960396039604
W5_M46,W5_M12,0.09900990099009901
W5_M47,W5_M12,0.1782178217821782
W5_M48,W5_M12,0.15841584158415842
W5_M49,W5_M12,0.039603960396039604
W5_M50,W5_M12,0.07920792079207921
W5_M51,W5_M12,0.0594059405940594
W5_M52,W5_M12,0.019801980198019802
W5_M53,W5_M12,0.039603960396039604
W5_M54,W5_M12,0.0594059405940594
W5_M55,W5_M12,0.019801980198019802
W5_M56,W5_M12,0.019801980198019802
W5_M57,W5_M12,0.019801980198019802
W5_M58,W5_M12,0.019801980198019802
W5_M59,W5_M12,0.019801980198019802
W5_M60,W5_M12,0.019801980198019802
W5_M61,W5_M12,0.019801980198019802
W5_M62,W5_M12,0.019801980198019802
W5_M63,W5_M12,0.019801980198019802
W5_M64,W5_M12,0.039603960396039604
W5_M65,W5_M12,0.019801980198019802
W5_M66,W5_M12,0.019801980198019802
W5_M67,W5_M12,0.019801980198019802
W5_M68,W5_M12,0.019801980198019802
W5_M69,W5_M12,0.019801980198019802
W5_M70,W5_M12,0.019801980198019802
W5_M71,W5_M12,0.019801980198019802
W5_M72,W5_M12,0.019801980198019802
W5_M73,W5_M12,0.019801980198019802
W5_M74,W5_M12,0.019801980198019802
W5_M75,W5_M12,0.019801980198019802
W5_M76,W5_M12,0.019801980198019802
W5_M77,W5_M12,0.019801980198019802
W5_M78,W5_M12,0.019801980198019802
W5_M79,W5_M12,0.019801980198019802
W5_M80,W5_M12,0.019801980198019802
W5_M81,W5_M12,0.019801980198019802
W5_M82,W5_M12,0.019801980198019802
W5_M83,W5_M12,0.019801980198019802
W5_M84,W5_M12,0.019801980198019802
W5_M85,W5_M12,0.019801980198019802
W5_M86,W5_M12,0.019801980198019802
W5_M87,W5_M12,0.019801980198019802
W5_M88,W5_M12,0.019801980198019802
W5_M89,W5_M12,0.019801980198019802
W5_M90,W5_M12,0.019801980198019802
W5_M91,W5_M12,0.019801980198019802
W5_M92,W5_M12,0.019801980198019802
W5_M93,W5_M12,0.019801980198019802
W5_M94,W5_M12,0.019801980198019802
W5_M14,W5_M13,0.9306930693069307
W5_M15,W5_M13,0.9900990099009901
W5_M16,W5_M13,0.8712871287128713
W5_M17,W5_M13,0.7524752475247525
W5_M18,W5_M13,0.8316831683168316
W5_M19,W5_M13,0.9702970297029703
W5_M20,W5_M13,0.9702970297029703
W5_M21,W5_M13,0.9702970297029703
W5_M22,W5_M13,1.00990099009901
W5_M23,W5_M13,0.8514851485148515
W5_M24,W5_M13,0.8118811881188119
W5_M25,W5_M13,0.8712871287128713
W5_M26,W5_M13,0.8910891089108911
W5_M27,W5_M13,0.5742574257425742
W5_M28,W5_M13,0.8514851485148515
W5_M29,W5_M13,0.4752475247524752
W5_M30,W5_M13,0.6534653465346535
W5_M31,W5_M13,0.5742574257425742
W5_M32,W5_M13,0.3564356435643564
W5_M33,W5_M13,0.7722772277227723
W5_M34,W5_M13,0.45544554455445546
W5_M35,W5_M13,0.8316831683168316
W5_M36,W5_M13,0.3564356435643564
W5_M37,W5_M13,0.37623762376237624
W5_M38,W5_M13,0.27722772277227725
W5_M39,W5_M13,0.39603960396039606
W5_M40,W5_M13,0.6138613861386139
W5_M41,W5_M13,0.6138613861386139
W5_M42,W5_M13,0.6336633663366337
W5_M43,W5_M13,0.25742574257425743
W5_M44,W5_M13,0.37623762376237624
W5_M45,W5_M13,0.15841584158415842
W5_M46,W5_M13,0.19801980198019803
W5_M47,W5_M13,0.21782178217821782
W5_M48,W5_M13,0.4752475247524752
W5_M49,W5_M13,0.13861386138613863
W5_M50,W5_M13,0.15841584158415842
W5_M51,W5_M13,0.31683168316831684
W5_M52,W5_M13,0.15841584158415842
W5_M53,W5_M13,0.09900990099009901
W5_M54,W5_M13,0.0594059405940594
W5_M55,W5_M13,0.0594059405940594
W5_M56,W5_M13,0.0594059405940594
W5_M57,W5_M13,0.039603960396039604
W5_M58,W5_M13,0.039603960396039604
W5_M59,W5_M13,0.039603960396039604
W5_M60,W5_M13,0.1188118811881188
W5_M61,W5_M13,0.039603960396039604
W5_M62,W5_M13,0.019801980198019802
W5_M63,W5_M13,0.039603960396039604
W5_M64,W5_M13,0.039603960396039604
W5_M65,W5_M13,0.019801980198019802
W5_M66,W5_M13,0.019801980198019802
W5_M67,W5_M13,0.019801980198019802
W5_M68,W5_M13,0.019801980198019802
W5_M69,W5_M13,0.019801980198019802
W5_M70,W5_M13,0.019801980198019802
W5_M71,W5_M13,0.019801980198019802
W5_M72,W5_M13,0.019801980198019802
W5_M73,W5_M13,0.019801980198019802
W5_M74,W5_M13,0.019801980198019802
W5_M75,W5_M13,0.019801980198019802
W5_M76,W5_M13,0.019801980198019802
W5_M77,W5_M13,0.019801980198019802
W5_M78,W5_M13,0.019801980198019802
W5_M79,W5_M13,0.019801980198019802
W5_M80,W5_M13,0.019801980198019802
W5_M81,W5_M13,0.019801980198019802
W5_M82,W5_M13,0.019801980198019802
W5_M83,W5_M13,0.019801980198019802
W5_M84,W5_M13,0.019801980198019802
W5_M85,W5_M13,0.019801980198019802
W5_M86,W5_M13,0.019801980198019802
W5_M87,W5_M13,0.019801980198019802
W5_M88,W5_M13,0.019801980198019802
W5_M89,W5_M13,0.019801980198019802
W5_M90,W5_M13,0.019801980198019802
W5_M91,W5_M13,0.019801980198019802
W5_M92,W5_M13,0.019801980198019802
W5_M93,W5_M13,0.019801980198019802
W5_M94,W5_M13,0.019801980198019802
W5_M15,W5_M14,0.9900990099009901
W5_M16,W5_M14,0.9306930693069307
W5_M17,W5_M14,0.9306930693069307
W5_M18,W5_M14,0.7722772277227723
W5_M19,W5_M14,0.693069306930693
W5_M20,W5_M14,0.7326732673267327
W5_M21,W5_M14,0.6138613861386139
W5_M22,W5_M14,0.594059405940594
W5_M23,W5_M14,0.693069306930693
W5_M24,W5_M14,0.6336633663366337
W5_M25,W5_M14,0.693069306930693
W5_M26,W5_M14,0.7722772277227723
W5_M27,W5_M14,0.5544554455445545
W5_M28,W5_M14,0.5148514851485149
W5_M29,W5_M14,0.4158415841584158
W5_M30,W5_M14,0.297029702970297
W5_M31,W5_M14,0.297029702970297
W5_M32,W5_M14,0.3564356435643564
W5_M33,W5_M14,0.45544554455445546
W5_M34,W5_M14,0.15841584158415842
W5_M35,W5_M14,0.8910891089108911
W5_M36,W5_M14,0.7128712871287128
W5_M37,W5_M14,0.45544554455445546
W5_M38,W5_M14,0.4158415841584158
W5_M39,W5_M14,0.297029702970297
W5_M40,W5_M14,0.31683168316831684
W5_M41,W5_M14,0.27722772277227725
W5_M42,W5_M14,0.31683168316831684
W5_M43,W5_M14,0.3564356435643564
W5_M44,W5_M14,0.13861386138613863
W5_M45,W5_M14,0.1188118811881188
W5_M46,W5_M14,0.25742574257425743
W5_M47,W5_M14,0.33663366336633666
W5_M48,W5_M14,0.49504950495049505
W5_M49,W5_M14,0.2376237623762376
W5_M50,W5_M14,0.09900990099009901
W5_M51,W5_M14,0.1188118811881188
W5_M52,W5_M14,0.039603960396039604
W5_M53,W5_M14,0.039603960396039604
W5_M54,W5_M14,0.09900990099009901
W5_M55,W5_M14,0.039603960396039604
W5_M56,W5_M14,0.039603960396039604
W5_M57,W5_M14,0.019801980198019802
W5_M58,W5_M14,0.019801980198019802
W5_M59,W5_M14,0.019801980198019802
W5_M60,W5_M14,0.039603960396039604
W5_M61,W5_M14,0.039603960396039604
W5_M62,W5_M14,0.0594059405940594
W5_M63,W5_M14,0.019801980198019802
W5_M64,W5_M14,0.039603960396039604
W5_M65,W5_M14,0.039603960396039604
W5_M66,W5_M14,0.07920792079207921
W5_M67,W5_M14,0.019801980198019802
W5_M68,W5_M14,0.039603960396039604
W5_M69,W5_M14,0.019801980198019802
W5_M70,W5_M14,0.039603960396039604
W5_M71,W5_M14,0.019801980198019802
W5_M72,W5_M14,0.019801980198019802
W5_M73,W5_M14,0.019801980198019802
W5_M74,W5_M14,0.019801980198019802
W5_M75,W5_M14,0.019801980198019802
W5_M76,W5_M14,0.019801980198019802
W5_M77,W5_M14,0.019801980198019802
W5_M78,W5_M14,0.019801980198019802
W5_M79,W5_M14,0.019801980198019802
W5_M80,W5_M14,0.019801980198019802
W5_M81,W5_M14,0.019801980198019802
W5_M82,W5_M14,0.019801980198019802
W5_M83,W5_M14,0.019801980198019802
W5_M84,W5_M14,0.019801980198019802
W5_M85,W5_M14,0.019801980198019802
W5_M86,W5_M14,0.019801980198019802
W5_M87,W5_M14,0.019801980198019802
W5_M88,W5_M14,0.019801980198019802
W5_M89,W5_M14,0.019801980198019802
W5_M90,W5_M14,0.019801980198019802
W5_M91,W5_M14,0.019801980198019802
W5_M92,W5_M14,0.019801980198019802
W5_M93,W5_M14,0.019801980198019802
W5_M94,W5_M14,0.019801980198019802
W5_M16,W5_M15,0.8514851485148515
W5_M17,W5_M15,0.9504950495049505
W5_M18,W5_M15,0.7128712871287128
W5_M19,W5_M15,0.9900990099009901
W5_M20,W5_M15,0.6336633663366337
W5_M21,W5_M15,0.7920792079207921
W5_M22,W5_M15,0.5346534653465347
W5_M23,W5_M15,0.5148514851485149
W5_M24,W5_M15,0.5544554455445545
W5_M25,W5_M15,0.4752475247524752
W5_M26,W5_M15,0.7722772277227723
W5_M27,W5_M15,0.37623762376237624
W5_M28,W5_M15,0.4752475247524752
W5_M29,W5_M15,0.45544554455445546
W5_M30,W5_M15,0.31683168316831684
W5_M31,W5_M15,0.39603960396039606
W5_M32,W5_M15,0.1188118811881188
W5_M33,W5_M15,0.3564356435643564
W5_M34,W5_M15,0.3564356435643564
W5_M35,W5_M15,0.8514851485148515
W5_M36,W5_M15,0.31683168316831684
W5_M37,W5_M15,0.37623762376237624
W5_M38,W5_M15,0.5148514851485149
W5_M39,W5_M15,0.5148514851485149
W5_M40,W5_M15,0.33663366336633666
W5_M41,W5_M15,0.33663366336633666
W5_M42,W5_M15,0.297029702970297
W5_M43,W5_M15,0.21782178217821782
W5_M44,W5_M15,0.1782178217821782
W5_M45,W5_M15,0.039603960396039604
W5_M46,W5_M15,0.07920792079207921
W5_M47,W5_M15,0.09900990099009901
W5_M48,W5_M15,0.4752475247524752
W5_M49,W5_M15,0.09900990099009901
W5_M50,W5_M15,0.039603960396039604
W5_M51,W5_M15,0.19801980198019803
W5_M52,W5_M15,0.1188118811881188
W5_M53,W5_M15,0.0594059405940594
W5_M54,W5_M15,0.07920792079207921
W5_M55,W5_M15,0.039603960396039604
W5_M56,W5_M15,0.019801980198019802
W5_M57,W5_M15,0.0594059405940594
W5_M58,W5_M15,0.0594059405940594
W5_M59,W5_M15,0.039603960396039604
W5_M60,W5_M15,0.019801980198019802
W5_M61,W5_M15,0.039603960396039604
W5_M62,W5_M15,0.039603960396039604
W5_M63,W5_M15,0.039603960396039604
W5_M64,W5_M15,0.019801980198019802
W5_M65,W5_M15,0.039603960396039604
W5_M66,W5_M15,0.019801980198019802
W5_M67,W5_M15,0.019801980198019802
W5_M68,W5_M15,0.039603960396039604
W5_M69,W5_M15,0.019801980198019802
W5_M70,W5_M15,0.039603960396039604
W5_M71,W5_M15,0.039603960396039604
W5_M72,W5_M15,0.019801980198019802
W5_M73,W5_M15,0.019801980198019802
W5_M74,W5_M15,0.019801980198019802
W5_M75,W5_M15,0.019801980198019802
W5_M76,W5_M15,0.019801980198019802
W5_M77,W5_M15,0.019801980198019802
W5_M78,W5_M15,0.019801980198019802
W5_M79,W5_M15,0.019801980198019802
W5_M80,W5_M15,0.019801980198019802
W5_M81,W5_M15,0.019801980198019802
W5_M82,W5_M15,0.019801980198019802
W5_M83,W5_M15,0.019801980198019802
W5_M84,W5_M15,0.019801980198019802
W5_M85,W5_M15,0.019801980198019802
W5_M86,W5_M15,0.019801980198019802
W5_M87,W5_M15,0.019801980198019802
W5_M88,W5_M15,0.019801980198019802
W5_M89,W5_M15,0.019801980198019802
W5_M90,W5_M15,0.019801980198019802
W5_M91,W5_M15,0.019801980198019802
W5_M92,W5_M15,0.019801980198019802
W5_M93,W5_M15,0.019801980198019802
W5_M94,W5_M15,0.019801980198019802
W5_M17,W5_M16,0.8118811881188119
W5_M18,W5_M16,0.594059405940594
W5_M19,W5_M16,0.8910891089108911
W5_M20,W5_M16,0.6336633663366337
W5_M21,W5_M16,0.7326732673267327
W5_M22,W5_M16,0.5544554455445545
W5_M23,W5_M16,0.45544554455445546
W5_M24,W5_M16,0.43564356435643564
W5_M25,W5_M16,0.4158415841584158
W5_M26,W5_M16,0.8118811881188119
W5_M27,W5_M16,0.37623762376237624
W5_M28,W5_M16,0.5544554455445545
W5_M29,W5_M16,0.31683168316831684
W5_M30,W5_M16,0.49504950495049505
W5_M31,W5_M16,0.39603960396039606
W5_M32,W5_M16,0.15841584158415842
W5_M33,W5_M16,0.33663366336633666
W5_M34,W5_M16,0.297029702970297
W5_M35,W5_M16,0.5742574257425742
W5_M36,W5_M16,0.31683168316831684
W5_M37,W5_M16,0.6138613861386139
W5_M38,W5_M16,0.27722772277227725
W5_M39,W5_M16,0.31683168316831684
W5_M40,W5_M16,0.39603960396039606
W5_M41,W5_M16,0.3564356435643564
W5_M42,W5_M16,0.27722772277227725
W5_M43,W5_M16,0.21782178217821782
W5_M44,W5_M16,0.15841584158415842
W5_M45,W5_M16,0.039603960396039604
W5_M46,W5_M16,0.09900990099009901
W5_M47,W5_M16,0.0594059405940594
W5_M48,W5_M16,0.297029702970297
W5_M49,W5_M16,0.1188118811881188
W5_M50,W5_M16,0.0594059405940594
W5_M51,W5_M16,0.0594059405940594
W5_M52,W5_M16,0.13861386138613863
W5_M53,W5_M16,0.0594059405940594
W5_M54,W5_M16,0.07920792079207921
W5_M55,W5_M16,0.039603960396039604
W5_M56,W5_M16,0.019801980198019802
W5_M57,W5_M16,0.039603960396039604
W5_M58,W5_M16,0.07920792079207921
W5_M59,W5_M16,0.019801980198019802
W5_M60,W5_M16,0.039603960396039604
W5_M61,W5_M16,0.019801980198019802
W5_M62,W5_M16,0.019801980198019802
W5_M63,W5_M16,0.019801980198019802
W5_M64,W5_M16,0.0594059405940594
W5_M65,W5_M16,0.019801980198019802
W5_M66,W5_M16,0.0594059405940594
W5_M67,W5_M16,0.019801980198019802
W5_M68,W5_M16,0.019801980198019802
W5_M69,W5_M16,0.019801980198019802
W5_M70,W5_M16,0.019801980198019802
W5_M71,W5_M16,0.019801980198019802
W5_M72,W5_M16,0.019801980198019802
W5_M73,W5_M16,0.019801980198019802
W5_M74,W5_M16,0.019801980198019802
W5_M75,W5_M16,0.019801980198019802
W5_M76,W5_M16,0.019801980198019802
W5_M77,W5_M16,0.019801980198019802
W5_M78,W5_M16,0.019801980198019802
W5_M79,W5_M16,0.019801980198019802
W5_M80,W5_M16,0.019801980198019802
W5_M81,W5_M16,0.019801980198019802
W5_M82,W5_M16,0.019801980198019802
W5_M83,W5_M16,0.019801980198019802
W5_M84,W5_M16,0.019801980198019802
W5_M85,W5_M16,0.019801980198019802
W5_M86,W5_M16,0.019801980198019802
W5_M87,W5_M16,0.019801980198019802
W5_M88,W5_M16,0.019801980198019802
W5_M89,W5_M16,0.019801980198019802
W5_M90,W5_M16,0.019801980198019802
W5_M91,W5_M16,0.019801980198019802
W5_M92,W5_M16,0.019801980198019802
W5_M93,W5_M16,0.019801980198019802
W5_M94,W5_M16,0.019801980198019802
W5_M18,W5_M17,0.7722772277227723
W5_M19,W5_M17,0.9108910891089109
W5_M20,W5_M17,0.8118811881188119
W5_M21,W5_M17,0.7128712871287128
W5_M22,W5_M17,0.7326732673267327
W5_M23,W5_M17,0.5742574257425742
W5_M24,W5_M17,0.693069306930693
W5_M25,W5_M17,0.693069306930693
W5_M26,W5_M17,0.8316831683168316
W5_M27,W5_M17,0.6732673267326733
W5_M28,W5_M17,0.5346534653465347
W5_M29,W5_M17,0.39603960396039606
W5_M30,W5_M17,0.31683168316831684
W5_M31,W5_M17,0.297029702970297
W5_M32,W5_M17,0.2376237623762376
W5_M33,W5_M17,0.37623762376237624
W5_M34,W5_M17,0.39603960396039606
W5_M35,W5_M17,0.7128712871287128
W5_M36,W5_M17,0.43564356435643564
W5_M37,W5_M17,0.4158415841584158
W5_M38,W5_M17,0.5346534653465347
W5_M39,W5_M17,0.31683168316831684
W5_M40,W5_M17,0.3564356435643564
W5_M41,W5_M17,0.27722772277227725
W5_M42,W5_M17,0.25742574257425743
W5_M43,W5_M17,0.4752475247524752
W5_M44,W5_M17,0.45544554455445546
W5_M45,W5_M17,0.1782178217821782
W5_M46,W5_M17,0.19801980198019803
W5_M47,W5_M17,0.1188118811881188
W5_M48,W5_M17,0.39603960396039606
W5_M49,W5_M17,0.09900990099009901
W5_M50,W5_M17,0.13861386138613863
W5_M51,W5_M17,0.2376237623762376
W5_M52,W5_M17,0.09900990099009901
W5_M53,W5_M17,0.1188118811881188
W5_M54,W5_M17,0.07920792079207921
W5_M55,W5_M17,0.0594059405940594
W5_M56,W5_M17,0.019801980198019802
W5_M57,W5_M17,0.1188118811881188
W5_M58,W5_M17,0.039603960396039604
W5_M59,W5_M17,0.019801980198019802
W5_M60,W5_M17,0.0594059405940594
W5_M61,W5_M17,0.019801980198019802
W5_M62,W5_M17,0.019801980198019802
W5_M63,W5_M17,0.019801980198019802
W5_M64,W5_M17,0.039603960396039604
W5_M65,W5_M17,0.019801980198019802
W5_M66,W5_M17,0.019801980198019802
W5_M67,W5_M17,0.039603960396039604
W5_M68,W5_M17,0.019801980198019802
W5_M69,W5_M17,0.019801980198019802
W5_M70,W5_M17,0.039603960396039604
W5_M71,W5_M17,0.039603960396039604
W5_M72,W5_M17,0.019801980198019802
W5_M73,W5_M17,0.019801980198019802
W5_M74,W5_M17,0.019801980198019802
W5_M75,W5_M17,0.019801980198019802
W5_M76,W5_M17,0.019801980198019802
W5_M77,W5_M17,0.019801980198019802
W5_M78,W5_M17,0.019801980198019802
W5_M79,W5_M17,0.019801980198019802
W5_M80,W5_M17,0.019801980198019802
W5_M81,W5_M17,0.019801980198019802
W5_M82,W5_M17,0.019801980198019802
W5_M83,W5_M17,0.019801980198019802
W5_M84,W5_M17,0.019801980198019802
W5_M85,W5_M17,0.019801980198019802
W5_M86,W5_M17,0.019801980198019802
W5_M87,W5_M17,0.019801980198019802
W5_M88,W5_M17,0.019801980198019802
W5_M89,W5_M17,0.019801980198019802
W5_M90,W5_M17,0.019801980198019802
W5_M91,W5_M17,0.019801980198019802
W5_M92,W5_M17,0.019801980198019802
W5_M93,W5_M17,0.019801980198019802
W5_M94,W5_M17,0.019801980198019802
W5_M19,W5_M18,0.9504950495049505
W5_M20,W5_M18,0.9900990099009901
W5_M21,W5_M18,0.9306930693069307
W5_M22,W5_M18,0.8712871287128713
W5_M23,W5_M18,0.8118811881188119
W5_M24,W5_M18,0.43564356435643564
W5_M25,W5_M18,0.8316831683168316
W5_M26,W5_M18,0.8316831683168316
W5_M27,W5_M18,0.9306930693069307
W5_M28,W5_M18,0.39603960396039606
W5_M29,W5_M18,0.5148514851485149
W5_M30,W5_M18,0.594059405940594
W5_M31,W5_M18,0.39603960396039606
W5_M32,W5_M18,0.4752475247524752
W5_M33,W5_M18,0.297029702970297
W5_M34,W5_M18,0.21782178217821782
W5_M35,W5_M18,0.594059405940594
W5_M36,W5_M18,0.5346534653465347
W5_M37,W5_M18,0.43564356435643564
W5_M38,W5_M18,0.31683168316831684
W5_M39,W5_M18,0.297029702970297
W5_M40,W5_M18,0.297029702970297
W5_M41,W5_M18,0.21782178217821782
W5_M42,W5_M18,0.19801980198019803
W5_M43,W5_M18,0.19801980198019803
W5_M44,W5_M18,0.21782178217821782
W5_M45,W5_M18,0.09900990099009901
W5_M46,W5_M18,0.07920792079207921
W5_M47,W5_M18,0.15841584158415842
W5_M48,W5_M18,0.4752475247524752
W5_M49,W5_M18,0.2376237623762376
W5_M50,W5_M18,0.15841584158415842
W5_M51,W5_M18,0.19801980198019803
W5_M52,W5_M18,0.1782178217821782
W5_M53,W5_M18,0.0594059405940594
W5_M54,W5_M18,0.1188118811881188
W5_M55,W5_M18,0.0594059405940594
W5_M56,W5_M18,0.019801980198019802
W5_M57,W5_M18,0.019801980198019802
W5_M58,W5_M18,0.019801980198019802
W5_M59,W5_M18,0.039603960396039604
W5_M60,W5_M18,0.039603960396039604
W5_M61,W5_M18,0.0594059405940594
W5_M62,W5_M18,0.019801980198019802
W5_M63,W5_M18,0.0594059405940594
W5_M64,W5_M18,0.019801980198019802
W5_M65,W5_M18,0.019801980198019802
W5_M66,W5_M18,0.039603960396039604
W5_M67,W5_M18,0.039603960396039604
W5_M68,W5_M18,0.039603960396039604
W5_M69,W5_M18,0.019801980198019802
W5_M70,W5_M18,0.039603960396039604
W5_M71,W5_M18,0.019801980198019802
W5_M72,W5_M18,0.019801980198019802
W5_M73,W5_M18,0.019801980198019802
W5_M74,W5_M18,0.019801980198019802
W5_M75,W5_M18,0.019801980198019802
W5_M76,W5_M18,0.019801980198019802
W5_M77,W5_M18,0.019801980198019802
W5_M78,W5_M18,0.019801980198019802
W5_M79,W5_M18,0.019801980198019802
W5_M80,W5_M18,0.019801980198019802
W5_M81,W5_M18,0.019801980198019802
W5_M82,W5_M18,0.019801980198019802
W5_M83,W5_M18,0.019801980198019802
W5_M84,W5_M18,0.019801980198019802
W5_M85,W5_M18,0.019801980198019802
W5_M86,W5_M18,0.019801980198019802
W5_M87,W5_M18,0.019801980198019802
W5_M88,W5_M18,0.019801980198019802
W5_M89,W5_M18,0.019801980198019802
W5_M90,W5_M18,0.019801980198019802
W5_M91,W5_M18,0.019801980198019802
W5_M92,W5_M18,0.019801980198019802
W5_M93,W5_M18,0.019801980198019802
W5_M94,W5_M18,0.019801980198019802
W5_M20,W5_M19,0.9504950495049505
W5_M21,W5_M19,1.00990099009901
W5_M22,W5_M19,0.8712871287128713
W5_M23,W5_M19,0.8514851485148515
W5_M24,W5_M19,0.8316831683168316
W5_M25,W5_M19,0.9702970297029703
W5_M26,W5_M19,0.8910891089108911
W5_M27,W5_M19,0.9702970297029703
W5_M28,W5_M19,0.7326732673267327
W5_M29,W5_M19,0.7326732673267327
W5_M30,W5_M19,0.7920792079207921
W5_M31,W5_M19,0.6138613861386139
W5_M32,W5_M19,0.5742574257425742
W5_M33,W5_M19,0.2376237623762376
W5_M34,W5_M19,0.37623762376237624
W5_M35,W5_M19,0.8316831683168316
W5_M36,W5_M19,0.7524752475247525
W5_M37,W5_M19,0.6732673267326733
W5_M38,W5_M19,0.49504950495049505
W5_M39,W5_M19,0.37623762376237624
W5_M40,W5_M19,0.37623762376237624
W5_M41,W5_M19,0.25742574257425743
W5_M42,W5_M19,0.33663366336633666
W5_M43,W5_M19,0.4158415841584158
W5_M44,W5_M19,0.3564356435643564
W5_M45,W5_M19,0.3564356435643564
W5_M46,W5_M19,0.37623762376237624
W5_M47,W5_M19,0.45544554455445546
W5_M48,W5_M19,0.43564356435643564
W5_M49,W5_M19,0.3564356435643564
W5_M50,W5_M19,0.33663366336633666
W5_M51,W5_M19,0.13861386138613863
W5_M52,W5_M19,0.21782178217821782
W5_M53,W5_M19,0.21782178217821782
W5_M54,W5_M19,0.19801980198019803
W5_M55,W5_M19,0.0594059405940594
W5_M56,W5_M19,0.07920792079207921
W5_M57,W5_M19,0.07920792079207921
W5_M58,W5_M19,0.019801980198019802
W5_M59,W5_M19,0.019801980198019802
W5_M60,W5_M19,0.019801980198019802
W5_M61,W5_M19,0.0594059405940594
W5_M62,W5_M19,0.07920792079207921
W5_M63,W5_M19,0.09900990099009901
W5_M64,W5_M19,0.019801980198019802
W5_M65,W5_M19,0.0594059405940594
W5_M66,W5_M19,0.019801980198019802
W5_M67,W5_M19,0.0594059405940594
W5_M68,W5_M19,0.019801980198019802
W5_M69,W5_M19,0.039603960396039604
W5_M70,W5_M19,0.0594059405940594
W5_M71,W5_M19,0.019801980198019802
W5_M72,W5_M19,0.019801980198019802
W5_M73,W5_M19,0.019801980198019802
W5_M74,W5_M19,0.019801980198019802
W5_M75,W5_M19,0.019801980198019802
W5_M76,W5_M19,0.019801980198019802
W5_M77,W5_M19,0.019801980198019802
W5_M78,W5_M19,0.019801980198019802
W5_M79,W5_M19,0.019801980198019802
W5_M80,W5_M19,0.019801980198019802
W5_M81,W5_M19,0.019801980198019802
W5_M82,W5_M19,0.019801980198019802
W5_M83,W5_M19,0.019801980198019802
W5_M84,W5_M19,0.019801980198019802
W5_M85,W5_M19,0.019801980198019802
W5_M86,W5_M19,0.019801980198019802
W5_M87,W5_M19,0.019801980198019802
W5_M88,W5_M19,0.019801980198019802
W5_M89,W5_M19,0.019801980198019802
W5_M90,W5_M19,0.019801980198019802
W5_M91,W5_M19,0.019801980198019802
W5_M92,W5_M19,0.019801980198019802
W5_M93,W5_M19,0.019801980198019802
W5_M94,W5_M19,0.019801980198019802
W5_M21,W5_M20,0.9900990099009901
W5_M22,W5_M20,0.7326732673267327
W5_M23,W5_M20,0.8118811881188119
W5_M24,W5_M20,0.39603960396039606
W5_M25,W5_M20,0.8910891089108911
W5_M26,W5_M20,0.9108910891089109
W5_M27,W5_M20,0.7920792079207921
W5_M28,W5_M20,0.6534653465346535
W5_M29,W5_M20,0.693069306930693
W5_M30,W5_M20,0.6336633663366337
W5_M31,W5_M20,0.45544554455445546
W5_M32,W5_M20,0.5742574257425742
W5_M33,W5_M20,0.25742574257425743
W5_M34,W5_M20,0.1782178217821782
W5_M35,W5_M20,0.6534653465346535
W5_M36,W5_M20,0.5148514851485149
W5_M37,W5_M20,0.6336633663366337
W5_M38,W5_M20,0.45544554455445546
W5_M39,W5_M20,0.33663366336633666
W5_M40,W5_M20,0.297029702970297
W5_M41,W5_M20,0.15841584158415842
W5_M42,W5_M20,0.297029702970297
W5_M43,W5_M20,0.27722772277227725
W5_M44,W5_M20,0.2376237623762376
W5_M45,W5_M20,0.13861386138613863
W5_M46,W5_M20,0.19801980198019803
W5_M47,W5_M20,0.09900990099009901
W5_M48,W5_M20,0.37623762376237624
W5_M49,W5_M20,0.19801980198019803
W5_M50,W5_M20,0.0594059405940594
W5_M51,W5_M20,0.25742574257425743
W5_M52,W5_M20,0.1188118811881188
W5_M53,W5_M20,0.09900990099009901
W5_M54,W5_M20,0.13861386138613863
W5_M55,W5_M20,0.09900990099009901
W5_M56,W5_M20,0.07920792079207921
W5_M57,W5_M20,0.0594059405940594
W5_M58,W5_M20,0.039603960396039604
W5_M59,W5_M20,0.039603960396039604
W5_M60,W5_M20,0.07920792079207921
W5_M61,W5_M20,0.0594059405940594
W5_M62,W5_M20,0.019801980198019802
W5_M63,W5_M20,0.039603960396039604
W5_M64,W5_M20,0.039603960396039604
W5_M65,W5_M20,0.019801980198019802
W5_M66,W5_M20,0.039603960396039604
W5_M67,W5_M20,0.019801980198019802
W5_M68,W5_M20,0.0594059405940594
W5_M69,W5_M20,0.019801980198019802
W5_M70,W5_M20,0.039603960396039604
W5_M71,W5_M20,0.039603960396039604
W5_M72,W5_M20,0.019801980198019802
W5_M73,W5_M20,0.019801980198019802
W5_M74,W5_M20,0.019801980198019802
W5_M75,W5_M20,0.019801980198019802
W5_M76,W5_M20,0.019801980198019802
W5_M77,W5_M20,0.019801980198019802
W5_M78,W5_M20,0.019801980198019802
W5_M79,W5_M20,0.019801980198019802
W5_M80,W5_M20,0.019801980198019802
W5_M81,W5_M20,0.019801980198019802
W5_M82,W5_M20,0.019801980198019802
W5_M83,W5_M20,0.019801980198019802
W5_M84,W5_M20,0.019801980198019802
W5_M85,W5_M20,0.019801980198019802
W5_M86,W5_M20,0.019801980198019802
W5_M87,W5_M20,0.019801980198019802
W5_M88,W5_M20,0.019801980198019802
W5_M89,W5_M20,0.019801980198019802
W5_M90,W5_M20,0.019801980198019802
W5_M91,W5_M20,0.019801980198019802
W5_M92,W5_M20,0.019801980198019802
W5_M93,W5_M20,0.019801980198019802
W5_M94,W5_M20,0.019801980198019802
W5_M22,W5_M21,0.9900990099009901
W5_M23,W5_M21,0.9702970297029703
W5_M24,W5_M21,0.9900990099009901
W5_M25,W5_M21,0.9504950495049505
W5_M26,W5_M21,0.8910891089108911
W5_M27,W5_M21,0.9306930693069307
W5_M28,W5_M21,0.8910891089108911
W5_M29,W5_M21,0.9504950495049505
W5_M30,W5_M21,0.8514851485148515
W5_M31,W5_M21,0.693069306930693
W5_M32,W5_M21,0.7524752475247525
W5_M33,W5_M21,0.5544554455445545
W5_M34,W5_M21,0.7722772277227723
W5_M35,W5_M21,0.7326732673267327
W5_M36,W5_M21,0.7524752475247525
W5_M37,W5_M21,0.6138613861386139
W5_M38,W5_M21,0.6336633663366337
W5_M39,W5_M21,0.5346534653465347
W5_M40,W5_M21,0.6138613861386139
W5_M41,W5_M21,0.43564356435643564
W5_M42,W5_M21,0.49504950495049505
W5_M43,W5_M21,0.5148514851485149
W5_M44,W5_M21,0.4158415841584158
W5_M45,W5_M21,0.4158415841584158
W5_M46,W5_M21,0.39603960396039606
W5_M47,W5_M21,0.45544554455445546
W5_M48,W5_M21,0.5742574257425742
W5_M49,W5_M21,0.39603960396039606
W5_M50,W5_M21,0.45544554455445546
W5_M51,W5_M21,0.39603960396039606
W5_M52,W5_M21,0.39603960396039606
W5_M53,W5_M21,0.13861386138613863
W5_M54,W5_M21,0.27722772277227725
W5_M55,W5_M21,0.09900990099009901
W5_M56,W5_M21,0.039603960396039604
W5_M57,W5_M21,0.07920792079207921
W5_M58,W5_M21,0.07920792079207921
W5_M59,W5_M21,0.0594059405940594
W5_M60,W5_M21,0.09900990099009901
W5_M61,W5_M21,0.1188118811881188
W5_M62,W5_M21,0.09900990099009901
W5_M63,W5_M21,0.039603960396039604
W5_M64,W5_M21,0.019801980198019802
W5_M65,W5_M21,0.09900990099009901
W5_M66,W5_M21,0.039603960396039604
W5_M67,W5_M21,0.019801980198019802
W5_M68,W5_M21,0.039603960396039604
W5_M69,W5_M21,0.019801980198019802
W5_M70,W5_M21,0.07920792079207921
W5_M71,W5_M21,0.019801980198019802
W5_M72,W5_M21,0.019801980198019802
W5_M73,W5_M21,0.019801980198019802
W5_M74,W5_M21,0.019801980198019802
W5_M75,W5_M21,0.019801980198019802
W5_M76,W5_M21,0.019801980198019802
W5_M77,W5_M21,0.019801980198019802
W5_M78,W5_M21,0.019801980198019802
W5_M79,W5_M21,0.019801980198019802
W5_M80,W5_M21,0.019801980198019802
W5_M81,W5_M21,0.019801980198019802
W5_M82,W5_M21,0.019801980198019802
W5_M83,W5_M21,0.019801980198019802
W5_M84,W5_M21,0.019801980198019802
W5_M85,W5_M21,0.019801980198019802
W5_M86,W5_M21,0.019801980198019802
W5_M87,W5_M21,0.019801980198019802
W5_M88,W5_M21,0.019801980198019802
W5_M89,W5_M21,0.019801980198019802
W5_M90,W5_M21,0.019801980198019802
W5_M91,W5_M21,0.019801980198019802
W5_M92,W5_M21,0.019801980198019802
W5_M93,W5_M21,0.019801980198019802
W5_M94,W5_M21,0.019801980198019802
W5_M23,W5_M22,0.9504950495049505
W5_M24,W5_M22,0.9504950495049505
W5_M25,W5_M22,1.00990099009901
W5_M26,W5_M22,0.9900990099009901
W5_M27,W5_M22,0.9504950495049505
W5_M28,W5_M22,0.8514851485148515
W5_M29,W5_M22,0.8514851485148515
W5_M30,W5_M22,0.8910891089108911
W5_M31,W5_M22,0.6732673267326733
W5_M32,W5_M22,0.49504950495049505
W5_M33,W5_M22,0.33663366336633666
W5_M34,W5_M22,0.43564356435643564
W5_M35,W5_M22,0.6336633663366337
W5_M36,W5_M22,0.6336633663366337
W5_M37,W5_M22,0.5742574257425742
W5_M38,W5_M22,0.4158415841584158
W5_M39,W5_M22,0.4752475247524752
W5_M40,W5_M22,0.5742574257425742
W5_M41,W5_M22,0.4158415841584158
W5_M42,W5_M22,0.5544554455445545
W5_M43,W5_M22,0.4158415841584158
W5_M44,W5_M22,0.3564356435643564
W5_M45,W5_M22,0.43564356435643564
W5_M46,W5_M22,0.07920792079207921
W5_M47,W5_M22,0.1782178217821782
W5_M48,W5_M22,0.5544554455445545
W5_M49,W5_M22,0.21782178217821782
W5_M50,W5_M22,0.1782178217821782
W5_M51,W5_M22,0.37623762376237624
W5_M52,W5_M22,0.13861386138613863
W5_M53,W5_M22,0.07920792079207921
W5_M54,W5_M22,0.1188118811881188
W5_M55,W5_M22,0.0594059405940594
W5_M56,W5_M22,0.07920792079207921
W5_M57,W5_M22,0.0594059405940594
W5_M58,W5_M22,0.019801980198019802
W5_M59,W5_M22,0.0594059405940594
W5_M60,W5_M22,0.0594059405940594
W5_M61,W5_M22,0.019801980198019802
W5_M62,W5_M22,0.019801980198019802
W5_M63,W5_M22,0.0594059405940594
W5_M64,W5_M22,0.019801980198019802
W5_M65,W5_M22,0.0594059405940594
W5_M66,W5_M22,0.0594059405940594
W5_M67,W5_M22,0.019801980198019802
W5_M68,W5_M22,0.019801980198019802
W5_M69,W5_M22,0.019801980198019802
W5_M70,W5_M22,0.0594059405940594
W5_M71,W5_M22,0.019801980198019802
W5_M72,W5_M22,0.019801980198019802
W5_M73,W5_M22,0.019801980198019802
W5_M74,W5_M22,0.019801980198019802
W5_M75,W5_M22,0.019801980198019802
W5_M76,W5_M22,0.019801980198019802
W5_M77,W5_M22,0.019801980198019802
W5_M78,W5_M22,0.019801980198019802
W5_M79,W5_M22,0.019801980198019802
W5_M80,W5_M22,0.019801980198019802
W5_M81,W5_M22,0.019801980198019802
W5_M82,W5_M22,0.019801980198019802
W5_M83,W5_M22,0.019801980198019802
W5_M84,W5_M22,0.019801980198019802
W5_M85,W5_M22,0.019801980198019802
W5_M86,W5_M22,0.019801980198019802
W5_M87,W5_M22,0.019801980198019802
W5_M88,W5_M22,0.019801980198019802
W5_M89,W5_M22,0.019801980198019802
W5_M90,W5_M22,0.019801980198019802
W5_M91,W5_M22,0.019801980198019802
W5_M92,W5_M22,0.019801980198019802
W5_M93,W5_M22,0.019801980198019802
W5_M94,W5_M22,0.019801980198019802
W5_M24,W5_M23,0.8118811881188119
W5_M25,W5_M23,0.9504950495049505
W5_M26,W5_M23,0.9504950495049505
W5_M27,W5_M23,0.9900990099009901
W5_M28,W5_M23,0.7920792079207921
W5_M29,W5_M23,0.8514851485148515
W5_M30,W5_M23,0.7524752475247525
W5_M31,W5_M23,0.6732673267326733
W5_M32,W5_M23,0.4752475247524752
W5_M33,W5_M23,0.594059405940594
W5_M34,W5_M23,0.3564356435643564
W5_M35,W5_M23,0.6138613861386139
W5_M36,W5_M23,0.5742574257425742
W5_M37,W5_M23,0.6336633663366337
W5_M38,W5_M23,0.5148514851485149
W5_M39,W5_M23,0.5148514851485149
W5_M40,W5_M23,0.45544554455445546
W5_M41,W5_M23,0.43564356435643564
W5_M42,W5_M23,0.6138613861386139
W5_M43,W5_M23,0.4752475247524752
W5_M44,W5_M23,0.39603960396039606
W5_M45,W5_M23,0.13861386138613863
W5_M46,W5_M23,0.27722772277227725
W5_M47,W5_M23,0.19801980198019803
W5_M48,W5_M23,0.5544554455445545
W5_M49,W5_M23,0.19801980198019803
W5_M50,W5_M23,0.039603960396039604
W5_M51,W5_M23,0.25742574257425743
W5_M52,W5_M23,0.1188118811881188
W5_M53,W5_M23,0.1188118811881188
W5_M54,W5_M23,0.1188118811881188
W5_M55,W5_M23,0.0594059405940594
W5_M56,W5_M23,0.07920792079207921
W5_M57,W5_M23,0.07920792079207921
W5_M58,W5_M23,0.09900990099009901
W5_M59,W5_M23,0.0594059405940594
W5_M60,W5_M23,0.0594059405940594
W5_M61,W5_M23,0.039603960396039604
W5_M62,W5_M23,0.019801980198019802
W5_M63,W5_M23,0.039603960396039604
W5_M64,W5_M23,0.039603960396039604
W5_M65,W5_M23,0.0594059405940594
W5_M66,W5_M23,0.0594059405940594
W5_M67,W5_M23,0.019801980198019802
W5_M68,W5_M23,0.019801980198019802
W5_M69,W5_M23,0.019801980198019802
W5_M70,W5_M23,0.039603960396039604
W5_M71,W5_M23,0.039603960396039604
W5_M72,W5_M23,0.019801980198019802
W5_M73,W5_M23,0.019801980198019802
W5_M74,W5_M23,0.019801980198019802
W5_M75,W5_M23,0.019801980198019802
W5_M76,W5_M23,0.019801980198019802
W5_M77,W5_M23,0.019801980198019802
W5_M78,W5_M23,0.019801980198019802
W5_M79,W5_M23,0.019801980198019802
W5_M80,W5_M23,0.019801980198019802
W5_M81,W5_M23,0.019801980198019802
W5_M82,W5_M23,0.019801980198019802
W5_M83,W5_M23,0.019801980198019802
W5_M84,W5_M23,0.019801980198019802
W5_M85,W5_M23,0.019801980198019802
W5_M86,W5_M23,0.019801980198019802
W5_M87,W5_M23,0.019801980198019802
W5_M88,W5_M23,0.019801980198019802
W5_M89,W5_M23,0.019801980198019802
W5_M90,W5_M23,0.019801980198019802
W5_M91,W5_M23,0.019801980198019802
W5_M92,W5_M23,0.019801980198019802
W5_M93,W5_M23,0.019801980198019802
W5_M94,W5_M23,0.019801980198019802
W5_M25,W5_M24,0.9504950495049505
W5_M26,W5_M24,0.9504950495049505
W5_M27,W5_M24,0.9108910891089109
W5_M28,W5_M24,0.8514851485148515
W5_M29,W5_M24,0.8118811881188119
W5_M30,W5_M24,0.8712871287128713
W5_M31,W5_M24,0.5148514851485149
W5_M32,W5_M24,0.5346534653465347
W5_M33,W5_M24,0.1188118811881188
W5_M34,W5_M24,0.07920792079207921
W5_M35,W5_M24,0.7326732673267327
W5_M36,W5_M24,0.6732673267326733
W5_M37,W5_M24,0.6732673267326733
W5_M38,W5_M24,0.594059405940594
W5_M39,W5_M24,0.297029702970297
W5_M40,W5_M24,0.27722772277227725
W5_M41,W5_M24,0.25742574257425743
W5_M42,W5_M24,0.27722772277227725
W5_M43,W5_M24,0.3564356435643564
W5_M44,W5_M24,0.4158415841584158
W5_M45,W5_M24,0.31683168316831684
W5_M46,W5_M24,0.297029702970297
W5_M47,W5_M24,0.31683168316831684
W5_M48,W5_M24,0.5544554455445545
W5_M49,W5_M24,0.37623762376237624
W5_M50,W5_M24,0.1782178217821782
W5_M51,W5_M24,0.07920792079207921
W5_M52,W5_M24,0.13861386138613863
W5_M53,W5_M24,0.0594059405940594
W5_M54,W5_M24,0.09900990099009901
W5_M55,W5_M24,0.019801980198019802
W5_M56,W5_M24,0.0594059405940594
W5_M57,W5_M24,0.1188118811881188
W5_M58,W5_M24,0.039603960396039604
W5_M59,W5_M24,0.019801980198019802
W5_M60,W5_M24,0.039603960396039604
W5_M61,W5_M24,0.07920792079207921
W5_M62,W5_M24,0.019801980198019802
W5_M63,W5_M24,0.019801980198019802
W5_M64,W5_M24,0.019801980198019802
W5_M65,W5_M24,0.019801980198019802
W5_M66,W5_M24,0.019801980198019802
W5_M67,W5_M24,0.039603960396039604
W5_M68,W5_M24,0.039603960396039604
W5_M69,W5_M24,0.019801980198019802
W5_M70,W5_M24,0.019801980198019802
W5_M71,W5_M24,0.019801980198019802
W5_M72,W5_M24,0.019801980198019802
W5_M73,W5_M24,0.039603960396039604
W5_M74,W5_M24,0.019801980198019802
W5_M75,W5_M24,0.019801980198019802
W5_M76,W5_M24,0.019801980198019802
W5_M77,W5_M24,0.019801980198019802
W5_M78,W5_M24,0.019801980198019802
W5_M79,W5_M24,0.019801980198019802
W5_M80,W5_M24,0.019801980198019802
W5_M81,W5_M24,0.019801980198019802
W5_M82,W5_M24,0.019801980198019802
W5_M83,W5_M24,0.019801980198019802
W5_M84,W5_M24,0.019801980198019802
W5_M85,W5_M24,0.019801980198019802
W5_M86,W5_M24,0.019801980198019802
W5_M87,W5_M24,0.019801980198019802
W5_M88,W5_M24,0.019801980198019802
W5_M89,W5_M24,0.019801980198019802
W5_M90,W5_M24,0.019801980198019802
W5_M91,W5_M24,0.019801980198019802
W5_M92,W5_M24,0.019801980198019802
W5_M93,W5_M24,0.019801980198019802
W5_M94,W5_M24,0.019801980198019802
W5_M26,W5_M25,0.9306930693069307
W5_M27,W5_M25,0.7920792079207921
W5_M28,W5_M25,0.9108910891089109
W5_M29,W5_M25,0.45544554455445546
W5_M30,W5_M25,0.9108910891089109
W5_M31,W5_M25,0.693069306930693
W5_M32,W5_M25,0.37623762376237624
W5_M33,W5_M25,0.6138613861386139
W5_M34,W5_M25,0.5346534653465347
W5_M35,W5_M25,0.5148514851485149
W5_M36,W5_M25,0.5742574257425742
W5_M37,W5_M25,0.33663366336633666
W5_M38,W5_M25,0.43564356435643564
W5_M39,W5_M25,0.5742574257425742
W5_M40,W5_M25,0.693069306930693
W5_M41,W5_M25,0.594059405940594
W5_M42,W5_M25,0.5148514851485149
W5_M43,W5_M25,0.37623762376237624
W5_M44,W5_M25,0.13861386138613863
W5_M45,W5_M25,0.13861386138613863
W5_M46,W5_M25,0.09900990099009901
W5_M47,W5_M25,0.1188118811881188
W5_M48,W5_M25,0.4752475247524752
W5_M49,W5_M25,0.31683168316831684
W5_M50,W5_M25,0.0594059405940594
W5_M51,W5_M25,0.09900990099009901
W5_M52,W5_M25,0.15841584158415842
W5_M53,W5_M25,0.0594059405940594
W5_M54,W5_M25,0.039603960396039604
W5_M55,W5_M25,0.09900990099009901
W5_M56,W5_M25,0.09900990099009901
W5_M57,W5_M25,0.09900990099009901
W5_M58,W5_M25,0.0594059405940594
W5_M59,W5_M25,0.0594059405940594
W5_M60,W5_M25,0.019801980198019802
W5_M61,W5_M25,0.019801980198019802
W5_M62,W5_M25,0.019801980198019802
W5_M63,W5_M25,0.019801980198019802
W5_M64,W5_M25,0.039603960396039604
W5_M65,W5_M25,0.039603960396039604
W5_M66,W5_M25,0.0594059405940594
W5_M67,W5_M25,0.019801980198019802
W5_M68,W5_M25,0.019801980198019802
W5_M69,W5_M25,0.019801980198019802
W5_M70,W5_M25,0.039603960396039604
W5_M71,W5_M25,0.039603960396039604
W5_M72,W5_M25,0.039603960396039604
W5_M73,W5_M25,0.019801980198019802
W5_M74,W5_M25,0.019801980198019802
W5_M75,W5_M25,0.019801980198019802
W5_M76,W5_M25,0.019801980198019802
W5_M77,W5_M25,0.019801980198019802
W5_M78,W5_M25,0.019801980198019802
W5_M79,W5_M25,0.019801980198019802
W5_M80,W5_M25,0.019801980198019802
W5_M81,W5_M25,0.019801980198019802
W5_M82,W5_M25,0.019801980198019802
W5_M83,W5_M25,0.019801980198019802
W5_M84,W5_M25,0.019801980198019802
W5_M85,W5_M25,0.019801980198019802
W5_M86,W5_M25,0.019801980198019802
W5_M87,W5_M25,0.019801980198019802
W5_M88,W5_M25,0.019801980198019802
W5_M89,W5_M25,0.019801980198019802
W5_M90,W5_M25,0.019801980198019802
W5_M91,W5_M25,0.019801980198019802
W5_M92,W5_M25,0.019801980198019802
W5_M93,W5_M25,0.019801980198019802
W5_M94,W5_M25,0.019801980198019802
W5_M27,W5_M26,0.7524752475247525
W5_M28,W5_M26,0.8712871287128713
W5_M29,W5_M26,0.8910891089108911
W5_M30,W5_M26,0.7524752475247525
W5_M31,W5_M26,0.594059405940594
W5_M32,W5_M26,0.6534653465346535
W5_M33,W5_M26,0.43564356435643564
W5_M34,W5_M26,0.4158415841584158
W5_M35,W5_M26,0.4158415841584158
W5_M36,W5_M26,0.7326732673267327
W5_M37,W5_M26,0.693069306930693
W5_M38,W5_M26,0.594059405940594
W5_M39,W5_M26,0.37623762376237624
W5_M40,W5_M26,0.2376237623762376
W5_M41,W5_M26,0.45544554455445546
W5_M42,W5_M26,0.19801980198019803
W5_M43,W5_M26,0.5544554455445545
W5_M44,W5_M26,0.594059405940594
W5_M45,W5_M26,0.5742574257425742
W5_M46,W5_M26,0.5544554455445545
W5_M47,W5_M26,0.31683168316831684
W5_M48,W5_M26,0.45544554455445546
W5_M49,W5_M26,0.25742574257425743
W5_M50,W5_M26,0.3564356435643564
W5_M51,W5_M26,0.25742574257425743
W5_M52,W5_M26,0.1782178217821782
W5_M53,W5_M26,0.13861386138613863
W5_M54,W5_M26,0.1782178217821782
W5_M55,W5_M26,0.039603960396039604
W5_M56,W5_M26,0.019801980198019802
W5_M57,W5_M26,0.019801980198019802
W5_M58,W5_M26,0.07920792079207921
W5_M59,W5_M26,0.019801980198019802
W5_M60,W5_M26,0.039603960396039604
W5_M61,W5_M26,0.039603960396039604
W5_M62,W5_M26,0.019801980198019802
W5_M63,W5_M26,0.039603960396039604
W5_M64,W5_M26,0.019801980198019802
W5_M65,W5_M26,0.019801980198019802
W5_M66,W5_M26,0.07920792079207921
W5_M67,W5_M26,0.019801980198019802
W5_M68,W5_M26,0.019801980198019802
W5_M69,W5_M26,0.019801980198019802
W5_M70,W5_M26,0.039603960396039604
W5_M71,W5_M26,0.019801980198019802
W5_M72,W5_M26,0.019801980198019802
W5_M73,W5_M26,0.019801980198019802
W5_M74,W5_M26,0.019801980198019802
W5_M75,W5_M26,0.019801980198019802
W5_M76,W5_M26,0.019801980198019802
W5_M77,W5_M26,0.019801980198019802
W5_M78,W5_M26,0.019801980198019802
W5_M79,W5_M26,0.019801980198019802
W5_M80,W5_M26,0.019801980198019802
W5_M81,W5_M26,0.019801980198019802
W5_M82,W5_M26,0.019801980198019802
W5_M83,W5_M26,0.019801980198019802
W5_M84,W5_M26,0.019801980198019802
W5_M85,W5_M26,0.019801980198019802
W5_M86,W5_M26,0.019801980198019802
W5_M87,W5_M26,0.019801980198019802
W5_M88,W5_M26,0.019801980198019802
W5_M89,W5_M26,0.019801980198019802
W5_M90,W5_M26,0.019801980198019802
W5_M91,W5_M26,0.019801980198019802
W5_M92,W5_M26,0.019801980198019802
W5_M93,W5_M26,0.019801980198019802
W5_M94,W5_M26,0.019801980198019802
W5_M28,W5_M27,0.8316831683168316
W5_M29,W5_M27,0.7524752475247525
W5_M30,W5_M27,0.7524752475247525
W5_M31,W5_M27,0.8712871287128713
W5_M32,W5_M27,0.31683168316831684
W5_M33,W5_M27,0.693069306930693
W5_M34,W5_M27,0.5148514851485149
W5_M35,W5_M27,0.45544554455445546
W5_M36,W5_M27,0.39603960396039606
W5_M37,W5_M27,0.37623762376237624
W5_M38,W5_M27,0.5148514851485149
W5_M39,W5_M27,0.6534653465346535
W5_M40,W5_M27,0.6534653465346535
W5_M41,W5_M27,0.6534653465346535
W5_M42,W5_M27,0.594059405940594
W5_M43,W5_M27,0.3564356435643564
W5_M44,W5_M27,0.25742574257425743
W5_M45,W5_M27,0.07920792079207921
W5_M46,W5_M27,0.1188118811881188
W5_M47,W5_M27,0.0594059405940594
W5_M48,W5_M27,0.6138613861386139
W5_M49,W5_M27,0.37623762376237624
W5_M50,W5_M27,0.1188118811881188
W5_M51,W5_M27,0.27722772277227725
W5_M52,W5_M27,0.07920792079207921
W5_M53,W5_M27,0.039603960396039604
W5_M54,W5_M27,0.039603960396039604
W5_M55,W5_M27,0.0594059405940594
W5_M56,W5_M27,0.1188118811881188
W5_M57,W5_M27,0.09900990099009901
W5_M58,W5_M27,0.0594059405940594
W5_M59,W5_M27,0.09900990099009901
W5_M60,W5_M27,0.07920792079207921
W5_M61,W5_M27,0.039603960396039604
W5_M62,W5_M27,0.019801980198019802
W5_M63,W5_M27,0.019801980198019802
W5_M64,W5_M27,0.039603960396039604
W5_M65,W5_M27,0.019801980198019802
W5_M66,W5_M27,0.019801980198019802
W5_M67,W5_M27,0.039603960396039604
W5_M68,W5_M27,0.0594059405940594
W5_M69,W5_M27,0.019801980198019802
W5_M70,W5_M27,0.019801980198019802
W5_M71,W5_M27,0.019801980198019802
W5_M72,W5_M27,0.019801980198019802
W5_M73,W5_M27,0.019801980198019802
W5_M74,W5_M27,0.019801980198019802
W5_M75,W5_M27,0.019801980198019802
W5_M76,W5_M27,0.019801980198019802
W5_M77,W5_M27,0.019801980198019802
W5_M78,W5_M27,0.019801980198019802
W5_M79,W5_M27,0.019801980198019802
W5_M80,W5_M27,0.019801980198019802
W5_M81,W5_M27,0.019801980198019802
W5_M82,W5_M27,0.019801980198019802
W5_M83,W5_M27,0.019801980198019802
W5_M84,W5_M27,0.019801980198019802
W5_M85,W5_M27,0.019801980198019802
W5_M86,W5_M27,0.019801980198019802
W5_M87,W5_M27,0.019801980198019802
W5_M88,W5_M27,0.019801980198019802
W5_M89,W5_M27,0.019801980198019802
W5_M90,W5_M27,0.019801980198019802
W5_M91,W5_M27,0.019801980198019802
W5_M92,W5_M27,0.019801980198019802
W5_M93,W5_M27,0.019801980198019802
W5_M94,W5_M27,0.019801980198019802
W5_M29,W5_M28,0.7326732673267327
W5_M30,W5_M28,0.9900990099009901
W5_M31,W5_M28,0.3564356435643564
W5_M32,W5_M28,0.7326732673267327
W5_M33,W5_M28,0.1782178217821782
W5_M34,W5_M28,0.2376237623762376
W5_M35,W5_M28,0.5346534653465347
W5_M36,W5_M28,0.8712871287128713
W5_M37,W5_M28,0.8514851485148515
W5_M38,W5_M28,0.6732673267326733
W5_M39,W5_M28,0.0594059405940594
W5_M40,W5_M28,0.039603960396039604
W5_M41,W5_M28,0.07920792079207921
W5_M42,W5_M28,0.0594059405940594
W5_M43,W5_M28,0.31683168316831684
W5_M44,W5_M28,0.6138613861386139
W5_M45,W5_M28,0.27722772277227725
W5_M46,W5_M28,0.33663366336633666
W5_M47,W5_M28,0.3564356435643564
W5_M48,W5_M28,0.6534653465346535
W5_M49,W5_M28,0.21782178217821782
W5_M50,W5_M28,0.297029702970297
W5_M51,W5_M28,0.19801980198019803
W5_M52,W5_M28,0.1188118811881188
W5_M53,W5_M28,0.21782178217821782
W5_M54,W5_M28,0.07920792079207921
W5_M55,W5_M28,0.039603960396039604
W5_M56,W5_M28,0.019801980198019802
W5_M57,W5_M28,0.039603960396039604
W5_M58,W5_M28,0.039603960396039604
W5_M59,W5_M28,0.0594059405940594
W5_M60,W5_M28,0.019801980198019802
W5_M61,W5_M28,0.039603960396039604
W5_M62,W5_M28,0.0594059405940594
W5_M63,W5_M28,0.07920792079207921
W5_M64,W5_M28,0.019801980198019802
W5_M65,W5_M28,0.019801980198019802
W5_M66,W5_M28,0.0594059405940594
W5_M67,W5_M28,0.019801980198019802
W5_M68,W5_M28,0.0594059405940594
W5_M69,W5_M28,0.019801980198019802
W5_M70,W5_M28,0.019801980198019802
W5_M71,W5_M28,0.019801980198019802
W5_M72,W5_M28,0.019801980198019802
W5_M73,W5_M28,0.019801980198019802
W5_M74,W5_M28,0.019801980198019802
W5_M75,W5_M28,0.019801980198019802
W5_M76,W5_M28,0.019801980198019802
W5_M77,W5_M28,0.019801980198019802
W5_M78,W5_M28,0.019801980198019802
W5_M79,W5_M28,0.019801980198019802
W5_M80,W5_M28,0.019801980198019802
W5_M81,W5_M28,0.019801980198019802
W5_M82,W5_M28,0.019801980198019802
W5_M83,W5_M28,0.019801980198019802
W5_M84,W5_M28,0.019801980198019802
W5_M85,W5_M28,0.019801980198019802
W5_M86,W5_M28,0.019801980198019802
W5_M87,W5_M28,0.019801980198019802
W5_M88,W5_M28,0.019801980198019802
W5_M89,W5_M28,0.019801980198019802
W5_M90,W5_M28,0.019801980198019802
W5_M91,W5_M28,0.019801980198019802
W5_M92,W5_M28,0.019801980198019802
W5_M93,W5_M28,0.019801980198019802
W5_M94,W5_M28,0.019801980198019802
W5_M30,W5_M29,0.8910891089108911
W5_M31,W5_M29,0.8118811881188119
W5_M32,W5_M29,0.8712871287128713
W5_M33,W5_M29,0.8910891089108911
W5_M34,W5_M29,0.7722772277227723
W5_M35,W5_M29,0.37623762376237624
W5_M36,W5_M29,0.7722772277227723
W5_M37,W5_M29,0.9306930693069307
W5_M38,W5_M29,0.5346534653465347
W5_M39,W5_M29,0.7722772277227723
W5_M40,W5_M29,0.8514851485148515
W5_M41,W5_M29,0.6534653465346535
W5_M42,W5_M29,0.7524752475247525
W5_M43,W5_M29,0.49504950495049505
W5_M44,W5_M29,0.45544554455445546
W5_M45,W5_M29,0.25742574257425743
W5_M46,W5_M29,0.297029702970297
W5_M47,W5_M29,0.33663366336633666
W5_M48,W5_M29,0.5544554455445545
W5_M49,W5_M29,0.2376237623762376
W5_M50,W5_M29,0.19801980198019803
W5_M51,W5_M29,0.43564356435643564
W5_M52,W5_M29,0.27722772277227725
W5_M53,W5_M29,0.039603960396039604
W5_M54,W5_M29,0.09900990099009901
W5_M55,W5_M29,0.07920792079207921
W5_M56,W5_M29,0.09900990099009901
W5_M57,W5_M29,0.0594059405940594
W5_M58,W5_M29,0.039603960396039604
W5_M59,W5_M29,0.039603960396039604
W5_M60,W5_M29,0.09900990099009901
W5_M61,W5_M29,0.07920792079207921
W5_M62,W5_M29,0.0594059405940594
W5_M63,W5_M29,0.039603960396039604
W5_M64,W5_M29,0.019801980198019802
W5_M65,W5_M29,0.1188118811881188
W5_M66,W5_M29,0.09900990099009901
W5_M67,W5_M29,0.019801980198019802
W5_M68,W5_M29,0.0594059405940594
W5_M69,W5_M29,0.019801980198019802
W5_M70,W5_M29,0.039603960396039604
W5_M71,W5_M29,0.019801980198019802
W5_M72,W5_M29,0.019801980198019802
W5_M73,W5_M29,0.019801980198019802
W5_M74,W5_M29,0.019801980198019802
W5_M75,W5_M29,0.019801980198019802
W5_M76,W5_M29,0.019801980198019802
W5_M77,W5_M29,0.039603960396039604
W5_M78,W5_M29,0.019801980198019802
W5_M79,W5_M29,0.019801980198019802
W5_M80,W5_M29,0.019801980198019802
W5_M81,W5_M29,0.019801980198019802
W5_M82,W5_M29,0.019801980198019802
W5_M83,W5_M29,0.019801980198019802
W5_M84,W5_M29,0.019801980198019802
W5_M85,W5_M29,0.019801980198019802
W5_M86,W5_M29,0.019801980198019802
W5_M87,W5_M29,0.019801980198019802
W5_M88,W5_M29,0.019801980198019802
W5_M89,W5_M29,0.019801980198019802
W5_M90,W5_M29,0.019801980198019802
W5_M91,W5_M29,0.019801980198019802
W5_M92,W5_M29,0.019801980198019802
W5_M93,W5_M29,0.019801980198019802
W5_M94,W5_M29,0.019801980198019802
W5_M31,W5_M30,0.8514851485148515
W5_M32,W5_M30,0.693069306930693
W5_M33,W5_M30,0.8118811881188119
W5_M34,W5_M30,0.7326732673267327
W5_M35,W5_M30,0.4752475247524752
W5_M36,W5_M30,0.8118811881188119
W5_M37,W5_M30,0.7722772277227723
W5_M38,W5_M30,0.7524752475247525
W5_M39,W5_M30,0.8712871287128713
W5_M40,W5_M30,0.5742574257425742
W5_M41,W5_M30,0.6534653465346535
W5_M42,W5_M30,0.5148514851485149
W5_M43,W5_M30,0.7326732673267327
W5_M44,W5_M30,0.39603960396039606
W5_M45,W5_M30,0.5346534653465347
W5_M46,W5_M30,0.4752475247524752
W5_M47,W5_M30,0.4158415841584158
W5_M48,W5_M30,0.5742574257425742
W5_M49,W5_M30,0.31683168316831684
W5_M50,W5_M30,0.2376237623762376
W5_M51,W5_M30,0.45544554455445546
W5_M52,W5_M30,0.297029702970297
W5_M53,W5_M30,0.039603960396039604
W5_M54,W5_M30,0.1782178217821782
W5_M55,W5_M30,0.0594059405940594
W5_M56,W5_M30,0.1188118811881188
W5_M57,W5_M30,0.07920792079207921
W5_M58,W5_M30,0.0594059405940594
W5_M59,W5_M30,0.039603960396039604
W5_M60,W5_M30,0.07920792079207921
W5_M61,W5_M30,0.07920792079207921
W5_M62,W5_M30,0.0594059405940594
W5_M63,W5_M30,0.0594059405940594
W5_M64,W5_M30,0.019801980198019802
W5_M65,W5_M30,0.019801980198019802
W5_M66,W5_M30,0.0594059405940594
W5_M67,W5_M30,0.039603960396039604
W5_M68,W5_M30,0.039603960396039604
W5_M69,W5_M30,0.019801980198019802
W5_M70,W5_M30,0.039603960396039604
W5_M71,W5_M30,0.039603960396039604
W5_M72,W5_M30,0.019801980198019802
W5_M73,W5_M30,0.039603960396039604
W5_M74,W5_M30,0.019801980198019802
W5_M75,W5_M30,0.019801980198019802
W5_M76,W5_M30,0.019801980198019802
W5_M77,W5_M30,0.019801980198019802
W5_M78,W5_M30,0.019801980198019802
W5_M79,W5_M30,0.019801980198019802
W5_M80,W5_M30,0.019801980198019802
W5_M81,W5_M30,0.019801980198019802
W5_M82,W5_M30,0.019801980198019802
W5_M83,W5_M30,0.019801980198019802
W5_M84,W5_M30,0.019801980198019802
W5_M85,W5_M30,0.019801980198019802
W5_M86,W5_M30,0.019801980198019802
W5_M87,W5_M30,0.019801980198019802
W5_M88,W5_M30,0.019801980198019802
W5_M89,W5_M30,0.019801980198019802
W5_M90,W5_M30,0.019801980198019802
W5_M91,W5_M30,0.019801980198019802
W5_M92,W5_M30,0.019801980198019802
W5_M93,W5_M30,0.019801980198019802
W5_M94,W5_M30,0.019801980198019802
W5_M32,W5_M31,0.8514851485148515
W5_M33,W5_M31,0.9306930693069307
W5_M34,W5_M31,0.9108910891089109
W5_M35,W5_M31,0.43564356435643564
W5_M36,W5_M31,0.8712871287128713
W5_M37,W5_M31,0.9702970297029703
W5_M38,W5_M31,0.8910891089108911
W5_M39,W5_M31,0.5148514851485149
W5_M40,W5_M31,0.6732673267326733
W5_M41,W5_M31,0.6138613861386139
W5_M42,W5_M31,0.7722772277227723
W5_M43,W5_M31,0.7524752475247525
W5_M44,W5_M31,0.43564356435643564
W5_M45,W5_M31,0.39603960396039606
W5_M46,W5_M31,0.45544554455445546
W5_M47,W5_M31,0.5148514851485149
W5_M48,W5_M31,0.7326732673267327
W5_M49,W5_M31,0.33663366336633666
W5_M50,W5_M31,0.39603960396039606
W5_M51,W5_M31,0.43564356435643564
W5_M52,W5_M31,0.1188118811881188
W5_M53,W5_M31,0.21782178217821782
W5_M54,W5_M31,0.297029702970297
W5_M55,W5_M31,0.07920792079207921
W5_M56,W5_M31,0.039603960396039604
W5_M57,W5_M31,0.0594059405940594
W5_M58,W5_M31,0.039603960396039604
W5_M59,W5_M31,0.019801980198019802
W5_M60,W5_M31,0.039603960396039604
W5_M61,W5_M31,0.09900990099009901
W5_M62,W5_M31,0.09900990099009901
W5_M63,W5_M31,0.07920792079207921
W5_M64,W5_M31,0.0594059405940594
W5_M65,W5_M31,0.039603960396039604
W5_M66,W5_M31,0.0594059405940594
W5_M67,W5_M31,0.039603960396039604
W5_M68,W5_M31,0.019801980198019802
W5_M69,W5_M31,0.019801980198019802
W5_M70,W5_M31,0.039603960396039604
W5_M71,W5_M31,0.019801980198019802
W5_M72,W5_M31,0.039603960396039604
W5_M73,W5_M31,0.019801980198019802
W5_M74,W5_M31,0.019801980198019802
W5_M75,W5_M31,0.019801980198019802
W5_M76,W5_M31,0.019801980198019802
W5_M77,W5_M31,0.019801980198019802
W5_M78,W5_M31,0.019801980198019802
W5_M79,W5_M31,0.019801980198019802
W5_M80,W5_M31,0.019801980198019802
W5_M81,W5_M31,0.019801980198019802
W5_M82,W5_M31,0.019801980198019802
W5_M83,W5_M31,0.019801980198019802
W5_M84,W5_M31,0.019801980198019802
W5_M85,W5_M31,0.019801980198019802
W5_M86,W5_M31,0.019801980198019802
W5_M87,W5_M31,0.019801980198019802
W5_M88,W5_M31,0.019801980198019802
W5_M89,W5_M31,0.019801980198019802
W5_M90,W5_M31,0.019801980198019802
W5_M91,W5_M31,0.019801980198019802
W5_M92,W5_M31,0.019801980198019802
W5_M93,W5_M31,0.019801980198019802
W5_M94,W5_M31,0.019801980198019802
W5_M33,W5_M32,0.9900990099009901
W5_M34,W5_M32,0.9108910891089109
W5_M35,W5_M32,0.21782178217821782
W5_M36,W5_M32,0.6732673267326733
W5_M37,W5_M32,0.9900990099009901
W5_M38,W5_M32,0.8514851485148515
W5_M39,W5_M32,0.9702970297029703
W5_M40,W5_M32,0.8910891089108911
W5_M41,W5_M32,0.8514851485148515
W5_M42,W5_M32,0.9702970297029703
W5_M43,W5_M32,0.6336633663366337
W5_M44,W5_M32,0.43564356435643564
W5_M45,W5_M32,0.25742574257425743
W5_M46,W5_M32,0.25742574257425743
W5_M47,W5_M32,0.21782178217821782
W5_M48,W5_M32,0.594059405940594
W5_M49,W5_M32,0.5148514851485149
W5_M50,W5_M32,0.15841584158415842
W5_M51,W5_M32,0.45544554455445546
W5_M52,W5_M32,0.39603960396039606
W5_M53,W5_M32,0.1782178217821782
W5_M54,W5_M32,0.039603960396039604
W5_M55,W5_M32,0.07920792079207921
W5_M56,W5_M32,0.1188118811881188
W5_M57,W5_M32,0.0594059405940594
W5_M58,W5_M32,0.13861386138613863
W5_M59,W5_M32,0.09900990099009901
W5_M60,W5_M32,0.0594059405940594
W5_M61,W5_M32,0.019801980198019802
W5_M62,W5_M32,0.019801980198019802
W5_M63,W5_M32,0.039603960396039604
W5_M64,W5_M32,0.039603960396039604
W5_M65,W5_M32,0.019801980198019802
W5_M66,W5_M32,0.1188118811881188
W5_M67,W5_M32,0.0594059405940594
W5_M68,W5_M32,0.039603960396039604
W5_M69,W5_M32,0.019801980198019802
W5_M70,W5_M32,0.019801980198019802
W5_M71,W5_M32,0.019801980198019802
W5_M72,W5_M32,0.019801980198019802
W5_M73,W5_M32,0.019801980198019802
W5_M74,W5_M32,0.019801980198019802
W5_M75,W5_M32,0.019801980198019802
W5_M76,W5_M32,0.019801980198019802
W5_M77,W5_M32,0.019801980198019802
W5_M78,W5_M32,0.019801980198019802
W5_M79,W5_M32,0.019801980198019802
W5_M80,W5_M32,0.019801980198019802
W5_M81,W5_M32,0.019801980198019802
W5_M82,W5_M32,0.019801980198019802
W5_M83,W5_M32,0.019801980198019802
W5_M84,W5_M32,0.019801980198019802
W5_M85,W5_M32,0.019801980198019802
W5_M86,W5_M32,0.019801980198019802
W5_M87,W5_M32,0.019801980198019802
W5_M88,W5_M32,0.019801980198019802
W5_M89,W5_M32,0.019801980198019802
W5_M90,W5_M32,0.019801980198019802
W5_M91,W5_M32,0.019801980198019802
W5_M92,W5_M32,0.019801980198019802
W5_M93,W5_M32,0.019801980198019802
W5_M94,W5_M32,0.019801980198019802
W5_M34,W5_M33,0.9306930693069307
W5_M35,W5_M33,0.4158415841584158
W5_M36,W5_M33,1.00990099009901
W5_M37,W5_M33,0.9504950495049505
W5_M38,W5_M33,0.9504950495049505
W5_M39,W5_M33,0.5544554455445545
W5_M40,W5_M33,0.7722772277227723
W5_M41,W5_M33,0.6534653465346535
W5_M42,W5_M33,0.6534653465346535
W5_M43,W5_M33,0.8118811881188119
W5_M44,W5_M33,0.8316831683168316
W5_M45,W5_M33,0.594059405940594
W5_M46,W5_M33,0.6138613861386139
W5_M47,W5_M33,0.5346534653465347
W5_M48,W5_M33,0.6336633663366337
W5_M49,W5_M33,0.45544554455445546
W5_M50,W5_M33,0.45544554455445546
W5_M51,W5_M33,0.27722772277227725
W5_M52,W5_M33,0.21782178217821782
W5_M53,W5_M33,0.15841584158415842
W5_M54,W5_M33,0.39603960396039606
W5_M55,W5_M33,0.07920792079207921
W5_M56,W5_M33,0.0594059405940594
W5_M57,W5_M33,0.07920792079207921
W5_M58,W5_M33,0.1188118811881188
W5_M59,W5_M33,0.0594059405940594
W5_M60,W5_M33,0.1188118811881188
W5_M61,W5_M33,0.0594059405940594
W5_M62,W5_M33,0.039603960396039604
W5_M63,W5_M33,0.1188118811881188
W5_M64,W5_M33,0.019801980198019802
W5_M65,W5_M33,0.0594059405940594
W5_M66,W5_M33,0.07920792079207921
W5_M67,W5_M33,0.019801980198019802
W5_M68,W5_M33,0.039603960396039604
W5_M69,W5_M33,0.039603960396039604
W5_M70,W5_M33,0.039603960396039604
W5_M71,W5_M33,0.0594059405940594
W5_M72,W5_M33,0.019801980198019802
W5_M73,W5_M33,0.019801980198019802
W5_M74,W5_M33,0.039603960396039604
W5_M75,W5_M33,0.019801980198019802
W5_M76,W5_M33,0.019801980198019802
W5_M77,W5_M33,0.019801980198019802
W5_M78,W5_M33,0.019801980198019802
W5_M79,W5_M33,0.019801980198019802
W5_M80,W5_M33,0.019801980198019802
W5_M81,W5_M33,0.019801980198019802
W5_M82,W5_M33,0.019801980198019802
W5_M83,W5_M33,0.019801980198019802
W5_M84,W5_M33,0.019801980198019802
W5_M85,W5_M33,0.019801980198019802
W5_M86,W5_M33,0.019801980198019802
W5_M87,W5_M33,0.019801980198019802
W5_M88,W5_M33,0.019801980198019802
W5_M89,W5_M33,0.019801980198019802
W5_M90,W5_M33,0.019801980198019802
W5_M91,W5_M33,0.019801980198019802
W5_M92,W5_M33,0.019801980198019802
W5_M93,W5_M33,0.019801980198019802
W5_M94,W5_M33,0.019801980198019802
W5_M35,W5_M34,0.45544554455445546
W5_M36,W5_M34,0.9306930693069307
W5_M37,W5_M34,0.9108910891089109
W5_M38,W5_M34,0.8712871287128713
W5_M39,W5_M34,0.8910891089108911
W5_M40,W5_M34,0.594059405940594
W5_M41,W5_M34,0.6138613861386139
W5_M42,W5_M34,0.594059405940594
W5_M43,W5_M34,0.8316831683168316
W5_M44,W5_M34,0.4752475247524752
W5_M45,W5_M34,0.5346534653465347
W5_M46,W5_M34,0.5742574257425742
W5_M47,W5_M34,0.43564356435643564
W5_M48,W5_M34,0.693069306930693
W5_M49,W5_M34,0.6732673267326733
W5_M50,W5_M34,0.5148514851485149
W5_M51,W5_M34,0.39603960396039606
W5_M52,W5_M34,0.2376237623762376
W5_M53,W5_M34,0.1782178217821782
W5_M54,W5_M34,0.297029702970297
W5_M55,W5_M34,0.07920792079207921
W5_M56,W5_M34,0.07920792079207921
W5_M57,W5_M34,0.07920792079207921
W5_M58,W5_M34,0.07920792079207921
W5_M59,W5_M34,0.039603960396039604
W5_M60,W5_M34,0.07920792079207921
W5_M61,W5_M34,0.039603960396039604
W5_M62,W5_M34,0.039603960396039604
W5_M63,W5_M34,0.07920792079207921
W5_M64,W5_M34,0.019801980198019802
W5_M65,W5_M34,0.0594059405940594
W5_M66,W5_M34,0.0594059405940594
W5_M67,W5_M34,0.07920792079207921
W5_M68,W5_M34,0.019801980198019802
W5_M69,W5_M34,0.039603960396039604
W5_M70,W5_M34,0.039603960396039604
W5_M71,W5_M34,0.039603960396039604
W5_M72,W5_M34,0.019801980198019802
W5_M73,W5_M34,0.019801980198019802
W5_M74,W5_M34,0.019801980198019802
W5_M75,W5_M34,0.019801980198019802
W5_M76,W5_M34,0.019801980198019802
W5_M77,W5_M34,0.019801980198019802
W5_M78,W5_M34,0.019801980198019802
W5_M79,W5_M34,0.019801980198019802
W5_M80,W5_M34,0.019801980198019802
W5_M81,W5_M34,0.019801980198019802
W5_M82,W5_M34,0.019801980198019802
W5_M83,W5_M34,0.019801980198019802
W5_M84,W5_M34,0.019801980198019802
W5_M85,W5_M34,0.019801980198019802
W5_M86,W5_M34,0.019801980198019802
W5_M87,W5_M34,0.019801980198019802
W5_M88,W5_M34,0.019801980198019802
W5_M89,W5_M34,0.019801980198019802
W5_M90,W5_M34,0.019801980198019802
W5_M91,W5_M34,0.019801980198019802
W5_M92,W5_M34,0.019801980198019802
W5_M93,W5_M34,0.019801980198019802
W5_M94,W5_M34,0.019801980198019802
W5_M36,W5_M35,0.019801980198019802
W5_M37,W5_M35,0.21782178217821782
W5_M38,W5_M35,0.019801980198019802
W5_M39,W5_M35,0.2376237623762376
W5_M40,W5_M35,0.4158415841584158
W5_M41,W5_M35,0.4752475247524752
W5_M42,W5_M35,0.4158415841584158
W5_M43,W5_M35,0.07920792079207921
W5_M44,W5_M35,0.039603960396039604
W5_M45,W5_M35,0.07920792079207921
W5_M46,W5_M35,0.0594059405940594
W5_M47,W5_M35,0.039603960396039604
W5_M48,W5_M35,0.3564356435643564
W5_M49,W5_M35,0.19801980198019803
W5_M50,W5_M35,0.039603960396039604
W5_M51,W5_M35,0.21782178217821782
W5_M52,W5_M35,0.1188118811881188
W5_M53,W5_M35,0.039603960396039604
W5_M54,W5_M35,0.039603960396039604
W5_M55,W5_M35,0.0594059405940594
W5_M56,W5_M35,0.019801980198019802
W5_M57,W5_M35,0.019801980198019802
W5_M58,W5_M35,0.019801980198019802
W5_M59,W5_M35,0.019801980198019802
W5_M60,W5_M35,0.039603960396039604
W5_M61,W5_M35,0.019801980198019802
W5_M62,W5_M35,0.019801980198019802
W5_M63,W5_M35,0.019801980198019802
W5_M64,W5_M35,0.019801980198019802
W5_M65,W5_M35,0.019801980198019802
W5_M66,W5_M35,0.039603960396039604
W5_M67,W5_M35,0.019801980198019802
W5_M68,W5_M35,0.019801980198019802
W5_M69,W5_M35,0.019801980198019802
W5_M70,W5_M35,0.019801980198019802
W5_M71,W5_M35,0.019801980198019802
W5_M72,W5_M35,0.019801980198019802
W5_M73,W5_M35,0.019801980198019802
W5_M74,W5_M35,0.019801980198019802
W5_M75,W5_M35,0.019801980198019802
W5_M76,W5_M35,0.019801980198019802
W5_M77,W5_M35,0.019801980198019802
W5_M78,W5_M35,0.019801980198019802
W5_M79,W5_M35,0.019801980198019802
W5_M80,W5_M35,0.019801980198019802
W5_M81,W5_M35,0.019801980198019802
W5_M82,W5_M35,0.019801980198019802
W5_M83,W5_M35,0.019801980198019802
W5_M84,W5_M35,0.019801980198019802
W5_M85,W5_M35,0.019801980198019802
W5_M86,W5_M35,0.019801980198019802
W5_M87,W5_M35,0.019801980198019802
W5_M88,W5_M35,0.019801980198019802
W5_M89,W5_M35,0.019801980198019802
W5_M90,W5_M35,0.019801980198019802
W5_M91,W5_M35,0.019801980198019802
W5_M92,W5_M35,0.019801980198019802
W5_M93,W5_M35,0.019801980198019802
W5_M94,W5_M35,0.019801980198019802
W5_M37,W5_M36,0.9306930693069307
W5_M38,W5_M36,0.297029702970297
W5_M39,W5_M36,0.9702970297029703
W5_M40,W5_M36,0.8910891089108911
W5_M41,W5_M36,0.8910891089108911
W5_M42,W5_M36,0.9702970297029703
W5_M43,W5_M36,0.7920792079207921
W5_M44,W5_M36,0.45544554455445546
W5_M45,W5_M36,0.31683168316831684
W5_M46,W5_M36,0.37623762376237624
W5_M47,W5_M36,0.297029702970297
W5_M48,W5_M36,0.6732673267326733
W5_M49,W5_M36,0.5346534653465347
W5_M50,W5_M36,0.07920792079207921
W5_M51,W5_M36,0.7326732673267327
W5_M52,W5_M36,0.4752475247524752
W5_M53,W5_M36,0.19801980198019803
W5_M54,W5_M36,0.1188118811881188
W5_M55,W5_M36,0.09900990099009901
W5_M56,W5_M36,0.13861386138613863
W5_M57,W5_M36,0.09900990099009901
W5_M58,W5_M36,0.1188118811881188
W5_M59,W5_M36,0.1188118811881188
W5_M60,W5_M36,0.15841584158415842
W5_M61,W5_M36,0.0594059405940594
W5_M62,W5_M36,0.039603960396039604
W5_M63,W5_M36,0.07920792079207921
W5_M64,W5_M36,0.019801980198019802
W5_M65,W5_M36,0.0594059405940594
W5_M66,W5_M36,0.07920792079207921
W5_M67,W5_M36,0.019801980198019802
W5_M68,W5_M36,0.039603960396039604
W5_M69,W5_M36,0.019801980198019802
W5_M70,W5_M36,0.019801980198019802
W5_M71,W5_M36,0.019801980198019802
W5_M72,W5_M36,0.019801980198019802
W5_M73,W5_M36,0.019801980198019802
W5_M74,W5_M36,0.019801980198019802
W5_M75,W5_M36,0.019801980198019802
W5_M76,W5_M36,0.019801980198019802
W5_M77,W5_M36,0.019801980198019802
W5_M78,W5_M36,0.019801980198019802
W5_M79,W5_M36,0.019801980198019802
W5_M80,W5_M36,0.019801980198019802
W5_M81,W5_M36,0.019801980198019802
W5_M82,W5_M36,0.019801980198019802
W5_M83,W5_M36,0.019801980198019802
W5_M84,W5_M36,0.019801980198019802
W5_M85,W5_M36,0.019801980198019802
W5_M86,W5_M36,0.019801980198019802
W5_M87,W5_M36,0.019801980198019802
W5_M88,W5_M36,0.019801980198019802
W5_M89,W5_M36,0.019801980198019802
W5_M90,W5_M36,0.019801980198019802
W5_M91,W5_M36,0.019801980198019802
W5_M92,W5_M36,0.019801980198019802
W5_M93,W5_M36,0.019801980198019802
W5_M94,W5_M36,0.019801980198019802
W5_M38,W5_M37,0.8910891089108911
W5_M39,W5_M37,0.9306930693069307
W5_M40,W5_M37,0.9306930693069307
W5_M41,W5_M37,0.9702970297029703
W5_M42,W5_M37,0.9504950495049505
W5_M43,W5_M37,0.7524752475247525
W5_M44,W5_M37,0.07920792079207921
W5_M45,W5_M37,0.45544554455445546
W5_M46,W5_M37,0.31683168316831684
W5_M47,W5_M37,0.297029702970297
W5_M48,W5_M37,0.7722772277227723
W5_M49,W5_M37,0.5346534653465347
W5_M50,W5_M37,0.1782178217821782
W5_M51,W5_M37,0.7722772277227723
W5_M52,W5_M37,0.49504950495049505
W5_M53,W5_M37,0.19801980198019803
W5_M54,W5_M37,0.1188118811881188
W5_M55,W5_M37,0.1782178217821782
W5_M56,W5_M37,0.19801980198019803
W5_M57,W5_M37,0.19801980198019803
W5_M58,W5_M37,0.039603960396039604
W5_M59,W5_M37,0.039603960396039604
W5_M60,W5_M37,0.039603960396039604
W5_M61,W5_M37,0.07920792079207921
W5_M62,W5_M37,0.019801980198019802
W5_M63,W5_M37,0.039603960396039604
W5_M64,W5_M37,0.039603960396039604
W5_M65,W5_M37,0.0594059405940594
W5_M66,W5_M37,0.07920792079207921
W5_M67,W5_M37,0.019801980198019802
W5_M68,W5_M37,0.039603960396039604
W5_M69,W5_M37,0.019801980198019802
W5_M70,W5_M37,0.07920792079207921
W5_M71,W5_M37,0.039603960396039604
W5_M72,W5_M37,0.019801980198019802
W5_M73,W5_M37,0.019801980198019802
W5_M74,W5_M37,0.019801980198019802
W5_M75,W5_M37,0.019801980198019802
W5_M76,W5_M37,0.019801980198019802
W5_M77,W5_M37,0.019801980198019802
W5_M78,W5_M37,0.019801980198019802
W5_M79,W5_M37,0.019801980198019802
W5_M80,W5_M37,0.019801980198019802
W5_M81,W5_M37,0.019801980198019802
W5_M82,W5_M37,0.019801980198019802
W5_M83,W5_M37,0.019801980198019802
W5_M84,W5_M37,0.019801980198019802
W5_M85,W5_M37,0.019801980198019802
W5_M86,W5_M37,0.019801980198019802
W5_M87,W5_M37,0.019801980198019802
W5_M88,W5_M37,0.019801980198019802
W5_M89,W5_M37,0.019801980198019802
W5_M90,W5_M37,0.019801980198019802
W5_M91,W5_M37,0.019801980198019802
W5_M92,W5_M37,0.019801980198019802
W5_M93,W5_M37,0.019801980198019802
W5_M94,W5_M37,0.019801980198019802
W5_M39,W5_M38,0.9702970297029703
W5_M40,W5_M38,0.9900990099009901
W5_M41,W5_M38,0.8712871287128713
W5_M42,W5_M38,0.9504950495049505
W5_M43,W5_M38,0.9108910891089109
W5_M44,W5_M38,0.6336633663366337
W5_M45,W5_M38,0.31683168316831684
W5_M46,W5_M38,0.297029702970297
W5_M47,W5_M38,0.21782178217821782
W5_M48,W5_M38,0.7920792079207921
W5_M49,W5_M38,0.693069306930693
W5_M50,W5_M38,0.15841584158415842
W5_M51,W5_M38,0.7920792079207921
W5_M52,W5_M38,0.49504950495049505
W5_M53,W5_M38,0.1782178217821782
W5_M54,W5_M38,0.0594059405940594
W5_M55,W5_M38,0.15841584158415842
W5_M56,W5_M38,0.07920792079207921
W5_M57,W5_M38,0.13861386138613863
W5_M58,W5_M38,0.15841584158415842
W5_M59,W5_M38,0.1188118811881188
W5_M60,W5_M38,0.09900990099009901
W5_M61,W5_M38,0.039603960396039604
W5_M62,W5_M38,0.039603960396039604
W5_M63,W5_M38,0.0594059405940594
W5_M64,W5_M38,0.039603960396039604
W5_M65,W5_M38,0.039603960396039604
W5_M66,W5_M38,0.13861386138613863
W5_M67,W5_M38,0.019801980198019802
W5_M68,W5_M38,0.019801980198019802
W5_M69,W5_M38,0.019801980198019802
W5_M70,W5_M38,0.019801980198019802
W5_M71,W5_M38,0.019801980198019802
W5_M72,W5_M38,0.039603960396039604
W5_M73,W5_M38,0.019801980198019802
W5_M74,W5_M38,0.019801980198019802
W5_M75,W5_M38,0.019801980198019802
W5_M76,W5_M38,0.019801980198019802
W5_M77,W5_M38,0.019801980198019802
W5_M78,W5_M38,0.019801980198019802
W5_M79,W5_M38,0.019801980198019802
W5_M80,W5_M38,0.019801980198019802
W5_M81,W5_M38,0.019801980198019802
W5_M82,W5_M38,0.019801980198019802
W5_M83,W5_M38,0.019801980198019802
W5_M84,W5_M38,0.019801980198019802
W5_M85,W5_M38,0.019801980198019802
W5_M86,W5_M38,0.019801980198019802
W5_M87,W5_M38,0.019801980198019802
W5_M88,W5_M38,0.019801980198019802
W5_M89,W5_M38,0.019801980198019802
W5_M90,W5_M38,0.019801980198019802
W5_M91,W5_M38,0.019801980198019802
W5_M92,W5_M38,0.019801980198019802
W5_M93,W5_M38,0.019801980198019802
W5_M94,W5_M38,0.019801980198019802
W5_M40,W5_M39,0.9900990099009901
W5_M41,W5_M39,0.8910891089108911
W5_M42,W5_M39,0.9504950495049505
W5_M43,W5_M39,0.9306930693069307
W5_M44,W5_M39,0.693069306930693
W5_M45,W5_M39,0.6534653465346535
W5_M46,W5_M39,0.693069306930693
W5_M47,W5_M39,0.594059405940594
W5_M48,W5_M39,0.8316831683168316
W5_M49,W5_M39,0.43564356435643564
W5_M50,W5_M39,0.37623762376237624
W5_M51,W5_M39,0.45544554455445546
W5_M52,W5_M39,0.3564356435643564
W5_M53,W5_M39,0.27722772277227725
W5_M54,W5_M39,0.37623762376237624
W5_M55,W5_M39,0.039603960396039604
W5_M56,W5_M39,0.1188118811881188
W5_M57,W5_M39,0.09900990099009901
W5_M58,W5_M39,0.07920792079207921
W5_M59,W5_M39,0.019801980198019802
W5_M60,W5_M39,0.019801980198019802
W5_M61,W5_M39,0.0594059405940594
W5_M62,W5_M39,0.1188118811881188
W5_M63,W5_M39,0.0594059405940594
W5_M64,W5_M39,0.039603960396039604
W5_M65,W5_M39,0.0594059405940594
W5_M66,W5_M39,0.039603960396039604
W5_M67,W5_M39,0.039603960396039604
W5_M68,W5_M39,0.019801980198019802
W5_M69,W5_M39,0.039603960396039604
W5_M70,W5_M39,0.09900990099009901
W5_M71,W5_M39,0.039603960396039604
W5_M72,W5_M39,0.019801980198019802
W5_M73,W5_M39,0.019801980198019802
W5_M74,W5_M39,0.019801980198019802
W5_M75,W5_M39,0.019801980198019802
W5_M76,W5_M39,0.019801980198019802
W5_M77,W5_M39,0.019801980198019802
W5_M78,W5_M39,0.019801980198019802
W5_M79,W5_M39,0.019801980198019802
W5_M80,W5_M39,0.019801980198019802
W5_M81,W5_M39,0.019801980198019802
W5_M82,W5_M39,0.019801980198019802
W5_M83,W5_M39,0.019801980198019802
W5_M84,W5_M39,0.019801980198019802
W5_M85,W5_M39,0.019801980198019802
W5_M86,W5_M39,0.019801980198019802
W5_M87,W5_M39,0.019801980198019802
W5_M88,W5_M39,0.019801980198019802
W5_M89,W5_M39,0.019801980198019802
W5_M90,W5_M39,0.019801980198019802
W5_M91,W5_M39,0.019801980198019802
W5_M92,W5_M39,0.019801980198019802
W5_M93,W5_M39,0.019801980198019802
W5_M94,W5_M39,0.019801980198019802
W5_M41,W5_M40,0.9504950495049505
W5_M42,W5_M40,0.693069306930693
W5_M43,W5_M40,1.00990099009901
W5_M44,W5_M40,0.7326732673267327
W5_M45,W5_M40,0.7128712871287128
W5_M46,W5_M40,0.693069306930693
W5_M47,W5_M40,0.6732673267326733
W5_M48,W5_M40,0.7524752475247525
W5_M49,W5_M40,0.5544554455445545
W5_M50,W5_M40,0.49504950495049505
W5_M51,W5_M40,0.5346534653465347
W5_M52,W5_M40,0.31683168316831684
W5_M53,W5_M40,0.19801980198019803
W5_M54,W5_M40,0.2376237623762376
W5_M55,W5_M40,0.07920792079207921
W5_M56,W5_M40,0.039603960396039604
W5_M57,W5_M40,0.0594059405940594
W5_M58,W5_M40,0.019801980198019802
W5_M59,W5_M40,0.039603960396039604
W5_M60,W5_M40,0.07920792079207921
W5_M61,W5_M40,0.09900990099009901
W5_M62,W5_M40,0.0594059405940594
W5_M63,W5_M40,0.09900990099009901
W5_M64,W5_M40,0.09900990099009901
W5_M65,W5_M40,0.039603960396039604
W5_M66,W5_M40,0.0594059405940594
W5_M67,W5_M40,0.019801980198019802
W5_M68,W5_M40,0.039603960396039604
W5_M69,W5_M40,0.039603960396039604
W5_M70,W5_M40,0.039603960396039604
W5_M71,W5_M40,0.019801980198019802
W5_M72,W5_M40,0.019801980198019802
W5_M73,W5_M40,0.019801980198019802
W5_M74,W5_M40,0.019801980198019802
W5_M75,W5_M40,0.019801980198019802
W5_M76,W5_M40,0.019801980198019802
W5_M77,W5_M40,0.019801980198019802
W5_M78,W5_M40,0.019801980198019802
W5_M79,W5_M40,0.019801980198019802
W5_M80,W5_M40,0.019801980198019802
W5_M81,W5_M40,0.019801980198019802
W5_M82,W5_M40,0.019801980198019802
W5_M83,W5_M40,0.019801980198019802
W5_M84,W5_M40,0.019801980198019802
W5_M85,W5_M40,0.019801980198019802
W5_M86,W5_M40,0.019801980198019802
W5_M87,W5_M40,0.019801980198019802
W5_M88,W5_M40,0.019801980198019802
W5_M89,W5_M40,0.019801980198019802
W5_M90,W5_M40,0.019801980198019802
W5_M91,W5_M40,0.019801980198019802
W5_M92,W5_M40,0.019801980198019802
W5_M93,W5_M40,0.019801980198019802
W5_M94,W5_M40,0.019801980198019802
W5_M42,W5_M41,0.9306930693069307
W5_M43,W5_M41,0.8712871287128713
W5_M44,W5_M41,0.7722772277227723
W5_M45,W5_M41,0.5742574257425742
W5_M46,W5_M41,0.5742574257425742
W5_M47,W5_M41,0.5544554455445545
W5_M48,W5_M41,0.9504950495049505
W5_M49,W5_M41,0.5346534653465347
W5_M50,W5_M41,0.5346534653465347
W5_M51,W5_M41,0.27722772277227725
W5_M52,W5_M41,0.297029702970297
W5_M53,W5_M41,0.31683168316831684
W5_M54,W5_M41,0.37623762376237624
W5_M55,W5_M41,0.09900990099009901
W5_M56,W5_M41,0.07920792079207921
W5_M57,W5_M41,0.15841584158415842
W5_M58,W5_M41,0.019801980198019802
W5_M59,W5_M41,0.039603960396039604
W5_M60,W5_M41,0.0594059405940594
W5_M61,W5_M41,0.07920792079207921
W5_M62,W5_M41,0.039603960396039604
W5_M63,W5_M41,0.0594059405940594
W5_M64,W5_M41,0.019801980198019802
W5_M65,W5_M41,0.019801980198019802
W5_M66,W5_M41,0.1188118811881188
W5_M67,W5_M41,0.019801980198019802
W5_M68,W5_M41,0.019801980198019802
W5_M69,W5_M41,0.039603960396039604
W5_M70,W5_M41,0.15841584158415842
W5_M71,W5_M41,0.039603960396039604
W5_M72,W5_M41,0.019801980198019802
W5_M73,W5_M41,0.019801980198019802
W5_M74,W5_M41,0.019801980198019802
W5_M75,W5_M41,0.019801980198019802
W5_M76,W5_M41,0.019801980198019802
W5_M77,W5_M41,0.019801980198019802
W5_M78,W5_M41,0.019801980198019802
W5_M79,W5_M41,0.019801980198019802
W5_M80,W5_M41,0.019801980198019802
W5_M81,W5_M41,0.019801980198019802
W5_M82,W5_M41,0.019801980198019802
W5_M83,W5_M41,0.019801980198019802
W5_M84,W5_M41,0.019801980198019802
W5_M85,W5_M41,0.019801980198019802
W5_M86,W5_M41,0.019801980198019802
W5_M87,W5_M41,0.019801980198019802
W5_M88,W5_M41,0.019801980198019802
W5_M89,W5_M41,0.019801980198019802
W5_M90,W5_M41,0.019801980198019802
W5_M91,W5_M41,0.019801980198019802
W5_M92,W5_M41,0.019801980198019802
W5_M93,W5_M41,0.019801980198019802
W5_M94,W5_M41,0.019801980198019802
W5_M43,W5_M42,0.8910891089108911
W5_M44,W5_M42,0.9306930693069307
W5_M45,W5_M42,0.7128712871287128
W5_M46,W5_M42,0.693069306930693
W5_M47,W5_M42,0.7722772277227723
W5_M48,W5_M42,0.8316831683168316
W5_M49,W5_M42,0.43564356435643564
W5_M50,W5_M42,0.37623762376237624
W5_M51,W5_M42,0.33663366336633666
W5_M52,W5_M42,0.43564356435643564
W5_M53,W5_M42,0.21782178217821782
W5_M54,W5_M42,0.3564356435643564
W5_M55,W5_M42,0.13861386138613863
W5_M56,W5_M42,0.07920792079207921
W5_M57,W5_M42,0.07920792079207921
W5_M58,W5_M42,0.0594059405940594
W5_M59,W5_M42,0.019801980198019802
W5_M60,W5_M42,0.0594059405940594
W5_M61,W5_M42,0.13861386138613863
W5_M62,W5_M42,0.09900990099009901
W5_M63,W5_M42,0.0594059405940594
W5_M64,W5_M42,0.019801980198019802
W5_M65,W5_M42,0.019801980198019802
W5_M66,W5_M42,0.019801980198019802
W5_M67,W5_M42,0.039603960396039604
W5_M68,W5_M42,0.039603960396039604
W5_M69,W5_M42,0.07920792079207921
W5_M70,W5_M42,0.15841584158415842
W5_M71,W5_M42,0.019801980198019802
W5_M72,W5_M42,0.019801980198019802
W5_M73,W5_M42,0.019801980198019802
W5_M74,W5_M42,0.019801980198019802
W5_M75,W5_M42,0.019801980198019802
W5_M76,W5_M42,0.019801980198019802
W5_M77,W5_M42,0.019801980198019802
W5_M78,W5_M42,0.019801980198019802
W5_M79,W5_M42,0.019801980198019802
W5_M80,W5_M42,0.019801980198019802
W5_M81,W5_M42,0.019801980198019802
W5_M82,W5_M42,0.019801980198019802
W5_M83,W5_M42,0.019801980198019802
W5_M84,W5_M42,0.019801980198019802
W5_M85,W5_M42,0.019801980198019802
W5_M86,W5_M42,0.019801980198019802
W5_M87,W5_M42,0.019801980198019802
W5_M88,W5_M42,0.019801980198019802
W5_M89,W5_M42,0.019801980198019802
W5_M90,W5_M42,0.019801980198019802
W5_M91,W5_M42,0.019801980198019802
W5_M92,W5_M42,0.019801980198019802
W5_M93,W5_M42,0.019801980198019802
W5_M94,W5_M42,0.019801980198019802
W5_M44,W5_M43,0.6534653465346535
W5_M45,W5_M43,0.39603960396039606
W5_M46,W5_M43,0.27722772277227725
W5_M47,W5_M43,0.49504950495049505
W5_M48,W5_M43,0.5742574257425742
W5_M49,W5_M43,0.6534653465346535
W5_M50,W5_M43,0.25742574257425743
W5_M51,W5_M43,0.6336633663366337
W5_M52,W5_M43,0.5148514851485149
W5_M53,W5_M43,0.07920792079207921
W5_M54,W5_M43,0.19801980198019803
W5_M55,W5_M43,0.07920792079207921
W5_M56,W5_M43,0.09900990099009901
W5_M57,W5_M43,0.1188118811881188
W5_M58,W5_M43,0.039603960396039604
W5_M59,W5_M43,0.0594059405940594
W5_M60,W5_M43,0.07920792079207921
W5_M61,W5_M43,0.019801980198019802
W5_M62,W5_M43,0.07920792079207921
W5_M63,W5_M43,0.0594059405940594
W5_M64,W5_M43,0.039603960396039604
W5_M65,W5_M43,0.019801980198019802
W5_M66,W5_M43,0.039603960396039604
W5_M67,W5_M43,0.019801980198019802
W5_M68,W5_M43,0.019801980198019802
W5_M69,W5_M43,0.0594059405940594
W5_M70,W5_M43,0.0594059405940594
W5_M71,W5_M43,0.039603960396039604
W5_M72,W5_M43,0.019801980198019802
W5_M73,W5_M43,0.019801980198019802
W5_M74,W5_M43,0.019801980198019802
W5_M75,W5_M43,0.019801980198019802
W5_M76,W5_M43,0.019801980198019802
W5_M77,W5_M43,0.019801980198019802
W5_M78,W5_M43,0.019801980198019802
W5_M79,W5_M43,0.019801980198019802
W5_M80,W5_M43,0.019801980198019802
W5_M81,W5_M43,0.019801980198019802
W5_M82,W5_M43,0.019801980198019802
W5_M83,W5_M43,0.019801980198019802
W5_M84,W5_M43,0.019801980198019802
W5_M85,W5_M43,0.019801980198019802
W5_M86,W5_M43,0.019801980198019802
W5_M87,W5_M43,0.019801980198019802
W5_M88,W5_M43,0.019801980198019802
W5_M89,W5_M43,0.019801980198019802
W5_M90,W5_M43,0.019801980198019802
W5_M91,W5_M43,0.019801980198019802
W5_M92,W5_M43,0.019801980198019802
W5_M93,W5_M43,0.019801980198019802
W5_M94,W5_M43,0.019801980198019802
W5_M45,W5_M44,0.8514851485148515
W5_M46,W5_M44,0.8910891089108911
W5_M47,W5_M44,0.9108910891089109
W5_M48,W5_M44,0.9108910891089109
W5_M49,W5_M44,0.8514851485148515
W5_M50,W5_M44,0.7326732673267327
W5_M51,W5_M44,0.9504950495049505
W5_M52,W5_M44,0.5742574257425742
W5_M53,W5_M44,0.37623762376237624
W5_M54,W5_M44,0.33663366336633666
W5_M55,W5_M44,0.2376237623762376
W5_M56,W5_M44,0.31683168316831684
W5_M57,W5_M44,0.25742574257425743
W5_M58,W5_M44,0.0594059405940594
W5_M59,W5_M44,0.19801980198019803
W5_M60,W5_M44,0.09900990099009901
W5_M61,W5_M44,0.19801980198019803
W5_M62,W5_M44,0.1188118811881188
W5_M63,W5_M44,0.019801980198019802
W5_M64,W5_M44,0.1188118811881188
W5_M65,W5_M44,0.039603960396039604
W5_M66,W5_M44,0.297029702970297
W5_M67,W5_M44,0.039603960396039604
W5_M68,W5_M44,0.0594059405940594
W5_M69,W5_M44,0.0594059405940594
W5_M70,W5_M44,0.039603960396039604
W5_M71,W5_M44,0.019801980198019802
W5_M72,W5_M44,0.019801980198019802
W5_M73,W5_M44,0.019801980198019802
W5_M74,W5_M44,0.019801980198019802
W5_M75,W5_M44,0.019801980198019802
W5_M76,W5_M44,0.019801980198019802
W5_M77,W5_M44,0.019801980198019802
W5_M78,W5_M44,0.019801980198019802
W5_M79,W5_M44,0.019801980198019802
W5_M80,W5_M44,0.019801980198019802
W5_M81,W5_M44,0.019801980198019802
W5_M82,W5_M44,0.019801980198019802
W5_M83,W5_M44,0.019801980198019802
W5_M84,W5_M44,0.019801980198019802
W5_M85,W5_M44,0.019801980198019802
W5_M86,W5_M44,0.019801980198019802
W5_M87,W5_M44,0.019801980198019802
W5_M88,W5_M44,0.019801980198019802
W5_M89,W5_M44,0.019801980198019802
W5_M90,W5_M44,0.019801980198019802
W5_M91,W5_M44,0.019801980198019802
W5_M92,W5_M44,0.019801980198019802
W5_M93,W5_M44,0.019801980198019802
W5_M94,W5_M44,0.019801980198019802
W5_M46,W5_M45,0.8910891089108911
W5_M47,W5_M45,0.9306930693069307
W5_M48,W5_M45,0.8712871287128713
W5_M49,W5_M45,0.8316831683168316
W5_M50,W5_M45,0.0594059405940594
W5_M51,W5_M45,0.9306930693069307
W5_M52,W5_M45,0.6336633663366337
W5_M53,W5_M45,0.33663366336633666
W5_M54,W5_M45,0.19801980198019803
W5_M55,W5_M45,0.19801980198019803
W5_M56,W5_M45,0.25742574257425743
W5_M57,W5_M45,0.297029702970297
W5_M58,W5_M45,0.09900990099009901
W5_M59,W5_M45,0.09900990099009901
W5_M60,W5_M45,0.13861386138613863
W5_M61,W5_M45,0.09900990099009901
W5_M62,W5_M45,0.039603960396039604
W5_M63,W5_M45,0.0594059405940594
W5_M64,W5_M45,0.19801980198019803
W5_M65,W5_M45,0.039603960396039604
W5_M66,W5_M45,0.07920792079207921
W5_M67,W5_M45,0.039603960396039604
W5_M68,W5_M45,0.039603960396039604
W5_M69,W5_M45,0.039603960396039604
W5_M70,W5_M45,0.0594059405940594
W5_M71,W5_M45,0.039603960396039604
W5_M72,W5_M45,0.039603960396039604
W5_M73,W5_M45,0.0594059405940594
W5_M74,W5_M45,0.019801980198019802
W5_M75,W5_M45,0.019801980198019802
W5_M76,W5_M45,0.019801980198019802
W5_M77,W5_M45,0.019801980198019802
W5_M78,W5_M45,0.019801980198019802
W5_M79,W5_M45,0.019801980198019802
W5_M80,W5_M45,0.019801980198019802
W5_M81,W5_M45,0.019801980198019802
W5_M82,W5_M45,0.019801980198019802
W5_M83,W5_M45,0.019801980198019802
W5_M84,W5_M45,0.019801980198019802
W5_M85,W5_M45,0.019801980198019802
W5_M86,W5_M45,0.019801980198019802
W5_M87,W5_M45,0.019801980198019802
W5_M88,W5_M45,0.019801980198019802
W5_M89,W5_M45,0.019801980198019802
W5_M90,W5_M45,0.019801980198019802
W5_M91,W5_M45,0.019801980198019802
W5_M92,W5_M45,0.019801980198019802
W5_M93,W5_M45,0.019801980198019802
W5_M94,W5_M45,0.019801980198019802
W5_M47,W5_M46,0.9702970297029703
W5_M48,W5_M46,0.9900990099009901
W5_M49,W5_M46,0.9702970297029703
W5_M50,W5_M46,0.09900990099009901
W5_M51,W5_M46,0.9900990099009901
W5_M52,W5_M46,0.5544554455445545
W5_M53,W5_M46,0.297029702970297
W5_M54,W5_M46,0.1782178217821782
W5_M55,W5_M46,0.2376237623762376
W5_M56,W5_M46,0.15841584158415842
W5_M57,W5_M46,0.19801980198019803
W5_M58,W5_M46,0.2376237623762376
W5_M59,W5_M46,0.1188118811881188
W5_M60,W5_M46,0.039603960396039604
W5_M61,W5_M46,0.1188118811881188
W5_M62,W5_M46,0.09900990099009901
W5_M63,W5_M46,0.07920792079207921
W5_M64,W5_M46,0.07920792079207921
W5_M65,W5_M46,0.0594059405940594
W5_M66,W5_M46,0.1188118811881188
W5_M67,W5_M46,0.039603960396039604
W5_M68,W5_M46,0.019801980198019802
W5_M69,W5_M46,0.039603960396039604
W5_M70,W5_M46,0.09900990099009901
W5_M71,W5_M46,0.039603960396039604
W5_M72,W5_M46,0.039603960396039604
W5_M73,W5_M46,0.019801980198019802
W5_M74,W5_M46,0.039603960396039604
W5_M75,W5_M46,0.019801980198019802
W5_M76,W5_M46,0.019801980198019802
W5_M77,W5_M46,0.019801980198019802
W5_M78,W5_M46,0.019801980198019802
W5_M79,W5_M46,0.019801980198019802
W5_M80,W5_M46,0.019801980198019802
W5_M81,W5_M46,0.019801980198019802
W5_M82,W5_M46,0.019801980198019802
W5_M83,W5_M46,0.019801980198019802
W5_M84,W5_M46,0.019801980198019802
W5_M85,W5_M46,0.019801980198019802
W5_M86,W5_M46,0.019801980198019802
W5_M87,W5_M46,0.019801980198019802
W5_M88,W5_M46,0.019801980198019802
W5_M89,W5_M46,0.019801980198019802
W5_M90,W5_M46,0.019801980198019802
W5_M91,W5_M46,0.019801980198019802
W5_M92,W5_M46,0.019801980198019802
W5_M93,W5_M46,0.019801980198019802
W5_M94,W5_M46,0.019801980198019802
W5_M48,W5_M47,0.9702970297029703
W5_M49,W5_M47,0.9306930693069307
W5_M50,W5_M47,0.019801980198019802
W5_M51,W5_M47,0.7920792079207921
W5_M52,W5_M47,0.6336633663366337
W5_M53,W5_M47,0.3564356435643564
W5_M54,W5_M47,0.13861386138613863
W5_M55,W5_M47,0.15841584158415842
W5_M56,W5_M47,0.21782178217821782
W5_M57,W5_M47,0.19801980198019803
W5_M58,W5_M47,0.13861386138613863
W5_M59,W5_M47,0.07920792079207921
W5_M60,W5_M47,0.1188118811881188
W5_M61,W5_M47,0.0594059405940594
W5_M62,W5_M47,0.1188118811881188
W5_M63,W5_M47,0.039603960396039604
W5_M64,W5_M47,0.039603960396039604
W5_M65,W5_M47,0.039603960396039604
W5_M66,W5_M47,0.1782178217821782
W5_M67,W5_M47,0.019801980198019802
W5_M68,W5_M47,0.019801980198019802
W5_M69,W5_M47,0.09900990099009901
W5_M70,W5_M47,0.07920792079207921
W5_M71,W5_M47,0.039603960396039604
W5_M72,W5_M47,0.019801980198019802
W5_M73,W5_M47,0.019801980198019802
W5_M74,W5_M47,0.019801980198019802
W5_M75,W5_M47,0.019801980198019802
W5_M76,W5_M47,0.019801980198019802
W5_M77,W5_M47,0.019801980198019802
W5_M78,W5_M47,0.019801980198019802
W5_M79,W5_M47,0.019801980198019802
W5_M80,W5_M47,0.019801980198019802
W5_M81,W5_M47,0.019801980198019802
W5_M82,W5_M47,0.019801980198019802
W5_M83,W5_M47,0.019801980198019802
W5_M84,W5_M47,0.019801980198019802
W5_M85,W5_M47,0.019801980198019802
W5_M86,W5_M47,0.019801980198019802
W5_M87,W5_M47,0.019801980198019802
W5_M88,W5_M47,0.019801980198019802
W5_M89,W5_M47,0.019801980198019802
W5_M90,W5_M47,0.019801980198019802
W5_M91,W5_M47,0.019801980198019802
W5_M92,W5_M47,0.019801980198019802
W5_M93,W5_M47,0.019801980198019802
W5_M94,W5_M47,0.019801980198019802
W5_M49,W5_M48,0.9702970297029703
W5_M50,W5_M48,0.9108910891089109
W5_M51,W5_M48,0.9702970297029703
W5_M52,W5_M48,0.6732673267326733
W5_M53,W5_M48,0.5346534653465347
W5_M54,W5_M48,0.7326732673267327
W5_M55,W5_M48,0.37623762376237624
W5_M56,W5_M48,0.31683168316831684
W5_M57,W5_M48,0.37623762376237624
W5_M58,W5_M48,0.5148514851485149
W5_M59,W5_M48,0.297029702970297
W5_M60,W5_M48,0.594059405940594
W5_M61,W5_M48,0.3564356435643564
W5_M62,W5_M48,0.21782178217821782
W5_M63,W5_M48,0.31683168316831684
W5_M64,W5_M48,0.25742574257425743
W5_M65,W5_M48,0.19801980198019803
W5_M66,W5_M48,0.1188118811881188
W5_M67,W5_M48,0.1782178217821782
W5_M68,W5_M48,0.13861386138613863
W5_M69,W5_M48,0.1188118811881188
W5_M70,W5_M48,0.07920792079207921
W5_M71,W5_M48,0.1188118811881188
W5_M72,W5_M48,0.039603960396039604
W5_M73,W5_M48,0.019801980198019802
W5_M74,W5_M48,0.019801980198019802
W5_M75,W5_M48,0.019801980198019802
W5_M76,W5_M48,0.019801980198019802
W5_M77,W5_M48,0.019801980198019802
W5_M78,W5_M48,0.019801980198019802
W5_M79,W5_M48,0.019801980198019802
W5_M80,W5_M48,0.019801980198019802
W5_M81,W5_M48,0.019801980198019802
W5_M82,W5_M48,0.019801980198019802
W5_M83,W5_M48,0.019801980198019802
W5_M84,W5_M48,0.019801980198019802
W5_M85,W5_M48,0.019801980198019802
W5_M86,W5_M48,0.019801980198019802
W5_M87,W5_M48,0.019801980198019802
W5_M88,W5_M48,0.019801980198019802
W5_M89,W5_M48,0.019801980198019802
W5_M90,W5_M48,0.019801980198019802
W5_M91,W5_M48,0.019801980198019802
W5_M92,W5_M48,0.019801980198019802
W5_M93,W5_M48,0.019801980198019802
W5_M94,W5_M48,0.019801980198019802
W5_M50,W5_M49,0.9306930693069307
W5_M51,W5_M49,0.8118811881188119
W5_M52,W5_M49,0.7326732673267327
W5_M53,W5_M49,0.7326732673267327
W5_M54,W5_M49,0.693069306930693
W5_M55,W5_M49,0.33663366336633666
W5_M56,W5_M49,0.31683168316831684
W5_M57,W5_M49,0.3564356435643564
W5_M58,W5_M49,0.21782178217821782
W5_M59,W5_M49,0.37623762376237624
W5_M60,W5_M49,0.25742574257425743
W5_M61,W5_M49,0.19801980198019803
W5_M62,W5_M49,0.27722772277227725
W5_M63,W5_M49,0.1782178217821782
W5_M64,W5_M49,0.15841584158415842
W5_M65,W5_M49,0.1188118811881188
W5_M66,W5_M49,0.1188118811881188
W5_M67,W5_M49,0.15841584158415842
W5_M68,W5_M49,0.1188118811881188
W5_M69,W5_M49,0.19801980198019803
W5_M70,W5_M49,0.13861386138613863
W5_M71,W5_M49,0.0594059405940594
W5_M72,W5_M49,0.07920792079207921
W5_M73,W5_M49,0.039603960396039604
W5_M74,W5_M49,0.019801980198019802
W5_M75,W5_M49,0.019801980198019802
W5_M76,W5_M49,0.019801980198019802
W5_M77,W5_M49,0.019801980198019802
W5_M78,W5_M49,0.019801980198019802
W5_M79,W5_M49,0.019801980198019802
W5_M80,W5_M49,0.019801980198019802
W5_M81,W5_M49,0.019801980198019802
W5_M82,W5_M49,0.019801980198019802
W5_M83,W5_M49,0.019801980198019802
W5_M84,W5_M49,0.019801980198019802
W5_M85,W5_M49,0.019801980198019802
W5_M86,W5_M49,0.019801980198019802
W5_M87,W5_M49,0.019801980198019802
W5_M88,W5_M49,0.019801980198019802
W5_M89,W5_M49,0.019801980198019802
W5_M90,W5_M49,0.019801980198019802
W5_M91,W5_M49,0.019801980198019802
W5_M92,W5_M49,0.019801980198019802
W5_M93,W5_M49,0.019801980198019802
W5_M94,W5_M49,0.019801980198019802
W5_M51,W5_M50,0.8910891089108911
W5_M52,W5_M50,0.6732673267326733
W5_M53,W5_M50,0.4158415841584158
W5_M54,W5_M50,0.297029702970297
W5_M55,W5_M50,0.25742574257425743
W5_M56,W5_M50,0.4158415841584158
W5_M57,W5_M50,0.27722772277227725
W5_M58,W5_M50,0.1188118811881188
W5_M59,W5_M50,0.27722772277227725
W5_M60,W5_M50,0.25742574257425743
W5_M61,W5_M50,0.1188118811881188
W5_M62,W5_M50,0.19801980198019803
W5_M63,W5_M50,0.07920792079207921
W5_M64,W5_M50,0.1188118811881188
W5_M65,W5_M50,0.07920792079207921
W5_M66,W5_M50,0.19801980198019803
W5_M67,W5_M50,0.039603960396039604
W5_M68,W5_M50,0.019801980198019802
W5_M69,W5_M50,0.039603960396039604
W5_M70,W5_M50,0.1188118811881188
W5_M71,W5_M50,0.019801980198019802
W5_M72,W5_M50,0.019801980198019802
W5_M73,W5_M50,0.039603960396039604
W5_M74,W5_M50,0.019801980198019802
W5_M75,W5_M50,0.019801980198019802
W5_M76,W5_M50,0.019801980198019802
W5_M77,W5_M50,0.019801980198019802
W5_M78,W5_M50,0.019801980198019802
W5_M79,W5_M50,0.019801980198019802
W5_M80,W5_M50,0.019801980198019802
W5_M81,W5_M50,0.019801980198019802
W5_M82,W5_M50,0.019801980198019802
W5_M83,W5_M50,0.019801980198019802
W5_M84,W5_M50,0.019801980198019802
W5_M85,W5_M50,0.019801980198019802
W5_M86,W5_M50,0.019801980198019802
W5_M87,W5_M50,0.019801980198019802
W5_M88,W5_M50,0.019801980198019802
W5_M89,W5_M50,0.019801980198019802
W5_M90,W5_M50,0.019801980198019802
W5_M91,W5_M50,0.019801980198019802
W5_M92,W5_M50,0.019801980198019802
W5_M93,W5_M50,0.019801980198019802
W5_M94,W5_M50,0.019801980198019802
W5_M52,W5_M51,0.7722772277227723
W5_M53,W5_M51,0.8514851485148515
W5_M54,W5_M51,0.8712871287128713
W5_M55,W5_M51,0.33663366336633666
W5_M56,W5_M51,0.39603960396039606
W5_M57,W5_M51,0.37623762376237624
W5_M58,W5_M51,0.31683168316831684
W5_M59,W5_M51,0.2376237623762376
W5_M60,W5_M51,0.2376237623762376
W5_M61,W5_M51,0.19801980198019803
W5_M62,W5_M51,0.13861386138613863
W5_M63,W5_M51,0.1188118811881188
W5_M64,W5_M51,0.1188118811881188
W5_M65,W5_M51,0.07920792079207921
W5_M66,W5_M51,0.039603960396039604
W5_M67,W5_M51,0.0594059405940594
W5_M68,W5_M51,0.07920792079207921
W5_M69,W5_M51,0.13861386138613863
W5_M70,W5_M51,0.09900990099009901
W5_M71,W5_M51,0.019801980198019802
W5_M72,W5_M51,0.07920792079207921
W5_M73,W5_M51,0.019801980198019802
W5_M74,W5_M51,0.019801980198019802
W5_M75,W5_M51,0.019801980198019802
W5_M76,W5_M51,0.019801980198019802
W5_M77,W5_M51,0.019801980198019802
W5_M78,W5_M51,0.019801980198019802
W5_M79,W5_M51,0.019801980198019802
W5_M80,W5_M51,0.019801980198019802
W5_M81,W5_M51,0.019801980198019802
W5_M82,W5_M51,0.019801980198019802
W5_M83,W5_M51,0.019801980198019802
W5_M84,W5_M51,0.019801980198019802
W5_M85,W5_M51,0.019801980198019802
W5_M86,W5_M51,0.019801980198019802
W5_M87,W5_M51,0.019801980198019802
W5_M88,W5_M51,0.019801980198019802
W5_M89,W5_M51,0.019801980198019802
W5_M90,W5_M51,0.019801980198019802
W5_M91,W5_M51,0.019801980198019802
W5_M92,W5_M51,0.019801980198019802
W5_M93,W5_M51,0.019801980198019802
W5_M94,W5_M51,0.019801980198019802
W5_M53,W5_M52,0.9306930693069307
W5_M54,W5_M52,0.9306930693069307
W5_M55,W5_M52,0.5544554455445545
W5_M56,W5_M52,0.7128712871287128
W5_M57,W5_M52,0.4752475247524752
W5_M58,W5_M52,0.43564356435643564
W5_M59,W5_M52,0.27722772277227725
W5_M60,W5_M52,0.45544554455445546
W5_M61,W5_M52,0.09900990099009901
W5_M62,W5_M52,0.25742574257425743
W5_M63,W5_M52,0.27722772277227725
W5_M64,W5_M52,0.2376237623762376
W5_M65,W5_M52,0.25742574257425743
W5_M66,W5_M52,0.25742574257425743
W5_M67,W5_M52,0.1782178217821782
W5_M68,W5_M52,0.13861386138613863
W5_M69,W5_M52,0.19801980198019803
W5_M70,W5_M52,0.19801980198019803
W5_M71,W5_M52,0.0594059405940594
W5_M72,W5_M52,0.019801980198019802
W5_M73,W5_M52,0.039603960396039604
W5_M74,W5_M52,0.019801980198019802
W5_M75,W5_M52,0.019801980198019802
W5_M76,W5_M52,0.019801980198019802
W5_M77,W5_M52,0.019801980198019802
W5_M78,W5_M52,0.019801980198019802
W5_M79,W5_M52,0.019801980198019802
W5_M80,W5_M52,0.019801980198019802
W5_M81,W5_M52,0.019801980198019802
W5_M82,W5_M52,0.019801980198019802
W5_M83,W5_M52,0.019801980198019802
W5_M84,W5_M52,0.019801980198019802
W5_M85,W5_M52,0.019801980198019802
W5_M86,W5_M52,0.019801980198019802
W5_M87,W5_M52,0.019801980198019802
W5_M88,W5_M52,0.019801980198019802
W5_M89,W5_M52,0.019801980198019802
W5_M90,W5_M52,0.019801980198019802
W5_M91,W5_M52,0.019801980198019802
W5_M92,W5_M52,0.019801980198019802
W5_M93,W5_M52,0.019801980198019802
W5_M94,W5_M52,0.019801980198019802
W5_M54,W5_M53,0.8514851485148515
W5_M55,W5_M53,0.33663366336633666
W5_M56,W5_M53,0.43564356435643564
W5_M57,W5_M53,0.39603960396039606
W5_M58,W5_M53,0.3564356435643564
W5_M59,W5_M53,0.39603960396039606
W5_M60,W5_M53,0.3564356435643564
W5_M61,W5_M53,0.3564356435643564
W5_M62,W5_M53,0.19801980198019803
W5_M63,W5_M53,0.39603960396039606
W5_M64,W5_M53,0.09900990099009901
W5_M65,W5_M53,0.19801980198019803
W5_M66,W5_M53,0.4158415841584158
W5_M67,W5_M53,0.27722772277227725
W5_M68,W5_M53,0.1782178217821782
W5_M69,W5_M53,0.19801980198019803
W5_M70,W5_M53,0.2376237623762376
W5_M71,W5_M53,0.0594059405940594
W5_M72,W5_M53,0.019801980198019802
W5_M73,W5_M53,0.019801980198019802
W5_M74,W5_M53,0.019801980198019802
W5_M75,W5_M53,0.019801980198019802
W5_M76,W5_M53,0.019801980198019802
W5_M77,W5_M53,0.019801980198019802
W5_M78,W5_M53,0.019801980198019802
W5_M79,W5_M53,0.019801980198019802
W5_M80,W5_M53,0.019801980198019802
W5_M81,W5_M53,0.019801980198019802
W5_M82,W5_M53,0.019801980198019802
W5_M83,W5_M53,0.019801980198019802
W5_M84,W5_M53,0.019801980198019802
W5_M85,W5_M53,0.019801980198019802
W5_M86,W5_M53,0.019801980198019802
W5_M87,W5_M53,0.019801980198019802
W5_M88,W5_M53,0.019801980198019802
W5_M89,W5_M53,0.019801980198019802
W5_M90,W5_M53,0.019801980198019802
W5_M91,W5_M53,0.019801980198019802
W5_M92,W5_M53,0.019801980198019802
W5_M93,W5_M53,0.019801980198019802
W5_M94,W5_M53,0.019801980198019802
W5_M55,W5_M54,0.6534653465346535
W5_M56,W5_M54,0.5148514851485149
W5_M57,W5_M54,0.5346534653465347
W5_M58,W5_M54,0.4752475247524752
W5_M59,W5_M54,0.4752475247524752
W5_M60,W5_M54,0.45544554455445546
W5_M61,W5_M54,0.31683168316831684
W5_M62,W5_M54,0.13861386138613863
W5_M63,W5_M54,0.15841584158415842
W5_M64,W5_M54,0.15841584158415842
W5_M65,W5_M54,0.07920792079207921
W5_M66,W5_M54,0.5346534653465347
W5_M67,W5_M54,0.09900990099009901
W5_M68,W5_M54,0.1782178217821782
W5_M69,W5_M54,0.1188118811881188
W5_M70,W5_M54,0.1188118811881188
W5_M71,W5_M54,0.0594059405940594
W5_M72,W5_M54,0.039603960396039604
W5_M73,W5_M54,0.039603960396039604
W5_M74,W5_M54,0.039603960396039604
W5_M75,W5_M54,0.039603960396039604
W5_M76,W5_M54,0.019801980198019802
W5_M77,W5_M54,0.019801980198019802
W5_M78,W5_M54,0.019801980198019802
W5_M79,W5_M54,0.019801980198019802
W5_M80,W5_M54,0.019801980198019802
W5_M81,W5_M54,0.019801980198019802
W5_M82,W5_M54,0.019801980198019802
W5_M83,W5_M54,0.019801980198019802
W5_M84,W5_M54,0.019801980198019802
W5_M85,W5_M54,0.019801980198019802
W5_M86,W5_M54,0.019801980198019802
W5_M87,W5_M54,0.019801980198019802
W5_M88,W5_M54,0.019801980198019802
W5_M89,W5_M54,0.019801980198019802
W5_M90,W5_M54,0.019801980198019802
W5_M91,W5_M54,0.019801980198019802
W5_M92,W5_M54,0.019801980198019802
W5_M93,W5_M54,0.019801980198019802
W5_M94,W5_M54,0.019801980198019802
W5_M56,W5_M55,0.9504950495049505
W5_M57,W5_M55,0.9306930693069307
W5_M58,W5_M55,0.7920792079207921
W5_M59,W5_M55,0.6138613861386139
W5_M60,W5_M55,0.7524752475247525
W5_M61,W5_M55,0.8316831683168316
W5_M62,W5_M55,0.6732673267326733
W5_M63,W5_M55,0.37623762376237624
W5_M64,W5_M55,0.19801980198019803
W5_M65,W5_M55,0.297029702970297
W5_M66,W5_M55,0.6732673267326733
W5_M67,W5_M55,0.13861386138613863
W5_M68,W5_M55,0.13861386138613863
W5_M69,W5_M55,0.43564356435643564
W5_M70,W5_M55,0.39603960396039606
W5_M71,W5_M55,0.039603960396039604
W5_M72,W5_M55,0.15841584158415842
W5_M73,W5_M55,0.09900990099009901
W5_M74,W5_M55,0.019801980198019802
W5_M75,W5_M55,0.019801980198019802
W5_M76,W5_M55,0.019801980198019802
W5_M77,W5_M55,0.019801980198019802
W5_M78,W5_M55,0.019801980198019802
W5_M79,W5_M55,0.019801980198019802
W5_M80,W5_M55,0.019801980198019802
W5_M81,W5_M55,0.019801980198019802
W5_M82,W5_M55,0.019801980198019802
W5_M83,W5_M55,0.019801980198019802
W5_M84,W5_M55,0.019801980198019802
W5_M85,W5_M55,0.019801980198019802
W5_M86,W5_M55,0.019801980198019802
W5_M87,W5_M55,0.019801980198019802
W5_M88,W5_M55,0.019801980198019802
W5_M89,W5_M55,0.019801980198019802
W5_M90,W5_M55,0.019801980198019802
W5_M91,W5_M55,0.019801980198019802
W5_M92,W5_M55,0.019801980198019802
W5_M93,W5_M55,0.019801980198019802
W5_M94,W5_M55,0.019801980198019802
W5_M57,W5_M56,0.7722772277227723
W5_M58,W5_M56,0.8712871287128713
W5_M59,W5_M56,0.6534653465346535
W5_M60,W5_M56,0.7326732673267327
W5_M61,W5_M56,0.9108910891089109
W5_M62,W5_M56,0.7128712871287128
W5_M63,W5_M56,0.21782178217821782
W5_M64,W5_M56,0.297029702970297
W5_M65,W5_M56,0.2376237623762376
W5_M66,W5_M56,0.49504950495049505
W5_M67,W5_M56,0.15841584158415842
W5_M68,W5_M56,0.19801980198019803
W5_M69,W5_M56,0.43564356435643564
W5_M70,W5_M56,0.45544554455445546
W5_M71,W5_M56,0.039603960396039604
W5_M72,W5_M56,0.1782178217821782
W5_M73,W5_M56,0.0594059405940594
W5_M74,W5_M56,0.0594059405940594
W5_M75,W5_M56,0.039603960396039604
W5_M76,W5_M56,0.019801980198019802
W5_M77,W5_M56,0.019801980198019802
W5_M78,W5_M56,0.019801980198019802
W5_M79,W5_M56,0.019801980198019802
W5_M80,W5_M56,0.019801980198019802
W5_M81,W5_M56,0.019801980198019802
W5_M82,W5_M56,0.019801980198019802
W5_M83,W5_M56,0.019801980198019802
W5_M84,W5_M56,0.019801980198019802
W5_M85,W5_M56,0.019801980198019802
W5_M86,W5_M56,0.019801980198019802
W5_M87,W5_M56,0.019801980198019802
W5_M88,W5_M56,0.019801980198019802
W5_M89,W5_M56,0.019801980198019802
W5_M90,W5_M56,0.019801980198019802
W5_M91,W5_M56,0.019801980198019802
W5_M92,W5_M56,0.019801980198019802
W5_M93,W5_M56,0.019801980198019802
W5_M94,W5_M56,0.019801980198019802
W5_M58,W5_M57,0.7722772277227723
W5_M59,W5_M57,0.9108910891089109
W5_M60,W5_M57,0.8316831683168316
W5_M61,W5_M57,0.8118811881188119
W5_M62,W5_M57,0.6732673267326733
W5_M63,W5_M57,0.4158415841584158
W5_M64,W5_M57,0.15841584158415842
W5_M65,W5_M57,0.33663366336633666
W5_M66,W5_M57,0.33663366336633666
W5_M67,W5_M57,0.2376237623762376
W5_M68,W5_M57,0.297029702970297
W5_M69,W5_M57,0.5148514851485149
W5_M70,W5_M57,0.49504950495049505
W5_M71,W5_M57,0.1188118811881188
W5_M72,W5_M57,0.13861386138613863
W5_M73,W5_M57,0.07920792079207921
W5_M74,W5_M57,0.039603960396039604
W5_M75,W5_M57,0.039603960396039604
W5_M76,W5_M57,0.019801980198019802
W5_M77,W5_M57,0.039603960396039604
W5_M78,W5_M57,0.019801980198019802
W5_M79,W5_M57,0.019801980198019802
W5_M80,W5_M57,0.019801980198019802
W5_M81,W5_M57,0.019801980198019802
W5_M82,W5_M57,0.019801980198019802
W5_M83,W5_M57,0.019801980198019802
W5_M84,W5_M57,0.019801980198019802
W5_M85,W5_M57,0.019801980198019802
W5_M86,W5_M57,0.019801980198019802
W5_M87,W5_M57,0.019801980198019802
W5_M88,W5_M57,0.019801980198019802
W5_M89,W5_M57,0.019801980198019802
W5_M90,W5_M57,0.019801980198019802
W5_M91,W5_M57,0.019801980198019802
W5_M92,W5_M57,0.019801980198019802
W5_M93,W5_M57,0.019801980198019802
W5_M94,W5_M57,0.019801980198019802
W5_M59,W5_M58,0.693069306930693
W5_M60,W5_M58,0.8910891089108911
W5_M61,W5_M58,0.7326732673267327
W5_M62,W5_M58,0.8910891089108911
W5_M63,W5_M58,0.4158415841584158
W5_M64,W5_M58,0.43564356435643564
W5_M65,W5_M58,0.19801980198019803
W5_M66,W5_M58,0.6534653465346535
W5_M67,W5_M58,0.1782178217821782
W5_M68,W5_M58,0.21782178217821782
W5_M69,W5_M58,0.594059405940594
W5_M70,W5_M58,0.45544554455445546
W5_M71,W5_M58,0.0594059405940594
W5_M72,W5_M58,0.1782178217821782
W5_M73,W5_M58,0.09900990099009901
W5_M74,W5_M58,0.09900990099009901
W5_M75,W5_M58,0.019801980198019802
W5_M76,W5_M58,0.019801980198019802
W5_M77,W5_M58,0.019801980198019802
W5_M78,W5_M58,0.019801980198019802
W5_M79,W5_M58,0.019801980198019802
W5_M80,W5_M58,0.019801980198019802
W5_M81,W5_M58,0.019801980198019802
W5_M82,W5_M58,0.019801980198019802
W5_M83,W5_M58,0.019801980198019802
W5_M84,W5_M58,0.019801980198019802
W5_M85,W5_M58,0.019801980198019802
W5_M86,W5_M58,0.019801980198019802
W5_M87,W5_M58,0.019801980198019802
W5_M88,W5_M58,0.019801980198019802
W5_M89,W5_M58,0.019801980198019802
W5_M90,W5_M58,0.019801980198019802
W5_M91,W5_M58,0.019801980198019802
W5_M92,W5_M58,0.019801980198019802
W5_M93,W5_M58,0.019801980198019802
W5_M94,W5_M58,0.019801980198019802
W5_M60,W5_M59,0.7326732673267327
W5_M61,W5_M59,1.00990099009901
W5_M62,W5_M59,0.7524752475247525
W5_M63,W5_M59,0.5148514851485149
W5_M64,W5_M59,0.31683168316831684
W5_M65,W5_M59,0.33663366336633666
W5_M66,W5_M59,0.5346534653465347
W5_M67,W5_M59,0.25742574257425743
W5_M68,W5_M59,0.2376237623762376
W5_M69,W5_M59,0.39603960396039606
W5_M70,W5_M59,0.3564356435643564
W5_M71,W5_M59,0.07920792079207921
W5_M72,W5_M59,0.13861386138613863
W5_M73,W5_M59,0.09900990099009901
W5_M74,W5_M59,0.039603960396039604
W5_M75,W5_M59,0.0594059405940594
W5_M76,W5_M59,0.019801980198019802
W5_M77,W5_M59,0.019801980198019802
W5_M78,W5_M59,0.019801980198019802
W5_M79,W5_M59,0.019801980198019802
W5_M80,W5_M59,0.019801980198019802
W5_M81,W5_M59,0.019801980198019802
W5_M82,W5_M59,0.019801980198019802
W5_M83,W5_M59,0.019801980198019802
W5_M84,W5_M59,0.039603960396039604
W5_M85,W5_M59,0.019801980198019802
W5_M86,W5_M59,0.019801980198019802
W5_M87,W5_M59,0.019801980198019802
W5_M88,W5_M59,0.019801980198019802
W5_M89,W5_M59,0.019801980198019802
W5_M90,W5_M59,0.019801980198019802
W5_M91,W5_M59,0.019801980198019802
W5_M92,W5_M59,0.019801980198019802
W5_M93,W5_M59,0.019801980198019802
W5_M94,W5_M59,0.019801980198019802
W5_M61,W5_M60,0.8910891089108911
W5_M62,W5_M60,0.7128712871287128
W5_M63,W5_M60,0.5346534653465347
W5_M64,W5_M60,0.43564356435643564
W5_M65,W5_M60,0.37623762376237624
W5_M66,W5_M60,0.6336633663366337
W5_M67,W5_M60,0.15841584158415842
W5_M68,W5_M60,0.1782178217821782
W5_M69,W5_M60,0.4158415841584158
W5_M70,W5_M60,0.5148514851485149
W5_M71,W5_M60,0.0594059405940594
W5_M72,W5_M60,0.21782178217821782
W5_M73,W5_M60,0.09900990099009901
W5_M74,W5_M60,0.039603960396039604
W5_M75,W5_M60,0.039603960396039604
W5_M76,W5_M60,0.0594059405940594
W5_M77,W5_M60,0.019801980198019802
W5_M78,W5_M60,0.019801980198019802
W5_M79,W5_M60,0.019801980198019802
W5_M80,W5_M60,0.019801980198019802
W5_M81,W5_M60,0.019801980198019802
W5_M82,W5_M60,0.019801980198019802
W5_M83,W5_M60,0.019801980198019802
W5_M84,W5_M60,0.019801980198019802
W5_M85,W5_M60,0.019801980198019802
W5_M86,W5_M60,0.019801980198019802
W5_M87,W5_M60,0.019801980198019802
W5_M88,W5_M60,0.019801980198019802
W5_M89,W5_M60,0.019801980198019802
W5_M90,W5_M60,0.019801980198019802
W5_M91,W5_M60,0.019801980198019802
W5_M92,W5_M60,0.019801980198019802
W5_M93,W5_M60,0.019801980198019802
W5_M94,W5_M60,0.019801980198019802
W5_M62,W5_M61,0.693069306930693
W5_M63,W5_M61,0.6534653465346535
W5_M64,W5_M61,0.7722772277227723
W5_M65,W5_M61,0.6336633663366337
W5_M66,W5_M61,0.9306930693069307
W5_M67,W5_M61,0.693069306930693
W5_M68,W5_M61,0.594059405940594
W5_M69,W5_M61,0.43564356435643564
W5_M70,W5_M61,0.6138613861386139
W5_M71,W5_M61,0.1188118811881188
W5_M72,W5_M61,0.21782178217821782
W5_M73,W5_M61,0.1188118811881188
W5_M74,W5_M61,0.019801980198019802
W5_M75,W5_M61,0.019801980198019802
W5_M76,W5_M61,0.039603960396039604
W5_M77,W5_M61,0.019801980198019802
W5_M78,W5_M61,0.019801980198019802
W5_M79,W5_M61,0.019801980198019802
W5_M80,W5_M61,0.019801980198019802
W5_M81,W5_M61,0.019801980198019802
W5_M82,W5_M61,0.019801980198019802
W5_M83,W5_M61,0.019801980198019802
W5_M84,W5_M61,0.019801980198019802
W5_M85,W5_M61,0.019801980198019802
W5_M86,W5_M61,0.019801980198019802
W5_M87,W5_M61,0.019801980198019802
W5_M88,W5_M61,0.019801980198019802
W5_M89,W5_M61,0.019801980198019802
W5_M90,W5_M61,0.019801980198019802
W5_M91,W5_M61,0.019801980198019802
W5_M92,W5_M61,0.019801980198019802
W5_M93,W5_M61,0.019801980198019802
W5_M94,W5_M61,0.019801980198019802
W5_M63,W5_M62,0.9504950495049505
W5_M64,W5_M62,0.9900990099009901
W5_M65,W5_M62,0.9900990099009901
W5_M66,W5_M62,0.7920792079207921
W5_M67,W5_M62,0.9306930693069307
W5_M68,W5_M62,0.8514851485148515
W5_M69,W5_M62,0.4158415841584158
W5_M70,W5_M62,0.49504950495049505
W5_M71,W5_M62,0.5742574257425742
W5_M72,W5_M62,0.0594059405940594
W5_M73,W5_M62,0.1188118811881188
W5_M74,W5_M62,0.0594059405940594
W5_M75,W5_M62,0.019801980198019802
W5_M76,W5_M62,0.0594059405940594
W5_M77,W5_M62,0.019801980198019802
W5_M78,W5_M62,0.019801980198019802
W5_M79,W5_M62,0.019801980198019802
W5_M80,W5_M62,0.0594059405940594
W5_M81,W5_M62,0.019801980198019802
W5_M82,W5_M62,0.019801980198019802
W5_M83,W5_M62,0.019801980198019802
W5_M84,W5_M62,0.019801980198019802
W5_M85,W5_M62,0.019801980198019802
W5_M86,W5_M62,0.019801980198019802
W5_M87,W5_M62,0.019801980198019802
W5_M88,W5_M62,0.019801980198019802
W5_M89,W5_M62,0.019801980198019802
W5_M90,W5_M62,0.019801980198019802
W5_M91,W5_M62,0.019801980198019802
W5_M92,W5_M62,0.019801980198019802
W5_M93,W5_M62,0.019801980198019802
W5_M94,W5_M62,0.019801980198019802
W5_M64,W5_M63,0.8910891089108911
W5_M65,W5_M63,0.8712871287128713
W5_M66,W5_M63,0.9900990099009901
W5_M67,W5_M63,0.3564356435643564
W5_M68,W5_M63,0.39603960396039606
W5_M69,W5_M63,0.7326732673267327
W5_M70,W5_M63,0.7128712871287128
W5_M71,W5_M63,0.19801980198019803
W5_M72,W5_M63,0.19801980198019803
W5_M73,W5_M63,0.15841584158415842
W5_M74,W5_M63,0.13861386138613863
W5_M75,W5_M63,0.13861386138613863
W5_M76,W5_M63,0.039603960396039604
W5_M77,W5_M63,0.019801980198019802
W5_M78,W5_M63,0.019801980198019802
W5_M79,W5_M63,0.019801980198019802
W5_M80,W5_M63,0.019801980198019802
W5_M81,W5_M63,0.019801980198019802
W5_M82,W5_M63,0.019801980198019802
W5_M83,W5_M63,0.019801980198019802
W5_M84,W5_M63,0.019801980198019802
W5_M85,W5_M63,0.019801980198019802
W5_M86,W5_M63,0.019801980198019802
W5_M87,W5_M63,0.019801980198019802
W5_M88,W5_M63,0.019801980198019802
W5_M89,W5_M63,0.019801980198019802
W5_M90,W5_M63,0.019801980198019802
W5_M91,W5_M63,0.019801980198019802
W5_M92,W5_M63,0.019801980198019802
W5_M93,W5_M63,0.019801980198019802
W5_M94,W5_M63,0.019801980198019802
W5_M65,W5_M64,0.7524752475247525
W5_M66,W5_M64,0.9900990099009901
W5_M67,W5_M64,0.7920792079207921
W5_M68,W5_M64,0.8118811881188119
W5_M69,W5_M64,0.9108910891089109
W5_M70,W5_M64,0.6336633663366337
W5_M71,W5_M64,0.25742574257425743
W5_M72,W5_M64,0.4752475247524752
W5_M73,W5_M64,0.2376237623762376
W5_M74,W5_M64,0.15841584158415842
W5_M75,W5_M64,0.07920792079207921
W5_M76,W5_M64,0.039603960396039604
W5_M77,W5_M64,0.039603960396039604
W5_M78,W5_M64,0.019801980198019802
W5_M79,W5_M64,0.019801980198019802
W5_M80,W5_M64,0.019801980198019802
W5_M81,W5_M64,0.019801980198019802
W5_M82,W5_M64,0.019801980198019802
W5_M83,W5_M64,0.019801980198019802
W5_M84,W5_M64,0.019801980198019802
W5_M85,W5_M64,0.019801980198019802
W5_M86,W5_M64,0.019801980198019802
W5_M87,W5_M64,0.019801980198019802
W5_M88,W5_M64,0.019801980198019802
W5_M89,W5_M64,0.019801980198019802
W5_M90,W5_M64,0.019801980198019802
W5_M91,W5_M64,0.019801980198019802
W5_M92,W5_M64,0.019801980198019802
W5_M93,W5_M64,0.019801980198019802
W5_M94,W5_M64,0.019801980198019802
W5_M66,W5_M65,0.9306930693069307
W5_M67,W5_M65,0.49504950495049505
W5_M68,W5_M65,0.6138613861386139
W5_M69,W5_M65,0.7128712871287128
W5_M70,W5_M65,0.693069306930693
W5_M71,W5_M65,0.13861386138613863
W5_M72,W5_M65,0.31683168316831684
W5_M73,W5_M65,0.21782178217821782
W5_M74,W5_M65,0.09900990099009901
W5_M75,W5_M65,0.019801980198019802
W5_M76,W5_M65,0.019801980198019802
W5_M77,W5_M65,0.019801980198019802
W5_M78,W5_M65,0.019801980198019802
W5_M79,W5_M65,0.019801980198019802
W5_M80,W5_M65,0.019801980198019802
W5_M81,W5_M65,0.019801980198019802
W5_M82,W5_M65,0.019801980198019802
W5_M83,W5_M65,0.019801980198019802
W5_M84,W5_M65,0.019801980198019802
W5_M85,W5_M65,0.019801980198019802
W5_M86,W5_M65,0.019801980198019802
W5_M87,W5_M65,0.019801980198019802
W5_M88,W5_M65,0.019801980198019802
W5_M89,W5_M65,0.019801980198019802
W5_M90,W5_M65,0.019801980198019802
W5_M91,W5_M65,0.019801980198019802
W5_M92,W5_M65,0.019801980198019802
W5_M93,W5_M65,0.019801980198019802
W5_M94,W5_M65,0.019801980198019802
W5_M67,W5_M66,0.9306930693069307
W5_M68,W5_M66,0.8316831683168316
W5_M69,W5_M66,0.7128712871287128
W5_M70,W5_M66,0.7722772277227723
W5_M71,W5_M66,0.4158415841584158
W5_M72,W5_M66,0.1782178217821782
W5_M73,W5_M66,0.019801980198019802
W5_M74,W5_M66,0.13861386138613863
W5_M75,W5_M66,0.019801980198019802
W5_M76,W5_M66,0.019801980198019802
W5_M77,W5_M66,0.019801980198019802
W5_M78,W5_M66,0.019801980198019802
W5_M79,W5_M66,0.019801980198019802
W5_M80,W5_M66,0.039603960396039604
W5_M81,W5_M66,0.019801980198019802
W5_M82,W5_M66,0.019801980198019802
W5_M83,W5_M66,0.019801980198019802
W5_M84,W5_M66,0.019801980198019802
W5_M85,W5_M66,0.019801980198019802
W5_M86,W5_M66,0.019801980198019802
W5_M87,W5_M66,0.019801980198019802
W5_M88,W5_M66,0.019801980198019802
W5_M89,W5_M66,0.019801980198019802
W5_M90,W5_M66,0.019801980198019802
W5_M91,W5_M66,0.019801980198019802
W5_M92,W5_M66,0.019801980198019802
W5_M93,W5_M66,0.019801980198019802
W5_M94,W5_M66,0.019801980198019802
W5_M68,W5_M67,0.8118811881188119
W5_M69,W5_M67,0.9702970297029703
W5_M70,W5_M67,0.8316831683168316
W5_M71,W5_M67,0.297029702970297
W5_M72,W5_M67,0.33663366336633666
W5_M73,W5_M67,0.297029702970297
W5_M74,W5_M67,0.09900990099009901
W5_M75,W5_M67,0.09900990099009901
W5_M76,W5_M67,0.0594059405940594
W5_M77,W5_M67,0.039603960396039604
W5_M78,W5_M67,0.019801980198019802
W5_M79,W5_M67,0.039603960396039604
W5_M80,W5_M67,0.019801980198019802
W5_M81,W5_M67,0.019801980198019802
W5_M82,W5_M67,0.019801980198019802
W5_M83,W5_M67,0.019801980198019802
W5_M84,W5_M67,0.019801980198019802
W5_M85,W5_M67,0.019801980198019802
W5_M86,W5_M67,0.019801980198019802
W5_M87,W5_M67,0.019801980198019802
W5_M88,W5_M67,0.019801980198019802
W5_M89,W5_M67,0.019801980198019802
W5_M90,W5_M67,0.019801980198019802
W5_M91,W5_M67,0.019801980198019802
W5_M92,W5_M67,0.019801980198019802
W5_M93,W5_M67,0.019801980198019802
W5_M94,W5_M67,0.019801980198019802
W5_M69,W5_M68,0.9702970297029703
W5_M70,W5_M68,0.9108910891089109
W5_M71,W5_M68,0.37623762376237624
W5_M72,W5_M68,0.3564356435643564
W5_M73,W5_M68,0.2376237623762376
W5_M74,W5_M68,0.19801980198019803
W5_M75,W5_M68,0.019801980198019802
W5_M76,W5_M68,0.0594059405940594
W5_M77,W5_M68,0.019801980198019802
W5_M78,W5_M68,0.019801980198019802
W5_M79,W5_M68,0.039603960396039604
W5_M80,W5_M68,0.019801980198019802
W5_M81,W5_M68,0.019801980198019802
W5_M82,W5_M68,0.019801980198019802
W5_M83,W5_M68,0.019801980198019802
W5_M84,W5_M68,0.019801980198019802
W5_M85,W5_M68,0.019801980198019802
W5_M86,W5_M68,0.019801980198019802
W5_M87,W5_M68,0.019801980198019802
W5_M88,W5_M68,0.019801980198019802
W5_M89,W5_M68,0.019801980198019802
W5_M90,W5_M68,0.019801980198019802
W5_M91,W5_M68,0.019801980198019802
W5_M92,W5_M68,0.019801980198019802
W5_M93,W5_M68,0.019801980198019802
W5_M94,W5_M68,0.019801980198019802
W5_M70,W5_M69,0.9900990099009901
W5_M71,W5_M69,0.8118811881188119
W5_M72,W5_M69,0.1188118811881188
W5_M73,W5_M69,0.297029702970297
W5_M74,W5_M69,0.0594059405940594
W5_M75,W5_M69,0.07920792079207921
W5_M76,W5_M69,0.0594059405940594
W5_M77,W5_M69,0.039603960396039604
W5_M78,W5_M69,0.019801980198019802
W5_M79,W5_M69,0.0594059405940594
W5_M80,W5_M69,0.019801980198019802
W5_M81,W5_M69,0.019801980198019802
W5_M82,W5_M69,0.019801980198019802
W5_M83,W5_M69,0.019801980198019802
W5_M84,W5_M69,0.019801980198019802
W5_M85,W5_M69,0.019801980198019802
W5_M86,W5_M69,0.019801980198019802
W5_M87,W5_M69,0.019801980198019802
W5_M88,W5_M69,0.019801980198019802
W5_M89,W5_M69,0.019801980198019802
W5_M90,W5_M69,0.019801980198019802
W5_M91,W5_M69,0.019801980198019802
W5_M92,W5_M69,0.019801980198019802
W5_M93,W5_M69,0.019801980198019802
W5_M94,W5_M69,0.019801980198019802
W5_M71,W5_M70,0.8118811881188119
W5_M72,W5_M70,0.49504950495049505
W5_M73,W5_M70,0.25742574257425743
W5_M74,W5_M70,0.0594059405940594
W5_M75,W5_M70,0.0594059405940594
W5_M76,W5_M70,0.019801980198019802
W5_M77,W5_M70,0.13861386138613863
W5_M78,W5_M70,0.0594059405940594
W5_M79,W5_M70,0.019801980198019802
W5_M80,W5_M70,0.019801980198019802
W5_M81,W5_M70,0.019801980198019802
W5_M82,W5_M70,0.019801980198019802
W5_M83,W5_M70,0.019801980198019802
W5_M84,W5_M70,0.019801980198019802
W5_M85,W5_M70,0.019801980198019802
W5_M86,W5_M70,0.019801980198019802
W5_M87,W5_M70,0.019801980198019802
W5_M88,W5_M70,0.019801980198019802
W5_M89,W5_M70,0.019801980198019802
W5_M90,W5_M70,0.019801980198019802
W5_M91,W5_M70,0.019801980198019802
W5_M92,W5_M70,0.019801980198019802
W5_M93,W5_M70,0.019801980198019802
W5_M94,W5_M70,0.019801980198019802
W5_M72,W5_M71,0.8118811881188119
W5_M73,W5_M71,0.594059405940594
W5_M74,W5_M71,0.4158415841584158
W5_M75,W5_M71,0.13861386138613863
W5_M76,W5_M71,0.0594059405940594
W5_M77,W5_M71,0.0594059405940594
W5_M78,W5_M71,0.019801980198019802
W5_M79,W5_M71,0.0594059405940594
W5_M80,W5_M71,0.019801980198019802
W5_M81,W5_M71,0.019801980198019802
W5_M82,W5_M71,0.039603960396039604
W5_M83,W5_M71,0.039603960396039604
W5_M84,W5_M71,0.039603960396039604
W5_M85,W5_M71,0.019801980198019802
W5_M86,W5_M71,0.019801980198019802
W5_M87,W5_M71,0.019801980198019802
W5_M88,W5_M71,0.019801980198019802
W5_M89,W5_M71,0.019801980198019802
W5_M90,W5_M71,0.019801980198019802
W5_M91,W5_M71,0.019801980198019802
W5_M92,W5_M71,0.019801980198019802
W5_M93,W5_M71,0.019801980198019802
W5_M94,W5_M71,0.019801980198019802
W5_M73,W5_M72,0.9108910891089109
W5_M74,W5_M72,0.693069306930693
W5_M75,W5_M72,0.2376237623762376
W5_M76,W5_M72,0.19801980198019803
W5_M77,W5_M72,0.19801980198019803
W5_M78,W5_M72,0.13861386138613863
W5_M79,W5_M72,0.1188118811881188
W5_M80,W5_M72,0.07920792079207921
W5_M81,W5_M72,0.1188118811881188
W5_M82,W5_M72,0.039603960396039604
W5_M83,W5_M72,0.019801980198019802
W5_M84,W5_M72,0.039603960396039604
W5_M85,W5_M72,0.019801980198019802
W5_M86,W5_M72,0.019801980198019802
W5_M87,W5_M72,0.019801980198019802
W5_M88,W5_M72,0.019801980198019802
W5_M89,W5_M72,0.019801980198019802
W5_M90,W5_M72,0.019801980198019802
W5_M91,W5_M72,0.019801980198019802
W5_M92,W5_M72,0.019801980198019802
W5_M93,W5_M72,0.019801980198019802
W5_M94,W5_M72,0.019801980198019802
W5_M74,W5_M73,0.7722772277227723
W5_M75,W5_M73,0.15841584158415842
W5_M76,W5_M73,0.1188118811881188
W5_M77,W5_M73,0.1188118811881188
W5_M78,W5_M73,0.039603960396039604
W5_M79,W5_M73,0.13861386138613863
W5_M80,W5_M73,0.07920792079207921
W5_M81,W5_M73,0.0594059405940594
W5_M82,W5_M73,0.039603960396039604
W5_M83,W5_M73,0.0594059405940594
W5_M84,W5_M73,0.07920792079207921
W5_M85,W5_M73,0.019801980198019802
W5_M86,W5_M73,0.019801980198019802
W5_M87,W5_M73,0.019801980198019802
W5_M88,W5_M73,0.019801980198019802
W5_M89,W5_M73,0.019801980198019802
W5_M90,W5_M73,0.019801980198019802
W5_M91,W5_M73,0.019801980198019802
W5_M92,W5_M73,0.019801980198019802
W5_M93,W5_M73,0.019801980198019802
W5_M94,W5_M73,0.019801980198019802
W5_M75,W5_M74,0.7920792079207921
W5_M76,W5_M74,0.43564356435643564
W5_M77,W5_M74,0.15841584158415842
W5_M78,W5_M74,0.25742574257425743
W5_M79,W5_M74,0.33663366336633666
W5_M80,W5_M74,0.1782178217821782
W5_M81,W5_M74,0.039603960396039604
W5_M82,W5_M74,0.07920792079207921
W5_M83,W5_M74,0.13861386138613863
W5_M84,W5_M74,0.019801980198019802
W5_M85,W5_M74,0.019801980198019802
W5_M86,W5_M74,0.019801980198019802
W5_M87,W5_M74,0.019801980198019802
W5_M88,W5_M74,0.019801980198019802
W5_M89,W5_M74,0.019801980198019802
W5_M90,W5_M74,0.019801980198019802
W5_M91,W5_M74,0.019801980198019802
W5_M92,W5_M74,0.019801980198019802
W5_M93,W5_M74,0.019801980198019802
W5_M94,W5_M74,0.019801980198019802
W5_M76,W5_M75,0.49504950495049505
W5_M77,W5_M75,0.7128712871287128
W5_M78,W5_M75,0.21782178217821782
W5_M79,W5_M75,0.33663366336633666
W5_M80,W5_M75,0.4752475247524752
W5_M81,W5_M75,0.4158415841584158
W5_M82,W5_M75,0.15841584158415842
W5_M83,W5_M75,0.15841584158415842
W5_M84,W5_M75,0.13861386138613863
W5_M85,W5_M75,0.039603960396039604
W5_M86,W5_M75,0.019801980198019802
W5_M87,W5_M75,0.019801980198019802
W5_M88,W5_M75,0.039603960396039604
W5_M89,W5_M75,0.019801980198019802
W5_M90,W5_M75,0.019801980198019802
W5_M91,W5_M75,0.019801980198019802
W5_M92,W5_M75,0.019801980198019802
W5_M93,W5_M75,0.019801980198019802
W5_M94,W5_M75,0.019801980198019802
W5_M77,W5_M76,0.9504950495049505
W5_M78,W5_M76,0.6732673267326733
W5_M79,W5_M76,0.7128712871287128
W5_M80,W5_M76,0.693069306930693
W5_M81,W5_M76,0.8514851485148515
W5_M82,W5_M76,0.45544554455445546
W5_M83,W5_M76,0.31683168316831684
W5_M84,W5_M76,0.13861386138613863
W5_M85,W5_M76,0.1782178217821782
W5_M86,W5_M76,0.1782178217821782
W5_M87,W5_M76,0.019801980198019802
W5_M88,W5_M76,0.039603960396039604
W5_M89,W5_M76,0.039603960396039604
W5_M90,W5_M76,0.039603960396039604
W5_M91,W5_M76,0.019801980198019802
W5_M92,W5_M76,0.019801980198019802
W5_M93,W5_M76,0.019801980198019802
W5_M94,W5_M76,0.019801980198019802
W5_M78,W5_M77,0.7524752475247525
W5_M79,W5_M77,0.8316831683168316
W5_M80,W5_M77,0.7920792079207921
W5_M81,W5_M77,0.45544554455445546
W5_M82,W5_M77,0.39603960396039606
W5_M83,W5_M77,0.45544554455445546
W5_M84,W5_M77,0.25742574257425743
W5_M85,W5_M77,0.0594059405940594
W5_M86,W5_M77,0.019801980198019802
W5_M87,W5_M77,0.019801980198019802
W5_M88,W5_M77,0.019801980198019802
W5_M89,W5_M77,0.039603960396039604
W5_M90,W5_M77,0.019801980198019802
W5_M91,W5_M77,0.019801980198019802
W5_M92,W5_M77,0.019801980198019802
W5_M93,W5_M77,0.019801980198019802
W5_M94,W5_M77,0.019801980198019802
W5_M79,W5_M78,0.7920792079207921
W5_M80,W5_M78,0.8910891089108911
W5_M81,W5_M78,0.9108910891089109
W5_M82,W5_M78,0.7524752475247525
W5_M83,W5_M78,0.594059405940594
W5_M84,W5_M78,0.3564356435643564
W5_M85,W5_M78,0.09900990099009901
W5_M86,W5_M78,0.1188118811881188
W5_M87,W5_M78,0.039603960396039604
W5_M88,W5_M78,0.019801980198019802
W5_M89,W5_M78,0.019801980198019802
W5_M90,W5_M78,0.039603960396039604
W5_M91,W5_M78,0.039603960396039604
W5_M92,W5_M78,0.019801980198019802
W5_M93,W5_M78,0.019801980198019802
W5_M94,W5_M78,0.019801980198019802
W5_M80,W5_M79,0.6534653465346535
W5_M81,W5_M79,0.9900990099009901
W5_M82,W5_M79,0.7326732673267327
W5_M83,W5_M79,0.15841584158415842
W5_M84,W5_M79,0.39603960396039606
W5_M85,W5_M79,0.15841584158415842
W5_M86,W5_M79,0.297029702970297
W5_M87,W5_M79,0.019801980198019802
W5_M88,W5_M79,0.019801980198019802
W5_M89,W5_M79,0.019801980198019802
W5_M90,W5_M79,0.019801980198019802
W5_M91,W5_M79,0.0594059405940594
W5_M92,W5_M79,0.019801980198019802
W5_M93,W5_M79,0.019801980198019802
W5_M94,W5_M79,0.019801980198019802
W5_M81,W5_M80,0.9306930693069307
W5_M82,W5_M80,0.6336633663366337
W5_M83,W5_M80,0.6732673267326733
W5_M84,W5_M80,0.8118811881188119
W5_M85,W5_M80,0.3564356435643564
W5_M86,W5_M80,0.19801980198019803
W5_M87,W5_M80,0.0594059405940594
W5_M88,W5_M80,0.019801980198019802
W5_M89,W5_M80,0.019801980198019802
W5_M90,W5_M80,0.019801980198019802
W5_M91,W5_M80,0.039603960396039604
W5_M92,W5_M80,0.019801980198019802
W5_M93,W5_M80,0.019801980198019802
W5_M94,W5_M80,0.019801980198019802
W5_M82,W5_M81,0.7920792079207921
W5_M83,W5_M81,0.7524752475247525
W5_M84,W5_M81,0.693069306930693
W5_M85,W5_M81,0.039603960396039604
W5_M86,W5_M81,0.0594059405940594
W5_M87,W5_M81,0.0594059405940594
W5_M88,W5_M81,0.019801980198019802
W5_M89,W5_M81,0.0594059405940594
W5_M90,W5_M81,0.019801980198019802
W5_M91,W5_M81,0.019801980198019802
W5_M92,W5_M81,0.019801980198019802
W5_M93,W5_M81,0.019801980198019802
W5_M94,W5_M81,0.019801980198019802
W5_M83,W5_M82,0.9108910891089109
W5_M84,W5_M82,0.9900990099009901
W5_M85,W5_M82,0.5544554455445545
W5_M86,W5_M82,0.45544554455445546
W5_M87,W5_M82,0.15841584158415842
W5_M88,W5_M82,0.1188118811881188
W5_M89,W5_M82,0.0594059405940594
W5_M90,W5_M82,0.15841584158415842
W5_M91,W5_M82,0.0594059405940594
W5_M92,W5_M82,0.019801980198019802
W5_M93,W5_M82,0.019801980198019802
W5_M94,W5_M82,0.019801980198019802
W5_M84,W5_M83,0.8712871287128713
W5_M85,W5_M83,0.5148514851485149
W5_M86,W5_M83,0.4752475247524752
W5_M87,W5_M83,0.0594059405940594
W5_M88,W5_M83,0.13861386138613863
W5_M89,W5_M83,0.0594059405940594
W5_M90,W5_M83,0.07920792079207921
W5_M91,W5_M83,0.0594059405940594
W5_M92,W5_M83,0.07920792079207921
W5_M93,W5_M83,0.019801980198019802
W5_M94,W5_M83,0.019801980198019802
W5_M85,W5_M84,0.43564356435643564
W5_M86,W5_M84,0.7128712871287128
W5_M87,W5_M84,0.019801980198019802
W5_M88,W5_M84,0.1188118811881188
W5_M89,W5_M84,0.13861386138613863
W5_M90,W5_M84,0.039603960396039604
W5_M91,W5_M84,0.019801980198019802
W5_M92,W5_M84,0.019801980198019802
W5_M93,W5_M84,0.019801980198019802
W5_M94,W5_M84,0.019801980198019802
W5_M86,W5_M85,0.8316831683168316
W5_M87,W5_M85,0.4752475247524752
W5_M88,W5_M85,0.1782178217821782
W5_M89,W5_M85,0.27722772277227725
W5_M90,W5_M85,0.1782178217821782
W5_M91,W5_M85,0.039603960396039604
W5_M92,W5_M85,0.039603960396039604
W5_M93,W5_M85,0.019801980198019802
W5_M94,W5_M85,0.019801980198019802
W5_M87,W5_M86,0.4752475247524752
W5_M88,W5_M86,0.1188118811881188
W5_M89,W5_M86,0.37623762376237624
W5_M90,W5_M86,0.2376237623762376
W5_M91,W5_M86,0.0594059405940594
W5_M92,W5_M86,0.019801980198019802
W5_M93,W5_M86,0.019801980198019802
W5_M94,W5_M86,0.019801980198019802
W5_M88,W5_M87,0.9108910891089109
W5_M89,W5_M87,0.6534653465346535
W5_M90,W5_M87,0.7722772277227723
W5_M91,W5_M87,0.594059405940594
W5_M92,W5_M87,0.37623762376237624
W5_M93,W5_M87,0.09900990099009901
W5_M94,W5_M87,0.019801980198019802
W5_M89,W5_M88,0.9504950495049505
W5_M90,W5_M88,0.8712871287128713
W5_M91,W5_M88,0.8910891089108911
W5_M92,W5_M88,0.019801980198019802
W5_M93,W5_M88,0.019801980198019802
W5_M94,W5_M88,0.019801980198019802
W5_M90,W5_M89,0.9702970297029703
W5_M91,W5_M89,0.9108910891089109
W5_M92,W5_M89,0.6138613861386139
W5_M93,W5_M89,0.31683168316831684
W5_M94,W5_M89,0.09900990099009901
W5_M91,W5_M90,0.3564356435643564
W5_M92,W5_M90,0.45544554455445546
W5_M93,W5_M90,0.0594059405940594
W5_M94,W5_M90,0.019801980198019802
W5_M92,W5_M91,0.33663366336633666
W5_M93,W5_M91,0.1188118811881188
W5_M94,W5_M91,0.09900990099009901
W5_M93,W5_M92,0.07920792079207921
W5_M94,W5_M92,0.019801980198019802
W5_M94,W5_M93,0.039603960396039604
W5_M1,W5_M1,NA
W5_M2,W5_M2,NA
W5_M3,W5_M3,NA
W5_M4,W5_M4,NA
W5_M5,W5_M5,NA
W5_M6,W5_M6,NA
W5_M7,W5_M7,NA
W5_M8,W5_M8,NA
W5_M9,W5_M9,NA
W5_M10,W5_M10,NA
W5_M11,W5_M11,NA
W5_M12,W5_M12,NA
W5_M13,W5_M13,NA
W5_M14,W5_M14,NA
W5_M15,W5_M15,NA
W5_M16,W5_M16,NA
W5_M17,W5_M17,NA
W5_M18,W5_M18,NA
W5_M19,W5_M19,NA
W5_M20,W5_M20,NA
W5_M21,W5_M21,NA
W5_M22,W5_M22,NA
W5_M23,W5_M23,NA
W5_M24,W5_M24,NA
W5_M25,W5_M25,NA
W5_M26,W5_M26,NA
W5_M27,W5_M27,NA
W5_M28,W5_M28,NA
W5_M29,W5_M29,NA
W5_M30,W5_M30,NA
W5_M31,W5_M31,NA
W5_M32,W5_M32,NA
W5_M33,W5_M33,NA
W5_M34,W5_M34,NA
W5_M35,W5_M35,NA
W5_M36,W5_M36,NA
W5_M37,W5_M37,NA
W5_M38,W5_M38,NA
W5_M39,W5_M39,NA
W5_M40,W5_M40,NA
W5_M41,W5_M41,NA
W5_M42,W5_M42,NA
W5_M43,W5_M43,NA
W5_M44,W5_M44,NA
W5_M45,W5_M45,NA
W5_M46,W5_M46,NA
W5_M47,W5_M47,NA
W5_M48,W5_M48,NA
W5_M49,W5_M49,NA
W5_M50,W5_M50,NA
W5_M51,W5_M51,NA
W5_M52,W5_M52,NA
W5_M53,W5_M53,NA
W5_M54,W5_M54,NA
W5_M55,W5_M55,NA
W5_M56,W5_M56,NA
W5_M57,W5_M57,NA
W5_M58,W5_M58,NA
W5_M59,W5_M59,NA
W5_M60,W5_M60,NA
W5_M61,W5_M61,NA
W5_M62,W5_M62,NA
W5_M63,W5_M63,NA
W5_M64,W5_M64,NA
W5_M65,W5_M65,NA
W5_M66,W5_M66,NA
W5_M67,W5_M67,NA
W5_M68,W5_M68,NA
W5_M69,W5_M69,NA
W5_M70,W5_M70,NA
W5_M71,W5_M71,NA
W5_M72,W5_M72,NA
W5_M73,W5_M73,NA
W5_M74,W5_M74,NA
W5_M75,W5_M75,NA
W5_M76,W5_M76,NA
W5_M77,W5_M77,NA
W5_M78,W5_M78,NA
W5_M79,W5_M79,NA
W5_M80,W5_M80,NA
W5_M81,W5_M81,NA
W5_M82,W5_M82,NA
W5_M83,W5_M83,NA
W5_M84,W5_M84,NA
W5_M85,W5_M85,NA
W5_M86,W5_M86,NA
W5_M87,W5_M87,NA
W5_M88,W5_M88,NA
W5_M89,W5_M89,NA
W5_M90,W5_M90,NA
W5_M91,W5_M91,NA
W5_M92,W5_M92,NA
W5_M93,W5_M93,NA
W5_M94,W5_M94,NA
