model1,model2,p_emp
W6_M1,W6_M2,0.7920792079207921
W6_M1,W6_M3,0.7326732673267327
W6_M1,W6_M4,0.9306930693069307
W6_M1,W6_M5,0.8910891089108911
W6_M1,W6_M6,0.1782178217821782
W6_M1,W6_M7,0.4752475247524752
W6_M1,W6_M8,0.6138613861386139
W6_M1,W6_M9,0.3564356435643564
W6_M1,W6_M10,0.31683168316831684
W6_M1,W6_M11,0.27722772277227725
W6_M1,W6_M12,0.25742574257425743
W6_M1,W6_M13,0.39603960396039606
W6_M1,W6_M14,0.3564356435643564
W6_M1,W6_M15,0.594059405940594
W6_M1,W6_M16,0.7326732673267327
W6_M1,W6_M17,0.3564356435643564
W6_M1,W6_M18,0.39603960396039606
W6_M1,W6_M19,0.297029702970297
W6_M1,W6_M20,0.297029702970297
W6_M1,W6_M21,0.37623762376237624
W6_M1,W6_M22,0.3564356435643564
W6_M1,W6_M23,0.1188118811881188
W6_M1,W6_M24,0.21782178217821782
W6_M1,W6_M25,0.297029702970297
W6_M1,W6_M26,0.39603960396039606
W6_M1,W6_M27,0.3564356435643564
W6_M1,W6_M28,0.19801980198019803
W6_M1,W6_M29,0.19801980198019803
W6_M1,W6_M30,0.15841584158415842
W6_M1,W6_M31,0.297029702970297
W6_M1,W6_M32,0.1782178217821782
W6_M1,W6_M33,0.21782178217821782
W6_M1,W6_M34,0.2376237623762376
W6_M1,W6_M35,0.09900990099009901
W6_M1,W6_M36,0.25742574257425743
W6_M1,W6_M37,0.19801980198019803
W6_M1,W6_M38,0.21782178217821782
W6_M1,W6_M39,0.13861386138613863
W6_M1,W6_M40,0.1188118811881188
W6_M1,W6_M41,0.0594059405940594
W6_M1,W6_M42,0.1188118811881188
W6_M1,W6_M43,0.13861386138613863
W6_M1,W6_M44,0.09900990099009901
W6_M1,W6_M45,0.09900990099009901
W6_M1,W6_M46,0.09900990099009901
W6_M1,W6_M47,0.09900990099009901
W6_M1,W6_M48,0.039603960396039604
W6_M1,W6_M49,0.0594059405940594
W6_M1,W6_M50,0.09900990099009901
W6_M1,W6_M51,0.13861386138613863
W6_M1,W6_M52,0.0594059405940594
W6_M1,W6_M53,0.039603960396039604
W6_M1,W6_M54,0.07920792079207921
W6_M1,W6_M55,0.13861386138613863
W6_M1,W6_M56,0.09900990099009901
W6_M1,W6_M57,0.039603960396039604
W6_M1,W6_M58,0.039603960396039604
W6_M1,W6_M59,0.09900990099009901
W6_M1,W6_M60,0.15841584158415842
W6_M1,W6_M61,0.07920792079207921
W6_M1,W6_M62,0.1188118811881188
W6_M1,W6_M63,0.09900990099009901
W6_M1,W6_M64,0.0594059405940594
W6_M1,W6_M65,0.07920792079207921
W6_M1,W6_M66,0.019801980198019802
W6_M1,W6_M67,0.039603960396039604
W6_M1,W6_M68,0.07920792079207921
W6_M1,W6_M69,0.019801980198019802
W6_M1,W6_M70,0.039603960396039604
W6_M1,W6_M71,0.019801980198019802
W6_M1,W6_M72,0.019801980198019802
W6_M1,W6_M73,0.13861386138613863
W6_M1,W6_M74,0.039603960396039604
W6_M1,W6_M75,0.019801980198019802
W6_M1,W6_M76,0.039603960396039604
W6_M1,W6_M77,0.019801980198019802
W6_M1,W6_M78,0.019801980198019802
W6_M1,W6_M79,0.0594059405940594
W6_M1,W6_M80,0.019801980198019802
W6_M1,W6_M81,0.019801980198019802
W6_M1,W6_M82,0.019801980198019802
W6_M1,W6_M83,0.09900990099009901
W6_M1,W6_M84,0.07920792079207921
W6_M1,W6_M85,0.0594059405940594
W6_M1,W6_M86,0.039603960396039604
W6_M1,W6_M87,0.019801980198019802
W6_M1,W6_M88,0.019801980198019802
W6_M1,W6_M89,0.019801980198019802
W6_M1,W6_M90,0.019801980198019802
W6_M1,W6_M91,0.019801980198019802
W6_M1,W6_M92,0.0594059405940594
W6_M1,W6_M93,0.019801980198019802
W6_M1,W6_M94,0.019801980198019802
W6_M1,W6_M95,0.019801980198019802
W6_M1,W6_M96,0.019801980198019802
W6_M1,W6_M97,0.019801980198019802
W6_M1,W6_M98,0.019801980198019802
W6_M1,W6_M99,0.019801980198019802
W6_M1,W6_M100,0.019801980198019802
W6_M2,W6_M3,0.7524752475247525
W6_M2,W6_M4,0.9108910891089109
W6_M2,W6_M5,0.9900990099009901
W6_M2,W6_M6,0.15841584158415842
W6_M2,W6_M7,0.43564356435643564
W6_M2,W6_M8,0.4752475247524752
W6_M2,W6_M9,0.43564356435643564
W6_M2,W6_M10,0.2376237623762376
W6_M2,W6_M11,0.37623762376237624
W6_M2,W6_M12,0.3564356435643564
W6_M2,W6_M13,0.45544554455445546
W6_M2,W6_M14,0.3564356435643564
W6_M2,W6_M15,0.4752475247524752
W6_M2,W6_M16,0.6732673267326733
W6_M2,W6_M17,0.4158415841584158
W6_M2,W6_M18,0.37623762376237624
W6_M2,W6_M19,0.3564356435643564
W6_M2,W6_M20,0.39603960396039606
W6_M2,W6_M21,0.25742574257425743
W6_M2,W6_M22,0.33663366336633666
W6_M2,W6_M23,0.1188118811881188
W6_M2,W6_M24,0.19801980198019803
W6_M2,W6_M25,0.297029702970297
W6_M2,W6_M26,0.33663366336633666
W6_M2,W6_M27,0.37623762376237624
W6_M2,W6_M28,0.1782178217821782
W6_M2,W6_M29,0.15841584158415842
W6_M2,W6_M30,0.2376237623762376
W6_M2,W6_M31,0.37623762376237624
W6_M2,W6_M32,0.1188118811881188
W6_M2,W6_M33,0.27722772277227725
W6_M2,W6_M34,0.13861386138613863
W6_M2,W6_M35,0.13861386138613863
W6_M2,W6_M36,0.25742574257425743
W6_M2,W6_M37,0.1782178217821782
W6_M2,W6_M38,0.21782178217821782
W6_M2,W6_M39,0.0594059405940594
W6_M2,W6_M40,0.039603960396039604
W6_M2,W6_M41,0.039603960396039604
W6_M2,W6_M42,0.15841584158415842
W6_M2,W6_M43,0.07920792079207921
W6_M2,W6_M44,0.07920792079207921
W6_M2,W6_M45,0.09900990099009901
W6_M2,W6_M46,0.0594059405940594
W6_M2,W6_M47,0.0594059405940594
W6_M2,W6_M48,0.0594059405940594
W6_M2,W6_M49,0.039603960396039604
W6_M2,W6_M50,0.07920792079207921
W6_M2,W6_M51,0.07920792079207921
W6_M2,W6_M52,0.07920792079207921
W6_M2,W6_M53,0.019801980198019802
W6_M2,W6_M54,0.1188118811881188
W6_M2,W6_M55,0.1188118811881188
W6_M2,W6_M56,0.039603960396039604
W6_M2,W6_M57,0.0594059405940594
W6_M2,W6_M58,0.019801980198019802
W6_M2,W6_M59,0.15841584158415842
W6_M2,W6_M60,0.09900990099009901
W6_M2,W6_M61,0.07920792079207921
W6_M2,W6_M62,0.07920792079207921
W6_M2,W6_M63,0.07920792079207921
W6_M2,W6_M64,0.1188118811881188
W6_M2,W6_M65,0.0594059405940594
W6_M2,W6_M66,0.019801980198019802
W6_M2,W6_M67,0.07920792079207921
W6_M2,W6_M68,0.039603960396039604
W6_M2,W6_M69,0.019801980198019802
W6_M2,W6_M70,0.019801980198019802
W6_M2,W6_M71,0.019801980198019802
W6_M2,W6_M72,0.039603960396039604
W6_M2,W6_M73,0.039603960396039604
W6_M2,W6_M74,0.0594059405940594
W6_M2,W6_M75,0.039603960396039604
W6_M2,W6_M76,0.039603960396039604
W6_M2,W6_M77,0.0594059405940594
W6_M2,W6_M78,0.019801980198019802
W6_M2,W6_M79,0.019801980198019802
W6_M2,W6_M80,0.039603960396039604
W6_M2,W6_M81,0.019801980198019802
W6_M2,W6_M82,0.019801980198019802
W6_M2,W6_M83,0.1188118811881188
W6_M2,W6_M84,0.07920792079207921
W6_M2,W6_M85,0.019801980198019802
W6_M2,W6_M86,0.0594059405940594
W6_M2,W6_M87,0.019801980198019802
W6_M2,W6_M88,0.019801980198019802
W6_M2,W6_M89,0.019801980198019802
W6_M2,W6_M90,0.039603960396039604
W6_M2,W6_M91,0.019801980198019802
W6_M2,W6_M92,0.039603960396039604
W6_M2,W6_M93,0.019801980198019802
W6_M2,W6_M94,0.019801980198019802
W6_M2,W6_M95,0.019801980198019802
W6_M2,W6_M96,0.019801980198019802
W6_M2,W6_M97,0.019801980198019802
W6_M2,W6_M98,0.019801980198019802
W6_M2,W6_M99,0.019801980198019802
W6_M2,W6_M100,0.019801980198019802
W6_M3,W6_M4,0.8514851485148515
W6_M3,W6_M5,0.9702970297029703
W6_M3,W6_M6,0.19801980198019803
W6_M3,W6_M7,0.27722772277227725
W6_M3,W6_M8,0.49504950495049505
W6_M3,W6_M9,0.27722772277227725
W6_M3,W6_M10,0.2376237623762376
W6_M3,W6_M11,0.19801980198019803
W6_M3,W6_M12,0.39603960396039606
W6_M3,W6_M13,0.5346534653465347
W6_M3,W6_M14,0.27722772277227725
W6_M3,W6_M15,0.3564356435643564
W6_M3,W6_M16,0.8118811881188119
W6_M3,W6_M17,0.2376237623762376
W6_M3,W6_M18,0.25742574257425743
W6_M3,W6_M19,0.2376237623762376
W6_M3,W6_M20,0.27722772277227725
W6_M3,W6_M21,0.3564356435643564
W6_M3,W6_M22,0.27722772277227725
W6_M3,W6_M23,0.15841584158415842
W6_M3,W6_M24,0.13861386138613863
W6_M3,W6_M25,0.25742574257425743
W6_M3,W6_M26,0.3564356435643564
W6_M3,W6_M27,0.31683168316831684
W6_M3,W6_M28,0.19801980198019803
W6_M3,W6_M29,0.1782178217821782
W6_M3,W6_M30,0.21782178217821782
W6_M3,W6_M31,0.27722772277227725
W6_M3,W6_M32,0.1782178217821782
W6_M3,W6_M33,0.25742574257425743
W6_M3,W6_M34,0.21782178217821782
W6_M3,W6_M35,0.13861386138613863
W6_M3,W6_M36,0.21782178217821782
W6_M3,W6_M37,0.1782178217821782
W6_M3,W6_M38,0.2376237623762376
W6_M3,W6_M39,0.1188118811881188
W6_M3,W6_M40,0.1188118811881188
W6_M3,W6_M41,0.019801980198019802
W6_M3,W6_M42,0.1188118811881188
W6_M3,W6_M43,0.1782178217821782
W6_M3,W6_M44,0.07920792079207921
W6_M3,W6_M45,0.13861386138613863
W6_M3,W6_M46,0.09900990099009901
W6_M3,W6_M47,0.019801980198019802
W6_M3,W6_M48,0.07920792079207921
W6_M3,W6_M49,0.0594059405940594
W6_M3,W6_M50,0.019801980198019802
W6_M3,W6_M51,0.07920792079207921
W6_M3,W6_M52,0.0594059405940594
W6_M3,W6_M53,0.039603960396039604
W6_M3,W6_M54,0.09900990099009901
W6_M3,W6_M55,0.0594059405940594
W6_M3,W6_M56,0.0594059405940594
W6_M3,W6_M57,0.019801980198019802
W6_M3,W6_M58,0.07920792079207921
W6_M3,W6_M59,0.07920792079207921
W6_M3,W6_M60,0.1188118811881188
W6_M3,W6_M61,0.0594059405940594
W6_M3,W6_M62,0.0594059405940594
W6_M3,W6_M63,0.1188118811881188
W6_M3,W6_M64,0.07920792079207921
W6_M3,W6_M65,0.019801980198019802
W6_M3,W6_M66,0.039603960396039604
W6_M3,W6_M67,0.0594059405940594
W6_M3,W6_M68,0.039603960396039604
W6_M3,W6_M69,0.039603960396039604
W6_M3,W6_M70,0.019801980198019802
W6_M3,W6_M71,0.019801980198019802
W6_M3,W6_M72,0.019801980198019802
W6_M3,W6_M73,0.039603960396039604
W6_M3,W6_M74,0.039603960396039604
W6_M3,W6_M75,0.039603960396039604
W6_M3,W6_M76,0.019801980198019802
W6_M3,W6_M77,0.019801980198019802
W6_M3,W6_M78,0.039603960396039604
W6_M3,W6_M79,0.0594059405940594
W6_M3,W6_M80,0.019801980198019802
W6_M3,W6_M81,0.039603960396039604
W6_M3,W6_M82,0.019801980198019802
W6_M3,W6_M83,0.039603960396039604
W6_M3,W6_M84,0.09900990099009901
W6_M3,W6_M85,0.0594059405940594
W6_M3,W6_M86,0.0594059405940594
W6_M3,W6_M87,0.039603960396039604
W6_M3,W6_M88,0.019801980198019802
W6_M3,W6_M89,0.039603960396039604
W6_M3,W6_M90,0.019801980198019802
W6_M3,W6_M91,0.019801980198019802
W6_M3,W6_M92,0.019801980198019802
W6_M3,W6_M93,0.019801980198019802
W6_M3,W6_M94,0.019801980198019802
W6_M3,W6_M95,0.019801980198019802
W6_M3,W6_M96,0.019801980198019802
W6_M3,W6_M97,0.019801980198019802
W6_M3,W6_M98,0.019801980198019802
W6_M3,W6_M99,0.019801980198019802
W6_M3,W6_M100,0.019801980198019802
W6_M4,W6_M5,0.9108910891089109
W6_M4,W6_M6,0.39603960396039606
W6_M4,W6_M7,0.6138613861386139
W6_M4,W6_M8,0.49504950495049505
W6_M4,W6_M9,0.5148514851485149
W6_M4,W6_M10,0.3564356435643564
W6_M4,W6_M11,0.45544554455445546
W6_M4,W6_M12,0.3564356435643564
W6_M4,W6_M13,0.5148514851485149
W6_M4,W6_M14,0.3564356435643564
W6_M4,W6_M15,0.4752475247524752
W6_M4,W6_M16,0.693069306930693
W6_M4,W6_M17,0.2376237623762376
W6_M4,W6_M18,0.37623762376237624
W6_M4,W6_M19,0.27722772277227725
W6_M4,W6_M20,0.33663366336633666
W6_M4,W6_M21,0.37623762376237624
W6_M4,W6_M22,0.43564356435643564
W6_M4,W6_M23,0.19801980198019803
W6_M4,W6_M24,0.2376237623762376
W6_M4,W6_M25,0.21782178217821782
W6_M4,W6_M26,0.297029702970297
W6_M4,W6_M27,0.49504950495049505
W6_M4,W6_M28,0.19801980198019803
W6_M4,W6_M29,0.21782178217821782
W6_M4,W6_M30,0.2376237623762376
W6_M4,W6_M31,0.297029702970297
W6_M4,W6_M32,0.19801980198019803
W6_M4,W6_M33,0.25742574257425743
W6_M4,W6_M34,0.19801980198019803
W6_M4,W6_M35,0.297029702970297
W6_M4,W6_M36,0.25742574257425743
W6_M4,W6_M37,0.27722772277227725
W6_M4,W6_M38,0.25742574257425743
W6_M4,W6_M39,0.2376237623762376
W6_M4,W6_M40,0.09900990099009901
W6_M4,W6_M41,0.0594059405940594
W6_M4,W6_M42,0.09900990099009901
W6_M4,W6_M43,0.15841584158415842
W6_M4,W6_M44,0.09900990099009901
W6_M4,W6_M45,0.09900990099009901
W6_M4,W6_M46,0.1188118811881188
W6_M4,W6_M47,0.0594059405940594
W6_M4,W6_M48,0.039603960396039604
W6_M4,W6_M49,0.019801980198019802
W6_M4,W6_M50,0.13861386138613863
W6_M4,W6_M51,0.0594059405940594
W6_M4,W6_M52,0.039603960396039604
W6_M4,W6_M53,0.09900990099009901
W6_M4,W6_M54,0.09900990099009901
W6_M4,W6_M55,0.039603960396039604
W6_M4,W6_M56,0.1188118811881188
W6_M4,W6_M57,0.019801980198019802
W6_M4,W6_M58,0.039603960396039604
W6_M4,W6_M59,0.039603960396039604
W6_M4,W6_M60,0.09900990099009901
W6_M4,W6_M61,0.0594059405940594
W6_M4,W6_M62,0.1188118811881188
W6_M4,W6_M63,0.039603960396039604
W6_M4,W6_M64,0.07920792079207921
W6_M4,W6_M65,0.0594059405940594
W6_M4,W6_M66,0.09900990099009901
W6_M4,W6_M67,0.0594059405940594
W6_M4,W6_M68,0.1188118811881188
W6_M4,W6_M69,0.0594059405940594
W6_M4,W6_M70,0.039603960396039604
W6_M4,W6_M71,0.039603960396039604
W6_M4,W6_M72,0.0594059405940594
W6_M4,W6_M73,0.019801980198019802
W6_M4,W6_M74,0.019801980198019802
W6_M4,W6_M75,0.039603960396039604
W6_M4,W6_M76,0.0594059405940594
W6_M4,W6_M77,0.0594059405940594
W6_M4,W6_M78,0.0594059405940594
W6_M4,W6_M79,0.039603960396039604
W6_M4,W6_M80,0.039603960396039604
W6_M4,W6_M81,0.07920792079207921
W6_M4,W6_M82,0.019801980198019802
W6_M4,W6_M83,0.039603960396039604
W6_M4,W6_M84,0.019801980198019802
W6_M4,W6_M85,0.039603960396039604
W6_M4,W6_M86,0.019801980198019802
W6_M4,W6_M87,0.019801980198019802
W6_M4,W6_M88,0.019801980198019802
W6_M4,W6_M89,0.039603960396039604
W6_M4,W6_M90,0.039603960396039604
W6_M4,W6_M91,0.019801980198019802
W6_M4,W6_M92,0.039603960396039604
W6_M4,W6_M93,0.019801980198019802
W6_M4,W6_M94,0.019801980198019802
W6_M4,W6_M95,0.019801980198019802
W6_M4,W6_M96,0.019801980198019802
W6_M4,W6_M97,0.019801980198019802
W6_M4,W6_M98,0.019801980198019802
W6_M4,W6_M99,0.019801980198019802
W6_M4,W6_M100,0.019801980198019802
W6_M5,W6_M6,0.6336633663366337
W6_M5,W6_M7,0.45544554455445546
W6_M5,W6_M8,0.49504950495049505
W6_M5,W6_M9,0.43564356435643564
W6_M5,W6_M10,0.31683168316831684
W6_M5,W6_M11,0.4158415841584158
W6_M5,W6_M12,0.594059405940594
W6_M5,W6_M13,0.5544554455445545
W6_M5,W6_M14,0.5346534653465347
W6_M5,W6_M15,0.4158415841584158
W6_M5,W6_M16,0.7524752475247525
W6_M5,W6_M17,0.31683168316831684
W6_M5,W6_M18,0.49504950495049505
W6_M5,W6_M19,0.5544554455445545
W6_M5,W6_M20,0.49504950495049505
W6_M5,W6_M21,0.25742574257425743
W6_M5,W6_M22,0.39603960396039606
W6_M5,W6_M23,0.4158415841584158
W6_M5,W6_M24,0.37623762376237624
W6_M5,W6_M25,0.2376237623762376
W6_M5,W6_M26,0.19801980198019803
W6_M5,W6_M27,0.297029702970297
W6_M5,W6_M28,0.1782178217821782
W6_M5,W6_M29,0.33663366336633666
W6_M5,W6_M30,0.25742574257425743
W6_M5,W6_M31,0.21782178217821782
W6_M5,W6_M32,0.21782178217821782
W6_M5,W6_M33,0.13861386138613863
W6_M5,W6_M34,0.039603960396039604
W6_M5,W6_M35,0.19801980198019803
W6_M5,W6_M36,0.15841584158415842
W6_M5,W6_M37,0.21782178217821782
W6_M5,W6_M38,0.09900990099009901
W6_M5,W6_M39,0.13861386138613863
W6_M5,W6_M40,0.0594059405940594
W6_M5,W6_M41,0.0594059405940594
W6_M5,W6_M42,0.2376237623762376
W6_M5,W6_M43,0.1188118811881188
W6_M5,W6_M44,0.039603960396039604
W6_M5,W6_M45,0.1782178217821782
W6_M5,W6_M46,0.0594059405940594
W6_M5,W6_M47,0.0594059405940594
W6_M5,W6_M48,0.09900990099009901
W6_M5,W6_M49,0.07920792079207921
W6_M5,W6_M50,0.0594059405940594
W6_M5,W6_M51,0.1188118811881188
W6_M5,W6_M52,0.1188118811881188
W6_M5,W6_M53,0.039603960396039604
W6_M5,W6_M54,0.07920792079207921
W6_M5,W6_M55,0.0594059405940594
W6_M5,W6_M56,0.13861386138613863
W6_M5,W6_M57,0.09900990099009901
W6_M5,W6_M58,0.039603960396039604
W6_M5,W6_M59,0.039603960396039604
W6_M5,W6_M60,0.15841584158415842
W6_M5,W6_M61,0.07920792079207921
W6_M5,W6_M62,0.0594059405940594
W6_M5,W6_M63,0.1782178217821782
W6_M5,W6_M64,0.0594059405940594
W6_M5,W6_M65,0.1188118811881188
W6_M5,W6_M66,0.039603960396039604
W6_M5,W6_M67,0.1188118811881188
W6_M5,W6_M68,0.07920792079207921
W6_M5,W6_M69,0.039603960396039604
W6_M5,W6_M70,0.039603960396039604
W6_M5,W6_M71,0.019801980198019802
W6_M5,W6_M72,0.0594059405940594
W6_M5,W6_M73,0.07920792079207921
W6_M5,W6_M74,0.039603960396039604
W6_M5,W6_M75,0.0594059405940594
W6_M5,W6_M76,0.019801980198019802
W6_M5,W6_M77,0.019801980198019802
W6_M5,W6_M78,0.1188118811881188
W6_M5,W6_M79,0.1188118811881188
W6_M5,W6_M80,0.039603960396039604
W6_M5,W6_M81,0.0594059405940594
W6_M5,W6_M82,0.019801980198019802
W6_M5,W6_M83,0.019801980198019802
W6_M5,W6_M84,0.0594059405940594
W6_M5,W6_M85,0.039603960396039604
W6_M5,W6_M86,0.019801980198019802
W6_M5,W6_M87,0.019801980198019802
W6_M5,W6_M88,0.0594059405940594
W6_M5,W6_M89,0.07920792079207921
W6_M5,W6_M90,0.0594059405940594
W6_M5,W6_M91,0.039603960396039604
W6_M5,W6_M92,0.019801980198019802
W6_M5,W6_M93,0.019801980198019802
W6_M5,W6_M94,0.019801980198019802
W6_M5,W6_M95,0.019801980198019802
W6_M5,W6_M96,0.019801980198019802
W6_M5,W6_M97,0.019801980198019802
W6_M5,W6_M98,0.019801980198019802
W6_M5,W6_M99,0.019801980198019802
W6_M5,W6_M100,0.019801980198019802
W6_M6,W6_M7,0.9900990099009901
W6_M6,W6_M8,1.00990099009901
W6_M6,W6_M9,0.594059405940594
W6_M6,W6_M10,0.49504950495049505
W6_M6,W6_M11,0.5346534653465347
W6_M6,W6_M12,0.6732673267326733
W6_M6,W6_M13,0.7722772277227723
W6_M6,W6_M14,0.6138613861386139
W6_M6,W6_M15,0.8316831683168316
W6_M6,W6_M16,0.594059405940594
W6_M6,W6_M17,0.6534653465346535
W6_M6,W6_M18,0.7326732673267327
W6_M6,W6_M19,0.7128712871287128
W6_M6,W6_M20,0.6138613861386139
W6_M6,W6_M21,0.6138613861386139
W6_M6,W6_M22,0.45544554455445546
W6_M6,W6_M23,0.1782178217821782
W6_M6,W6_M24,0.5148514851485149
W6_M6,W6_M25,0.6732673267326733
W6_M6,W6_M26,0.5346534653465347
W6_M6,W6_M27,0.5148514851485149
W6_M6,W6_M28,0.3564356435643564
W6_M6,W6_M29,0.39603960396039606
W6_M6,W6_M30,0.27722772277227725
W6_M6,W6_M31,0.45544554455445546
W6_M6,W6_M32,0.33663366336633666
W6_M6,W6_M33,0.37623762376237624
W6_M6,W6_M34,0.31683168316831684
W6_M6,W6_M35,0.33663366336633666
W6_M6,W6_M36,0.3564356435643564
W6_M6,W6_M37,0.297029702970297
W6_M6,W6_M38,0.25742574257425743
W6_M6,W6_M39,0.3564356435643564
W6_M6,W6_M40,0.27722772277227725
W6_M6,W6_M41,0.1782178217821782
W6_M6,W6_M42,0.09900990099009901
W6_M6,W6_M43,0.25742574257425743
W6_M6,W6_M44,0.13861386138613863
W6_M6,W6_M45,0.15841584158415842
W6_M6,W6_M46,0.1188118811881188
W6_M6,W6_M47,0.09900990099009901
W6_M6,W6_M48,0.1782178217821782
W6_M6,W6_M49,0.13861386138613863
W6_M6,W6_M50,0.1188118811881188
W6_M6,W6_M51,0.19801980198019803
W6_M6,W6_M52,0.039603960396039604
W6_M6,W6_M53,0.07920792079207921
W6_M6,W6_M54,0.1188118811881188
W6_M6,W6_M55,0.15841584158415842
W6_M6,W6_M56,0.09900990099009901
W6_M6,W6_M57,0.13861386138613863
W6_M6,W6_M58,0.0594059405940594
W6_M6,W6_M59,0.13861386138613863
W6_M6,W6_M60,0.1188118811881188
W6_M6,W6_M61,0.1188118811881188
W6_M6,W6_M62,0.19801980198019803
W6_M6,W6_M63,0.09900990099009901
W6_M6,W6_M64,0.1188118811881188
W6_M6,W6_M65,0.019801980198019802
W6_M6,W6_M66,0.2376237623762376
W6_M6,W6_M67,0.1188118811881188
W6_M6,W6_M68,0.07920792079207921
W6_M6,W6_M69,0.0594059405940594
W6_M6,W6_M70,0.039603960396039604
W6_M6,W6_M71,0.09900990099009901
W6_M6,W6_M72,0.0594059405940594
W6_M6,W6_M73,0.07920792079207921
W6_M6,W6_M74,0.039603960396039604
W6_M6,W6_M75,0.1188118811881188
W6_M6,W6_M76,0.0594059405940594
W6_M6,W6_M77,0.0594059405940594
W6_M6,W6_M78,0.07920792079207921
W6_M6,W6_M79,0.07920792079207921
W6_M6,W6_M80,0.0594059405940594
W6_M6,W6_M81,0.09900990099009901
W6_M6,W6_M82,0.13861386138613863
W6_M6,W6_M83,0.07920792079207921
W6_M6,W6_M84,0.07920792079207921
W6_M6,W6_M85,0.039603960396039604
W6_M6,W6_M86,0.07920792079207921
W6_M6,W6_M87,0.0594059405940594
W6_M6,W6_M88,0.0594059405940594
W6_M6,W6_M89,0.0594059405940594
W6_M6,W6_M90,0.019801980198019802
W6_M6,W6_M91,0.0594059405940594
W6_M6,W6_M92,0.0594059405940594
W6_M6,W6_M93,0.019801980198019802
W6_M6,W6_M94,0.019801980198019802
W6_M6,W6_M95,0.019801980198019802
W6_M6,W6_M96,0.019801980198019802
W6_M6,W6_M97,0.019801980198019802
W6_M6,W6_M98,0.019801980198019802
W6_M6,W6_M99,0.019801980198019802
W6_M6,W6_M100,0.019801980198019802
W6_M7,W6_M8,0.9306930693069307
W6_M7,W6_M9,0.33663366336633666
W6_M7,W6_M10,0.4752475247524752
W6_M7,W6_M11,0.5544554455445545
W6_M7,W6_M12,0.43564356435643564
W6_M7,W6_M13,0.8910891089108911
W6_M7,W6_M14,0.594059405940594
W6_M7,W6_M15,0.8118811881188119
W6_M7,W6_M16,0.43564356435643564
W6_M7,W6_M17,0.37623762376237624
W6_M7,W6_M18,0.6138613861386139
W6_M7,W6_M19,0.43564356435643564
W6_M7,W6_M20,0.49504950495049505
W6_M7,W6_M21,0.4158415841584158
W6_M7,W6_M22,0.4158415841584158
W6_M7,W6_M23,0.6336633663366337
W6_M7,W6_M24,0.25742574257425743
W6_M7,W6_M25,0.5544554455445545
W6_M7,W6_M26,0.6138613861386139
W6_M7,W6_M27,0.3564356435643564
W6_M7,W6_M28,0.21782178217821782
W6_M7,W6_M29,0.5544554455445545
W6_M7,W6_M30,0.2376237623762376
W6_M7,W6_M31,0.27722772277227725
W6_M7,W6_M32,0.27722772277227725
W6_M7,W6_M33,0.27722772277227725
W6_M7,W6_M34,0.4752475247524752
W6_M7,W6_M35,0.19801980198019803
W6_M7,W6_M36,0.19801980198019803
W6_M7,W6_M37,0.2376237623762376
W6_M7,W6_M38,0.4158415841584158
W6_M7,W6_M39,0.297029702970297
W6_M7,W6_M40,0.25742574257425743
W6_M7,W6_M41,0.07920792079207921
W6_M7,W6_M42,0.25742574257425743
W6_M7,W6_M43,0.25742574257425743
W6_M7,W6_M44,0.0594059405940594
W6_M7,W6_M45,0.15841584158415842
W6_M7,W6_M46,0.13861386138613863
W6_M7,W6_M47,0.21782178217821782
W6_M7,W6_M48,0.1188118811881188
W6_M7,W6_M49,0.0594059405940594
W6_M7,W6_M50,0.039603960396039604
W6_M7,W6_M51,0.13861386138613863
W6_M7,W6_M52,0.13861386138613863
W6_M7,W6_M53,0.27722772277227725
W6_M7,W6_M54,0.0594059405940594
W6_M7,W6_M55,0.1188118811881188
W6_M7,W6_M56,0.039603960396039604
W6_M7,W6_M57,0.15841584158415842
W6_M7,W6_M58,0.07920792079207921
W6_M7,W6_M59,0.09900990099009901
W6_M7,W6_M60,0.13861386138613863
W6_M7,W6_M61,0.19801980198019803
W6_M7,W6_M62,0.0594059405940594
W6_M7,W6_M63,0.039603960396039604
W6_M7,W6_M64,0.15841584158415842
W6_M7,W6_M65,0.09900990099009901
W6_M7,W6_M66,0.1188118811881188
W6_M7,W6_M67,0.07920792079207921
W6_M7,W6_M68,0.09900990099009901
W6_M7,W6_M69,0.0594059405940594
W6_M7,W6_M70,0.039603960396039604
W6_M7,W6_M71,0.0594059405940594
W6_M7,W6_M72,0.09900990099009901
W6_M7,W6_M73,0.0594059405940594
W6_M7,W6_M74,0.0594059405940594
W6_M7,W6_M75,0.039603960396039604
W6_M7,W6_M76,0.039603960396039604
W6_M7,W6_M77,0.1188118811881188
W6_M7,W6_M78,0.07920792079207921
W6_M7,W6_M79,0.0594059405940594
W6_M7,W6_M80,0.07920792079207921
W6_M7,W6_M81,0.13861386138613863
W6_M7,W6_M82,0.019801980198019802
W6_M7,W6_M83,0.039603960396039604
W6_M7,W6_M84,0.039603960396039604
W6_M7,W6_M85,0.039603960396039604
W6_M7,W6_M86,0.09900990099009901
W6_M7,W6_M87,0.0594059405940594
W6_M7,W6_M88,0.0594059405940594
W6_M7,W6_M89,0.07920792079207921
W6_M7,W6_M90,0.039603960396039604
W6_M7,W6_M91,0.0594059405940594
W6_M7,W6_M92,0.039603960396039604
W6_M7,W6_M93,0.019801980198019802
W6_M7,W6_M94,0.019801980198019802
W6_M7,W6_M95,0.019801980198019802
W6_M7,W6_M96,0.019801980198019802
W6_M7,W6_M97,0.019801980198019802
W6_M7,W6_M98,0.019801980198019802
W6_M7,W6_M99,0.019801980198019802
W6_M7,W6_M100,0.019801980198019802
W6_M8,W6_M9,0.31683168316831684
W6_M8,W6_M10,0.27722772277227725
W6_M8,W6_M11,0.4158415841584158
W6_M8,W6_M12,0.45544554455445546
W6_M8,W6_M13,0.9108910891089109
W6_M8,W6_M14,0.49504950495049505
W6_M8,W6_M15,0.8514851485148515
W6_M8,W6_M16,0.5346534653465347
W6_M8,W6_M17,0.6138613861386139
W6_M8,W6_M18,0.6138613861386139
W6_M8,W6_M19,0.21782178217821782
W6_M8,W6_M20,0.3564356435643564
W6_M8,W6_M21,0.4158415841584158
W6_M8,W6_M22,0.37623762376237624
W6_M8,W6_M23,0.49504950495049505
W6_M8,W6_M24,0.297029702970297
W6_M8,W6_M25,0.5148514851485149
W6_M8,W6_M26,0.6138613861386139
W6_M8,W6_M27,0.31683168316831684
W6_M8,W6_M28,0.37623762376237624
W6_M8,W6_M29,0.27722772277227725
W6_M8,W6_M30,0.19801980198019803
W6_M8,W6_M31,0.2376237623762376
W6_M8,W6_M32,0.21782178217821782
W6_M8,W6_M33,0.2376237623762376
W6_M8,W6_M34,0.37623762376237624
W6_M8,W6_M35,0.19801980198019803
W6_M8,W6_M36,0.25742574257425743
W6_M8,W6_M37,0.21782178217821782
W6_M8,W6_M38,0.5148514851485149
W6_M8,W6_M39,0.2376237623762376
W6_M8,W6_M40,0.25742574257425743
W6_M8,W6_M41,0.15841584158415842
W6_M8,W6_M42,0.13861386138613863
W6_M8,W6_M43,0.2376237623762376
W6_M8,W6_M44,0.09900990099009901
W6_M8,W6_M45,0.1188118811881188
W6_M8,W6_M46,0.07920792079207921
W6_M8,W6_M47,0.019801980198019802
W6_M8,W6_M48,0.0594059405940594
W6_M8,W6_M49,0.0594059405940594
W6_M8,W6_M50,0.039603960396039604
W6_M8,W6_M51,0.1188118811881188
W6_M8,W6_M52,0.13861386138613863
W6_M8,W6_M53,0.1188118811881188
W6_M8,W6_M54,0.1782178217821782
W6_M8,W6_M55,0.039603960396039604
W6_M8,W6_M56,0.0594059405940594
W6_M8,W6_M57,0.15841584158415842
W6_M8,W6_M58,0.09900990099009901
W6_M8,W6_M59,0.0594059405940594
W6_M8,W6_M60,0.019801980198019802
W6_M8,W6_M61,0.07920792079207921
W6_M8,W6_M62,0.07920792079207921
W6_M8,W6_M63,0.07920792079207921
W6_M8,W6_M64,0.1188118811881188
W6_M8,W6_M65,0.0594059405940594
W6_M8,W6_M66,0.0594059405940594
W6_M8,W6_M67,0.13861386138613863
W6_M8,W6_M68,0.0594059405940594
W6_M8,W6_M69,0.0594059405940594
W6_M8,W6_M70,0.019801980198019802
W6_M8,W6_M71,0.039603960396039604
W6_M8,W6_M72,0.039603960396039604
W6_M8,W6_M73,0.019801980198019802
W6_M8,W6_M74,0.0594059405940594
W6_M8,W6_M75,0.019801980198019802
W6_M8,W6_M76,0.039603960396039604
W6_M8,W6_M77,0.09900990099009901
W6_M8,W6_M78,0.039603960396039604
W6_M8,W6_M79,0.07920792079207921
W6_M8,W6_M80,0.039603960396039604
W6_M8,W6_M81,0.09900990099009901
W6_M8,W6_M82,0.0594059405940594
W6_M8,W6_M83,0.07920792079207921
W6_M8,W6_M84,0.039603960396039604
W6_M8,W6_M85,0.07920792079207921
W6_M8,W6_M86,0.15841584158415842
W6_M8,W6_M87,0.039603960396039604
W6_M8,W6_M88,0.0594059405940594
W6_M8,W6_M89,0.0594059405940594
W6_M8,W6_M90,0.019801980198019802
W6_M8,W6_M91,0.019801980198019802
W6_M8,W6_M92,0.019801980198019802
W6_M8,W6_M93,0.019801980198019802
W6_M8,W6_M94,0.019801980198019802
W6_M8,W6_M95,0.019801980198019802
W6_M8,W6_M96,0.039603960396039604
W6_M8,W6_M97,0.019801980198019802
W6_M8,W6_M98,0.019801980198019802
W6_M8,W6_M99,0.019801980198019802
W6_M8,W6_M100,0.019801980198019802
W6_M9,W6_M10,0.8910891089108911
W6_M9,W6_M11,0.9702970297029703
W6_M9,W6_M12,0.8910891089108911
W6_M9,W6_M13,0.8514851485148515
W6_M9,W6_M14,0.9900990099009901
W6_M9,W6_M15,0.9108910891089109
W6_M9,W6_M16,0.37623762376237624
W6_M9,W6_M17,0.7326732673267327
W6_M9,W6_M18,0.9900990099009901
W6_M9,W6_M19,0.9900990099009901
W6_M9,W6_M20,0.9306930693069307
W6_M9,W6_M21,0.5148514851485149
W6_M9,W6_M22,0.7722772277227723
W6_M9,W6_M23,0.8316831683168316
W6_M9,W6_M24,0.49504950495049505
W6_M9,W6_M25,0.8910891089108911
W6_M9,W6_M26,0.8514851485148515
W6_M9,W6_M27,0.594059405940594
W6_M9,W6_M28,0.6138613861386139
W6_M9,W6_M29,0.693069306930693
W6_M9,W6_M30,0.2376237623762376
W6_M9,W6_M31,0.5742574257425742
W6_M9,W6_M32,0.5148514851485149
W6_M9,W6_M33,0.5346534653465347
W6_M9,W6_M34,0.43564356435643564
W6_M9,W6_M35,0.31683168316831684
W6_M9,W6_M36,0.297029702970297
W6_M9,W6_M37,0.43564356435643564
W6_M9,W6_M38,0.7524752475247525
W6_M9,W6_M39,0.37623762376237624
W6_M9,W6_M40,0.5346534653465347
W6_M9,W6_M41,0.27722772277227725
W6_M9,W6_M42,0.33663366336633666
W6_M9,W6_M43,0.297029702970297
W6_M9,W6_M44,0.07920792079207921
W6_M9,W6_M45,0.31683168316831684
W6_M9,W6_M46,0.19801980198019803
W6_M9,W6_M47,0.27722772277227725
W6_M9,W6_M48,0.2376237623762376
W6_M9,W6_M49,0.1782178217821782
W6_M9,W6_M50,0.07920792079207921
W6_M9,W6_M51,0.25742574257425743
W6_M9,W6_M52,0.27722772277227725
W6_M9,W6_M53,0.297029702970297
W6_M9,W6_M54,0.27722772277227725
W6_M9,W6_M55,0.21782178217821782
W6_M9,W6_M56,0.1188118811881188
W6_M9,W6_M57,0.15841584158415842
W6_M9,W6_M58,0.21782178217821782
W6_M9,W6_M59,0.37623762376237624
W6_M9,W6_M60,0.1782178217821782
W6_M9,W6_M61,0.19801980198019803
W6_M9,W6_M62,0.1188118811881188
W6_M9,W6_M63,0.21782178217821782
W6_M9,W6_M64,0.2376237623762376
W6_M9,W6_M65,0.25742574257425743
W6_M9,W6_M66,0.1782178217821782
W6_M9,W6_M67,0.2376237623762376
W6_M9,W6_M68,0.09900990099009901
W6_M9,W6_M69,0.2376237623762376
W6_M9,W6_M70,0.07920792079207921
W6_M9,W6_M71,0.15841584158415842
W6_M9,W6_M72,0.13861386138613863
W6_M9,W6_M73,0.07920792079207921
W6_M9,W6_M74,0.09900990099009901
W6_M9,W6_M75,0.13861386138613863
W6_M9,W6_M76,0.1782178217821782
W6_M9,W6_M77,0.09900990099009901
W6_M9,W6_M78,0.0594059405940594
W6_M9,W6_M79,0.019801980198019802
W6_M9,W6_M80,0.019801980198019802
W6_M9,W6_M81,0.09900990099009901
W6_M9,W6_M82,0.019801980198019802
W6_M9,W6_M83,0.15841584158415842
W6_M9,W6_M84,0.09900990099009901
W6_M9,W6_M85,0.0594059405940594
W6_M9,W6_M86,0.2376237623762376
W6_M9,W6_M87,0.0594059405940594
W6_M9,W6_M88,0.09900990099009901
W6_M9,W6_M89,0.09900990099009901
W6_M9,W6_M90,0.039603960396039604
W6_M9,W6_M91,0.07920792079207921
W6_M9,W6_M92,0.07920792079207921
W6_M9,W6_M93,0.019801980198019802
W6_M9,W6_M94,0.019801980198019802
W6_M9,W6_M95,0.019801980198019802
W6_M9,W6_M96,0.039603960396039604
W6_M9,W6_M97,0.019801980198019802
W6_M9,W6_M98,0.019801980198019802
W6_M9,W6_M99,0.019801980198019802
W6_M9,W6_M100,0.019801980198019802
W6_M10,W6_M11,0.9702970297029703
W6_M10,W6_M12,0.9306930693069307
W6_M10,W6_M13,0.9306930693069307
W6_M10,W6_M14,0.9900990099009901
W6_M10,W6_M15,0.9900990099009901
W6_M10,W6_M16,0.49504950495049505
W6_M10,W6_M17,0.7326732673267327
W6_M10,W6_M18,0.7524752475247525
W6_M10,W6_M19,0.8514851485148515
W6_M10,W6_M20,0.9504950495049505
W6_M10,W6_M21,0.7920792079207921
W6_M10,W6_M22,0.9306930693069307
W6_M10,W6_M23,0.8712871287128713
W6_M10,W6_M24,0.43564356435643564
W6_M10,W6_M25,0.9900990099009901
W6_M10,W6_M26,0.9108910891089109
W6_M10,W6_M27,0.7326732673267327
W6_M10,W6_M28,0.594059405940594
W6_M10,W6_M29,0.7128712871287128
W6_M10,W6_M30,0.37623762376237624
W6_M10,W6_M31,0.6336633663366337
W6_M10,W6_M32,0.43564356435643564
W6_M10,W6_M33,0.6732673267326733
W6_M10,W6_M34,0.6138613861386139
W6_M10,W6_M35,0.4752475247524752
W6_M10,W6_M36,0.4752475247524752
W6_M10,W6_M37,0.43564356435643564
W6_M10,W6_M38,0.5742574257425742
W6_M10,W6_M39,0.5742574257425742
W6_M10,W6_M40,0.4752475247524752
W6_M10,W6_M41,0.19801980198019803
W6_M10,W6_M42,0.297029702970297
W6_M10,W6_M43,0.49504950495049505
W6_M10,W6_M44,0.3564356435643564
W6_M10,W6_M45,0.19801980198019803
W6_M10,W6_M46,0.2376237623762376
W6_M10,W6_M47,0.33663366336633666
W6_M10,W6_M48,0.1188118811881188
W6_M10,W6_M49,0.297029702970297
W6_M10,W6_M50,0.15841584158415842
W6_M10,W6_M51,0.297029702970297
W6_M10,W6_M52,0.2376237623762376
W6_M10,W6_M53,0.3564356435643564
W6_M10,W6_M54,0.3564356435643564
W6_M10,W6_M55,0.19801980198019803
W6_M10,W6_M56,0.15841584158415842
W6_M10,W6_M57,0.1782178217821782
W6_M10,W6_M58,0.19801980198019803
W6_M10,W6_M59,0.19801980198019803
W6_M10,W6_M60,0.3564356435643564
W6_M10,W6_M61,0.2376237623762376
W6_M10,W6_M62,0.27722772277227725
W6_M10,W6_M63,0.297029702970297
W6_M10,W6_M64,0.19801980198019803
W6_M10,W6_M65,0.21782178217821782
W6_M10,W6_M66,0.1782178217821782
W6_M10,W6_M67,0.15841584158415842
W6_M10,W6_M68,0.1782178217821782
W6_M10,W6_M69,0.27722772277227725
W6_M10,W6_M70,0.039603960396039604
W6_M10,W6_M71,0.27722772277227725
W6_M10,W6_M72,0.09900990099009901
W6_M10,W6_M73,0.09900990099009901
W6_M10,W6_M74,0.19801980198019803
W6_M10,W6_M75,0.19801980198019803
W6_M10,W6_M76,0.1782178217821782
W6_M10,W6_M77,0.039603960396039604
W6_M10,W6_M78,0.1188118811881188
W6_M10,W6_M79,0.21782178217821782
W6_M10,W6_M80,0.1188118811881188
W6_M10,W6_M81,0.13861386138613863
W6_M10,W6_M82,0.07920792079207921
W6_M10,W6_M83,0.21782178217821782
W6_M10,W6_M84,0.15841584158415842
W6_M10,W6_M85,0.1782178217821782
W6_M10,W6_M86,0.15841584158415842
W6_M10,W6_M87,0.0594059405940594
W6_M10,W6_M88,0.1188118811881188
W6_M10,W6_M89,0.09900990099009901
W6_M10,W6_M90,0.07920792079207921
W6_M10,W6_M91,0.0594059405940594
W6_M10,W6_M92,0.07920792079207921
W6_M10,W6_M93,0.019801980198019802
W6_M10,W6_M94,0.019801980198019802
W6_M10,W6_M95,0.039603960396039604
W6_M10,W6_M96,0.019801980198019802
W6_M10,W6_M97,0.019801980198019802
W6_M10,W6_M98,0.019801980198019802
W6_M10,W6_M99,0.019801980198019802
W6_M10,W6_M100,0.019801980198019802
W6_M11,W6_M12,0.9900990099009901
W6_M11,W6_M13,0.9306930693069307
W6_M11,W6_M14,0.8316831683168316
W6_M11,W6_M15,0.8514851485148515
W6_M11,W6_M16,0.1782178217821782
W6_M11,W6_M17,0.6534653465346535
W6_M11,W6_M18,0.9504950495049505
W6_M11,W6_M19,0.9504950495049505
W6_M11,W6_M20,1.00990099009901
W6_M11,W6_M21,0.6138613861386139
W6_M11,W6_M22,0.8712871287128713
W6_M11,W6_M23,0.7920792079207921
W6_M11,W6_M24,0.45544554455445546
W6_M11,W6_M25,0.9108910891089109
W6_M11,W6_M26,0.9900990099009901
W6_M11,W6_M27,0.6336633663366337
W6_M11,W6_M28,0.5742574257425742
W6_M11,W6_M29,0.37623762376237624
W6_M11,W6_M30,0.21782178217821782
W6_M11,W6_M31,0.7722772277227723
W6_M11,W6_M32,0.5742574257425742
W6_M11,W6_M33,0.45544554455445546
W6_M11,W6_M34,0.5742574257425742
W6_M11,W6_M35,0.4752475247524752
W6_M11,W6_M36,0.27722772277227725
W6_M11,W6_M37,0.43564356435643564
W6_M11,W6_M38,0.5742574257425742
W6_M11,W6_M39,0.297029702970297
W6_M11,W6_M40,0.5544554455445545
W6_M11,W6_M41,0.27722772277227725
W6_M11,W6_M42,0.3564356435643564
W6_M11,W6_M43,0.27722772277227725
W6_M11,W6_M44,0.039603960396039604
W6_M11,W6_M45,0.1188118811881188
W6_M11,W6_M46,0.13861386138613863
W6_M11,W6_M47,0.21782178217821782
W6_M11,W6_M48,0.19801980198019803
W6_M11,W6_M49,0.2376237623762376
W6_M11,W6_M50,0.1782178217821782
W6_M11,W6_M51,0.2376237623762376
W6_M11,W6_M52,0.15841584158415842
W6_M11,W6_M53,0.21782178217821782
W6_M11,W6_M54,0.25742574257425743
W6_M11,W6_M55,0.297029702970297
W6_M11,W6_M56,0.1188118811881188
W6_M11,W6_M57,0.21782178217821782
W6_M11,W6_M58,0.1782178217821782
W6_M11,W6_M59,0.25742574257425743
W6_M11,W6_M60,0.1782178217821782
W6_M11,W6_M61,0.15841584158415842
W6_M11,W6_M62,0.21782178217821782
W6_M11,W6_M63,0.27722772277227725
W6_M11,W6_M64,0.1782178217821782
W6_M11,W6_M65,0.1782178217821782
W6_M11,W6_M66,0.21782178217821782
W6_M11,W6_M67,0.1188118811881188
W6_M11,W6_M68,0.19801980198019803
W6_M11,W6_M69,0.19801980198019803
W6_M11,W6_M70,0.039603960396039604
W6_M11,W6_M71,0.07920792079207921
W6_M11,W6_M72,0.09900990099009901
W6_M11,W6_M73,0.07920792079207921
W6_M11,W6_M74,0.1188118811881188
W6_M11,W6_M75,0.07920792079207921
W6_M11,W6_M76,0.09900990099009901
W6_M11,W6_M77,0.07920792079207921
W6_M11,W6_M78,0.09900990099009901
W6_M11,W6_M79,0.09900990099009901
W6_M11,W6_M80,0.13861386138613863
W6_M11,W6_M81,0.1188118811881188
W6_M11,W6_M82,0.1188118811881188
W6_M11,W6_M83,0.2376237623762376
W6_M11,W6_M84,0.039603960396039604
W6_M11,W6_M85,0.039603960396039604
W6_M11,W6_M86,0.13861386138613863
W6_M11,W6_M87,0.039603960396039604
W6_M11,W6_M88,0.039603960396039604
W6_M11,W6_M89,0.07920792079207921
W6_M11,W6_M90,0.039603960396039604
W6_M11,W6_M91,0.0594059405940594
W6_M11,W6_M92,0.09900990099009901
W6_M11,W6_M93,0.019801980198019802
W6_M11,W6_M94,0.019801980198019802
W6_M11,W6_M95,0.019801980198019802
W6_M11,W6_M96,0.019801980198019802
W6_M11,W6_M97,0.019801980198019802
W6_M11,W6_M98,0.019801980198019802
W6_M11,W6_M99,0.019801980198019802
W6_M11,W6_M100,0.019801980198019802
W6_M12,W6_M13,0.9306930693069307
W6_M12,W6_M14,0.9108910891089109
W6_M12,W6_M15,0.9306930693069307
W6_M12,W6_M16,0.3564356435643564
W6_M12,W6_M17,0.7920792079207921
W6_M12,W6_M18,0.9504950495049505
W6_M12,W6_M19,0.9702970297029703
W6_M12,W6_M20,0.9108910891089109
W6_M12,W6_M21,0.594059405940594
W6_M12,W6_M22,0.6138613861386139
W6_M12,W6_M23,0.693069306930693
W6_M12,W6_M24,0.3564356435643564
W6_M12,W6_M25,0.8118811881188119
W6_M12,W6_M26,0.8118811881188119
W6_M12,W6_M27,0.6138613861386139
W6_M12,W6_M28,0.6534653465346535
W6_M12,W6_M29,0.3564356435643564
W6_M12,W6_M30,0.33663366336633666
W6_M12,W6_M31,0.5346534653465347
W6_M12,W6_M32,0.5346534653465347
W6_M12,W6_M33,0.49504950495049505
W6_M12,W6_M34,0.3564356435643564
W6_M12,W6_M35,0.3564356435643564
W6_M12,W6_M36,0.297029702970297
W6_M12,W6_M37,0.5742574257425742
W6_M12,W6_M38,0.5544554455445545
W6_M12,W6_M39,0.39603960396039606
W6_M12,W6_M40,0.39603960396039606
W6_M12,W6_M41,0.13861386138613863
W6_M12,W6_M42,0.31683168316831684
W6_M12,W6_M43,0.39603960396039606
W6_M12,W6_M44,0.0594059405940594
W6_M12,W6_M45,0.2376237623762376
W6_M12,W6_M46,0.297029702970297
W6_M12,W6_M47,0.27722772277227725
W6_M12,W6_M48,0.13861386138613863
W6_M12,W6_M49,0.2376237623762376
W6_M12,W6_M50,0.07920792079207921
W6_M12,W6_M51,0.15841584158415842
W6_M12,W6_M52,0.2376237623762376
W6_M12,W6_M53,0.21782178217821782
W6_M12,W6_M54,0.15841584158415842
W6_M12,W6_M55,0.13861386138613863
W6_M12,W6_M56,0.297029702970297
W6_M12,W6_M57,0.1188118811881188
W6_M12,W6_M58,0.13861386138613863
W6_M12,W6_M59,0.27722772277227725
W6_M12,W6_M60,0.39603960396039606
W6_M12,W6_M61,0.13861386138613863
W6_M12,W6_M62,0.2376237623762376
W6_M12,W6_M63,0.07920792079207921
W6_M12,W6_M64,0.297029702970297
W6_M12,W6_M65,0.1188118811881188
W6_M12,W6_M66,0.15841584158415842
W6_M12,W6_M67,0.07920792079207921
W6_M12,W6_M68,0.13861386138613863
W6_M12,W6_M69,0.13861386138613863
W6_M12,W6_M70,0.0594059405940594
W6_M12,W6_M71,0.07920792079207921
W6_M12,W6_M72,0.1188118811881188
W6_M12,W6_M73,0.13861386138613863
W6_M12,W6_M74,0.039603960396039604
W6_M12,W6_M75,0.09900990099009901
W6_M12,W6_M76,0.07920792079207921
W6_M12,W6_M77,0.1188118811881188
W6_M12,W6_M78,0.09900990099009901
W6_M12,W6_M79,0.09900990099009901
W6_M12,W6_M80,0.09900990099009901
W6_M12,W6_M81,0.1188118811881188
W6_M12,W6_M82,0.039603960396039604
W6_M12,W6_M83,0.15841584158415842
W6_M12,W6_M84,0.15841584158415842
W6_M12,W6_M85,0.1188118811881188
W6_M12,W6_M86,0.1782178217821782
W6_M12,W6_M87,0.039603960396039604
W6_M12,W6_M88,0.09900990099009901
W6_M12,W6_M89,0.07920792079207921
W6_M12,W6_M90,0.0594059405940594
W6_M12,W6_M91,0.039603960396039604
W6_M12,W6_M92,0.09900990099009901
W6_M12,W6_M93,0.019801980198019802
W6_M12,W6_M94,0.039603960396039604
W6_M12,W6_M95,0.019801980198019802
W6_M12,W6_M96,0.019801980198019802
W6_M12,W6_M97,0.019801980198019802
W6_M12,W6_M98,0.019801980198019802
W6_M12,W6_M99,0.019801980198019802
W6_M12,W6_M100,0.019801980198019802
W6_M13,W6_M14,0.7920792079207921
W6_M13,W6_M15,0.9108910891089109
W6_M13,W6_M16,0.43564356435643564
W6_M13,W6_M17,0.9504950495049505
W6_M13,W6_M18,1.00990099009901
W6_M13,W6_M19,0.8316831683168316
W6_M13,W6_M20,0.7524752475247525
W6_M13,W6_M21,0.9108910891089109
W6_M13,W6_M22,0.8316831683168316
W6_M13,W6_M23,0.7722772277227723
W6_M13,W6_M24,0.8712871287128713
W6_M13,W6_M25,0.5544554455445545
W6_M13,W6_M26,0.49504950495049505
W6_M13,W6_M27,0.594059405940594
W6_M13,W6_M28,0.6336633663366337
W6_M13,W6_M29,0.49504950495049505
W6_M13,W6_M30,0.6138613861386139
W6_M13,W6_M31,0.4752475247524752
W6_M13,W6_M32,0.5346534653465347
W6_M13,W6_M33,0.43564356435643564
W6_M13,W6_M34,0.4158415841584158
W6_M13,W6_M35,0.5346534653465347
W6_M13,W6_M36,0.49504950495049505
W6_M13,W6_M37,0.45544554455445546
W6_M13,W6_M38,0.45544554455445546
W6_M13,W6_M39,0.25742574257425743
W6_M13,W6_M40,0.2376237623762376
W6_M13,W6_M41,0.2376237623762376
W6_M13,W6_M42,0.45544554455445546
W6_M13,W6_M43,0.25742574257425743
W6_M13,W6_M44,0.21782178217821782
W6_M13,W6_M45,0.39603960396039606
W6_M13,W6_M46,0.19801980198019803
W6_M13,W6_M47,0.21782178217821782
W6_M13,W6_M48,0.39603960396039606
W6_M13,W6_M49,0.21782178217821782
W6_M13,W6_M50,0.19801980198019803
W6_M13,W6_M51,0.33663366336633666
W6_M13,W6_M52,0.25742574257425743
W6_M13,W6_M53,0.2376237623762376
W6_M13,W6_M54,0.297029702970297
W6_M13,W6_M55,0.15841584158415842
W6_M13,W6_M56,0.19801980198019803
W6_M13,W6_M57,0.1782178217821782
W6_M13,W6_M58,0.1782178217821782
W6_M13,W6_M59,0.13861386138613863
W6_M13,W6_M60,0.19801980198019803
W6_M13,W6_M61,0.25742574257425743
W6_M13,W6_M62,0.2376237623762376
W6_M13,W6_M63,0.33663366336633666
W6_M13,W6_M64,0.1782178217821782
W6_M13,W6_M65,0.15841584158415842
W6_M13,W6_M66,0.13861386138613863
W6_M13,W6_M67,0.13861386138613863
W6_M13,W6_M68,0.09900990099009901
W6_M13,W6_M69,0.07920792079207921
W6_M13,W6_M70,0.0594059405940594
W6_M13,W6_M71,0.1188118811881188
W6_M13,W6_M72,0.15841584158415842
W6_M13,W6_M73,0.15841584158415842
W6_M13,W6_M74,0.07920792079207921
W6_M13,W6_M75,0.09900990099009901
W6_M13,W6_M76,0.09900990099009901
W6_M13,W6_M77,0.09900990099009901
W6_M13,W6_M78,0.2376237623762376
W6_M13,W6_M79,0.13861386138613863
W6_M13,W6_M80,0.039603960396039604
W6_M13,W6_M81,0.039603960396039604
W6_M13,W6_M82,0.19801980198019803
W6_M13,W6_M83,0.13861386138613863
W6_M13,W6_M84,0.15841584158415842
W6_M13,W6_M85,0.1782178217821782
W6_M13,W6_M86,0.019801980198019802
W6_M13,W6_M87,0.0594059405940594
W6_M13,W6_M88,0.0594059405940594
W6_M13,W6_M89,0.1188118811881188
W6_M13,W6_M90,0.039603960396039604
W6_M13,W6_M91,0.07920792079207921
W6_M13,W6_M92,0.039603960396039604
W6_M13,W6_M93,0.039603960396039604
W6_M13,W6_M94,0.019801980198019802
W6_M13,W6_M95,0.019801980198019802
W6_M13,W6_M96,0.019801980198019802
W6_M13,W6_M97,0.019801980198019802
W6_M13,W6_M98,0.019801980198019802
W6_M13,W6_M99,0.019801980198019802
W6_M13,W6_M100,0.019801980198019802
W6_M14,W6_M15,0.8514851485148515
W6_M14,W6_M16,0.5148514851485149
W6_M14,W6_M17,0.6138613861386139
W6_M14,W6_M18,1.00990099009901
W6_M14,W6_M19,0.9306930693069307
W6_M14,W6_M20,0.9306930693069307
W6_M14,W6_M21,0.5346534653465347
W6_M14,W6_M22,0.6336633663366337
W6_M14,W6_M23,0.8910891089108911
W6_M14,W6_M24,0.3564356435643564
W6_M14,W6_M25,0.8910891089108911
W6_M14,W6_M26,0.7722772277227723
W6_M14,W6_M27,0.8910891089108911
W6_M14,W6_M28,0.5544554455445545
W6_M14,W6_M29,0.45544554455445546
W6_M14,W6_M30,0.15841584158415842
W6_M14,W6_M31,0.5148514851485149
W6_M14,W6_M32,0.5148514851485149
W6_M14,W6_M33,0.49504950495049505
W6_M14,W6_M34,0.5148514851485149
W6_M14,W6_M35,0.3564356435643564
W6_M14,W6_M36,0.39603960396039606
W6_M14,W6_M37,0.4158415841584158
W6_M14,W6_M38,0.5742574257425742
W6_M14,W6_M39,0.39603960396039606
W6_M14,W6_M40,0.45544554455445546
W6_M14,W6_M41,0.19801980198019803
W6_M14,W6_M42,0.21782178217821782
W6_M14,W6_M43,0.27722772277227725
W6_M14,W6_M44,0.07920792079207921
W6_M14,W6_M45,0.0594059405940594
W6_M14,W6_M46,0.25742574257425743
W6_M14,W6_M47,0.27722772277227725
W6_M14,W6_M48,0.07920792079207921
W6_M14,W6_M49,0.31683168316831684
W6_M14,W6_M50,0.1188118811881188
W6_M14,W6_M51,0.15841584158415842
W6_M14,W6_M52,0.13861386138613863
W6_M14,W6_M53,0.07920792079207921
W6_M14,W6_M54,0.21782178217821782
W6_M14,W6_M55,0.13861386138613863
W6_M14,W6_M56,0.297029702970297
W6_M14,W6_M57,0.1782178217821782
W6_M14,W6_M58,0.15841584158415842
W6_M14,W6_M59,0.1188118811881188
W6_M14,W6_M60,0.1782178217821782
W6_M14,W6_M61,0.15841584158415842
W6_M14,W6_M62,0.19801980198019803
W6_M14,W6_M63,0.15841584158415842
W6_M14,W6_M64,0.19801980198019803
W6_M14,W6_M65,0.09900990099009901
W6_M14,W6_M66,0.15841584158415842
W6_M14,W6_M67,0.1782178217821782
W6_M14,W6_M68,0.21782178217821782
W6_M14,W6_M69,0.27722772277227725
W6_M14,W6_M70,0.019801980198019802
W6_M14,W6_M71,0.039603960396039604
W6_M14,W6_M72,0.1188118811881188
W6_M14,W6_M73,0.0594059405940594
W6_M14,W6_M74,0.039603960396039604
W6_M14,W6_M75,0.019801980198019802
W6_M14,W6_M76,0.019801980198019802
W6_M14,W6_M77,0.0594059405940594
W6_M14,W6_M78,0.07920792079207921
W6_M14,W6_M79,0.07920792079207921
W6_M14,W6_M80,0.039603960396039604
W6_M14,W6_M81,0.0594059405940594
W6_M14,W6_M82,0.0594059405940594
W6_M14,W6_M83,0.15841584158415842
W6_M14,W6_M84,0.09900990099009901
W6_M14,W6_M85,0.09900990099009901
W6_M14,W6_M86,0.1782178217821782
W6_M14,W6_M87,0.019801980198019802
W6_M14,W6_M88,0.1188118811881188
W6_M14,W6_M89,0.039603960396039604
W6_M14,W6_M90,0.019801980198019802
W6_M14,W6_M91,0.039603960396039604
W6_M14,W6_M92,0.019801980198019802
W6_M14,W6_M93,0.0594059405940594
W6_M14,W6_M94,0.019801980198019802
W6_M14,W6_M95,0.019801980198019802
W6_M14,W6_M96,0.019801980198019802
W6_M14,W6_M97,0.019801980198019802
W6_M14,W6_M98,0.019801980198019802
W6_M14,W6_M99,0.019801980198019802
W6_M14,W6_M100,0.019801980198019802
W6_M15,W6_M16,0.21782178217821782
W6_M15,W6_M17,0.7128712871287128
W6_M15,W6_M18,1.00990099009901
W6_M15,W6_M19,0.9306930693069307
W6_M15,W6_M20,0.9900990099009901
W6_M15,W6_M21,0.5544554455445545
W6_M15,W6_M22,0.7128712871287128
W6_M15,W6_M23,0.8514851485148515
W6_M15,W6_M24,0.6732673267326733
W6_M15,W6_M25,0.7524752475247525
W6_M15,W6_M26,0.7920792079207921
W6_M15,W6_M27,0.5148514851485149
W6_M15,W6_M28,0.6534653465346535
W6_M15,W6_M29,0.693069306930693
W6_M15,W6_M30,0.5346534653465347
W6_M15,W6_M31,0.5742574257425742
W6_M15,W6_M32,0.45544554455445546
W6_M15,W6_M33,0.45544554455445546
W6_M15,W6_M34,0.5544554455445545
W6_M15,W6_M35,0.594059405940594
W6_M15,W6_M36,0.2376237623762376
W6_M15,W6_M37,0.2376237623762376
W6_M15,W6_M38,0.31683168316831684
W6_M15,W6_M39,0.1188118811881188
W6_M15,W6_M40,0.21782178217821782
W6_M15,W6_M41,0.0594059405940594
W6_M15,W6_M42,0.5148514851485149
W6_M15,W6_M43,0.39603960396039606
W6_M15,W6_M44,0.0594059405940594
W6_M15,W6_M45,0.27722772277227725
W6_M15,W6_M46,0.09900990099009901
W6_M15,W6_M47,0.13861386138613863
W6_M15,W6_M48,0.31683168316831684
W6_M15,W6_M49,0.25742574257425743
W6_M15,W6_M50,0.07920792079207921
W6_M15,W6_M51,0.43564356435643564
W6_M15,W6_M52,0.13861386138613863
W6_M15,W6_M53,0.13861386138613863
W6_M15,W6_M54,0.1782178217821782
W6_M15,W6_M55,0.15841584158415842
W6_M15,W6_M56,0.19801980198019803
W6_M15,W6_M57,0.31683168316831684
W6_M15,W6_M58,0.2376237623762376
W6_M15,W6_M59,0.15841584158415842
W6_M15,W6_M60,0.25742574257425743
W6_M15,W6_M61,0.19801980198019803
W6_M15,W6_M62,0.13861386138613863
W6_M15,W6_M63,0.33663366336633666
W6_M15,W6_M64,0.19801980198019803
W6_M15,W6_M65,0.1782178217821782
W6_M15,W6_M66,0.2376237623762376
W6_M15,W6_M67,0.13861386138613863
W6_M15,W6_M68,0.15841584158415842
W6_M15,W6_M69,0.21782178217821782
W6_M15,W6_M70,0.039603960396039604
W6_M15,W6_M71,0.15841584158415842
W6_M15,W6_M72,0.13861386138613863
W6_M15,W6_M73,0.13861386138613863
W6_M15,W6_M74,0.15841584158415842
W6_M15,W6_M75,0.09900990099009901
W6_M15,W6_M76,0.09900990099009901
W6_M15,W6_M77,0.13861386138613863
W6_M15,W6_M78,0.07920792079207921
W6_M15,W6_M79,0.09900990099009901
W6_M15,W6_M80,0.09900990099009901
W6_M15,W6_M81,0.0594059405940594
W6_M15,W6_M82,0.039603960396039604
W6_M15,W6_M83,0.13861386138613863
W6_M15,W6_M84,0.19801980198019803
W6_M15,W6_M85,0.1188118811881188
W6_M15,W6_M86,0.1782178217821782
W6_M15,W6_M87,0.15841584158415842
W6_M15,W6_M88,0.09900990099009901
W6_M15,W6_M89,0.0594059405940594
W6_M15,W6_M90,0.07920792079207921
W6_M15,W6_M91,0.1188118811881188
W6_M15,W6_M92,0.0594059405940594
W6_M15,W6_M93,0.039603960396039604
W6_M15,W6_M94,0.019801980198019802
W6_M15,W6_M95,0.019801980198019802
W6_M15,W6_M96,0.019801980198019802
W6_M15,W6_M97,0.019801980198019802
W6_M15,W6_M98,0.019801980198019802
W6_M15,W6_M99,0.019801980198019802
W6_M15,W6_M100,0.019801980198019802
W6_M16,W6_M17,0.33663366336633666
W6_M16,W6_M18,0.45544554455445546
W6_M16,W6_M19,0.37623762376237624
W6_M16,W6_M20,0.3564356435643564
W6_M16,W6_M21,0.27722772277227725
W6_M16,W6_M22,0.25742574257425743
W6_M16,W6_M23,0.27722772277227725
W6_M16,W6_M24,0.27722772277227725
W6_M16,W6_M25,0.2376237623762376
W6_M16,W6_M26,0.27722772277227725
W6_M16,W6_M27,0.1188118811881188
W6_M16,W6_M28,0.2376237623762376
W6_M16,W6_M29,0.19801980198019803
W6_M16,W6_M30,0.297029702970297
W6_M16,W6_M31,0.1782178217821782
W6_M16,W6_M32,0.27722772277227725
W6_M16,W6_M33,0.1188118811881188
W6_M16,W6_M34,0.039603960396039604
W6_M16,W6_M35,0.07920792079207921
W6_M16,W6_M36,0.1188118811881188
W6_M16,W6_M37,0.0594059405940594
W6_M16,W6_M38,0.039603960396039604
W6_M16,W6_M39,0.09900990099009901
W6_M16,W6_M40,0.019801980198019802
W6_M16,W6_M41,0.019801980198019802
W6_M16,W6_M42,0.1188118811881188
W6_M16,W6_M43,0.0594059405940594
W6_M16,W6_M44,0.0594059405940594
W6_M16,W6_M45,0.21782178217821782
W6_M16,W6_M46,0.039603960396039604
W6_M16,W6_M47,0.09900990099009901
W6_M16,W6_M48,0.15841584158415842
W6_M16,W6_M49,0.039603960396039604
W6_M16,W6_M50,0.07920792079207921
W6_M16,W6_M51,0.1782178217821782
W6_M16,W6_M52,0.039603960396039604
W6_M16,W6_M53,0.09900990099009901
W6_M16,W6_M54,0.09900990099009901
W6_M16,W6_M55,0.0594059405940594
W6_M16,W6_M56,0.07920792079207921
W6_M16,W6_M57,0.039603960396039604
W6_M16,W6_M58,0.0594059405940594
W6_M16,W6_M59,0.039603960396039604
W6_M16,W6_M60,0.0594059405940594
W6_M16,W6_M61,0.0594059405940594
W6_M16,W6_M62,0.0594059405940594
W6_M16,W6_M63,0.07920792079207921
W6_M16,W6_M64,0.13861386138613863
W6_M16,W6_M65,0.0594059405940594
W6_M16,W6_M66,0.039603960396039604
W6_M16,W6_M67,0.019801980198019802
W6_M16,W6_M68,0.019801980198019802
W6_M16,W6_M69,0.039603960396039604
W6_M16,W6_M70,0.019801980198019802
W6_M16,W6_M71,0.039603960396039604
W6_M16,W6_M72,0.039603960396039604
W6_M16,W6_M73,0.09900990099009901
W6_M16,W6_M74,0.039603960396039604
W6_M16,W6_M75,0.09900990099009901
W6_M16,W6_M76,0.039603960396039604
W6_M16,W6_M77,0.019801980198019802
W6_M16,W6_M78,0.0594059405940594
W6_M16,W6_M79,0.039603960396039604
W6_M16,W6_M80,0.0594059405940594
W6_M16,W6_M81,0.039603960396039604
W6_M16,W6_M82,0.019801980198019802
W6_M16,W6_M83,0.019801980198019802
W6_M16,W6_M84,0.0594059405940594
W6_M16,W6_M85,0.019801980198019802
W6_M16,W6_M86,0.019801980198019802
W6_M16,W6_M87,0.0594059405940594
W6_M16,W6_M88,0.019801980198019802
W6_M16,W6_M89,0.019801980198019802
W6_M16,W6_M90,0.0594059405940594
W6_M16,W6_M91,0.039603960396039604
W6_M16,W6_M92,0.019801980198019802
W6_M16,W6_M93,0.039603960396039604
W6_M16,W6_M94,0.019801980198019802
W6_M16,W6_M95,0.019801980198019802
W6_M16,W6_M96,0.019801980198019802
W6_M16,W6_M97,0.019801980198019802
W6_M16,W6_M98,0.019801980198019802
W6_M16,W6_M99,0.019801980198019802
W6_M16,W6_M100,0.019801980198019802
W6_M17,W6_M18,0.8514851485148515
W6_M17,W6_M19,0.8514851485148515
W6_M17,W6_M20,0.8316831683168316
W6_M17,W6_M21,0.8514851485148515
W6_M17,W6_M22,0.9504950495049505
W6_M17,W6_M23,0.9504950495049505
W6_M17,W6_M24,0.43564356435643564
W6_M17,W6_M25,0.8316831683168316
W6_M17,W6_M26,0.9702970297029703
W6_M17,W6_M27,0.7722772277227723
W6_M17,W6_M28,0.5742574257425742
W6_M17,W6_M29,0.6336633663366337
W6_M17,W6_M30,0.15841584158415842
W6_M17,W6_M31,0.693069306930693
W6_M17,W6_M32,0.4158415841584158
W6_M17,W6_M33,0.7920792079207921
W6_M17,W6_M34,0.6732673267326733
W6_M17,W6_M35,0.4752475247524752
W6_M17,W6_M36,0.37623762376237624
W6_M17,W6_M37,0.6138613861386139
W6_M17,W6_M38,0.6534653465346535
W6_M17,W6_M39,0.4752475247524752
W6_M17,W6_M40,0.49504950495049505
W6_M17,W6_M41,0.21782178217821782
W6_M17,W6_M42,0.45544554455445546
W6_M17,W6_M43,0.4158415841584158
W6_M17,W6_M44,0.1782178217821782
W6_M17,W6_M45,0.2376237623762376
W6_M17,W6_M46,0.297029702970297
W6_M17,W6_M47,0.31683168316831684
W6_M17,W6_M48,0.2376237623762376
W6_M17,W6_M49,0.21782178217821782
W6_M17,W6_M50,0.15841584158415842
W6_M17,W6_M51,0.2376237623762376
W6_M17,W6_M52,0.31683168316831684
W6_M17,W6_M53,0.31683168316831684
W6_M17,W6_M54,0.1782178217821782
W6_M17,W6_M55,0.25742574257425743
W6_M17,W6_M56,0.19801980198019803
W6_M17,W6_M57,0.1782178217821782
W6_M17,W6_M58,0.2376237623762376
W6_M17,W6_M59,0.3564356435643564
W6_M17,W6_M60,0.33663366336633666
W6_M17,W6_M61,0.31683168316831684
W6_M17,W6_M62,0.25742574257425743
W6_M17,W6_M63,0.19801980198019803
W6_M17,W6_M64,0.1782178217821782
W6_M17,W6_M65,0.2376237623762376
W6_M17,W6_M66,0.1782178217821782
W6_M17,W6_M67,0.15841584158415842
W6_M17,W6_M68,0.19801980198019803
W6_M17,W6_M69,0.15841584158415842
W6_M17,W6_M70,0.07920792079207921
W6_M17,W6_M71,0.09900990099009901
W6_M17,W6_M72,0.039603960396039604
W6_M17,W6_M73,0.13861386138613863
W6_M17,W6_M74,0.09900990099009901
W6_M17,W6_M75,0.1188118811881188
W6_M17,W6_M76,0.07920792079207921
W6_M17,W6_M77,0.1188118811881188
W6_M17,W6_M78,0.13861386138613863
W6_M17,W6_M79,0.07920792079207921
W6_M17,W6_M80,0.039603960396039604
W6_M17,W6_M81,0.1188118811881188
W6_M17,W6_M82,0.039603960396039604
W6_M17,W6_M83,0.21782178217821782
W6_M17,W6_M84,0.13861386138613863
W6_M17,W6_M85,0.15841584158415842
W6_M17,W6_M86,0.15841584158415842
W6_M17,W6_M87,0.07920792079207921
W6_M17,W6_M88,0.0594059405940594
W6_M17,W6_M89,0.039603960396039604
W6_M17,W6_M90,0.07920792079207921
W6_M17,W6_M91,0.09900990099009901
W6_M17,W6_M92,0.0594059405940594
W6_M17,W6_M93,0.019801980198019802
W6_M17,W6_M94,0.0594059405940594
W6_M17,W6_M95,0.019801980198019802
W6_M17,W6_M96,0.019801980198019802
W6_M17,W6_M97,0.019801980198019802
W6_M17,W6_M98,0.019801980198019802
W6_M17,W6_M99,0.019801980198019802
W6_M17,W6_M100,0.019801980198019802
W6_M18,W6_M19,0.7128712871287128
W6_M18,W6_M20,0.7524752475247525
W6_M18,W6_M21,0.693069306930693
W6_M18,W6_M22,0.9900990099009901
W6_M18,W6_M23,1.00990099009901
W6_M18,W6_M24,0.39603960396039606
W6_M18,W6_M25,0.7722772277227723
W6_M18,W6_M26,0.8316831683168316
W6_M18,W6_M27,0.7128712871287128
W6_M18,W6_M28,0.27722772277227725
W6_M18,W6_M29,0.5544554455445545
W6_M18,W6_M30,0.4158415841584158
W6_M18,W6_M31,0.6732673267326733
W6_M18,W6_M32,0.31683168316831684
W6_M18,W6_M33,0.49504950495049505
W6_M18,W6_M34,0.5742574257425742
W6_M18,W6_M35,0.4158415841584158
W6_M18,W6_M36,0.4752475247524752
W6_M18,W6_M37,0.4158415841584158
W6_M18,W6_M38,0.49504950495049505
W6_M18,W6_M39,0.4752475247524752
W6_M18,W6_M40,0.43564356435643564
W6_M18,W6_M41,0.33663366336633666
W6_M18,W6_M42,0.297029702970297
W6_M18,W6_M43,0.1188118811881188
W6_M18,W6_M44,0.21782178217821782
W6_M18,W6_M45,0.19801980198019803
W6_M18,W6_M46,0.37623762376237624
W6_M18,W6_M47,0.25742574257425743
W6_M18,W6_M48,0.1188118811881188
W6_M18,W6_M49,0.09900990099009901
W6_M18,W6_M50,0.1188118811881188
W6_M18,W6_M51,0.13861386138613863
W6_M18,W6_M52,0.21782178217821782
W6_M18,W6_M53,0.25742574257425743
W6_M18,W6_M54,0.25742574257425743
W6_M18,W6_M55,0.039603960396039604
W6_M18,W6_M56,0.13861386138613863
W6_M18,W6_M57,0.09900990099009901
W6_M18,W6_M58,0.1782178217821782
W6_M18,W6_M59,0.0594059405940594
W6_M18,W6_M60,0.13861386138613863
W6_M18,W6_M61,0.13861386138613863
W6_M18,W6_M62,0.15841584158415842
W6_M18,W6_M63,0.1188118811881188
W6_M18,W6_M64,0.25742574257425743
W6_M18,W6_M65,0.1188118811881188
W6_M18,W6_M66,0.07920792079207921
W6_M18,W6_M67,0.15841584158415842
W6_M18,W6_M68,0.1188118811881188
W6_M18,W6_M69,0.07920792079207921
W6_M18,W6_M70,0.0594059405940594
W6_M18,W6_M71,0.1188118811881188
W6_M18,W6_M72,0.039603960396039604
W6_M18,W6_M73,0.13861386138613863
W6_M18,W6_M74,0.0594059405940594
W6_M18,W6_M75,0.039603960396039604
W6_M18,W6_M76,0.13861386138613863
W6_M18,W6_M77,0.1188118811881188
W6_M18,W6_M78,0.07920792079207921
W6_M18,W6_M79,0.1188118811881188
W6_M18,W6_M80,0.07920792079207921
W6_M18,W6_M81,0.09900990099009901
W6_M18,W6_M82,0.09900990099009901
W6_M18,W6_M83,0.1188118811881188
W6_M18,W6_M84,0.13861386138613863
W6_M18,W6_M85,0.07920792079207921
W6_M18,W6_M86,0.0594059405940594
W6_M18,W6_M87,0.13861386138613863
W6_M18,W6_M88,0.1188118811881188
W6_M18,W6_M89,0.039603960396039604
W6_M18,W6_M90,0.0594059405940594
W6_M18,W6_M91,0.039603960396039604
W6_M18,W6_M92,0.039603960396039604
W6_M18,W6_M93,0.019801980198019802
W6_M18,W6_M94,0.019801980198019802
W6_M18,W6_M95,0.019801980198019802
W6_M18,W6_M96,0.019801980198019802
W6_M18,W6_M97,0.019801980198019802
W6_M18,W6_M98,0.019801980198019802
W6_M18,W6_M99,0.019801980198019802
W6_M18,W6_M100,0.019801980198019802
W6_M19,W6_M20,0.9900990099009901
W6_M19,W6_M21,0.8118811881188119
W6_M19,W6_M22,0.8118811881188119
W6_M19,W6_M23,1.00990099009901
W6_M19,W6_M24,0.6534653465346535
W6_M19,W6_M25,1.00990099009901
W6_M19,W6_M26,0.8910891089108911
W6_M19,W6_M27,0.7326732673267327
W6_M19,W6_M28,0.45544554455445546
W6_M19,W6_M29,0.6732673267326733
W6_M19,W6_M30,0.5346534653465347
W6_M19,W6_M31,0.6732673267326733
W6_M19,W6_M32,0.5544554455445545
W6_M19,W6_M33,0.6534653465346535
W6_M19,W6_M34,0.49504950495049505
W6_M19,W6_M35,0.31683168316831684
W6_M19,W6_M36,0.5544554455445545
W6_M19,W6_M37,0.39603960396039606
W6_M19,W6_M38,0.6732673267326733
W6_M19,W6_M39,0.3564356435643564
W6_M19,W6_M40,0.39603960396039606
W6_M19,W6_M41,0.45544554455445546
W6_M19,W6_M42,0.25742574257425743
W6_M19,W6_M43,0.13861386138613863
W6_M19,W6_M44,0.19801980198019803
W6_M19,W6_M45,0.297029702970297
W6_M19,W6_M46,0.1782178217821782
W6_M19,W6_M47,0.25742574257425743
W6_M19,W6_M48,0.19801980198019803
W6_M19,W6_M49,0.25742574257425743
W6_M19,W6_M50,0.13861386138613863
W6_M19,W6_M51,0.19801980198019803
W6_M19,W6_M52,0.31683168316831684
W6_M19,W6_M53,0.39603960396039606
W6_M19,W6_M54,0.31683168316831684
W6_M19,W6_M55,0.0594059405940594
W6_M19,W6_M56,0.15841584158415842
W6_M19,W6_M57,0.09900990099009901
W6_M19,W6_M58,0.297029702970297
W6_M19,W6_M59,0.15841584158415842
W6_M19,W6_M60,0.1782178217821782
W6_M19,W6_M61,0.15841584158415842
W6_M19,W6_M62,0.1782178217821782
W6_M19,W6_M63,0.21782178217821782
W6_M19,W6_M64,0.09900990099009901
W6_M19,W6_M65,0.13861386138613863
W6_M19,W6_M66,0.1782178217821782
W6_M19,W6_M67,0.09900990099009901
W6_M19,W6_M68,0.13861386138613863
W6_M19,W6_M69,0.19801980198019803
W6_M19,W6_M70,0.0594059405940594
W6_M19,W6_M71,0.019801980198019802
W6_M19,W6_M72,0.039603960396039604
W6_M19,W6_M73,0.15841584158415842
W6_M19,W6_M74,0.07920792079207921
W6_M19,W6_M75,0.1188118811881188
W6_M19,W6_M76,0.1188118811881188
W6_M19,W6_M77,0.07920792079207921
W6_M19,W6_M78,0.13861386138613863
W6_M19,W6_M79,0.09900990099009901
W6_M19,W6_M80,0.07920792079207921
W6_M19,W6_M81,0.09900990099009901
W6_M19,W6_M82,0.0594059405940594
W6_M19,W6_M83,0.13861386138613863
W6_M19,W6_M84,0.09900990099009901
W6_M19,W6_M85,0.09900990099009901
W6_M19,W6_M86,0.039603960396039604
W6_M19,W6_M87,0.07920792079207921
W6_M19,W6_M88,0.0594059405940594
W6_M19,W6_M89,0.1188118811881188
W6_M19,W6_M90,0.07920792079207921
W6_M19,W6_M91,0.07920792079207921
W6_M19,W6_M92,0.019801980198019802
W6_M19,W6_M93,0.019801980198019802
W6_M19,W6_M94,0.039603960396039604
W6_M19,W6_M95,0.019801980198019802
W6_M19,W6_M96,0.019801980198019802
W6_M19,W6_M97,0.019801980198019802
W6_M19,W6_M98,0.019801980198019802
W6_M19,W6_M99,0.019801980198019802
W6_M19,W6_M100,0.019801980198019802
W6_M20,W6_M21,0.8514851485148515
W6_M20,W6_M22,0.7524752475247525
W6_M20,W6_M23,0.7920792079207921
W6_M20,W6_M24,0.6336633663366337
W6_M20,W6_M25,0.7722772277227723
W6_M20,W6_M26,0.6336633663366337
W6_M20,W6_M27,0.7326732673267327
W6_M20,W6_M28,0.33663366336633666
W6_M20,W6_M29,0.8514851485148515
W6_M20,W6_M30,0.4158415841584158
W6_M20,W6_M31,0.7524752475247525
W6_M20,W6_M32,0.33663366336633666
W6_M20,W6_M33,0.594059405940594
W6_M20,W6_M34,0.5544554455445545
W6_M20,W6_M35,0.4158415841584158
W6_M20,W6_M36,0.4752475247524752
W6_M20,W6_M37,0.45544554455445546
W6_M20,W6_M38,0.5742574257425742
W6_M20,W6_M39,0.5346534653465347
W6_M20,W6_M40,0.37623762376237624
W6_M20,W6_M41,0.27722772277227725
W6_M20,W6_M42,0.297029702970297
W6_M20,W6_M43,0.07920792079207921
W6_M20,W6_M44,0.3564356435643564
W6_M20,W6_M45,0.27722772277227725
W6_M20,W6_M46,0.21782178217821782
W6_M20,W6_M47,0.2376237623762376
W6_M20,W6_M48,0.2376237623762376
W6_M20,W6_M49,0.15841584158415842
W6_M20,W6_M50,0.297029702970297
W6_M20,W6_M51,0.09900990099009901
W6_M20,W6_M52,0.25742574257425743
W6_M20,W6_M53,0.1188118811881188
W6_M20,W6_M54,0.297029702970297
W6_M20,W6_M55,0.019801980198019802
W6_M20,W6_M56,0.1782178217821782
W6_M20,W6_M57,0.15841584158415842
W6_M20,W6_M58,0.15841584158415842
W6_M20,W6_M59,0.19801980198019803
W6_M20,W6_M60,0.21782178217821782
W6_M20,W6_M61,0.21782178217821782
W6_M20,W6_M62,0.07920792079207921
W6_M20,W6_M63,0.13861386138613863
W6_M20,W6_M64,0.15841584158415842
W6_M20,W6_M65,0.07920792079207921
W6_M20,W6_M66,0.09900990099009901
W6_M20,W6_M67,0.09900990099009901
W6_M20,W6_M68,0.1188118811881188
W6_M20,W6_M69,0.15841584158415842
W6_M20,W6_M70,0.09900990099009901
W6_M20,W6_M71,0.07920792079207921
W6_M20,W6_M72,0.07920792079207921
W6_M20,W6_M73,0.0594059405940594
W6_M20,W6_M74,0.09900990099009901
W6_M20,W6_M75,0.15841584158415842
W6_M20,W6_M76,0.039603960396039604
W6_M20,W6_M77,0.1188118811881188
W6_M20,W6_M78,0.09900990099009901
W6_M20,W6_M79,0.07920792079207921
W6_M20,W6_M80,0.19801980198019803
W6_M20,W6_M81,0.039603960396039604
W6_M20,W6_M82,0.1188118811881188
W6_M20,W6_M83,0.19801980198019803
W6_M20,W6_M84,0.1188118811881188
W6_M20,W6_M85,0.07920792079207921
W6_M20,W6_M86,0.07920792079207921
W6_M20,W6_M87,0.1188118811881188
W6_M20,W6_M88,0.0594059405940594
W6_M20,W6_M89,0.07920792079207921
W6_M20,W6_M90,0.019801980198019802
W6_M20,W6_M91,0.039603960396039604
W6_M20,W6_M92,0.039603960396039604
W6_M20,W6_M93,0.019801980198019802
W6_M20,W6_M94,0.019801980198019802
W6_M20,W6_M95,0.019801980198019802
W6_M20,W6_M96,0.019801980198019802
W6_M20,W6_M97,0.019801980198019802
W6_M20,W6_M98,0.019801980198019802
W6_M20,W6_M99,0.019801980198019802
W6_M20,W6_M100,0.019801980198019802
W6_M21,W6_M22,0.693069306930693
W6_M21,W6_M23,0.7722772277227723
W6_M21,W6_M24,0.7128712871287128
W6_M21,W6_M25,0.9702970297029703
W6_M21,W6_M26,0.8910891089108911
W6_M21,W6_M27,0.6534653465346535
W6_M21,W6_M28,0.8910891089108911
W6_M21,W6_M29,0.8910891089108911
W6_M21,W6_M30,0.5346534653465347
W6_M21,W6_M31,0.6534653465346535
W6_M21,W6_M32,0.8712871287128713
W6_M21,W6_M33,0.6336633663366337
W6_M21,W6_M34,0.7326732673267327
W6_M21,W6_M35,0.6732673267326733
W6_M21,W6_M36,0.43564356435643564
W6_M21,W6_M37,0.33663366336633666
W6_M21,W6_M38,0.8712871287128713
W6_M21,W6_M39,0.27722772277227725
W6_M21,W6_M40,0.5346534653465347
W6_M21,W6_M41,0.2376237623762376
W6_M21,W6_M42,0.39603960396039606
W6_M21,W6_M43,0.37623762376237624
W6_M21,W6_M44,0.09900990099009901
W6_M21,W6_M45,0.297029702970297
W6_M21,W6_M46,0.31683168316831684
W6_M21,W6_M47,0.37623762376237624
W6_M21,W6_M48,0.297029702970297
W6_M21,W6_M49,0.2376237623762376
W6_M21,W6_M50,0.0594059405940594
W6_M21,W6_M51,0.49504950495049505
W6_M21,W6_M52,0.27722772277227725
W6_M21,W6_M53,0.3564356435643564
W6_M21,W6_M54,0.45544554455445546
W6_M21,W6_M55,0.27722772277227725
W6_M21,W6_M56,0.297029702970297
W6_M21,W6_M57,0.4752475247524752
W6_M21,W6_M58,0.2376237623762376
W6_M21,W6_M59,0.39603960396039606
W6_M21,W6_M60,0.3564356435643564
W6_M21,W6_M61,0.37623762376237624
W6_M21,W6_M62,0.37623762376237624
W6_M21,W6_M63,0.25742574257425743
W6_M21,W6_M64,0.33663366336633666
W6_M21,W6_M65,0.2376237623762376
W6_M21,W6_M66,0.31683168316831684
W6_M21,W6_M67,0.31683168316831684
W6_M21,W6_M68,0.07920792079207921
W6_M21,W6_M69,0.21782178217821782
W6_M21,W6_M70,0.13861386138613863
W6_M21,W6_M71,0.1188118811881188
W6_M21,W6_M72,0.13861386138613863
W6_M21,W6_M73,0.19801980198019803
W6_M21,W6_M74,0.1188118811881188
W6_M21,W6_M75,0.09900990099009901
W6_M21,W6_M76,0.15841584158415842
W6_M21,W6_M77,0.1188118811881188
W6_M21,W6_M78,0.15841584158415842
W6_M21,W6_M79,0.09900990099009901
W6_M21,W6_M80,0.09900990099009901
W6_M21,W6_M81,0.1188118811881188
W6_M21,W6_M82,0.019801980198019802
W6_M21,W6_M83,0.2376237623762376
W6_M21,W6_M84,0.1782178217821782
W6_M21,W6_M85,0.15841584158415842
W6_M21,W6_M86,0.2376237623762376
W6_M21,W6_M87,0.0594059405940594
W6_M21,W6_M88,0.07920792079207921
W6_M21,W6_M89,0.09900990099009901
W6_M21,W6_M90,0.07920792079207921
W6_M21,W6_M91,0.1188118811881188
W6_M21,W6_M92,0.039603960396039604
W6_M21,W6_M93,0.039603960396039604
W6_M21,W6_M94,0.019801980198019802
W6_M21,W6_M95,0.019801980198019802
W6_M21,W6_M96,0.039603960396039604
W6_M21,W6_M97,0.019801980198019802
W6_M21,W6_M98,0.019801980198019802
W6_M21,W6_M99,0.019801980198019802
W6_M21,W6_M100,0.019801980198019802
W6_M22,W6_M23,0.8316831683168316
W6_M22,W6_M24,0.8712871287128713
W6_M22,W6_M25,0.9702970297029703
W6_M22,W6_M26,0.8118811881188119
W6_M22,W6_M27,0.7920792079207921
W6_M22,W6_M28,0.8118811881188119
W6_M22,W6_M29,0.9306930693069307
W6_M22,W6_M30,0.5742574257425742
W6_M22,W6_M31,0.4752475247524752
W6_M22,W6_M32,0.7920792079207921
W6_M22,W6_M33,0.5148514851485149
W6_M22,W6_M34,0.693069306930693
W6_M22,W6_M35,0.43564356435643564
W6_M22,W6_M36,0.21782178217821782
W6_M22,W6_M37,0.4752475247524752
W6_M22,W6_M38,0.594059405940594
W6_M22,W6_M39,0.297029702970297
W6_M22,W6_M40,0.43564356435643564
W6_M22,W6_M41,0.15841584158415842
W6_M22,W6_M42,0.594059405940594
W6_M22,W6_M43,0.297029702970297
W6_M22,W6_M44,0.09900990099009901
W6_M22,W6_M45,0.33663366336633666
W6_M22,W6_M46,0.21782178217821782
W6_M22,W6_M47,0.31683168316831684
W6_M22,W6_M48,0.2376237623762376
W6_M22,W6_M49,0.1782178217821782
W6_M22,W6_M50,0.039603960396039604
W6_M22,W6_M51,0.45544554455445546
W6_M22,W6_M52,0.33663366336633666
W6_M22,W6_M53,0.297029702970297
W6_M22,W6_M54,0.33663366336633666
W6_M22,W6_M55,0.13861386138613863
W6_M22,W6_M56,0.1782178217821782
W6_M22,W6_M57,0.3564356435643564
W6_M22,W6_M58,0.13861386138613863
W6_M22,W6_M59,0.33663366336633666
W6_M22,W6_M60,0.31683168316831684
W6_M22,W6_M61,0.31683168316831684
W6_M22,W6_M62,0.27722772277227725
W6_M22,W6_M63,0.2376237623762376
W6_M22,W6_M64,0.25742574257425743
W6_M22,W6_M65,0.21782178217821782
W6_M22,W6_M66,0.1782178217821782
W6_M22,W6_M67,0.2376237623762376
W6_M22,W6_M68,0.1188118811881188
W6_M22,W6_M69,0.25742574257425743
W6_M22,W6_M70,0.0594059405940594
W6_M22,W6_M71,0.0594059405940594
W6_M22,W6_M72,0.09900990099009901
W6_M22,W6_M73,0.1782178217821782
W6_M22,W6_M74,0.15841584158415842
W6_M22,W6_M75,0.0594059405940594
W6_M22,W6_M76,0.1188118811881188
W6_M22,W6_M77,0.0594059405940594
W6_M22,W6_M78,0.19801980198019803
W6_M22,W6_M79,0.13861386138613863
W6_M22,W6_M80,0.13861386138613863
W6_M22,W6_M81,0.07920792079207921
W6_M22,W6_M82,0.07920792079207921
W6_M22,W6_M83,0.1782178217821782
W6_M22,W6_M84,0.27722772277227725
W6_M22,W6_M85,0.13861386138613863
W6_M22,W6_M86,0.21782178217821782
W6_M22,W6_M87,0.0594059405940594
W6_M22,W6_M88,0.09900990099009901
W6_M22,W6_M89,0.19801980198019803
W6_M22,W6_M90,0.09900990099009901
W6_M22,W6_M91,0.07920792079207921
W6_M22,W6_M92,0.07920792079207921
W6_M22,W6_M93,0.039603960396039604
W6_M22,W6_M94,0.019801980198019802
W6_M22,W6_M95,0.039603960396039604
W6_M22,W6_M96,0.019801980198019802
W6_M22,W6_M97,0.019801980198019802
W6_M22,W6_M98,0.019801980198019802
W6_M22,W6_M99,0.019801980198019802
W6_M22,W6_M100,0.019801980198019802
W6_M23,W6_M24,0.8910891089108911
W6_M23,W6_M25,0.8514851485148515
W6_M23,W6_M26,0.7920792079207921
W6_M23,W6_M27,0.8910891089108911
W6_M23,W6_M28,0.7128712871287128
W6_M23,W6_M29,0.693069306930693
W6_M23,W6_M30,0.6732673267326733
W6_M23,W6_M31,0.693069306930693
W6_M23,W6_M32,0.7920792079207921
W6_M23,W6_M33,0.8316831683168316
W6_M23,W6_M34,0.8316831683168316
W6_M23,W6_M35,0.594059405940594
W6_M23,W6_M36,0.5148514851485149
W6_M23,W6_M37,0.6336633663366337
W6_M23,W6_M38,0.8514851485148515
W6_M23,W6_M39,0.45544554455445546
W6_M23,W6_M40,0.39603960396039606
W6_M23,W6_M41,0.21782178217821782
W6_M23,W6_M42,0.3564356435643564
W6_M23,W6_M43,0.4752475247524752
W6_M23,W6_M44,0.297029702970297
W6_M23,W6_M45,0.25742574257425743
W6_M23,W6_M46,0.15841584158415842
W6_M23,W6_M47,0.15841584158415842
W6_M23,W6_M48,0.21782178217821782
W6_M23,W6_M49,0.4158415841584158
W6_M23,W6_M50,0.31683168316831684
W6_M23,W6_M51,0.297029702970297
W6_M23,W6_M52,0.1782178217821782
W6_M23,W6_M53,0.1188118811881188
W6_M23,W6_M54,0.25742574257425743
W6_M23,W6_M55,0.19801980198019803
W6_M23,W6_M56,0.15841584158415842
W6_M23,W6_M57,0.25742574257425743
W6_M23,W6_M58,0.1782178217821782
W6_M23,W6_M59,0.3564356435643564
W6_M23,W6_M60,0.297029702970297
W6_M23,W6_M61,0.27722772277227725
W6_M23,W6_M62,0.27722772277227725
W6_M23,W6_M63,0.19801980198019803
W6_M23,W6_M64,0.19801980198019803
W6_M23,W6_M65,0.09900990099009901
W6_M23,W6_M66,0.19801980198019803
W6_M23,W6_M67,0.1782178217821782
W6_M23,W6_M68,0.27722772277227725
W6_M23,W6_M69,0.1188118811881188
W6_M23,W6_M70,0.09900990099009901
W6_M23,W6_M71,0.09900990099009901
W6_M23,W6_M72,0.09900990099009901
W6_M23,W6_M73,0.07920792079207921
W6_M23,W6_M74,0.1188118811881188
W6_M23,W6_M75,0.07920792079207921
W6_M23,W6_M76,0.07920792079207921
W6_M23,W6_M77,0.13861386138613863
W6_M23,W6_M78,0.1188118811881188
W6_M23,W6_M79,0.07920792079207921
W6_M23,W6_M80,0.09900990099009901
W6_M23,W6_M81,0.13861386138613863
W6_M23,W6_M82,0.1188118811881188
W6_M23,W6_M83,0.1782178217821782
W6_M23,W6_M84,0.21782178217821782
W6_M23,W6_M85,0.1782178217821782
W6_M23,W6_M86,0.15841584158415842
W6_M23,W6_M87,0.0594059405940594
W6_M23,W6_M88,0.07920792079207921
W6_M23,W6_M89,0.15841584158415842
W6_M23,W6_M90,0.07920792079207921
W6_M23,W6_M91,0.019801980198019802
W6_M23,W6_M92,0.039603960396039604
W6_M23,W6_M93,0.0594059405940594
W6_M23,W6_M94,0.039603960396039604
W6_M23,W6_M95,0.019801980198019802
W6_M23,W6_M96,0.019801980198019802
W6_M23,W6_M97,0.019801980198019802
W6_M23,W6_M98,0.019801980198019802
W6_M23,W6_M99,0.019801980198019802
W6_M23,W6_M100,0.019801980198019802
W6_M24,W6_M25,0.9900990099009901
W6_M24,W6_M26,0.9306930693069307
W6_M24,W6_M27,0.8910891089108911
W6_M24,W6_M28,0.9306930693069307
W6_M24,W6_M29,0.8514851485148515
W6_M24,W6_M30,0.6534653465346535
W6_M24,W6_M31,0.9702970297029703
W6_M24,W6_M32,0.8514851485148515
W6_M24,W6_M33,0.8910891089108911
W6_M24,W6_M34,0.8910891089108911
W6_M24,W6_M35,0.7524752475247525
W6_M24,W6_M36,0.7128712871287128
W6_M24,W6_M37,0.6336633663366337
W6_M24,W6_M38,0.8118811881188119
W6_M24,W6_M39,0.693069306930693
W6_M24,W6_M40,0.6732673267326733
W6_M24,W6_M41,0.39603960396039606
W6_M24,W6_M42,0.693069306930693
W6_M24,W6_M43,0.5544554455445545
W6_M24,W6_M44,0.2376237623762376
W6_M24,W6_M45,0.45544554455445546
W6_M24,W6_M46,0.4158415841584158
W6_M24,W6_M47,0.6534653465346535
W6_M24,W6_M48,0.37623762376237624
W6_M24,W6_M49,0.31683168316831684
W6_M24,W6_M50,0.33663366336633666
W6_M24,W6_M51,0.5346534653465347
W6_M24,W6_M52,0.45544554455445546
W6_M24,W6_M53,0.37623762376237624
W6_M24,W6_M54,0.39603960396039606
W6_M24,W6_M55,0.43564356435643564
W6_M24,W6_M56,0.37623762376237624
W6_M24,W6_M57,0.25742574257425743
W6_M24,W6_M58,0.45544554455445546
W6_M24,W6_M59,0.33663366336633666
W6_M24,W6_M60,0.4752475247524752
W6_M24,W6_M61,0.39603960396039606
W6_M24,W6_M62,0.27722772277227725
W6_M24,W6_M63,0.37623762376237624
W6_M24,W6_M64,0.37623762376237624
W6_M24,W6_M65,0.21782178217821782
W6_M24,W6_M66,0.37623762376237624
W6_M24,W6_M67,0.2376237623762376
W6_M24,W6_M68,0.27722772277227725
W6_M24,W6_M69,0.45544554455445546
W6_M24,W6_M70,0.07920792079207921
W6_M24,W6_M71,0.27722772277227725
W6_M24,W6_M72,0.15841584158415842
W6_M24,W6_M73,0.19801980198019803
W6_M24,W6_M74,0.1782178217821782
W6_M24,W6_M75,0.1782178217821782
W6_M24,W6_M76,0.19801980198019803
W6_M24,W6_M77,0.1782178217821782
W6_M24,W6_M78,0.31683168316831684
W6_M24,W6_M79,0.15841584158415842
W6_M24,W6_M80,0.1782178217821782
W6_M24,W6_M81,0.19801980198019803
W6_M24,W6_M82,0.0594059405940594
W6_M24,W6_M83,0.3564356435643564
W6_M24,W6_M84,0.15841584158415842
W6_M24,W6_M85,0.1782178217821782
W6_M24,W6_M86,0.15841584158415842
W6_M24,W6_M87,0.09900990099009901
W6_M24,W6_M88,0.1188118811881188
W6_M24,W6_M89,0.039603960396039604
W6_M24,W6_M90,0.13861386138613863
W6_M24,W6_M91,0.07920792079207921
W6_M24,W6_M92,0.19801980198019803
W6_M24,W6_M93,0.019801980198019802
W6_M24,W6_M94,0.039603960396039604
W6_M24,W6_M95,0.019801980198019802
W6_M24,W6_M96,0.019801980198019802
W6_M24,W6_M97,0.019801980198019802
W6_M24,W6_M98,0.019801980198019802
W6_M24,W6_M99,0.019801980198019802
W6_M24,W6_M100,0.019801980198019802
W6_M25,W6_M26,0.8712871287128713
W6_M25,W6_M27,0.9900990099009901
W6_M25,W6_M28,0.9702970297029703
W6_M25,W6_M29,0.9306930693069307
W6_M25,W6_M30,0.9504950495049505
W6_M25,W6_M31,0.9108910891089109
W6_M25,W6_M32,0.8118811881188119
W6_M25,W6_M33,0.8712871287128713
W6_M25,W6_M34,0.5148514851485149
W6_M25,W6_M35,0.6534653465346535
W6_M25,W6_M36,0.6534653465346535
W6_M25,W6_M37,0.6732673267326733
W6_M25,W6_M38,0.33663366336633666
W6_M25,W6_M39,0.3564356435643564
W6_M25,W6_M40,0.1782178217821782
W6_M25,W6_M41,0.19801980198019803
W6_M25,W6_M42,0.594059405940594
W6_M25,W6_M43,0.25742574257425743
W6_M25,W6_M44,0.07920792079207921
W6_M25,W6_M45,0.43564356435643564
W6_M25,W6_M46,0.19801980198019803
W6_M25,W6_M47,0.21782178217821782
W6_M25,W6_M48,0.4158415841584158
W6_M25,W6_M49,0.27722772277227725
W6_M25,W6_M50,0.15841584158415842
W6_M25,W6_M51,0.4752475247524752
W6_M25,W6_M52,0.19801980198019803
W6_M25,W6_M53,0.0594059405940594
W6_M25,W6_M54,0.31683168316831684
W6_M25,W6_M55,0.09900990099009901
W6_M25,W6_M56,0.1188118811881188
W6_M25,W6_M57,0.09900990099009901
W6_M25,W6_M58,0.27722772277227725
W6_M25,W6_M59,0.19801980198019803
W6_M25,W6_M60,0.13861386138613863
W6_M25,W6_M61,0.19801980198019803
W6_M25,W6_M62,0.15841584158415842
W6_M25,W6_M63,0.15841584158415842
W6_M25,W6_M64,0.2376237623762376
W6_M25,W6_M65,0.09900990099009901
W6_M25,W6_M66,0.07920792079207921
W6_M25,W6_M67,0.297029702970297
W6_M25,W6_M68,0.21782178217821782
W6_M25,W6_M69,0.1188118811881188
W6_M25,W6_M70,0.1188118811881188
W6_M25,W6_M71,0.07920792079207921
W6_M25,W6_M72,0.07920792079207921
W6_M25,W6_M73,0.13861386138613863
W6_M25,W6_M74,0.09900990099009901
W6_M25,W6_M75,0.15841584158415842
W6_M25,W6_M76,0.1782178217821782
W6_M25,W6_M77,0.09900990099009901
W6_M25,W6_M78,0.07920792079207921
W6_M25,W6_M79,0.07920792079207921
W6_M25,W6_M80,0.15841584158415842
W6_M25,W6_M81,0.0594059405940594
W6_M25,W6_M82,0.07920792079207921
W6_M25,W6_M83,0.07920792079207921
W6_M25,W6_M84,0.25742574257425743
W6_M25,W6_M85,0.15841584158415842
W6_M25,W6_M86,0.039603960396039604
W6_M25,W6_M87,0.039603960396039604
W6_M25,W6_M88,0.039603960396039604
W6_M25,W6_M89,0.09900990099009901
W6_M25,W6_M90,0.039603960396039604
W6_M25,W6_M91,0.039603960396039604
W6_M25,W6_M92,0.019801980198019802
W6_M25,W6_M93,0.07920792079207921
W6_M25,W6_M94,0.019801980198019802
W6_M25,W6_M95,0.039603960396039604
W6_M25,W6_M96,0.019801980198019802
W6_M25,W6_M97,0.019801980198019802
W6_M25,W6_M98,0.019801980198019802
W6_M25,W6_M99,0.019801980198019802
W6_M25,W6_M100,0.019801980198019802
W6_M26,W6_M27,0.9504950495049505
W6_M26,W6_M28,0.8118811881188119
W6_M26,W6_M29,0.8712871287128713
W6_M26,W6_M30,1.00990099009901
W6_M26,W6_M31,0.9702970297029703
W6_M26,W6_M32,0.8316831683168316
W6_M26,W6_M33,0.6534653465346535
W6_M26,W6_M34,0.49504950495049505
W6_M26,W6_M35,0.594059405940594
W6_M26,W6_M36,0.8316831683168316
W6_M26,W6_M37,0.594059405940594
W6_M26,W6_M38,0.45544554455445546
W6_M26,W6_M39,0.33663366336633666
W6_M26,W6_M40,0.39603960396039606
W6_M26,W6_M41,0.13861386138613863
W6_M26,W6_M42,0.5148514851485149
W6_M26,W6_M43,0.5346534653465347
W6_M26,W6_M44,0.19801980198019803
W6_M26,W6_M45,0.6732673267326733
W6_M26,W6_M46,0.1188118811881188
W6_M26,W6_M47,0.15841584158415842
W6_M26,W6_M48,0.39603960396039606
W6_M26,W6_M49,0.21782178217821782
W6_M26,W6_M50,0.13861386138613863
W6_M26,W6_M51,0.5544554455445545
W6_M26,W6_M52,0.13861386138613863
W6_M26,W6_M53,0.1188118811881188
W6_M26,W6_M54,0.49504950495049505
W6_M26,W6_M55,0.25742574257425743
W6_M26,W6_M56,0.1188118811881188
W6_M26,W6_M57,0.19801980198019803
W6_M26,W6_M58,0.19801980198019803
W6_M26,W6_M59,0.1188118811881188
W6_M26,W6_M60,0.25742574257425743
W6_M26,W6_M61,0.1782178217821782
W6_M26,W6_M62,0.2376237623762376
W6_M26,W6_M63,0.09900990099009901
W6_M26,W6_M64,0.15841584158415842
W6_M26,W6_M65,0.13861386138613863
W6_M26,W6_M66,0.13861386138613863
W6_M26,W6_M67,0.19801980198019803
W6_M26,W6_M68,0.0594059405940594
W6_M26,W6_M69,0.19801980198019803
W6_M26,W6_M70,0.09900990099009901
W6_M26,W6_M71,0.13861386138613863
W6_M26,W6_M72,0.13861386138613863
W6_M26,W6_M73,0.0594059405940594
W6_M26,W6_M74,0.07920792079207921
W6_M26,W6_M75,0.07920792079207921
W6_M26,W6_M76,0.13861386138613863
W6_M26,W6_M77,0.07920792079207921
W6_M26,W6_M78,0.1188118811881188
W6_M26,W6_M79,0.09900990099009901
W6_M26,W6_M80,0.1782178217821782
W6_M26,W6_M81,0.039603960396039604
W6_M26,W6_M82,0.07920792079207921
W6_M26,W6_M83,0.13861386138613863
W6_M26,W6_M84,0.27722772277227725
W6_M26,W6_M85,0.13861386138613863
W6_M26,W6_M86,0.1782178217821782
W6_M26,W6_M87,0.13861386138613863
W6_M26,W6_M88,0.019801980198019802
W6_M26,W6_M89,0.0594059405940594
W6_M26,W6_M90,0.1188118811881188
W6_M26,W6_M91,0.0594059405940594
W6_M26,W6_M92,0.0594059405940594
W6_M26,W6_M93,0.0594059405940594
W6_M26,W6_M94,0.019801980198019802
W6_M26,W6_M95,0.019801980198019802
W6_M26,W6_M96,0.019801980198019802
W6_M26,W6_M97,0.019801980198019802
W6_M26,W6_M98,0.019801980198019802
W6_M26,W6_M99,0.019801980198019802
W6_M26,W6_M100,0.019801980198019802
W6_M27,W6_M28,0.9108910891089109
W6_M27,W6_M29,0.9900990099009901
W6_M27,W6_M30,0.7326732673267327
W6_M27,W6_M31,0.9108910891089109
W6_M27,W6_M32,0.9108910891089109
W6_M27,W6_M33,0.693069306930693
W6_M27,W6_M34,0.8316831683168316
W6_M27,W6_M35,0.693069306930693
W6_M27,W6_M36,0.3564356435643564
W6_M27,W6_M37,0.3564356435643564
W6_M27,W6_M38,0.8712871287128713
W6_M27,W6_M39,0.5148514851485149
W6_M27,W6_M40,0.5148514851485149
W6_M27,W6_M41,0.25742574257425743
W6_M27,W6_M42,0.5148514851485149
W6_M27,W6_M43,0.594059405940594
W6_M27,W6_M44,0.1782178217821782
W6_M27,W6_M45,0.5346534653465347
W6_M27,W6_M46,0.25742574257425743
W6_M27,W6_M47,0.33663366336633666
W6_M27,W6_M48,0.3564356435643564
W6_M27,W6_M49,0.27722772277227725
W6_M27,W6_M50,0.1782178217821782
W6_M27,W6_M51,0.4158415841584158
W6_M27,W6_M52,0.3564356435643564
W6_M27,W6_M53,0.39603960396039606
W6_M27,W6_M54,0.39603960396039606
W6_M27,W6_M55,0.21782178217821782
W6_M27,W6_M56,0.33663366336633666
W6_M27,W6_M57,0.297029702970297
W6_M27,W6_M58,0.3564356435643564
W6_M27,W6_M59,0.3564356435643564
W6_M27,W6_M60,0.5742574257425742
W6_M27,W6_M61,0.4158415841584158
W6_M27,W6_M62,0.33663366336633666
W6_M27,W6_M63,0.39603960396039606
W6_M27,W6_M64,0.5148514851485149
W6_M27,W6_M65,0.27722772277227725
W6_M27,W6_M66,0.297029702970297
W6_M27,W6_M67,0.21782178217821782
W6_M27,W6_M68,0.15841584158415842
W6_M27,W6_M69,0.25742574257425743
W6_M27,W6_M70,0.25742574257425743
W6_M27,W6_M71,0.1782178217821782
W6_M27,W6_M72,0.15841584158415842
W6_M27,W6_M73,0.09900990099009901
W6_M27,W6_M74,0.21782178217821782
W6_M27,W6_M75,0.07920792079207921
W6_M27,W6_M76,0.1782178217821782
W6_M27,W6_M77,0.2376237623762376
W6_M27,W6_M78,0.25742574257425743
W6_M27,W6_M79,0.21782178217821782
W6_M27,W6_M80,0.15841584158415842
W6_M27,W6_M81,0.1188118811881188
W6_M27,W6_M82,0.039603960396039604
W6_M27,W6_M83,0.1782178217821782
W6_M27,W6_M84,0.19801980198019803
W6_M27,W6_M85,0.09900990099009901
W6_M27,W6_M86,0.25742574257425743
W6_M27,W6_M87,0.1188118811881188
W6_M27,W6_M88,0.19801980198019803
W6_M27,W6_M89,0.0594059405940594
W6_M27,W6_M90,0.039603960396039604
W6_M27,W6_M91,0.09900990099009901
W6_M27,W6_M92,0.0594059405940594
W6_M27,W6_M93,0.039603960396039604
W6_M27,W6_M94,0.019801980198019802
W6_M27,W6_M95,0.019801980198019802
W6_M27,W6_M96,0.019801980198019802
W6_M27,W6_M97,0.019801980198019802
W6_M27,W6_M98,0.019801980198019802
W6_M27,W6_M99,0.019801980198019802
W6_M27,W6_M100,0.019801980198019802
W6_M28,W6_M29,0.7722772277227723
W6_M28,W6_M30,0.9900990099009901
W6_M28,W6_M31,0.9504950495049505
W6_M28,W6_M32,0.8118811881188119
W6_M28,W6_M33,0.9108910891089109
W6_M28,W6_M34,0.9108910891089109
W6_M28,W6_M35,0.6732673267326733
W6_M28,W6_M36,0.9504950495049505
W6_M28,W6_M37,0.8910891089108911
W6_M28,W6_M38,0.9900990099009901
W6_M28,W6_M39,0.7722772277227723
W6_M28,W6_M40,0.7128712871287128
W6_M28,W6_M41,0.33663366336633666
W6_M28,W6_M42,0.6336633663366337
W6_M28,W6_M43,0.4752475247524752
W6_M28,W6_M44,0.25742574257425743
W6_M28,W6_M45,0.43564356435643564
W6_M28,W6_M46,0.5148514851485149
W6_M28,W6_M47,0.37623762376237624
W6_M28,W6_M48,0.594059405940594
W6_M28,W6_M49,0.33663366336633666
W6_M28,W6_M50,0.21782178217821782
W6_M28,W6_M51,0.43564356435643564
W6_M28,W6_M52,0.37623762376237624
W6_M28,W6_M53,0.21782178217821782
W6_M28,W6_M54,0.7524752475247525
W6_M28,W6_M55,0.15841584158415842
W6_M28,W6_M56,0.39603960396039606
W6_M28,W6_M57,0.2376237623762376
W6_M28,W6_M58,0.25742574257425743
W6_M28,W6_M59,0.25742574257425743
W6_M28,W6_M60,0.37623762376237624
W6_M28,W6_M61,0.297029702970297
W6_M28,W6_M62,0.31683168316831684
W6_M28,W6_M63,0.297029702970297
W6_M28,W6_M64,0.297029702970297
W6_M28,W6_M65,0.21782178217821782
W6_M28,W6_M66,0.297029702970297
W6_M28,W6_M67,0.27722772277227725
W6_M28,W6_M68,0.297029702970297
W6_M28,W6_M69,0.4158415841584158
W6_M28,W6_M70,0.15841584158415842
W6_M28,W6_M71,0.21782178217821782
W6_M28,W6_M72,0.09900990099009901
W6_M28,W6_M73,0.297029702970297
W6_M28,W6_M74,0.19801980198019803
W6_M28,W6_M75,0.15841584158415842
W6_M28,W6_M76,0.21782178217821782
W6_M28,W6_M77,0.297029702970297
W6_M28,W6_M78,0.21782178217821782
W6_M28,W6_M79,0.27722772277227725
W6_M28,W6_M80,0.13861386138613863
W6_M28,W6_M81,0.21782178217821782
W6_M28,W6_M82,0.19801980198019803
W6_M28,W6_M83,0.19801980198019803
W6_M28,W6_M84,0.09900990099009901
W6_M28,W6_M85,0.1782178217821782
W6_M28,W6_M86,0.13861386138613863
W6_M28,W6_M87,0.21782178217821782
W6_M28,W6_M88,0.1188118811881188
W6_M28,W6_M89,0.25742574257425743
W6_M28,W6_M90,0.0594059405940594
W6_M28,W6_M91,0.09900990099009901
W6_M28,W6_M92,0.09900990099009901
W6_M28,W6_M93,0.039603960396039604
W6_M28,W6_M94,0.0594059405940594
W6_M28,W6_M95,0.019801980198019802
W6_M28,W6_M96,0.039603960396039604
W6_M28,W6_M97,0.019801980198019802
W6_M28,W6_M98,0.019801980198019802
W6_M28,W6_M99,0.019801980198019802
W6_M28,W6_M100,0.019801980198019802
W6_M29,W6_M30,0.6138613861386139
W6_M29,W6_M31,0.8514851485148515
W6_M29,W6_M32,0.8514851485148515
W6_M29,W6_M33,0.693069306930693
W6_M29,W6_M34,0.8910891089108911
W6_M29,W6_M35,0.5742574257425742
W6_M29,W6_M36,0.7326732673267327
W6_M29,W6_M37,0.6534653465346535
W6_M29,W6_M38,0.7722772277227723
W6_M29,W6_M39,0.43564356435643564
W6_M29,W6_M40,0.5346534653465347
W6_M29,W6_M41,0.3564356435643564
W6_M29,W6_M42,0.49504950495049505
W6_M29,W6_M43,0.45544554455445546
W6_M29,W6_M44,0.13861386138613863
W6_M29,W6_M45,0.37623762376237624
W6_M29,W6_M46,0.2376237623762376
W6_M29,W6_M47,0.297029702970297
W6_M29,W6_M48,0.31683168316831684
W6_M29,W6_M49,0.25742574257425743
W6_M29,W6_M50,0.1782178217821782
W6_M29,W6_M51,0.43564356435643564
W6_M29,W6_M52,0.31683168316831684
W6_M29,W6_M53,0.19801980198019803
W6_M29,W6_M54,0.3564356435643564
W6_M29,W6_M55,0.297029702970297
W6_M29,W6_M56,0.13861386138613863
W6_M29,W6_M57,0.1782178217821782
W6_M29,W6_M58,0.25742574257425743
W6_M29,W6_M59,0.297029702970297
W6_M29,W6_M60,0.297029702970297
W6_M29,W6_M61,0.2376237623762376
W6_M29,W6_M62,0.1188118811881188
W6_M29,W6_M63,0.25742574257425743
W6_M29,W6_M64,0.19801980198019803
W6_M29,W6_M65,0.1782178217821782
W6_M29,W6_M66,0.1782178217821782
W6_M29,W6_M67,0.2376237623762376
W6_M29,W6_M68,0.1782178217821782
W6_M29,W6_M69,0.297029702970297
W6_M29,W6_M70,0.0594059405940594
W6_M29,W6_M71,0.1782178217821782
W6_M29,W6_M72,0.0594059405940594
W6_M29,W6_M73,0.019801980198019802
W6_M29,W6_M74,0.0594059405940594
W6_M29,W6_M75,0.07920792079207921
W6_M29,W6_M76,0.07920792079207921
W6_M29,W6_M77,0.1782178217821782
W6_M29,W6_M78,0.09900990099009901
W6_M29,W6_M79,0.0594059405940594
W6_M29,W6_M80,0.09900990099009901
W6_M29,W6_M81,0.2376237623762376
W6_M29,W6_M82,0.09900990099009901
W6_M29,W6_M83,0.21782178217821782
W6_M29,W6_M84,0.21782178217821782
W6_M29,W6_M85,0.1188118811881188
W6_M29,W6_M86,0.09900990099009901
W6_M29,W6_M87,0.0594059405940594
W6_M29,W6_M88,0.019801980198019802
W6_M29,W6_M89,0.07920792079207921
W6_M29,W6_M90,0.0594059405940594
W6_M29,W6_M91,0.0594059405940594
W6_M29,W6_M92,0.09900990099009901
W6_M29,W6_M93,0.039603960396039604
W6_M29,W6_M94,0.039603960396039604
W6_M29,W6_M95,0.019801980198019802
W6_M29,W6_M96,0.019801980198019802
W6_M29,W6_M97,0.019801980198019802
W6_M29,W6_M98,0.019801980198019802
W6_M29,W6_M99,0.019801980198019802
W6_M29,W6_M100,0.019801980198019802
W6_M30,W6_M31,0.7326732673267327
W6_M30,W6_M32,0.9702970297029703
W6_M30,W6_M33,0.9306930693069307
W6_M30,W6_M34,0.9306930693069307
W6_M30,W6_M35,0.9108910891089109
W6_M30,W6_M36,0.9504950495049505
W6_M30,W6_M37,0.8910891089108911
W6_M30,W6_M38,0.9108910891089109
W6_M30,W6_M39,0.8712871287128713
W6_M30,W6_M40,0.9108910891089109
W6_M30,W6_M41,0.5148514851485149
W6_M30,W6_M42,0.7722772277227723
W6_M30,W6_M43,0.7524752475247525
W6_M30,W6_M44,0.49504950495049505
W6_M30,W6_M45,0.7524752475247525
W6_M30,W6_M46,0.5346534653465347
W6_M30,W6_M47,0.6336633663366337
W6_M30,W6_M48,0.297029702970297
W6_M30,W6_M49,0.5148514851485149
W6_M30,W6_M50,0.39603960396039606
W6_M30,W6_M51,0.33663366336633666
W6_M30,W6_M52,0.6138613861386139
W6_M30,W6_M53,0.45544554455445546
W6_M30,W6_M54,0.49504950495049505
W6_M30,W6_M55,0.6534653465346535
W6_M30,W6_M56,0.5346534653465347
W6_M30,W6_M57,0.49504950495049505
W6_M30,W6_M58,0.5148514851485149
W6_M30,W6_M59,0.5544554455445545
W6_M30,W6_M60,0.7326732673267327
W6_M30,W6_M61,0.5346534653465347
W6_M30,W6_M62,0.6336633663366337
W6_M30,W6_M63,0.594059405940594
W6_M30,W6_M64,0.49504950495049505
W6_M30,W6_M65,0.31683168316831684
W6_M30,W6_M66,0.33663366336633666
W6_M30,W6_M67,0.3564356435643564
W6_M30,W6_M68,0.43564356435643564
W6_M30,W6_M69,0.37623762376237624
W6_M30,W6_M70,0.19801980198019803
W6_M30,W6_M71,0.2376237623762376
W6_M30,W6_M72,0.4158415841584158
W6_M30,W6_M73,0.2376237623762376
W6_M30,W6_M74,0.3564356435643564
W6_M30,W6_M75,0.39603960396039606
W6_M30,W6_M76,0.1782178217821782
W6_M30,W6_M77,0.25742574257425743
W6_M30,W6_M78,0.3564356435643564
W6_M30,W6_M79,0.21782178217821782
W6_M30,W6_M80,0.27722772277227725
W6_M30,W6_M81,0.37623762376237624
W6_M30,W6_M82,0.1782178217821782
W6_M30,W6_M83,0.4158415841584158
W6_M30,W6_M84,0.33663366336633666
W6_M30,W6_M85,0.3564356435643564
W6_M30,W6_M86,0.33663366336633666
W6_M30,W6_M87,0.21782178217821782
W6_M30,W6_M88,0.2376237623762376
W6_M30,W6_M89,0.13861386138613863
W6_M30,W6_M90,0.1188118811881188
W6_M30,W6_M91,0.19801980198019803
W6_M30,W6_M92,0.19801980198019803
W6_M30,W6_M93,0.07920792079207921
W6_M30,W6_M94,0.09900990099009901
W6_M30,W6_M95,0.039603960396039604
W6_M30,W6_M96,0.039603960396039604
W6_M30,W6_M97,0.019801980198019802
W6_M30,W6_M98,0.019801980198019802
W6_M30,W6_M99,0.019801980198019802
W6_M30,W6_M100,0.019801980198019802
W6_M31,W6_M32,0.8910891089108911
W6_M31,W6_M33,0.9504950495049505
W6_M31,W6_M34,0.8316831683168316
W6_M31,W6_M35,0.6534653465346535
W6_M31,W6_M36,0.7128712871287128
W6_M31,W6_M37,0.7326732673267327
W6_M31,W6_M38,0.9504950495049505
W6_M31,W6_M39,0.6732673267326733
W6_M31,W6_M40,0.5544554455445545
W6_M31,W6_M41,0.37623762376237624
W6_M31,W6_M42,0.8316831683168316
W6_M31,W6_M43,0.5742574257425742
W6_M31,W6_M44,0.19801980198019803
W6_M31,W6_M45,0.4158415841584158
W6_M31,W6_M46,0.297029702970297
W6_M31,W6_M47,0.39603960396039606
W6_M31,W6_M48,0.39603960396039606
W6_M31,W6_M49,0.1782178217821782
W6_M31,W6_M50,0.15841584158415842
W6_M31,W6_M51,0.594059405940594
W6_M31,W6_M52,0.39603960396039606
W6_M31,W6_M53,0.09900990099009901
W6_M31,W6_M54,0.39603960396039606
W6_M31,W6_M55,0.25742574257425743
W6_M31,W6_M56,0.25742574257425743
W6_M31,W6_M57,0.27722772277227725
W6_M31,W6_M58,0.31683168316831684
W6_M31,W6_M59,0.43564356435643564
W6_M31,W6_M60,0.33663366336633666
W6_M31,W6_M61,0.33663366336633666
W6_M31,W6_M62,0.297029702970297
W6_M31,W6_M63,0.27722772277227725
W6_M31,W6_M64,0.2376237623762376
W6_M31,W6_M65,0.1782178217821782
W6_M31,W6_M66,0.33663366336633666
W6_M31,W6_M67,0.39603960396039606
W6_M31,W6_M68,0.1782178217821782
W6_M31,W6_M69,0.5148514851485149
W6_M31,W6_M70,0.13861386138613863
W6_M31,W6_M71,0.09900990099009901
W6_M31,W6_M72,0.1188118811881188
W6_M31,W6_M73,0.15841584158415842
W6_M31,W6_M74,0.13861386138613863
W6_M31,W6_M75,0.1782178217821782
W6_M31,W6_M76,0.1782178217821782
W6_M31,W6_M77,0.21782178217821782
W6_M31,W6_M78,0.1782178217821782
W6_M31,W6_M79,0.1782178217821782
W6_M31,W6_M80,0.15841584158415842
W6_M31,W6_M81,0.1782178217821782
W6_M31,W6_M82,0.0594059405940594
W6_M31,W6_M83,0.25742574257425743
W6_M31,W6_M84,0.2376237623762376
W6_M31,W6_M85,0.15841584158415842
W6_M31,W6_M86,0.1782178217821782
W6_M31,W6_M87,0.13861386138613863
W6_M31,W6_M88,0.09900990099009901
W6_M31,W6_M89,0.039603960396039604
W6_M31,W6_M90,0.09900990099009901
W6_M31,W6_M91,0.09900990099009901
W6_M31,W6_M92,0.039603960396039604
W6_M31,W6_M93,0.039603960396039604
W6_M31,W6_M94,0.019801980198019802
W6_M31,W6_M95,0.019801980198019802
W6_M31,W6_M96,0.019801980198019802
W6_M31,W6_M97,0.019801980198019802
W6_M31,W6_M98,0.019801980198019802
W6_M31,W6_M99,0.019801980198019802
W6_M31,W6_M100,0.019801980198019802
W6_M32,W6_M33,0.8910891089108911
W6_M32,W6_M34,0.8514851485148515
W6_M32,W6_M35,0.9900990099009901
W6_M32,W6_M36,0.8712871287128713
W6_M32,W6_M37,0.8910891089108911
W6_M32,W6_M38,0.8910891089108911
W6_M32,W6_M39,0.6732673267326733
W6_M32,W6_M40,0.6336633663366337
W6_M32,W6_M41,0.5346534653465347
W6_M32,W6_M42,0.8118811881188119
W6_M32,W6_M43,0.49504950495049505
W6_M32,W6_M44,0.5346534653465347
W6_M32,W6_M45,0.8316831683168316
W6_M32,W6_M46,0.5148514851485149
W6_M32,W6_M47,0.7920792079207921
W6_M32,W6_M48,0.43564356435643564
W6_M32,W6_M49,0.43564356435643564
W6_M32,W6_M50,0.31683168316831684
W6_M32,W6_M51,0.693069306930693
W6_M32,W6_M52,0.4158415841584158
W6_M32,W6_M53,0.6138613861386139
W6_M32,W6_M54,0.4752475247524752
W6_M32,W6_M55,0.33663366336633666
W6_M32,W6_M56,0.39603960396039606
W6_M32,W6_M57,0.1782178217821782
W6_M32,W6_M58,0.4158415841584158
W6_M32,W6_M59,0.37623762376237624
W6_M32,W6_M60,0.4158415841584158
W6_M32,W6_M61,0.33663366336633666
W6_M32,W6_M62,0.27722772277227725
W6_M32,W6_M63,0.31683168316831684
W6_M32,W6_M64,0.37623762376237624
W6_M32,W6_M65,0.13861386138613863
W6_M32,W6_M66,0.2376237623762376
W6_M32,W6_M67,0.25742574257425743
W6_M32,W6_M68,0.2376237623762376
W6_M32,W6_M69,0.33663366336633666
W6_M32,W6_M70,0.13861386138613863
W6_M32,W6_M71,0.21782178217821782
W6_M32,W6_M72,0.25742574257425743
W6_M32,W6_M73,0.297029702970297
W6_M32,W6_M74,0.2376237623762376
W6_M32,W6_M75,0.3564356435643564
W6_M32,W6_M76,0.21782178217821782
W6_M32,W6_M77,0.13861386138613863
W6_M32,W6_M78,0.297029702970297
W6_M32,W6_M79,0.15841584158415842
W6_M32,W6_M80,0.13861386138613863
W6_M32,W6_M81,0.43564356435643564
W6_M32,W6_M82,0.15841584158415842
W6_M32,W6_M83,0.37623762376237624
W6_M32,W6_M84,0.1782178217821782
W6_M32,W6_M85,0.1188118811881188
W6_M32,W6_M86,0.31683168316831684
W6_M32,W6_M87,0.13861386138613863
W6_M32,W6_M88,0.19801980198019803
W6_M32,W6_M89,0.07920792079207921
W6_M32,W6_M90,0.15841584158415842
W6_M32,W6_M91,0.09900990099009901
W6_M32,W6_M92,0.09900990099009901
W6_M32,W6_M93,0.09900990099009901
W6_M32,W6_M94,0.0594059405940594
W6_M32,W6_M95,0.019801980198019802
W6_M32,W6_M96,0.039603960396039604
W6_M32,W6_M97,0.019801980198019802
W6_M32,W6_M98,0.019801980198019802
W6_M32,W6_M99,0.019801980198019802
W6_M32,W6_M100,0.019801980198019802
W6_M33,W6_M34,0.9504950495049505
W6_M33,W6_M35,0.7524752475247525
W6_M33,W6_M36,0.7920792079207921
W6_M33,W6_M37,0.8712871287128713
W6_M33,W6_M38,0.7722772277227723
W6_M33,W6_M39,0.6138613861386139
W6_M33,W6_M40,0.7326732673267327
W6_M33,W6_M41,0.3564356435643564
W6_M33,W6_M42,0.7128712871287128
W6_M33,W6_M43,0.5544554455445545
W6_M33,W6_M44,0.31683168316831684
W6_M33,W6_M45,0.693069306930693
W6_M33,W6_M46,0.33663366336633666
W6_M33,W6_M47,0.297029702970297
W6_M33,W6_M48,0.5544554455445545
W6_M33,W6_M49,0.25742574257425743
W6_M33,W6_M50,0.1188118811881188
W6_M33,W6_M51,0.594059405940594
W6_M33,W6_M52,0.4158415841584158
W6_M33,W6_M53,0.43564356435643564
W6_M33,W6_M54,0.45544554455445546
W6_M33,W6_M55,0.27722772277227725
W6_M33,W6_M56,0.297029702970297
W6_M33,W6_M57,0.27722772277227725
W6_M33,W6_M58,0.31683168316831684
W6_M33,W6_M59,0.297029702970297
W6_M33,W6_M60,0.49504950495049505
W6_M33,W6_M61,0.15841584158415842
W6_M33,W6_M62,0.31683168316831684
W6_M33,W6_M63,0.3564356435643564
W6_M33,W6_M64,0.43564356435643564
W6_M33,W6_M65,0.1782178217821782
W6_M33,W6_M66,0.25742574257425743
W6_M33,W6_M67,0.33663366336633666
W6_M33,W6_M68,0.33663366336633666
W6_M33,W6_M69,0.25742574257425743
W6_M33,W6_M70,0.27722772277227725
W6_M33,W6_M71,0.13861386138613863
W6_M33,W6_M72,0.1188118811881188
W6_M33,W6_M73,0.19801980198019803
W6_M33,W6_M74,0.1782178217821782
W6_M33,W6_M75,0.21782178217821782
W6_M33,W6_M76,0.07920792079207921
W6_M33,W6_M77,0.1782178217821782
W6_M33,W6_M78,0.21782178217821782
W6_M33,W6_M79,0.21782178217821782
W6_M33,W6_M80,0.1782178217821782
W6_M33,W6_M81,0.07920792079207921
W6_M33,W6_M82,0.09900990099009901
W6_M33,W6_M83,0.31683168316831684
W6_M33,W6_M84,0.2376237623762376
W6_M33,W6_M85,0.1782178217821782
W6_M33,W6_M86,0.2376237623762376
W6_M33,W6_M87,0.07920792079207921
W6_M33,W6_M88,0.13861386138613863
W6_M33,W6_M89,0.07920792079207921
W6_M33,W6_M90,0.07920792079207921
W6_M33,W6_M91,0.1188118811881188
W6_M33,W6_M92,0.07920792079207921
W6_M33,W6_M93,0.0594059405940594
W6_M33,W6_M94,0.019801980198019802
W6_M33,W6_M95,0.039603960396039604
W6_M33,W6_M96,0.019801980198019802
W6_M33,W6_M97,0.019801980198019802
W6_M33,W6_M98,0.019801980198019802
W6_M33,W6_M99,0.019801980198019802
W6_M33,W6_M100,0.019801980198019802
W6_M34,W6_M35,0.9702970297029703
W6_M34,W6_M36,0.9108910891089109
W6_M34,W6_M37,0.8118811881188119
W6_M34,W6_M38,0.9108910891089109
W6_M34,W6_M39,0.6732673267326733
W6_M34,W6_M40,0.43564356435643564
W6_M34,W6_M41,0.39603960396039606
W6_M34,W6_M42,0.7524752475247525
W6_M34,W6_M43,0.5544554455445545
W6_M34,W6_M44,0.4752475247524752
W6_M34,W6_M45,0.693069306930693
W6_M34,W6_M46,0.3564356435643564
W6_M34,W6_M47,0.45544554455445546
W6_M34,W6_M48,0.6534653465346535
W6_M34,W6_M49,0.3564356435643564
W6_M34,W6_M50,0.33663366336633666
W6_M34,W6_M51,0.4158415841584158
W6_M34,W6_M52,0.5742574257425742
W6_M34,W6_M53,0.4158415841584158
W6_M34,W6_M54,0.5742574257425742
W6_M34,W6_M55,0.13861386138613863
W6_M34,W6_M56,0.297029702970297
W6_M34,W6_M57,0.3564356435643564
W6_M34,W6_M58,0.39603960396039606
W6_M34,W6_M59,0.297029702970297
W6_M34,W6_M60,0.37623762376237624
W6_M34,W6_M61,0.4752475247524752
W6_M34,W6_M62,0.39603960396039606
W6_M34,W6_M63,0.33663366336633666
W6_M34,W6_M64,0.297029702970297
W6_M34,W6_M65,0.33663366336633666
W6_M34,W6_M66,0.37623762376237624
W6_M34,W6_M67,0.2376237623762376
W6_M34,W6_M68,0.09900990099009901
W6_M34,W6_M69,0.15841584158415842
W6_M34,W6_M70,0.1782178217821782
W6_M34,W6_M71,0.15841584158415842
W6_M34,W6_M72,0.15841584158415842
W6_M34,W6_M73,0.19801980198019803
W6_M34,W6_M74,0.1782178217821782
W6_M34,W6_M75,0.25742574257425743
W6_M34,W6_M76,0.25742574257425743
W6_M34,W6_M77,0.25742574257425743
W6_M34,W6_M78,0.27722772277227725
W6_M34,W6_M79,0.297029702970297
W6_M34,W6_M80,0.19801980198019803
W6_M34,W6_M81,0.07920792079207921
W6_M34,W6_M82,0.13861386138613863
W6_M34,W6_M83,0.2376237623762376
W6_M34,W6_M84,0.297029702970297
W6_M34,W6_M85,0.1188118811881188
W6_M34,W6_M86,0.09900990099009901
W6_M34,W6_M87,0.15841584158415842
W6_M34,W6_M88,0.15841584158415842
W6_M34,W6_M89,0.039603960396039604
W6_M34,W6_M90,0.13861386138613863
W6_M34,W6_M91,0.07920792079207921
W6_M34,W6_M92,0.0594059405940594
W6_M34,W6_M93,0.0594059405940594
W6_M34,W6_M94,0.019801980198019802
W6_M34,W6_M95,0.039603960396039604
W6_M34,W6_M96,0.019801980198019802
W6_M34,W6_M97,0.019801980198019802
W6_M34,W6_M98,0.019801980198019802
W6_M34,W6_M99,0.019801980198019802
W6_M34,W6_M100,0.019801980198019802
W6_M35,W6_M36,0.8712871287128713
W6_M35,W6_M37,0.8910891089108911
W6_M35,W6_M38,0.8316831683168316
W6_M35,W6_M39,0.8910891089108911
W6_M35,W6_M40,0.8118811881188119
W6_M35,W6_M41,0.7524752475247525
W6_M35,W6_M42,0.7524752475247525
W6_M35,W6_M43,0.8118811881188119
W6_M35,W6_M44,0.43564356435643564
W6_M35,W6_M45,0.693069306930693
W6_M35,W6_M46,0.5742574257425742
W6_M35,W6_M47,0.5544554455445545
W6_M35,W6_M48,0.7326732673267327
W6_M35,W6_M49,0.49504950495049505
W6_M35,W6_M50,0.49504950495049505
W6_M35,W6_M51,0.7128712871287128
W6_M35,W6_M52,0.594059405940594
W6_M35,W6_M53,0.5148514851485149
W6_M35,W6_M54,0.45544554455445546
W6_M35,W6_M55,0.43564356435643564
W6_M35,W6_M56,0.4158415841584158
W6_M35,W6_M57,0.49504950495049505
W6_M35,W6_M58,0.6732673267326733
W6_M35,W6_M59,0.5148514851485149
W6_M35,W6_M60,0.4752475247524752
W6_M35,W6_M61,0.49504950495049505
W6_M35,W6_M62,0.43564356435643564
W6_M35,W6_M63,0.5544554455445545
W6_M35,W6_M64,0.4158415841584158
W6_M35,W6_M65,0.5148514851485149
W6_M35,W6_M66,0.45544554455445546
W6_M35,W6_M67,0.33663366336633666
W6_M35,W6_M68,0.31683168316831684
W6_M35,W6_M69,0.37623762376237624
W6_M35,W6_M70,0.297029702970297
W6_M35,W6_M71,0.2376237623762376
W6_M35,W6_M72,0.297029702970297
W6_M35,W6_M73,0.297029702970297
W6_M35,W6_M74,0.27722772277227725
W6_M35,W6_M75,0.19801980198019803
W6_M35,W6_M76,0.45544554455445546
W6_M35,W6_M77,0.33663366336633666
W6_M35,W6_M78,0.27722772277227725
W6_M35,W6_M79,0.39603960396039606
W6_M35,W6_M80,0.25742574257425743
W6_M35,W6_M81,0.297029702970297
W6_M35,W6_M82,0.25742574257425743
W6_M35,W6_M83,0.27722772277227725
W6_M35,W6_M84,0.27722772277227725
W6_M35,W6_M85,0.2376237623762376
W6_M35,W6_M86,0.15841584158415842
W6_M35,W6_M87,0.297029702970297
W6_M35,W6_M88,0.25742574257425743
W6_M35,W6_M89,0.2376237623762376
W6_M35,W6_M90,0.1188118811881188
W6_M35,W6_M91,0.07920792079207921
W6_M35,W6_M92,0.19801980198019803
W6_M35,W6_M93,0.0594059405940594
W6_M35,W6_M94,0.019801980198019802
W6_M35,W6_M95,0.039603960396039604
W6_M35,W6_M96,0.019801980198019802
W6_M35,W6_M97,0.039603960396039604
W6_M35,W6_M98,0.019801980198019802
W6_M35,W6_M99,0.019801980198019802
W6_M35,W6_M100,0.019801980198019802
W6_M36,W6_M37,0.8712871287128713
W6_M36,W6_M38,0.8712871287128713
W6_M36,W6_M39,0.7128712871287128
W6_M36,W6_M40,0.594059405940594
W6_M36,W6_M41,0.6534653465346535
W6_M36,W6_M42,0.7326732673267327
W6_M36,W6_M43,0.7326732673267327
W6_M36,W6_M44,0.31683168316831684
W6_M36,W6_M45,0.7128712871287128
W6_M36,W6_M46,0.45544554455445546
W6_M36,W6_M47,0.6732673267326733
W6_M36,W6_M48,0.5544554455445545
W6_M36,W6_M49,0.45544554455445546
W6_M36,W6_M50,0.33663366336633666
W6_M36,W6_M51,0.6732673267326733
W6_M36,W6_M52,0.45544554455445546
W6_M36,W6_M53,0.43564356435643564
W6_M36,W6_M54,0.7128712871287128
W6_M36,W6_M55,0.45544554455445546
W6_M36,W6_M56,0.43564356435643564
W6_M36,W6_M57,0.5148514851485149
W6_M36,W6_M58,0.4752475247524752
W6_M36,W6_M59,0.6138613861386139
W6_M36,W6_M60,0.5742574257425742
W6_M36,W6_M61,0.594059405940594
W6_M36,W6_M62,0.594059405940594
W6_M36,W6_M63,0.45544554455445546
W6_M36,W6_M64,0.4752475247524752
W6_M36,W6_M65,0.21782178217821782
W6_M36,W6_M66,0.43564356435643564
W6_M36,W6_M67,0.4752475247524752
W6_M36,W6_M68,0.33663366336633666
W6_M36,W6_M69,0.5148514851485149
W6_M36,W6_M70,0.1188118811881188
W6_M36,W6_M71,0.21782178217821782
W6_M36,W6_M72,0.33663366336633666
W6_M36,W6_M73,0.297029702970297
W6_M36,W6_M74,0.297029702970297
W6_M36,W6_M75,0.297029702970297
W6_M36,W6_M76,0.4158415841584158
W6_M36,W6_M77,0.1782178217821782
W6_M36,W6_M78,0.33663366336633666
W6_M36,W6_M79,0.21782178217821782
W6_M36,W6_M80,0.33663366336633666
W6_M36,W6_M81,0.19801980198019803
W6_M36,W6_M82,0.09900990099009901
W6_M36,W6_M83,0.31683168316831684
W6_M36,W6_M84,0.19801980198019803
W6_M36,W6_M85,0.1782178217821782
W6_M36,W6_M86,0.19801980198019803
W6_M36,W6_M87,0.1188118811881188
W6_M36,W6_M88,0.13861386138613863
W6_M36,W6_M89,0.19801980198019803
W6_M36,W6_M90,0.1188118811881188
W6_M36,W6_M91,0.297029702970297
W6_M36,W6_M92,0.07920792079207921
W6_M36,W6_M93,0.039603960396039604
W6_M36,W6_M94,0.0594059405940594
W6_M36,W6_M95,0.039603960396039604
W6_M36,W6_M96,0.019801980198019802
W6_M36,W6_M97,0.019801980198019802
W6_M36,W6_M98,0.019801980198019802
W6_M36,W6_M99,0.019801980198019802
W6_M36,W6_M100,0.019801980198019802
W6_M37,W6_M38,0.8316831683168316
W6_M37,W6_M39,0.8910891089108911
W6_M37,W6_M40,0.7524752475247525
W6_M37,W6_M41,0.5544554455445545
W6_M37,W6_M42,0.9504950495049505
W6_M37,W6_M43,0.8118811881188119
W6_M37,W6_M44,0.3564356435643564
W6_M37,W6_M45,0.7524752475247525
W6_M37,W6_M46,0.594059405940594
W6_M37,W6_M47,0.8910891089108911
W6_M37,W6_M48,0.594059405940594
W6_M37,W6_M49,0.5148514851485149
W6_M37,W6_M50,0.37623762376237624
W6_M37,W6_M51,0.693069306930693
W6_M37,W6_M52,0.6732673267326733
W6_M37,W6_M53,0.7128712871287128
W6_M37,W6_M54,0.594059405940594
W6_M37,W6_M55,0.5544554455445545
W6_M37,W6_M56,0.5148514851485149
W6_M37,W6_M57,0.3564356435643564
W6_M37,W6_M58,0.49504950495049505
W6_M37,W6_M59,0.49504950495049505
W6_M37,W6_M60,0.49504950495049505
W6_M37,W6_M61,0.49504950495049505
W6_M37,W6_M62,0.39603960396039606
W6_M37,W6_M63,0.43564356435643564
W6_M37,W6_M64,0.693069306930693
W6_M37,W6_M65,0.45544554455445546
W6_M37,W6_M66,0.5148514851485149
W6_M37,W6_M67,0.37623762376237624
W6_M37,W6_M68,0.25742574257425743
W6_M37,W6_M69,0.5148514851485149
W6_M37,W6_M70,0.33663366336633666
W6_M37,W6_M71,0.27722772277227725
W6_M37,W6_M72,0.25742574257425743
W6_M37,W6_M73,0.3564356435643564
W6_M37,W6_M74,0.2376237623762376
W6_M37,W6_M75,0.33663366336633666
W6_M37,W6_M76,0.21782178217821782
W6_M37,W6_M77,0.3564356435643564
W6_M37,W6_M78,0.39603960396039606
W6_M37,W6_M79,0.31683168316831684
W6_M37,W6_M80,0.33663366336633666
W6_M37,W6_M81,0.297029702970297
W6_M37,W6_M82,0.09900990099009901
W6_M37,W6_M83,0.297029702970297
W6_M37,W6_M84,0.2376237623762376
W6_M37,W6_M85,0.21782178217821782
W6_M37,W6_M86,0.2376237623762376
W6_M37,W6_M87,0.1782178217821782
W6_M37,W6_M88,0.13861386138613863
W6_M37,W6_M89,0.1188118811881188
W6_M37,W6_M90,0.13861386138613863
W6_M37,W6_M91,0.21782178217821782
W6_M37,W6_M92,0.0594059405940594
W6_M37,W6_M93,0.039603960396039604
W6_M37,W6_M94,0.019801980198019802
W6_M37,W6_M95,0.039603960396039604
W6_M37,W6_M96,0.019801980198019802
W6_M37,W6_M97,0.019801980198019802
W6_M37,W6_M98,0.019801980198019802
W6_M37,W6_M99,0.019801980198019802
W6_M37,W6_M100,0.019801980198019802
W6_M38,W6_M39,0.7524752475247525
W6_M38,W6_M40,0.6138613861386139
W6_M38,W6_M41,0.49504950495049505
W6_M38,W6_M42,0.9108910891089109
W6_M38,W6_M43,0.6336633663366337
W6_M38,W6_M44,0.43564356435643564
W6_M38,W6_M45,0.9306930693069307
W6_M38,W6_M46,0.3564356435643564
W6_M38,W6_M47,0.5148514851485149
W6_M38,W6_M48,0.5148514851485149
W6_M38,W6_M49,0.37623762376237624
W6_M38,W6_M50,0.3564356435643564
W6_M38,W6_M51,0.7326732673267327
W6_M38,W6_M52,0.3564356435643564
W6_M38,W6_M53,0.39603960396039606
W6_M38,W6_M54,0.693069306930693
W6_M38,W6_M55,0.297029702970297
W6_M38,W6_M56,0.3564356435643564
W6_M38,W6_M57,0.37623762376237624
W6_M38,W6_M58,0.25742574257425743
W6_M38,W6_M59,0.5148514851485149
W6_M38,W6_M60,0.45544554455445546
W6_M38,W6_M61,0.3564356435643564
W6_M38,W6_M62,0.5346534653465347
W6_M38,W6_M63,0.5148514851485149
W6_M38,W6_M64,0.39603960396039606
W6_M38,W6_M65,0.21782178217821782
W6_M38,W6_M66,0.15841584158415842
W6_M38,W6_M67,0.4158415841584158
W6_M38,W6_M68,0.25742574257425743
W6_M38,W6_M69,0.21782178217821782
W6_M38,W6_M70,0.13861386138613863
W6_M38,W6_M71,0.21782178217821782
W6_M38,W6_M72,0.19801980198019803
W6_M38,W6_M73,0.2376237623762376
W6_M38,W6_M74,0.297029702970297
W6_M38,W6_M75,0.33663366336633666
W6_M38,W6_M76,0.25742574257425743
W6_M38,W6_M77,0.25742574257425743
W6_M38,W6_M78,0.297029702970297
W6_M38,W6_M79,0.2376237623762376
W6_M38,W6_M80,0.21782178217821782
W6_M38,W6_M81,0.13861386138613863
W6_M38,W6_M82,0.13861386138613863
W6_M38,W6_M83,0.297029702970297
W6_M38,W6_M84,0.21782178217821782
W6_M38,W6_M85,0.3564356435643564
W6_M38,W6_M86,0.07920792079207921
W6_M38,W6_M87,0.0594059405940594
W6_M38,W6_M88,0.1188118811881188
W6_M38,W6_M89,0.09900990099009901
W6_M38,W6_M90,0.07920792079207921
W6_M38,W6_M91,0.09900990099009901
W6_M38,W6_M92,0.039603960396039604
W6_M38,W6_M93,0.0594059405940594
W6_M38,W6_M94,0.019801980198019802
W6_M38,W6_M95,0.019801980198019802
W6_M38,W6_M96,0.019801980198019802
W6_M38,W6_M97,0.019801980198019802
W6_M38,W6_M98,0.039603960396039604
W6_M38,W6_M99,0.019801980198019802
W6_M38,W6_M100,0.019801980198019802
W6_M39,W6_M40,0.8712871287128713
W6_M39,W6_M41,0.5148514851485149
W6_M39,W6_M42,0.9702970297029703
W6_M39,W6_M43,0.7722772277227723
W6_M39,W6_M44,0.3564356435643564
W6_M39,W6_M45,1.00990099009901
W6_M39,W6_M46,0.6534653465346535
W6_M39,W6_M47,0.594059405940594
W6_M39,W6_M48,0.693069306930693
W6_M39,W6_M49,0.6534653465346535
W6_M39,W6_M50,0.31683168316831684
W6_M39,W6_M51,0.7128712871287128
W6_M39,W6_M52,0.45544554455445546
W6_M39,W6_M53,0.6138613861386139
W6_M39,W6_M54,0.6138613861386139
W6_M39,W6_M55,0.6336633663366337
W6_M39,W6_M56,0.5148514851485149
W6_M39,W6_M57,0.6138613861386139
W6_M39,W6_M58,0.6336633663366337
W6_M39,W6_M59,0.693069306930693
W6_M39,W6_M60,0.8316831683168316
W6_M39,W6_M61,0.5742574257425742
W6_M39,W6_M62,0.39603960396039606
W6_M39,W6_M63,0.6732673267326733
W6_M39,W6_M64,0.5148514851485149
W6_M39,W6_M65,0.4158415841584158
W6_M39,W6_M66,0.4752475247524752
W6_M39,W6_M67,0.3564356435643564
W6_M39,W6_M68,0.4752475247524752
W6_M39,W6_M69,0.5544554455445545
W6_M39,W6_M70,0.19801980198019803
W6_M39,W6_M71,0.19801980198019803
W6_M39,W6_M72,0.25742574257425743
W6_M39,W6_M73,0.25742574257425743
W6_M39,W6_M74,0.37623762376237624
W6_M39,W6_M75,0.37623762376237624
W6_M39,W6_M76,0.297029702970297
W6_M39,W6_M77,0.39603960396039606
W6_M39,W6_M78,0.31683168316831684
W6_M39,W6_M79,0.25742574257425743
W6_M39,W6_M80,0.2376237623762376
W6_M39,W6_M81,0.39603960396039606
W6_M39,W6_M82,0.1782178217821782
W6_M39,W6_M83,0.39603960396039606
W6_M39,W6_M84,0.33663366336633666
W6_M39,W6_M85,0.27722772277227725
W6_M39,W6_M86,0.2376237623762376
W6_M39,W6_M87,0.19801980198019803
W6_M39,W6_M88,0.21782178217821782
W6_M39,W6_M89,0.13861386138613863
W6_M39,W6_M90,0.15841584158415842
W6_M39,W6_M91,0.15841584158415842
W6_M39,W6_M92,0.13861386138613863
W6_M39,W6_M93,0.1188118811881188
W6_M39,W6_M94,0.019801980198019802
W6_M39,W6_M95,0.039603960396039604
W6_M39,W6_M96,0.019801980198019802
W6_M39,W6_M97,0.019801980198019802
W6_M39,W6_M98,0.019801980198019802
W6_M39,W6_M99,0.019801980198019802
W6_M39,W6_M100,0.019801980198019802
W6_M40,W6_M41,0.7722772277227723
W6_M40,W6_M42,0.8514851485148515
W6_M40,W6_M43,0.9900990099009901
W6_M40,W6_M44,0.7722772277227723
W6_M40,W6_M45,0.9306930693069307
W6_M40,W6_M46,0.8712871287128713
W6_M40,W6_M47,0.7128712871287128
W6_M40,W6_M48,0.8712871287128713
W6_M40,W6_M49,0.6336633663366337
W6_M40,W6_M50,0.594059405940594
W6_M40,W6_M51,0.9108910891089109
W6_M40,W6_M52,0.6138613861386139
W6_M40,W6_M53,0.5742574257425742
W6_M40,W6_M54,0.8514851485148515
W6_M40,W6_M55,0.6138613861386139
W6_M40,W6_M56,0.45544554455445546
W6_M40,W6_M57,0.7722772277227723
W6_M40,W6_M58,0.693069306930693
W6_M40,W6_M59,0.49504950495049505
W6_M40,W6_M60,0.5544554455445545
W6_M40,W6_M61,0.5346534653465347
W6_M40,W6_M62,0.6534653465346535
W6_M40,W6_M63,0.6534653465346535
W6_M40,W6_M64,0.594059405940594
W6_M40,W6_M65,0.37623762376237624
W6_M40,W6_M66,0.45544554455445546
W6_M40,W6_M67,0.5544554455445545
W6_M40,W6_M68,0.2376237623762376
W6_M40,W6_M69,0.33663366336633666
W6_M40,W6_M70,0.21782178217821782
W6_M40,W6_M71,0.33663366336633666
W6_M40,W6_M72,0.43564356435643564
W6_M40,W6_M73,0.4752475247524752
W6_M40,W6_M74,0.5148514851485149
W6_M40,W6_M75,0.4752475247524752
W6_M40,W6_M76,0.4752475247524752
W6_M40,W6_M77,0.49504950495049505
W6_M40,W6_M78,0.43564356435643564
W6_M40,W6_M79,0.25742574257425743
W6_M40,W6_M80,0.39603960396039606
W6_M40,W6_M81,0.31683168316831684
W6_M40,W6_M82,0.27722772277227725
W6_M40,W6_M83,0.45544554455445546
W6_M40,W6_M84,0.4752475247524752
W6_M40,W6_M85,0.15841584158415842
W6_M40,W6_M86,0.1782178217821782
W6_M40,W6_M87,0.2376237623762376
W6_M40,W6_M88,0.2376237623762376
W6_M40,W6_M89,0.15841584158415842
W6_M40,W6_M90,0.19801980198019803
W6_M40,W6_M91,0.09900990099009901
W6_M40,W6_M92,0.07920792079207921
W6_M40,W6_M93,0.09900990099009901
W6_M40,W6_M94,0.09900990099009901
W6_M40,W6_M95,0.0594059405940594
W6_M40,W6_M96,0.019801980198019802
W6_M40,W6_M97,0.019801980198019802
W6_M40,W6_M98,0.019801980198019802
W6_M40,W6_M99,0.019801980198019802
W6_M40,W6_M100,0.019801980198019802
W6_M41,W6_M42,0.9306930693069307
W6_M41,W6_M43,0.7920792079207921
W6_M41,W6_M44,0.8910891089108911
W6_M41,W6_M45,0.8712871287128713
W6_M41,W6_M46,0.9900990099009901
W6_M41,W6_M47,0.7920792079207921
W6_M41,W6_M48,0.7920792079207921
W6_M41,W6_M49,0.7920792079207921
W6_M41,W6_M50,0.693069306930693
W6_M41,W6_M51,0.9702970297029703
W6_M41,W6_M52,0.7128712871287128
W6_M41,W6_M53,0.5742574257425742
W6_M41,W6_M54,0.7920792079207921
W6_M41,W6_M55,0.9900990099009901
W6_M41,W6_M56,0.7326732673267327
W6_M41,W6_M57,0.7722772277227723
W6_M41,W6_M58,0.7920792079207921
W6_M41,W6_M59,0.7722772277227723
W6_M41,W6_M60,0.7722772277227723
W6_M41,W6_M61,0.7326732673267327
W6_M41,W6_M62,0.8118811881188119
W6_M41,W6_M63,0.7524752475247525
W6_M41,W6_M64,0.693069306930693
W6_M41,W6_M65,0.6138613861386139
W6_M41,W6_M66,0.5346534653465347
W6_M41,W6_M67,0.6138613861386139
W6_M41,W6_M68,0.6534653465346535
W6_M41,W6_M69,0.594059405940594
W6_M41,W6_M70,0.21782178217821782
W6_M41,W6_M71,0.37623762376237624
W6_M41,W6_M72,0.27722772277227725
W6_M41,W6_M73,0.4158415841584158
W6_M41,W6_M74,0.297029702970297
W6_M41,W6_M75,0.297029702970297
W6_M41,W6_M76,0.4752475247524752
W6_M41,W6_M77,0.4158415841584158
W6_M41,W6_M78,0.31683168316831684
W6_M41,W6_M79,0.31683168316831684
W6_M41,W6_M80,0.39603960396039606
W6_M41,W6_M81,0.39603960396039606
W6_M41,W6_M82,0.25742574257425743
W6_M41,W6_M83,0.49504950495049505
W6_M41,W6_M84,0.4752475247524752
W6_M41,W6_M85,0.33663366336633666
W6_M41,W6_M86,0.37623762376237624
W6_M41,W6_M87,0.39603960396039606
W6_M41,W6_M88,0.19801980198019803
W6_M41,W6_M89,0.15841584158415842
W6_M41,W6_M90,0.21782178217821782
W6_M41,W6_M91,0.25742574257425743
W6_M41,W6_M92,0.13861386138613863
W6_M41,W6_M93,0.1188118811881188
W6_M41,W6_M94,0.039603960396039604
W6_M41,W6_M95,0.019801980198019802
W6_M41,W6_M96,0.019801980198019802
W6_M41,W6_M97,0.019801980198019802
W6_M41,W6_M98,0.019801980198019802
W6_M41,W6_M99,0.039603960396039604
W6_M41,W6_M100,0.019801980198019802
W6_M42,W6_M43,0.8118811881188119
W6_M42,W6_M44,0.6336633663366337
W6_M42,W6_M45,0.7722772277227723
W6_M42,W6_M46,0.8712871287128713
W6_M42,W6_M47,0.7722772277227723
W6_M42,W6_M48,0.3564356435643564
W6_M42,W6_M49,0.693069306930693
W6_M42,W6_M50,0.7128712871287128
W6_M42,W6_M51,0.6138613861386139
W6_M42,W6_M52,0.7722772277227723
W6_M42,W6_M53,0.594059405940594
W6_M42,W6_M54,0.7920792079207921
W6_M42,W6_M55,0.7128712871287128
W6_M42,W6_M56,0.45544554455445546
W6_M42,W6_M57,0.594059405940594
W6_M42,W6_M58,0.7920792079207921
W6_M42,W6_M59,0.7722772277227723
W6_M42,W6_M60,0.7524752475247525
W6_M42,W6_M61,0.7920792079207921
W6_M42,W6_M62,0.5544554455445545
W6_M42,W6_M63,0.693069306930693
W6_M42,W6_M64,0.7128712871287128
W6_M42,W6_M65,0.5346534653465347
W6_M42,W6_M66,0.43564356435643564
W6_M42,W6_M67,0.5544554455445545
W6_M42,W6_M68,0.5544554455445545
W6_M42,W6_M69,0.4752475247524752
W6_M42,W6_M70,0.25742574257425743
W6_M42,W6_M71,0.49504950495049505
W6_M42,W6_M72,0.39603960396039606
W6_M42,W6_M73,0.45544554455445546
W6_M42,W6_M74,0.43564356435643564
W6_M42,W6_M75,0.4752475247524752
W6_M42,W6_M76,0.297029702970297
W6_M42,W6_M77,0.3564356435643564
W6_M42,W6_M78,0.39603960396039606
W6_M42,W6_M79,0.33663366336633666
W6_M42,W6_M80,0.37623762376237624
W6_M42,W6_M81,0.39603960396039606
W6_M42,W6_M82,0.31683168316831684
W6_M42,W6_M83,0.4752475247524752
W6_M42,W6_M84,0.43564356435643564
W6_M42,W6_M85,0.5346534653465347
W6_M42,W6_M86,0.33663366336633666
W6_M42,W6_M87,0.21782178217821782
W6_M42,W6_M88,0.2376237623762376
W6_M42,W6_M89,0.19801980198019803
W6_M42,W6_M90,0.1188118811881188
W6_M42,W6_M91,0.09900990099009901
W6_M42,W6_M92,0.1782178217821782
W6_M42,W6_M93,0.09900990099009901
W6_M42,W6_M94,0.019801980198019802
W6_M42,W6_M95,0.019801980198019802
W6_M42,W6_M96,0.0594059405940594
W6_M42,W6_M97,0.039603960396039604
W6_M42,W6_M98,0.019801980198019802
W6_M42,W6_M99,0.019801980198019802
W6_M42,W6_M100,0.019801980198019802
W6_M43,W6_M44,0.8514851485148515
W6_M43,W6_M45,0.9504950495049505
W6_M43,W6_M46,0.8118811881188119
W6_M43,W6_M47,0.8316831683168316
W6_M43,W6_M48,0.8316831683168316
W6_M43,W6_M49,0.7920792079207921
W6_M43,W6_M50,0.7128712871287128
W6_M43,W6_M51,0.9702970297029703
W6_M43,W6_M52,0.8712871287128713
W6_M43,W6_M53,0.7326732673267327
W6_M43,W6_M54,0.8316831683168316
W6_M43,W6_M55,0.6336633663366337
W6_M43,W6_M56,0.5544554455445545
W6_M43,W6_M57,0.4752475247524752
W6_M43,W6_M58,0.5544554455445545
W6_M43,W6_M59,0.7128712871287128
W6_M43,W6_M60,0.594059405940594
W6_M43,W6_M61,0.7128712871287128
W6_M43,W6_M62,0.594059405940594
W6_M43,W6_M63,0.6138613861386139
W6_M43,W6_M64,0.5346534653465347
W6_M43,W6_M65,0.43564356435643564
W6_M43,W6_M66,0.43564356435643564
W6_M43,W6_M67,0.6138613861386139
W6_M43,W6_M68,0.4752475247524752
W6_M43,W6_M69,0.39603960396039606
W6_M43,W6_M70,0.39603960396039606
W6_M43,W6_M71,0.33663366336633666
W6_M43,W6_M72,0.3564356435643564
W6_M43,W6_M73,0.39603960396039606
W6_M43,W6_M74,0.39603960396039606
W6_M43,W6_M75,0.4158415841584158
W6_M43,W6_M76,0.3564356435643564
W6_M43,W6_M77,0.49504950495049505
W6_M43,W6_M78,0.594059405940594
W6_M43,W6_M79,0.43564356435643564
W6_M43,W6_M80,0.4752475247524752
W6_M43,W6_M81,0.45544554455445546
W6_M43,W6_M82,0.4158415841584158
W6_M43,W6_M83,0.39603960396039606
W6_M43,W6_M84,0.37623762376237624
W6_M43,W6_M85,0.2376237623762376
W6_M43,W6_M86,0.1782178217821782
W6_M43,W6_M87,0.21782178217821782
W6_M43,W6_M88,0.1782178217821782
W6_M43,W6_M89,0.15841584158415842
W6_M43,W6_M90,0.19801980198019803
W6_M43,W6_M91,0.15841584158415842
W6_M43,W6_M92,0.039603960396039604
W6_M43,W6_M93,0.019801980198019802
W6_M43,W6_M94,0.0594059405940594
W6_M43,W6_M95,0.019801980198019802
W6_M43,W6_M96,0.039603960396039604
W6_M43,W6_M97,0.039603960396039604
W6_M43,W6_M98,0.019801980198019802
W6_M43,W6_M99,0.019801980198019802
W6_M43,W6_M100,0.019801980198019802
W6_M44,W6_M45,0.7128712871287128
W6_M44,W6_M46,0.9306930693069307
W6_M44,W6_M47,0.9108910891089109
W6_M44,W6_M48,0.9900990099009901
W6_M44,W6_M49,0.7722772277227723
W6_M44,W6_M50,0.6534653465346535
W6_M44,W6_M51,0.7524752475247525
W6_M44,W6_M52,0.8910891089108911
W6_M44,W6_M53,0.693069306930693
W6_M44,W6_M54,0.9306930693069307
W6_M44,W6_M55,0.9108910891089109
W6_M44,W6_M56,0.8910891089108911
W6_M44,W6_M57,0.8316831683168316
W6_M44,W6_M58,0.693069306930693
W6_M44,W6_M59,0.6138613861386139
W6_M44,W6_M60,0.8910891089108911
W6_M44,W6_M61,0.8910891089108911
W6_M44,W6_M62,0.7326732673267327
W6_M44,W6_M63,0.7128712871287128
W6_M44,W6_M64,0.8316831683168316
W6_M44,W6_M65,0.594059405940594
W6_M44,W6_M66,0.43564356435643564
W6_M44,W6_M67,0.6534653465346535
W6_M44,W6_M68,0.4752475247524752
W6_M44,W6_M69,0.6138613861386139
W6_M44,W6_M70,0.4158415841584158
W6_M44,W6_M71,0.45544554455445546
W6_M44,W6_M72,0.3564356435643564
W6_M44,W6_M73,0.31683168316831684
W6_M44,W6_M74,0.37623762376237624
W6_M44,W6_M75,0.4752475247524752
W6_M44,W6_M76,0.4158415841584158
W6_M44,W6_M77,0.33663366336633666
W6_M44,W6_M78,0.5742574257425742
W6_M44,W6_M79,0.297029702970297
W6_M44,W6_M80,0.5346534653465347
W6_M44,W6_M81,0.5346534653465347
W6_M44,W6_M82,0.1782178217821782
W6_M44,W6_M83,0.49504950495049505
W6_M44,W6_M84,0.693069306930693
W6_M44,W6_M85,0.43564356435643564
W6_M44,W6_M86,0.45544554455445546
W6_M44,W6_M87,0.297029702970297
W6_M44,W6_M88,0.21782178217821782
W6_M44,W6_M89,0.1782178217821782
W6_M44,W6_M90,0.21782178217821782
W6_M44,W6_M91,0.25742574257425743
W6_M44,W6_M92,0.15841584158415842
W6_M44,W6_M93,0.07920792079207921
W6_M44,W6_M94,0.0594059405940594
W6_M44,W6_M95,0.039603960396039604
W6_M44,W6_M96,0.039603960396039604
W6_M44,W6_M97,0.019801980198019802
W6_M44,W6_M98,0.019801980198019802
W6_M44,W6_M99,0.019801980198019802
W6_M44,W6_M100,0.019801980198019802
W6_M45,W6_M46,0.9702970297029703
W6_M45,W6_M47,0.8712871287128713
W6_M45,W6_M48,0.5544554455445545
W6_M45,W6_M49,0.9504950495049505
W6_M45,W6_M50,0.7128712871287128
W6_M45,W6_M51,0.9108910891089109
W6_M45,W6_M52,0.8118811881188119
W6_M45,W6_M53,0.6336633663366337
W6_M45,W6_M54,1.00990099009901
W6_M45,W6_M55,0.6138613861386139
W6_M45,W6_M56,0.6138613861386139
W6_M45,W6_M57,0.7326732673267327
W6_M45,W6_M58,0.7128712871287128
W6_M45,W6_M59,0.7920792079207921
W6_M45,W6_M60,0.9504950495049505
W6_M45,W6_M61,0.9504950495049505
W6_M45,W6_M62,0.8118811881188119
W6_M45,W6_M63,0.7722772277227723
W6_M45,W6_M64,0.7524752475247525
W6_M45,W6_M65,0.45544554455445546
W6_M45,W6_M66,0.6336633663366337
W6_M45,W6_M67,0.5346534653465347
W6_M45,W6_M68,0.7128712871287128
W6_M45,W6_M69,0.594059405940594
W6_M45,W6_M70,0.5544554455445545
W6_M45,W6_M71,0.39603960396039606
W6_M45,W6_M72,0.5346534653465347
W6_M45,W6_M73,0.33663366336633666
W6_M45,W6_M74,0.5148514851485149
W6_M45,W6_M75,0.5544554455445545
W6_M45,W6_M76,0.45544554455445546
W6_M45,W6_M77,0.5742574257425742
W6_M45,W6_M78,0.39603960396039606
W6_M45,W6_M79,0.5742574257425742
W6_M45,W6_M80,0.5346534653465347
W6_M45,W6_M81,0.6138613861386139
W6_M45,W6_M82,0.43564356435643564
W6_M45,W6_M83,0.37623762376237624
W6_M45,W6_M84,0.37623762376237624
W6_M45,W6_M85,0.19801980198019803
W6_M45,W6_M86,0.3564356435643564
W6_M45,W6_M87,0.39603960396039606
W6_M45,W6_M88,0.37623762376237624
W6_M45,W6_M89,0.2376237623762376
W6_M45,W6_M90,0.21782178217821782
W6_M45,W6_M91,0.19801980198019803
W6_M45,W6_M92,0.19801980198019803
W6_M45,W6_M93,0.039603960396039604
W6_M45,W6_M94,0.1188118811881188
W6_M45,W6_M95,0.019801980198019802
W6_M45,W6_M96,0.019801980198019802
W6_M45,W6_M97,0.019801980198019802
W6_M45,W6_M98,0.019801980198019802
W6_M45,W6_M99,0.019801980198019802
W6_M45,W6_M100,0.019801980198019802
W6_M46,W6_M47,0.7722772277227723
W6_M46,W6_M48,0.9900990099009901
W6_M46,W6_M49,0.9900990099009901
W6_M46,W6_M50,0.9504950495049505
W6_M46,W6_M51,0.9702970297029703
W6_M46,W6_M52,0.7128712871287128
W6_M46,W6_M53,0.8316831683168316
W6_M46,W6_M54,0.9108910891089109
W6_M46,W6_M55,0.7920792079207921
W6_M46,W6_M56,0.7920792079207921
W6_M46,W6_M57,0.8514851485148515
W6_M46,W6_M58,0.7722772277227723
W6_M46,W6_M59,0.8118811881188119
W6_M46,W6_M60,0.8712871287128713
W6_M46,W6_M61,0.7920792079207921
W6_M46,W6_M62,0.9108910891089109
W6_M46,W6_M63,0.9306930693069307
W6_M46,W6_M64,0.8118811881188119
W6_M46,W6_M65,0.594059405940594
W6_M46,W6_M66,0.7524752475247525
W6_M46,W6_M67,0.8316831683168316
W6_M46,W6_M68,0.7326732673267327
W6_M46,W6_M69,0.7326732673267327
W6_M46,W6_M70,0.31683168316831684
W6_M46,W6_M71,0.49504950495049505
W6_M46,W6_M72,0.39603960396039606
W6_M46,W6_M73,0.297029702970297
W6_M46,W6_M74,0.33663366336633666
W6_M46,W6_M75,0.43564356435643564
W6_M46,W6_M76,0.4158415841584158
W6_M46,W6_M77,0.45544554455445546
W6_M46,W6_M78,0.49504950495049505
W6_M46,W6_M79,0.3564356435643564
W6_M46,W6_M80,0.5742574257425742
W6_M46,W6_M81,0.45544554455445546
W6_M46,W6_M82,0.33663366336633666
W6_M46,W6_M83,0.6534653465346535
W6_M46,W6_M84,0.43564356435643564
W6_M46,W6_M85,0.37623762376237624
W6_M46,W6_M86,0.37623762376237624
W6_M46,W6_M87,0.19801980198019803
W6_M46,W6_M88,0.31683168316831684
W6_M46,W6_M89,0.2376237623762376
W6_M46,W6_M90,0.1782178217821782
W6_M46,W6_M91,0.2376237623762376
W6_M46,W6_M92,0.1188118811881188
W6_M46,W6_M93,0.19801980198019803
W6_M46,W6_M94,0.039603960396039604
W6_M46,W6_M95,0.0594059405940594
W6_M46,W6_M96,0.039603960396039604
W6_M46,W6_M97,0.019801980198019802
W6_M46,W6_M98,0.019801980198019802
W6_M46,W6_M99,0.019801980198019802
W6_M46,W6_M100,0.019801980198019802
W6_M47,W6_M48,0.9900990099009901
W6_M47,W6_M49,0.9702970297029703
W6_M47,W6_M50,0.9504950495049505
W6_M47,W6_M51,0.8910891089108911
W6_M47,W6_M52,0.5148514851485149
W6_M47,W6_M53,0.5148514851485149
W6_M47,W6_M54,0.9900990099009901
W6_M47,W6_M55,0.7128712871287128
W6_M47,W6_M56,0.6138613861386139
W6_M47,W6_M57,0.8910891089108911
W6_M47,W6_M58,0.8910891089108911
W6_M47,W6_M59,0.7128712871287128
W6_M47,W6_M60,0.693069306930693
W6_M47,W6_M61,0.9108910891089109
W6_M47,W6_M62,0.8910891089108911
W6_M47,W6_M63,0.6534653465346535
W6_M47,W6_M64,0.8514851485148515
W6_M47,W6_M65,0.49504950495049505
W6_M47,W6_M66,0.7326732673267327
W6_M47,W6_M67,0.7326732673267327
W6_M47,W6_M68,0.5742574257425742
W6_M47,W6_M69,0.4158415841584158
W6_M47,W6_M70,0.21782178217821782
W6_M47,W6_M71,0.297029702970297
W6_M47,W6_M72,0.37623762376237624
W6_M47,W6_M73,0.4158415841584158
W6_M47,W6_M74,0.31683168316831684
W6_M47,W6_M75,0.19801980198019803
W6_M47,W6_M76,0.4158415841584158
W6_M47,W6_M77,0.27722772277227725
W6_M47,W6_M78,0.33663366336633666
W6_M47,W6_M79,0.39603960396039606
W6_M47,W6_M80,0.37623762376237624
W6_M47,W6_M81,0.37623762376237624
W6_M47,W6_M82,0.33663366336633666
W6_M47,W6_M83,0.5346534653465347
W6_M47,W6_M84,0.5742574257425742
W6_M47,W6_M85,0.3564356435643564
W6_M47,W6_M86,0.21782178217821782
W6_M47,W6_M87,0.1782178217821782
W6_M47,W6_M88,0.21782178217821782
W6_M47,W6_M89,0.2376237623762376
W6_M47,W6_M90,0.15841584158415842
W6_M47,W6_M91,0.0594059405940594
W6_M47,W6_M92,0.15841584158415842
W6_M47,W6_M93,0.07920792079207921
W6_M47,W6_M94,0.0594059405940594
W6_M47,W6_M95,0.0594059405940594
W6_M47,W6_M96,0.019801980198019802
W6_M47,W6_M97,0.019801980198019802
W6_M47,W6_M98,0.019801980198019802
W6_M47,W6_M99,0.019801980198019802
W6_M47,W6_M100,0.019801980198019802
W6_M48,W6_M49,0.8910891089108911
W6_M48,W6_M50,0.8118811881188119
W6_M48,W6_M51,0.9504950495049505
W6_M48,W6_M52,0.8712871287128713
W6_M48,W6_M53,0.9702970297029703
W6_M48,W6_M54,0.9504950495049505
W6_M48,W6_M55,0.9306930693069307
W6_M48,W6_M56,0.8514851485148515
W6_M48,W6_M57,0.9900990099009901
W6_M48,W6_M58,0.9306930693069307
W6_M48,W6_M59,0.8514851485148515
W6_M48,W6_M60,0.8910891089108911
W6_M48,W6_M61,0.9504950495049505
W6_M48,W6_M62,0.9108910891089109
W6_M48,W6_M63,0.9504950495049505
W6_M48,W6_M64,0.9504950495049505
W6_M48,W6_M65,0.8118811881188119
W6_M48,W6_M66,0.8316831683168316
W6_M48,W6_M67,0.6336633663366337
W6_M48,W6_M68,0.693069306930693
W6_M48,W6_M69,0.5148514851485149
W6_M48,W6_M70,0.6138613861386139
W6_M48,W6_M71,0.7128712871287128
W6_M48,W6_M72,0.6534653465346535
W6_M48,W6_M73,0.6336633663366337
W6_M48,W6_M74,0.5544554455445545
W6_M48,W6_M75,0.7524752475247525
W6_M48,W6_M76,0.7920792079207921
W6_M48,W6_M77,0.6534653465346535
W6_M48,W6_M78,0.6138613861386139
W6_M48,W6_M79,0.594059405940594
W6_M48,W6_M80,0.6336633663366337
W6_M48,W6_M81,0.5742574257425742
W6_M48,W6_M82,0.5742574257425742
W6_M48,W6_M83,0.6732673267326733
W6_M48,W6_M84,0.6336633663366337
W6_M48,W6_M85,0.693069306930693
W6_M48,W6_M86,0.45544554455445546
W6_M48,W6_M87,0.37623762376237624
W6_M48,W6_M88,0.39603960396039606
W6_M48,W6_M89,0.39603960396039606
W6_M48,W6_M90,0.25742574257425743
W6_M48,W6_M91,0.1782178217821782
W6_M48,W6_M92,0.1188118811881188
W6_M48,W6_M93,0.1188118811881188
W6_M48,W6_M94,0.1188118811881188
W6_M48,W6_M95,0.0594059405940594
W6_M48,W6_M96,0.019801980198019802
W6_M48,W6_M97,0.039603960396039604
W6_M48,W6_M98,0.019801980198019802
W6_M48,W6_M99,0.019801980198019802
W6_M48,W6_M100,0.019801980198019802
W6_M49,W6_M50,0.8712871287128713
W6_M49,W6_M51,0.9108910891089109
W6_M49,W6_M52,0.9900990099009901
W6_M49,W6_M53,0.7920792079207921
W6_M49,W6_M54,0.9900990099009901
W6_M49,W6_M55,0.7920792079207921
W6_M49,W6_M56,0.6138613861386139
W6_M49,W6_M57,0.5346534653465347
W6_M49,W6_M58,0.7920792079207921
W6_M49,W6_M59,0.7722772277227723
W6_M49,W6_M60,0.9504950495049505
W6_M49,W6_M61,0.7722772277227723
W6_M49,W6_M62,0.9306930693069307
W6_M49,W6_M63,0.9108910891089109
W6_M49,W6_M64,0.6138613861386139
W6_M49,W6_M65,0.27722772277227725
W6_M49,W6_M66,0.39603960396039606
W6_M49,W6_M67,0.5544554455445545
W6_M49,W6_M68,0.39603960396039606
W6_M49,W6_M69,0.45544554455445546
W6_M49,W6_M70,0.297029702970297
W6_M49,W6_M71,0.27722772277227725
W6_M49,W6_M72,0.297029702970297
W6_M49,W6_M73,0.297029702970297
W6_M49,W6_M74,0.45544554455445546
W6_M49,W6_M75,0.39603960396039606
W6_M49,W6_M76,0.4158415841584158
W6_M49,W6_M77,0.45544554455445546
W6_M49,W6_M78,0.27722772277227725
W6_M49,W6_M79,0.33663366336633666
W6_M49,W6_M80,0.31683168316831684
W6_M49,W6_M81,0.4158415841584158
W6_M49,W6_M82,0.3564356435643564
W6_M49,W6_M83,0.5148514851485149
W6_M49,W6_M84,0.4158415841584158
W6_M49,W6_M85,0.21782178217821782
W6_M49,W6_M86,0.25742574257425743
W6_M49,W6_M87,0.15841584158415842
W6_M49,W6_M88,0.21782178217821782
W6_M49,W6_M89,0.19801980198019803
W6_M49,W6_M90,0.1188118811881188
W6_M49,W6_M91,0.19801980198019803
W6_M49,W6_M92,0.07920792079207921
W6_M49,W6_M93,0.1188118811881188
W6_M49,W6_M94,0.019801980198019802
W6_M49,W6_M95,0.019801980198019802
W6_M49,W6_M96,0.019801980198019802
W6_M49,W6_M97,0.019801980198019802
W6_M49,W6_M98,0.019801980198019802
W6_M49,W6_M99,0.019801980198019802
W6_M49,W6_M100,0.019801980198019802
W6_M50,W6_M51,0.8514851485148515
W6_M50,W6_M52,0.9702970297029703
W6_M50,W6_M53,0.9900990099009901
W6_M50,W6_M54,0.9900990099009901
W6_M50,W6_M55,0.9702970297029703
W6_M50,W6_M56,0.8316831683168316
W6_M50,W6_M57,0.9900990099009901
W6_M50,W6_M58,0.9702970297029703
W6_M50,W6_M59,1.00990099009901
W6_M50,W6_M60,1.00990099009901
W6_M50,W6_M61,0.9702970297029703
W6_M50,W6_M62,1.00990099009901
W6_M50,W6_M63,0.8910891089108911
W6_M50,W6_M64,0.8514851485148515
W6_M50,W6_M65,0.7920792079207921
W6_M50,W6_M66,0.8910891089108911
W6_M50,W6_M67,0.7920792079207921
W6_M50,W6_M68,0.594059405940594
W6_M50,W6_M69,0.49504950495049505
W6_M50,W6_M70,0.33663366336633666
W6_M50,W6_M71,0.37623762376237624
W6_M50,W6_M72,0.4752475247524752
W6_M50,W6_M73,0.37623762376237624
W6_M50,W6_M74,0.33663366336633666
W6_M50,W6_M75,0.5148514851485149
W6_M50,W6_M76,0.3564356435643564
W6_M50,W6_M77,0.5148514851485149
W6_M50,W6_M78,0.5742574257425742
W6_M50,W6_M79,0.49504950495049505
W6_M50,W6_M80,0.4158415841584158
W6_M50,W6_M81,0.6138613861386139
W6_M50,W6_M82,0.33663366336633666
W6_M50,W6_M83,0.4752475247524752
W6_M50,W6_M84,0.6732673267326733
W6_M50,W6_M85,0.39603960396039606
W6_M50,W6_M86,0.45544554455445546
W6_M50,W6_M87,0.1782178217821782
W6_M50,W6_M88,0.27722772277227725
W6_M50,W6_M89,0.1782178217821782
W6_M50,W6_M90,0.19801980198019803
W6_M50,W6_M91,0.25742574257425743
W6_M50,W6_M92,0.09900990099009901
W6_M50,W6_M93,0.15841584158415842
W6_M50,W6_M94,0.07920792079207921
W6_M50,W6_M95,0.019801980198019802
W6_M50,W6_M96,0.039603960396039604
W6_M50,W6_M97,0.019801980198019802
W6_M50,W6_M98,0.019801980198019802
W6_M50,W6_M99,0.019801980198019802
W6_M50,W6_M100,0.019801980198019802
W6_M51,W6_M52,0.9900990099009901
W6_M51,W6_M53,0.9306930693069307
W6_M51,W6_M54,0.9900990099009901
W6_M51,W6_M55,0.9504950495049505
W6_M51,W6_M56,0.7920792079207921
W6_M51,W6_M57,0.9306930693069307
W6_M51,W6_M58,0.7920792079207921
W6_M51,W6_M59,0.8712871287128713
W6_M51,W6_M60,0.9702970297029703
W6_M51,W6_M61,0.9702970297029703
W6_M51,W6_M62,0.8316831683168316
W6_M51,W6_M63,0.9306930693069307
W6_M51,W6_M64,0.8118811881188119
W6_M51,W6_M65,0.9108910891089109
W6_M51,W6_M66,0.8514851485148515
W6_M51,W6_M67,0.6138613861386139
W6_M51,W6_M68,0.5544554455445545
W6_M51,W6_M69,0.6534653465346535
W6_M51,W6_M70,0.37623762376237624
W6_M51,W6_M71,0.37623762376237624
W6_M51,W6_M72,0.39603960396039606
W6_M51,W6_M73,0.5544554455445545
W6_M51,W6_M74,0.5544554455445545
W6_M51,W6_M75,0.45544554455445546
W6_M51,W6_M76,0.693069306930693
W6_M51,W6_M77,0.5148514851485149
W6_M51,W6_M78,0.4752475247524752
W6_M51,W6_M79,0.5346534653465347
W6_M51,W6_M80,0.49504950495049505
W6_M51,W6_M81,0.4158415841584158
W6_M51,W6_M82,0.6534653465346535
W6_M51,W6_M83,0.6138613861386139
W6_M51,W6_M84,0.33663366336633666
W6_M51,W6_M85,0.5742574257425742
W6_M51,W6_M86,0.5346534653465347
W6_M51,W6_M87,0.297029702970297
W6_M51,W6_M88,0.3564356435643564
W6_M51,W6_M89,0.21782178217821782
W6_M51,W6_M90,0.21782178217821782
W6_M51,W6_M91,0.2376237623762376
W6_M51,W6_M92,0.15841584158415842
W6_M51,W6_M93,0.09900990099009901
W6_M51,W6_M94,0.07920792079207921
W6_M51,W6_M95,0.019801980198019802
W6_M51,W6_M96,0.019801980198019802
W6_M51,W6_M97,0.019801980198019802
W6_M51,W6_M98,0.019801980198019802
W6_M51,W6_M99,0.019801980198019802
W6_M51,W6_M100,0.019801980198019802
W6_M52,W6_M53,0.8712871287128713
W6_M52,W6_M54,0.9306930693069307
W6_M52,W6_M55,0.693069306930693
W6_M52,W6_M56,0.9108910891089109
W6_M52,W6_M57,0.9900990099009901
W6_M52,W6_M58,0.9306930693069307
W6_M52,W6_M59,0.7722772277227723
W6_M52,W6_M60,0.9702970297029703
W6_M52,W6_M61,0.9900990099009901
W6_M52,W6_M62,0.9702970297029703
W6_M52,W6_M63,0.8712871287128713
W6_M52,W6_M64,0.9504950495049505
W6_M52,W6_M65,0.5742574257425742
W6_M52,W6_M66,0.5148514851485149
W6_M52,W6_M67,0.7128712871287128
W6_M52,W6_M68,0.6138613861386139
W6_M52,W6_M69,0.49504950495049505
W6_M52,W6_M70,0.3564356435643564
W6_M52,W6_M71,0.21782178217821782
W6_M52,W6_M72,0.2376237623762376
W6_M52,W6_M73,0.39603960396039606
W6_M52,W6_M74,0.25742574257425743
W6_M52,W6_M75,0.297029702970297
W6_M52,W6_M76,0.37623762376237624
W6_M52,W6_M77,0.39603960396039606
W6_M52,W6_M78,0.31683168316831684
W6_M52,W6_M79,0.49504950495049505
W6_M52,W6_M80,0.37623762376237624
W6_M52,W6_M81,0.4752475247524752
W6_M52,W6_M82,0.4752475247524752
W6_M52,W6_M83,0.49504950495049505
W6_M52,W6_M84,0.594059405940594
W6_M52,W6_M85,0.37623762376237624
W6_M52,W6_M86,0.4158415841584158
W6_M52,W6_M87,0.13861386138613863
W6_M52,W6_M88,0.039603960396039604
W6_M52,W6_M89,0.1188118811881188
W6_M52,W6_M90,0.15841584158415842
W6_M52,W6_M91,0.2376237623762376
W6_M52,W6_M92,0.1782178217821782
W6_M52,W6_M93,0.15841584158415842
W6_M52,W6_M94,0.09900990099009901
W6_M52,W6_M95,0.019801980198019802
W6_M52,W6_M96,0.019801980198019802
W6_M52,W6_M97,0.019801980198019802
W6_M52,W6_M98,0.019801980198019802
W6_M52,W6_M99,0.019801980198019802
W6_M52,W6_M100,0.019801980198019802
W6_M53,W6_M54,0.8712871287128713
W6_M53,W6_M55,0.8514851485148515
W6_M53,W6_M56,0.7920792079207921
W6_M53,W6_M57,0.8712871287128713
W6_M53,W6_M58,0.9504950495049505
W6_M53,W6_M59,0.9702970297029703
W6_M53,W6_M60,0.9702970297029703
W6_M53,W6_M61,0.9900990099009901
W6_M53,W6_M62,1.00990099009901
W6_M53,W6_M63,0.9702970297029703
W6_M53,W6_M64,0.9900990099009901
W6_M53,W6_M65,0.7128712871287128
W6_M53,W6_M66,0.7524752475247525
W6_M53,W6_M67,0.7524752475247525
W6_M53,W6_M68,0.6138613861386139
W6_M53,W6_M69,0.6336633663366337
W6_M53,W6_M70,0.297029702970297
W6_M53,W6_M71,0.297029702970297
W6_M53,W6_M72,0.31683168316831684
W6_M53,W6_M73,0.39603960396039606
W6_M53,W6_M74,0.1782178217821782
W6_M53,W6_M75,0.49504950495049505
W6_M53,W6_M76,0.4158415841584158
W6_M53,W6_M77,0.37623762376237624
W6_M53,W6_M78,0.45544554455445546
W6_M53,W6_M79,0.43564356435643564
W6_M53,W6_M80,0.3564356435643564
W6_M53,W6_M81,0.45544554455445546
W6_M53,W6_M82,0.37623762376237624
W6_M53,W6_M83,0.49504950495049505
W6_M53,W6_M84,0.5346534653465347
W6_M53,W6_M85,0.39603960396039606
W6_M53,W6_M86,0.43564356435643564
W6_M53,W6_M87,0.21782178217821782
W6_M53,W6_M88,0.039603960396039604
W6_M53,W6_M89,0.27722772277227725
W6_M53,W6_M90,0.31683168316831684
W6_M53,W6_M91,0.15841584158415842
W6_M53,W6_M92,0.25742574257425743
W6_M53,W6_M93,0.19801980198019803
W6_M53,W6_M94,0.019801980198019802
W6_M53,W6_M95,0.039603960396039604
W6_M53,W6_M96,0.039603960396039604
W6_M53,W6_M97,0.019801980198019802
W6_M53,W6_M98,0.019801980198019802
W6_M53,W6_M99,0.019801980198019802
W6_M53,W6_M100,0.019801980198019802
W6_M54,W6_M55,0.8910891089108911
W6_M54,W6_M56,0.9900990099009901
W6_M54,W6_M57,0.8712871287128713
W6_M54,W6_M58,0.8712871287128713
W6_M54,W6_M59,0.8514851485148515
W6_M54,W6_M60,0.9504950495049505
W6_M54,W6_M61,0.9504950495049505
W6_M54,W6_M62,1.00990099009901
W6_M54,W6_M63,0.8910891089108911
W6_M54,W6_M64,0.9504950495049505
W6_M54,W6_M65,0.7920792079207921
W6_M54,W6_M66,0.9306930693069307
W6_M54,W6_M67,0.8118811881188119
W6_M54,W6_M68,0.7524752475247525
W6_M54,W6_M69,0.7326732673267327
W6_M54,W6_M70,0.6138613861386139
W6_M54,W6_M71,0.6732673267326733
W6_M54,W6_M72,0.5544554455445545
W6_M54,W6_M73,0.5148514851485149
W6_M54,W6_M74,0.6534653465346535
W6_M54,W6_M75,0.5742574257425742
W6_M54,W6_M76,0.6534653465346535
W6_M54,W6_M77,0.6138613861386139
W6_M54,W6_M78,0.5148514851485149
W6_M54,W6_M79,0.6534653465346535
W6_M54,W6_M80,0.594059405940594
W6_M54,W6_M81,0.6138613861386139
W6_M54,W6_M82,0.43564356435643564
W6_M54,W6_M83,0.4158415841584158
W6_M54,W6_M84,0.8316831683168316
W6_M54,W6_M85,0.5148514851485149
W6_M54,W6_M86,0.39603960396039606
W6_M54,W6_M87,0.3564356435643564
W6_M54,W6_M88,0.297029702970297
W6_M54,W6_M89,0.3564356435643564
W6_M54,W6_M90,0.2376237623762376
W6_M54,W6_M91,0.37623762376237624
W6_M54,W6_M92,0.19801980198019803
W6_M54,W6_M93,0.13861386138613863
W6_M54,W6_M94,0.0594059405940594
W6_M54,W6_M95,0.0594059405940594
W6_M54,W6_M96,0.039603960396039604
W6_M54,W6_M97,0.019801980198019802
W6_M54,W6_M98,0.019801980198019802
W6_M54,W6_M99,0.019801980198019802
W6_M54,W6_M100,0.019801980198019802
W6_M55,W6_M56,0.9504950495049505
W6_M55,W6_M57,0.9900990099009901
W6_M55,W6_M58,0.9504950495049505
W6_M55,W6_M59,0.8316831683168316
W6_M55,W6_M60,0.8514851485148515
W6_M55,W6_M61,0.9900990099009901
W6_M55,W6_M62,0.9900990099009901
W6_M55,W6_M63,0.9702970297029703
W6_M55,W6_M64,0.8712871287128713
W6_M55,W6_M65,0.6336633663366337
W6_M55,W6_M66,0.5544554455445545
W6_M55,W6_M67,0.7722772277227723
W6_M55,W6_M68,0.6534653465346535
W6_M55,W6_M69,0.8316831683168316
W6_M55,W6_M70,0.39603960396039606
W6_M55,W6_M71,0.37623762376237624
W6_M55,W6_M72,0.31683168316831684
W6_M55,W6_M73,0.6336633663366337
W6_M55,W6_M74,0.6138613861386139
W6_M55,W6_M75,0.5544554455445545
W6_M55,W6_M76,0.6732673267326733
W6_M55,W6_M77,0.693069306930693
W6_M55,W6_M78,0.7128712871287128
W6_M55,W6_M79,0.6336633663366337
W6_M55,W6_M80,0.49504950495049505
W6_M55,W6_M81,0.6336633663366337
W6_M55,W6_M82,0.594059405940594
W6_M55,W6_M83,0.49504950495049505
W6_M55,W6_M84,0.594059405940594
W6_M55,W6_M85,0.45544554455445546
W6_M55,W6_M86,0.33663366336633666
W6_M55,W6_M87,0.4752475247524752
W6_M55,W6_M88,0.37623762376237624
W6_M55,W6_M89,0.27722772277227725
W6_M55,W6_M90,0.15841584158415842
W6_M55,W6_M91,0.19801980198019803
W6_M55,W6_M92,0.15841584158415842
W6_M55,W6_M93,0.07920792079207921
W6_M55,W6_M94,0.0594059405940594
W6_M55,W6_M95,0.019801980198019802
W6_M55,W6_M96,0.019801980198019802
W6_M55,W6_M97,0.019801980198019802
W6_M55,W6_M98,0.039603960396039604
W6_M55,W6_M99,0.019801980198019802
W6_M55,W6_M100,0.019801980198019802
W6_M56,W6_M57,0.8118811881188119
W6_M56,W6_M58,0.9108910891089109
W6_M56,W6_M59,0.8514851485148515
W6_M56,W6_M60,0.7326732673267327
W6_M56,W6_M61,0.8118811881188119
W6_M56,W6_M62,0.8316831683168316
W6_M56,W6_M63,0.8712871287128713
W6_M56,W6_M64,1.00990099009901
W6_M56,W6_M65,0.693069306930693
W6_M56,W6_M66,0.6138613861386139
W6_M56,W6_M67,0.7722772277227723
W6_M56,W6_M68,0.4158415841584158
W6_M56,W6_M69,0.594059405940594
W6_M56,W6_M70,0.2376237623762376
W6_M56,W6_M71,0.297029702970297
W6_M56,W6_M72,0.25742574257425743
W6_M56,W6_M73,0.3564356435643564
W6_M56,W6_M74,0.4158415841584158
W6_M56,W6_M75,0.5544554455445545
W6_M56,W6_M76,0.39603960396039606
W6_M56,W6_M77,0.45544554455445546
W6_M56,W6_M78,0.5544554455445545
W6_M56,W6_M79,0.6336633663366337
W6_M56,W6_M80,0.4158415841584158
W6_M56,W6_M81,0.594059405940594
W6_M56,W6_M82,0.5346534653465347
W6_M56,W6_M83,0.5742574257425742
W6_M56,W6_M84,0.5148514851485149
W6_M56,W6_M85,0.4158415841584158
W6_M56,W6_M86,0.3564356435643564
W6_M56,W6_M87,0.31683168316831684
W6_M56,W6_M88,0.31683168316831684
W6_M56,W6_M89,0.15841584158415842
W6_M56,W6_M90,0.15841584158415842
W6_M56,W6_M91,0.09900990099009901
W6_M56,W6_M92,0.09900990099009901
W6_M56,W6_M93,0.15841584158415842
W6_M56,W6_M94,0.07920792079207921
W6_M56,W6_M95,0.039603960396039604
W6_M56,W6_M96,0.019801980198019802
W6_M56,W6_M97,0.019801980198019802
W6_M56,W6_M98,0.019801980198019802
W6_M56,W6_M99,0.019801980198019802
W6_M56,W6_M100,0.019801980198019802
W6_M57,W6_M58,0.8514851485148515
W6_M57,W6_M59,0.9702970297029703
W6_M57,W6_M60,0.9504950495049505
W6_M57,W6_M61,0.9504950495049505
W6_M57,W6_M62,0.8712871287128713
W6_M57,W6_M63,1.00990099009901
W6_M57,W6_M64,0.9702970297029703
W6_M57,W6_M65,0.6138613861386139
W6_M57,W6_M66,0.6732673267326733
W6_M57,W6_M67,0.7524752475247525
W6_M57,W6_M68,0.39603960396039606
W6_M57,W6_M69,0.5544554455445545
W6_M57,W6_M70,0.19801980198019803
W6_M57,W6_M71,0.27722772277227725
W6_M57,W6_M72,0.297029702970297
W6_M57,W6_M73,0.33663366336633666
W6_M57,W6_M74,0.31683168316831684
W6_M57,W6_M75,0.37623762376237624
W6_M57,W6_M76,0.43564356435643564
W6_M57,W6_M77,0.4158415841584158
W6_M57,W6_M78,0.5742574257425742
W6_M57,W6_M79,0.4158415841584158
W6_M57,W6_M80,0.4752475247524752
W6_M57,W6_M81,0.39603960396039606
W6_M57,W6_M82,0.6336633663366337
W6_M57,W6_M83,0.5148514851485149
W6_M57,W6_M84,0.6336633663366337
W6_M57,W6_M85,0.21782178217821782
W6_M57,W6_M86,0.37623762376237624
W6_M57,W6_M87,0.07920792079207921
W6_M57,W6_M88,0.27722772277227725
W6_M57,W6_M89,0.19801980198019803
W6_M57,W6_M90,0.1188118811881188
W6_M57,W6_M91,0.1188118811881188
W6_M57,W6_M92,0.1782178217821782
W6_M57,W6_M93,0.15841584158415842
W6_M57,W6_M94,0.039603960396039604
W6_M57,W6_M95,0.039603960396039604
W6_M57,W6_M96,0.019801980198019802
W6_M57,W6_M97,0.019801980198019802
W6_M57,W6_M98,0.019801980198019802
W6_M57,W6_M99,0.019801980198019802
W6_M57,W6_M100,0.019801980198019802
W6_M58,W6_M59,0.7722772277227723
W6_M58,W6_M60,0.9306930693069307
W6_M58,W6_M61,0.7524752475247525
W6_M58,W6_M62,0.9702970297029703
W6_M58,W6_M63,0.9504950495049505
W6_M58,W6_M64,0.9108910891089109
W6_M58,W6_M65,0.7128712871287128
W6_M58,W6_M66,0.5742574257425742
W6_M58,W6_M67,0.49504950495049505
W6_M58,W6_M68,0.39603960396039606
W6_M58,W6_M69,0.5742574257425742
W6_M58,W6_M70,0.25742574257425743
W6_M58,W6_M71,0.25742574257425743
W6_M58,W6_M72,0.33663366336633666
W6_M58,W6_M73,0.43564356435643564
W6_M58,W6_M74,0.297029702970297
W6_M58,W6_M75,0.49504950495049505
W6_M58,W6_M76,0.43564356435643564
W6_M58,W6_M77,0.4158415841584158
W6_M58,W6_M78,0.5742574257425742
W6_M58,W6_M79,0.37623762376237624
W6_M58,W6_M80,0.4158415841584158
W6_M58,W6_M81,0.5148514851485149
W6_M58,W6_M82,0.49504950495049505
W6_M58,W6_M83,0.594059405940594
W6_M58,W6_M84,0.594059405940594
W6_M58,W6_M85,0.25742574257425743
W6_M58,W6_M86,0.27722772277227725
W6_M58,W6_M87,0.25742574257425743
W6_M58,W6_M88,0.297029702970297
W6_M58,W6_M89,0.31683168316831684
W6_M58,W6_M90,0.1188118811881188
W6_M58,W6_M91,0.1188118811881188
W6_M58,W6_M92,0.0594059405940594
W6_M58,W6_M93,0.1188118811881188
W6_M58,W6_M94,0.039603960396039604
W6_M58,W6_M95,0.019801980198019802
W6_M58,W6_M96,0.039603960396039604
W6_M58,W6_M97,0.019801980198019802
W6_M58,W6_M98,0.019801980198019802
W6_M58,W6_M99,0.019801980198019802
W6_M58,W6_M100,0.019801980198019802
W6_M59,W6_M60,0.9504950495049505
W6_M59,W6_M61,0.8910891089108911
W6_M59,W6_M62,0.9900990099009901
W6_M59,W6_M63,0.8316831683168316
W6_M59,W6_M64,0.8910891089108911
W6_M59,W6_M65,0.45544554455445546
W6_M59,W6_M66,0.5742574257425742
W6_M59,W6_M67,0.7128712871287128
W6_M59,W6_M68,0.4158415841584158
W6_M59,W6_M69,0.4752475247524752
W6_M59,W6_M70,0.1782178217821782
W6_M59,W6_M71,0.43564356435643564
W6_M59,W6_M72,0.31683168316831684
W6_M59,W6_M73,0.3564356435643564
W6_M59,W6_M74,0.3564356435643564
W6_M59,W6_M75,0.31683168316831684
W6_M59,W6_M76,0.27722772277227725
W6_M59,W6_M77,0.4752475247524752
W6_M59,W6_M78,0.5346534653465347
W6_M59,W6_M79,0.31683168316831684
W6_M59,W6_M80,0.31683168316831684
W6_M59,W6_M81,0.5346534653465347
W6_M59,W6_M82,0.45544554455445546
W6_M59,W6_M83,0.49504950495049505
W6_M59,W6_M84,0.7524752475247525
W6_M59,W6_M85,0.31683168316831684
W6_M59,W6_M86,0.2376237623762376
W6_M59,W6_M87,0.2376237623762376
W6_M59,W6_M88,0.27722772277227725
W6_M59,W6_M89,0.2376237623762376
W6_M59,W6_M90,0.19801980198019803
W6_M59,W6_M91,0.15841584158415842
W6_M59,W6_M92,0.07920792079207921
W6_M59,W6_M93,0.09900990099009901
W6_M59,W6_M94,0.039603960396039604
W6_M59,W6_M95,0.019801980198019802
W6_M59,W6_M96,0.019801980198019802
W6_M59,W6_M97,0.019801980198019802
W6_M59,W6_M98,0.019801980198019802
W6_M59,W6_M99,0.019801980198019802
W6_M59,W6_M100,0.019801980198019802
W6_M60,W6_M61,0.7524752475247525
W6_M60,W6_M62,0.9108910891089109
W6_M60,W6_M63,0.7722772277227723
W6_M60,W6_M64,0.9900990099009901
W6_M60,W6_M65,0.49504950495049505
W6_M60,W6_M66,0.5742574257425742
W6_M60,W6_M67,0.8316831683168316
W6_M60,W6_M68,0.33663366336633666
W6_M60,W6_M69,0.6534653465346535
W6_M60,W6_M70,0.1782178217821782
W6_M60,W6_M71,0.27722772277227725
W6_M60,W6_M72,0.33663366336633666
W6_M60,W6_M73,0.4158415841584158
W6_M60,W6_M74,0.37623762376237624
W6_M60,W6_M75,0.4158415841584158
W6_M60,W6_M76,0.5346534653465347
W6_M60,W6_M77,0.27722772277227725
W6_M60,W6_M78,0.3564356435643564
W6_M60,W6_M79,0.37623762376237624
W6_M60,W6_M80,0.43564356435643564
W6_M60,W6_M81,0.45544554455445546
W6_M60,W6_M82,0.4752475247524752
W6_M60,W6_M83,0.4752475247524752
W6_M60,W6_M84,0.594059405940594
W6_M60,W6_M85,0.13861386138613863
W6_M60,W6_M86,0.297029702970297
W6_M60,W6_M87,0.31683168316831684
W6_M60,W6_M88,0.21782178217821782
W6_M60,W6_M89,0.21782178217821782
W6_M60,W6_M90,0.019801980198019802
W6_M60,W6_M91,0.1188118811881188
W6_M60,W6_M92,0.13861386138613863
W6_M60,W6_M93,0.0594059405940594
W6_M60,W6_M94,0.0594059405940594
W6_M60,W6_M95,0.019801980198019802
W6_M60,W6_M96,0.019801980198019802
W6_M60,W6_M97,0.019801980198019802
W6_M60,W6_M98,0.019801980198019802
W6_M60,W6_M99,0.019801980198019802
W6_M60,W6_M100,0.019801980198019802
W6_M61,W6_M62,0.8514851485148515
W6_M61,W6_M63,0.8910891089108911
W6_M61,W6_M64,0.8514851485148515
W6_M61,W6_M65,0.31683168316831684
W6_M61,W6_M66,0.297029702970297
W6_M61,W6_M67,0.8712871287128713
W6_M61,W6_M68,0.31683168316831684
W6_M61,W6_M69,0.27722772277227725
W6_M61,W6_M70,0.2376237623762376
W6_M61,W6_M71,0.27722772277227725
W6_M61,W6_M72,0.33663366336633666
W6_M61,W6_M73,0.39603960396039606
W6_M61,W6_M74,0.21782178217821782
W6_M61,W6_M75,0.2376237623762376
W6_M61,W6_M76,0.4752475247524752
W6_M61,W6_M77,0.39603960396039606
W6_M61,W6_M78,0.37623762376237624
W6_M61,W6_M79,0.39603960396039606
W6_M61,W6_M80,0.4158415841584158
W6_M61,W6_M81,0.39603960396039606
W6_M61,W6_M82,0.4158415841584158
W6_M61,W6_M83,0.4752475247524752
W6_M61,W6_M84,0.6138613861386139
W6_M61,W6_M85,0.33663366336633666
W6_M61,W6_M86,0.3564356435643564
W6_M61,W6_M87,0.19801980198019803
W6_M61,W6_M88,0.21782178217821782
W6_M61,W6_M89,0.15841584158415842
W6_M61,W6_M90,0.13861386138613863
W6_M61,W6_M91,0.09900990099009901
W6_M61,W6_M92,0.09900990099009901
W6_M61,W6_M93,0.07920792079207921
W6_M61,W6_M94,0.019801980198019802
W6_M61,W6_M95,0.039603960396039604
W6_M61,W6_M96,0.019801980198019802
W6_M61,W6_M97,0.019801980198019802
W6_M61,W6_M98,0.019801980198019802
W6_M61,W6_M99,0.019801980198019802
W6_M61,W6_M100,0.019801980198019802
W6_M62,W6_M63,0.7524752475247525
W6_M62,W6_M64,0.8514851485148515
W6_M62,W6_M65,0.37623762376237624
W6_M62,W6_M66,0.39603960396039606
W6_M62,W6_M67,0.8118811881188119
W6_M62,W6_M68,0.39603960396039606
W6_M62,W6_M69,0.594059405940594
W6_M62,W6_M70,0.37623762376237624
W6_M62,W6_M71,0.39603960396039606
W6_M62,W6_M72,0.27722772277227725
W6_M62,W6_M73,0.39603960396039606
W6_M62,W6_M74,0.2376237623762376
W6_M62,W6_M75,0.43564356435643564
W6_M62,W6_M76,0.4752475247524752
W6_M62,W6_M77,0.39603960396039606
W6_M62,W6_M78,0.31683168316831684
W6_M62,W6_M79,0.49504950495049505
W6_M62,W6_M80,0.37623762376237624
W6_M62,W6_M81,0.594059405940594
W6_M62,W6_M82,0.693069306930693
W6_M62,W6_M83,0.6138613861386139
W6_M62,W6_M84,0.8514851485148515
W6_M62,W6_M85,0.31683168316831684
W6_M62,W6_M86,0.27722772277227725
W6_M62,W6_M87,0.31683168316831684
W6_M62,W6_M88,0.1782178217821782
W6_M62,W6_M89,0.19801980198019803
W6_M62,W6_M90,0.2376237623762376
W6_M62,W6_M91,0.1188118811881188
W6_M62,W6_M92,0.15841584158415842
W6_M62,W6_M93,0.019801980198019802
W6_M62,W6_M94,0.0594059405940594
W6_M62,W6_M95,0.019801980198019802
W6_M62,W6_M96,0.019801980198019802
W6_M62,W6_M97,0.019801980198019802
W6_M62,W6_M98,0.019801980198019802
W6_M62,W6_M99,0.019801980198019802
W6_M62,W6_M100,0.019801980198019802
W6_M63,W6_M64,0.8910891089108911
W6_M63,W6_M65,0.39603960396039606
W6_M63,W6_M66,0.4158415841584158
W6_M63,W6_M67,0.7722772277227723
W6_M63,W6_M68,0.31683168316831684
W6_M63,W6_M69,0.594059405940594
W6_M63,W6_M70,0.2376237623762376
W6_M63,W6_M71,0.27722772277227725
W6_M63,W6_M72,0.39603960396039606
W6_M63,W6_M73,0.4752475247524752
W6_M63,W6_M74,0.31683168316831684
W6_M63,W6_M75,0.5742574257425742
W6_M63,W6_M76,0.37623762376237624
W6_M63,W6_M77,0.27722772277227725
W6_M63,W6_M78,0.33663366336633666
W6_M63,W6_M79,0.4752475247524752
W6_M63,W6_M80,0.27722772277227725
W6_M63,W6_M81,0.43564356435643564
W6_M63,W6_M82,0.6336633663366337
W6_M63,W6_M83,0.5544554455445545
W6_M63,W6_M84,0.39603960396039606
W6_M63,W6_M85,0.13861386138613863
W6_M63,W6_M86,0.3564356435643564
W6_M63,W6_M87,0.19801980198019803
W6_M63,W6_M88,0.297029702970297
W6_M63,W6_M89,0.19801980198019803
W6_M63,W6_M90,0.15841584158415842
W6_M63,W6_M91,0.1188118811881188
W6_M63,W6_M92,0.09900990099009901
W6_M63,W6_M93,0.13861386138613863
W6_M63,W6_M94,0.039603960396039604
W6_M63,W6_M95,0.039603960396039604
W6_M63,W6_M96,0.019801980198019802
W6_M63,W6_M97,0.019801980198019802
W6_M63,W6_M98,0.019801980198019802
W6_M63,W6_M99,0.019801980198019802
W6_M63,W6_M100,0.019801980198019802
W6_M64,W6_M65,0.37623762376237624
W6_M64,W6_M66,0.6732673267326733
W6_M64,W6_M67,0.8316831683168316
W6_M64,W6_M68,0.33663366336633666
W6_M64,W6_M69,0.693069306930693
W6_M64,W6_M70,0.27722772277227725
W6_M64,W6_M71,0.25742574257425743
W6_M64,W6_M72,0.19801980198019803
W6_M64,W6_M73,0.33663366336633666
W6_M64,W6_M74,0.27722772277227725
W6_M64,W6_M75,0.33663366336633666
W6_M64,W6_M76,0.297029702970297
W6_M64,W6_M77,0.297029702970297
W6_M64,W6_M78,0.37623762376237624
W6_M64,W6_M79,0.31683168316831684
W6_M64,W6_M80,0.27722772277227725
W6_M64,W6_M81,0.5544554455445545
W6_M64,W6_M82,0.45544554455445546
W6_M64,W6_M83,0.6336633663366337
W6_M64,W6_M84,0.6138613861386139
W6_M64,W6_M85,0.2376237623762376
W6_M64,W6_M86,0.297029702970297
W6_M64,W6_M87,0.21782178217821782
W6_M64,W6_M88,0.19801980198019803
W6_M64,W6_M89,0.25742574257425743
W6_M64,W6_M90,0.09900990099009901
W6_M64,W6_M91,0.07920792079207921
W6_M64,W6_M92,0.1188118811881188
W6_M64,W6_M93,0.13861386138613863
W6_M64,W6_M94,0.039603960396039604
W6_M64,W6_M95,0.019801980198019802
W6_M64,W6_M96,0.019801980198019802
W6_M64,W6_M97,0.019801980198019802
W6_M64,W6_M98,0.019801980198019802
W6_M64,W6_M99,0.019801980198019802
W6_M64,W6_M100,0.019801980198019802
W6_M65,W6_M66,0.9108910891089109
W6_M65,W6_M67,0.9900990099009901
W6_M65,W6_M68,0.6138613861386139
W6_M65,W6_M69,0.8118811881188119
W6_M65,W6_M70,0.7722772277227723
W6_M65,W6_M71,0.5346534653465347
W6_M65,W6_M72,0.5346534653465347
W6_M65,W6_M73,0.6534653465346535
W6_M65,W6_M74,0.594059405940594
W6_M65,W6_M75,0.6138613861386139
W6_M65,W6_M76,0.6732673267326733
W6_M65,W6_M77,0.4752475247524752
W6_M65,W6_M78,0.6534653465346535
W6_M65,W6_M79,0.49504950495049505
W6_M65,W6_M80,0.49504950495049505
W6_M65,W6_M81,0.8316831683168316
W6_M65,W6_M82,0.6336633663366337
W6_M65,W6_M83,0.6732673267326733
W6_M65,W6_M84,0.693069306930693
W6_M65,W6_M85,0.5742574257425742
W6_M65,W6_M86,0.5346534653465347
W6_M65,W6_M87,0.31683168316831684
W6_M65,W6_M88,0.37623762376237624
W6_M65,W6_M89,0.31683168316831684
W6_M65,W6_M90,0.37623762376237624
W6_M65,W6_M91,0.2376237623762376
W6_M65,W6_M92,0.297029702970297
W6_M65,W6_M93,0.15841584158415842
W6_M65,W6_M94,0.0594059405940594
W6_M65,W6_M95,0.019801980198019802
W6_M65,W6_M96,0.019801980198019802
W6_M65,W6_M97,0.039603960396039604
W6_M65,W6_M98,0.019801980198019802
W6_M65,W6_M99,0.019801980198019802
W6_M65,W6_M100,0.019801980198019802
W6_M66,W6_M67,0.8118811881188119
W6_M66,W6_M68,0.8910891089108911
W6_M66,W6_M69,0.6138613861386139
W6_M66,W6_M70,0.7128712871287128
W6_M66,W6_M71,0.7128712871287128
W6_M66,W6_M72,0.6138613861386139
W6_M66,W6_M73,0.6534653465346535
W6_M66,W6_M74,0.7524752475247525
W6_M66,W6_M75,0.8118811881188119
W6_M66,W6_M76,0.7326732673267327
W6_M66,W6_M77,0.9900990099009901
W6_M66,W6_M78,0.8514851485148515
W6_M66,W6_M79,0.4158415841584158
W6_M66,W6_M80,0.7128712871287128
W6_M66,W6_M81,0.594059405940594
W6_M66,W6_M82,0.7128712871287128
W6_M66,W6_M83,0.693069306930693
W6_M66,W6_M84,0.8910891089108911
W6_M66,W6_M85,0.6336633663366337
W6_M66,W6_M86,0.43564356435643564
W6_M66,W6_M87,0.37623762376237624
W6_M66,W6_M88,0.27722772277227725
W6_M66,W6_M89,0.33663366336633666
W6_M66,W6_M90,0.21782178217821782
W6_M66,W6_M91,0.15841584158415842
W6_M66,W6_M92,0.15841584158415842
W6_M66,W6_M93,0.21782178217821782
W6_M66,W6_M94,0.07920792079207921
W6_M66,W6_M95,0.019801980198019802
W6_M66,W6_M96,0.019801980198019802
W6_M66,W6_M97,0.019801980198019802
W6_M66,W6_M98,0.019801980198019802
W6_M66,W6_M99,0.019801980198019802
W6_M66,W6_M100,0.019801980198019802
W6_M67,W6_M68,0.9900990099009901
W6_M67,W6_M69,0.9306930693069307
W6_M67,W6_M70,0.8910891089108911
W6_M67,W6_M71,0.8514851485148515
W6_M67,W6_M72,0.9108910891089109
W6_M67,W6_M73,0.9702970297029703
W6_M67,W6_M74,0.8316831683168316
W6_M67,W6_M75,0.9504950495049505
W6_M67,W6_M76,0.9900990099009901
W6_M67,W6_M77,1.00990099009901
W6_M67,W6_M78,0.8910891089108911
W6_M67,W6_M79,0.8712871287128713
W6_M67,W6_M80,0.9108910891089109
W6_M67,W6_M81,0.8712871287128713
W6_M67,W6_M82,0.9702970297029703
W6_M67,W6_M83,0.8118811881188119
W6_M67,W6_M84,0.8514851485148515
W6_M67,W6_M85,0.8514851485148515
W6_M67,W6_M86,0.7128712871287128
W6_M67,W6_M87,0.7128712871287128
W6_M67,W6_M88,0.6336633663366337
W6_M67,W6_M89,0.8316831683168316
W6_M67,W6_M90,0.45544554455445546
W6_M67,W6_M91,0.5742574257425742
W6_M67,W6_M92,0.3564356435643564
W6_M67,W6_M93,0.0594059405940594
W6_M67,W6_M94,0.21782178217821782
W6_M67,W6_M95,0.039603960396039604
W6_M67,W6_M96,0.019801980198019802
W6_M67,W6_M97,0.019801980198019802
W6_M67,W6_M98,0.019801980198019802
W6_M67,W6_M99,0.019801980198019802
W6_M67,W6_M100,0.019801980198019802
W6_M68,W6_M69,0.7920792079207921
W6_M68,W6_M70,0.7326732673267327
W6_M68,W6_M71,0.9108910891089109
W6_M68,W6_M72,0.9702970297029703
W6_M68,W6_M73,0.9108910891089109
W6_M68,W6_M74,0.7920792079207921
W6_M68,W6_M75,0.8712871287128713
W6_M68,W6_M76,0.9306930693069307
W6_M68,W6_M77,0.9108910891089109
W6_M68,W6_M78,1.00990099009901
W6_M68,W6_M79,0.7128712871287128
W6_M68,W6_M80,0.8514851485148515
W6_M68,W6_M81,0.7722772277227723
W6_M68,W6_M82,0.8910891089108911
W6_M68,W6_M83,0.7524752475247525
W6_M68,W6_M84,0.8514851485148515
W6_M68,W6_M85,0.37623762376237624
W6_M68,W6_M86,0.6336633663366337
W6_M68,W6_M87,0.43564356435643564
W6_M68,W6_M88,0.3564356435643564
W6_M68,W6_M89,0.21782178217821782
W6_M68,W6_M90,0.2376237623762376
W6_M68,W6_M91,0.297029702970297
W6_M68,W6_M92,0.21782178217821782
W6_M68,W6_M93,0.13861386138613863
W6_M68,W6_M94,0.13861386138613863
W6_M68,W6_M95,0.07920792079207921
W6_M68,W6_M96,0.039603960396039604
W6_M68,W6_M97,0.019801980198019802
W6_M68,W6_M98,0.019801980198019802
W6_M68,W6_M99,0.019801980198019802
W6_M68,W6_M100,0.019801980198019802
W6_M69,W6_M70,0.9108910891089109
W6_M69,W6_M71,0.8910891089108911
W6_M69,W6_M72,0.9702970297029703
W6_M69,W6_M73,0.8910891089108911
W6_M69,W6_M74,0.9702970297029703
W6_M69,W6_M75,0.9900990099009901
W6_M69,W6_M76,0.8514851485148515
W6_M69,W6_M77,0.9900990099009901
W6_M69,W6_M78,0.8910891089108911
W6_M69,W6_M79,0.8910891089108911
W6_M69,W6_M80,0.8712871287128713
W6_M69,W6_M81,0.7722772277227723
W6_M69,W6_M82,0.9900990099009901
W6_M69,W6_M83,0.8910891089108911
W6_M69,W6_M84,0.9900990099009901
W6_M69,W6_M85,0.7524752475247525
W6_M69,W6_M86,0.5742574257425742
W6_M69,W6_M87,0.594059405940594
W6_M69,W6_M88,0.5148514851485149
W6_M69,W6_M89,0.5544554455445545
W6_M69,W6_M90,0.4752475247524752
W6_M69,W6_M91,0.2376237623762376
W6_M69,W6_M92,0.27722772277227725
W6_M69,W6_M93,0.297029702970297
W6_M69,W6_M94,0.21782178217821782
W6_M69,W6_M95,0.0594059405940594
W6_M69,W6_M96,0.09900990099009901
W6_M69,W6_M97,0.039603960396039604
W6_M69,W6_M98,0.019801980198019802
W6_M69,W6_M99,0.019801980198019802
W6_M69,W6_M100,0.019801980198019802
W6_M70,W6_M71,0.6732673267326733
W6_M70,W6_M72,0.8712871287128713
W6_M70,W6_M73,0.6534653465346535
W6_M70,W6_M74,0.7722772277227723
W6_M70,W6_M75,0.6732673267326733
W6_M70,W6_M76,0.5148514851485149
W6_M70,W6_M77,0.693069306930693
W6_M70,W6_M78,0.5742574257425742
W6_M70,W6_M79,0.9504950495049505
W6_M70,W6_M80,0.6138613861386139
W6_M70,W6_M81,0.9900990099009901
W6_M70,W6_M82,0.8514851485148515
W6_M70,W6_M83,0.9702970297029703
W6_M70,W6_M84,0.9504950495049505
W6_M70,W6_M85,1.00990099009901
W6_M70,W6_M86,0.6336633663366337
W6_M70,W6_M87,0.3564356435643564
W6_M70,W6_M88,0.37623762376237624
W6_M70,W6_M89,0.297029702970297
W6_M70,W6_M90,0.3564356435643564
W6_M70,W6_M91,0.25742574257425743
W6_M70,W6_M92,0.3564356435643564
W6_M70,W6_M93,0.39603960396039606
W6_M70,W6_M94,0.1782178217821782
W6_M70,W6_M95,0.039603960396039604
W6_M70,W6_M96,0.07920792079207921
W6_M70,W6_M97,0.019801980198019802
W6_M70,W6_M98,0.019801980198019802
W6_M70,W6_M99,0.039603960396039604
W6_M70,W6_M100,0.019801980198019802
W6_M71,W6_M72,0.8910891089108911
W6_M71,W6_M73,0.9108910891089109
W6_M71,W6_M74,0.9504950495049505
W6_M71,W6_M75,0.9306930693069307
W6_M71,W6_M76,0.9504950495049505
W6_M71,W6_M77,1.00990099009901
W6_M71,W6_M78,0.7920792079207921
W6_M71,W6_M79,1.00990099009901
W6_M71,W6_M80,0.8910891089108911
W6_M71,W6_M81,0.9306930693069307
W6_M71,W6_M82,0.9306930693069307
W6_M71,W6_M83,0.8910891089108911
W6_M71,W6_M84,0.9504950495049505
W6_M71,W6_M85,0.8118811881188119
W6_M71,W6_M86,0.7128712871287128
W6_M71,W6_M87,0.31683168316831684
W6_M71,W6_M88,0.25742574257425743
W6_M71,W6_M89,0.27722772277227725
W6_M71,W6_M90,0.297029702970297
W6_M71,W6_M91,0.2376237623762376
W6_M71,W6_M92,0.2376237623762376
W6_M71,W6_M93,0.27722772277227725
W6_M71,W6_M94,0.0594059405940594
W6_M71,W6_M95,0.019801980198019802
W6_M71,W6_M96,0.019801980198019802
W6_M71,W6_M97,0.019801980198019802
W6_M71,W6_M98,0.039603960396039604
W6_M71,W6_M99,0.019801980198019802
W6_M71,W6_M100,0.019801980198019802
W6_M72,W6_M73,0.693069306930693
W6_M72,W6_M74,0.8514851485148515
W6_M72,W6_M75,0.8316831683168316
W6_M72,W6_M76,0.9900990099009901
W6_M72,W6_M77,0.9702970297029703
W6_M72,W6_M78,0.7920792079207921
W6_M72,W6_M79,1.00990099009901
W6_M72,W6_M80,0.8910891089108911
W6_M72,W6_M81,0.9504950495049505
W6_M72,W6_M82,0.8514851485148515
W6_M72,W6_M83,0.9108910891089109
W6_M72,W6_M84,0.9108910891089109
W6_M72,W6_M85,0.7722772277227723
W6_M72,W6_M86,0.6336633663366337
W6_M72,W6_M87,0.3564356435643564
W6_M72,W6_M88,0.5148514851485149
W6_M72,W6_M89,0.37623762376237624
W6_M72,W6_M90,0.2376237623762376
W6_M72,W6_M91,0.25742574257425743
W6_M72,W6_M92,0.27722772277227725
W6_M72,W6_M93,0.25742574257425743
W6_M72,W6_M94,0.0594059405940594
W6_M72,W6_M95,0.019801980198019802
W6_M72,W6_M96,0.039603960396039604
W6_M72,W6_M97,0.019801980198019802
W6_M72,W6_M98,0.019801980198019802
W6_M72,W6_M99,0.019801980198019802
W6_M72,W6_M100,0.019801980198019802
W6_M73,W6_M74,0.8910891089108911
W6_M73,W6_M75,0.8316831683168316
W6_M73,W6_M76,0.9306930693069307
W6_M73,W6_M77,0.8514851485148515
W6_M73,W6_M78,0.9306930693069307
W6_M73,W6_M79,0.7326732673267327
W6_M73,W6_M80,0.7524752475247525
W6_M73,W6_M81,0.8316831683168316
W6_M73,W6_M82,0.8910891089108911
W6_M73,W6_M83,1.00990099009901
W6_M73,W6_M84,0.8118811881188119
W6_M73,W6_M85,0.9504950495049505
W6_M73,W6_M86,0.45544554455445546
W6_M73,W6_M87,0.21782178217821782
W6_M73,W6_M88,0.33663366336633666
W6_M73,W6_M89,0.25742574257425743
W6_M73,W6_M90,0.27722772277227725
W6_M73,W6_M91,0.19801980198019803
W6_M73,W6_M92,0.25742574257425743
W6_M73,W6_M93,0.21782178217821782
W6_M73,W6_M94,0.039603960396039604
W6_M73,W6_M95,0.019801980198019802
W6_M73,W6_M96,0.039603960396039604
W6_M73,W6_M97,0.019801980198019802
W6_M73,W6_M98,0.019801980198019802
W6_M73,W6_M99,0.019801980198019802
W6_M73,W6_M100,0.019801980198019802
W6_M74,W6_M75,0.8712871287128713
W6_M74,W6_M76,0.7326732673267327
W6_M74,W6_M77,0.9108910891089109
W6_M74,W6_M78,0.7524752475247525
W6_M74,W6_M79,0.9504950495049505
W6_M74,W6_M80,0.9900990099009901
W6_M74,W6_M81,0.7128712871287128
W6_M74,W6_M82,0.9306930693069307
W6_M74,W6_M83,0.9702970297029703
W6_M74,W6_M84,1.00990099009901
W6_M74,W6_M85,0.8712871287128713
W6_M74,W6_M86,0.5544554455445545
W6_M74,W6_M87,0.297029702970297
W6_M74,W6_M88,0.3564356435643564
W6_M74,W6_M89,0.3564356435643564
W6_M74,W6_M90,0.13861386138613863
W6_M74,W6_M91,0.13861386138613863
W6_M74,W6_M92,0.27722772277227725
W6_M74,W6_M93,0.33663366336633666
W6_M74,W6_M94,0.09900990099009901
W6_M74,W6_M95,0.019801980198019802
W6_M74,W6_M96,0.019801980198019802
W6_M74,W6_M97,0.019801980198019802
W6_M74,W6_M98,0.019801980198019802
W6_M74,W6_M99,0.019801980198019802
W6_M74,W6_M100,0.019801980198019802
W6_M75,W6_M76,0.8118811881188119
W6_M75,W6_M77,0.9306930693069307
W6_M75,W6_M78,0.8910891089108911
W6_M75,W6_M79,0.7128712871287128
W6_M75,W6_M80,0.7128712871287128
W6_M75,W6_M81,0.8514851485148515
W6_M75,W6_M82,0.8316831683168316
W6_M75,W6_M83,0.8316831683168316
W6_M75,W6_M84,0.7722772277227723
W6_M75,W6_M85,0.8316831683168316
W6_M75,W6_M86,0.49504950495049505
W6_M75,W6_M87,0.19801980198019803
W6_M75,W6_M88,0.37623762376237624
W6_M75,W6_M89,0.1782178217821782
W6_M75,W6_M90,0.37623762376237624
W6_M75,W6_M91,0.21782178217821782
W6_M75,W6_M92,0.1782178217821782
W6_M75,W6_M93,0.2376237623762376
W6_M75,W6_M94,0.07920792079207921
W6_M75,W6_M95,0.019801980198019802
W6_M75,W6_M96,0.019801980198019802
W6_M75,W6_M97,0.019801980198019802
W6_M75,W6_M98,0.019801980198019802
W6_M75,W6_M99,0.019801980198019802
W6_M75,W6_M100,0.019801980198019802
W6_M76,W6_M77,0.8316831683168316
W6_M76,W6_M78,0.9702970297029703
W6_M76,W6_M79,0.7128712871287128
W6_M76,W6_M80,0.8514851485148515
W6_M76,W6_M81,0.8118811881188119
W6_M76,W6_M82,0.8910891089108911
W6_M76,W6_M83,0.9702970297029703
W6_M76,W6_M84,0.9108910891089109
W6_M76,W6_M85,0.8712871287128713
W6_M76,W6_M86,0.6534653465346535
W6_M76,W6_M87,0.37623762376237624
W6_M76,W6_M88,0.31683168316831684
W6_M76,W6_M89,0.25742574257425743
W6_M76,W6_M90,0.27722772277227725
W6_M76,W6_M91,0.33663366336633666
W6_M76,W6_M92,0.25742574257425743
W6_M76,W6_M93,0.25742574257425743
W6_M76,W6_M94,0.039603960396039604
W6_M76,W6_M95,0.019801980198019802
W6_M76,W6_M96,0.019801980198019802
W6_M76,W6_M97,0.019801980198019802
W6_M76,W6_M98,0.019801980198019802
W6_M76,W6_M99,0.019801980198019802
W6_M76,W6_M100,0.019801980198019802
W6_M77,W6_M78,0.9504950495049505
W6_M77,W6_M79,0.693069306930693
W6_M77,W6_M80,0.7920792079207921
W6_M77,W6_M81,0.9108910891089109
W6_M77,W6_M82,0.7326732673267327
W6_M77,W6_M83,0.8514851485148515
W6_M77,W6_M84,0.9108910891089109
W6_M77,W6_M85,0.7722772277227723
W6_M77,W6_M86,0.7326732673267327
W6_M77,W6_M87,0.2376237623762376
W6_M77,W6_M88,0.37623762376237624
W6_M77,W6_M89,0.4158415841584158
W6_M77,W6_M90,0.21782178217821782
W6_M77,W6_M91,0.3564356435643564
W6_M77,W6_M92,0.21782178217821782
W6_M77,W6_M93,0.1782178217821782
W6_M77,W6_M94,0.09900990099009901
W6_M77,W6_M95,0.019801980198019802
W6_M77,W6_M96,0.039603960396039604
W6_M77,W6_M97,0.019801980198019802
W6_M77,W6_M98,0.019801980198019802
W6_M77,W6_M99,0.019801980198019802
W6_M77,W6_M100,0.019801980198019802
W6_M78,W6_M79,0.8316831683168316
W6_M78,W6_M80,0.7722772277227723
W6_M78,W6_M81,0.9108910891089109
W6_M78,W6_M82,0.8514851485148515
W6_M78,W6_M83,0.7920792079207921
W6_M78,W6_M84,0.9702970297029703
W6_M78,W6_M85,0.8118811881188119
W6_M78,W6_M86,0.693069306930693
W6_M78,W6_M87,0.27722772277227725
W6_M78,W6_M88,0.3564356435643564
W6_M78,W6_M89,0.3564356435643564
W6_M78,W6_M90,0.07920792079207921
W6_M78,W6_M91,0.21782178217821782
W6_M78,W6_M92,0.25742574257425743
W6_M78,W6_M93,0.2376237623762376
W6_M78,W6_M94,0.07920792079207921
W6_M78,W6_M95,0.0594059405940594
W6_M78,W6_M96,0.039603960396039604
W6_M78,W6_M97,0.019801980198019802
W6_M78,W6_M98,0.019801980198019802
W6_M78,W6_M99,0.019801980198019802
W6_M78,W6_M100,0.019801980198019802
W6_M79,W6_M80,0.8910891089108911
W6_M79,W6_M81,0.7722772277227723
W6_M79,W6_M82,0.8514851485148515
W6_M79,W6_M83,1.00990099009901
W6_M79,W6_M84,0.9504950495049505
W6_M79,W6_M85,0.9504950495049505
W6_M79,W6_M86,0.6336633663366337
W6_M79,W6_M87,0.3564356435643564
W6_M79,W6_M88,0.45544554455445546
W6_M79,W6_M89,0.19801980198019803
W6_M79,W6_M90,0.37623762376237624
W6_M79,W6_M91,0.25742574257425743
W6_M79,W6_M92,0.25742574257425743
W6_M79,W6_M93,0.19801980198019803
W6_M79,W6_M94,0.15841584158415842
W6_M79,W6_M95,0.019801980198019802
W6_M79,W6_M96,0.039603960396039604
W6_M79,W6_M97,0.019801980198019802
W6_M79,W6_M98,0.019801980198019802
W6_M79,W6_M99,0.019801980198019802
W6_M79,W6_M100,0.019801980198019802
W6_M80,W6_M81,1.00990099009901
W6_M80,W6_M82,0.7920792079207921
W6_M80,W6_M83,0.9504950495049505
W6_M80,W6_M84,0.8712871287128713
W6_M80,W6_M85,0.6534653465346535
W6_M80,W6_M86,0.4158415841584158
W6_M80,W6_M87,0.3564356435643564
W6_M80,W6_M88,0.594059405940594
W6_M80,W6_M89,0.2376237623762376
W6_M80,W6_M90,0.15841584158415842
W6_M80,W6_M91,0.33663366336633666
W6_M80,W6_M92,0.4752475247524752
W6_M80,W6_M93,0.27722772277227725
W6_M80,W6_M94,0.09900990099009901
W6_M80,W6_M95,0.039603960396039604
W6_M80,W6_M96,0.039603960396039604
W6_M80,W6_M97,0.019801980198019802
W6_M80,W6_M98,0.019801980198019802
W6_M80,W6_M99,0.019801980198019802
W6_M80,W6_M100,0.019801980198019802
W6_M81,W6_M82,0.9306930693069307
W6_M81,W6_M83,0.6732673267326733
W6_M81,W6_M84,0.9702970297029703
W6_M81,W6_M85,0.9702970297029703
W6_M81,W6_M86,0.7128712871287128
W6_M81,W6_M87,0.693069306930693
W6_M81,W6_M88,0.5346534653465347
W6_M81,W6_M89,0.693069306930693
W6_M81,W6_M90,0.49504950495049505
W6_M81,W6_M91,0.6732673267326733
W6_M81,W6_M92,0.4158415841584158
W6_M81,W6_M93,0.37623762376237624
W6_M81,W6_M94,0.07920792079207921
W6_M81,W6_M95,0.019801980198019802
W6_M81,W6_M96,0.039603960396039604
W6_M81,W6_M97,0.039603960396039604
W6_M81,W6_M98,0.019801980198019802
W6_M81,W6_M99,0.019801980198019802
W6_M81,W6_M100,0.019801980198019802
W6_M82,W6_M83,0.7920792079207921
W6_M82,W6_M84,0.9108910891089109
W6_M82,W6_M85,1.00990099009901
W6_M82,W6_M86,0.7128712871287128
W6_M82,W6_M87,0.6732673267326733
W6_M82,W6_M88,0.7920792079207921
W6_M82,W6_M89,0.5148514851485149
W6_M82,W6_M90,0.4752475247524752
W6_M82,W6_M91,0.5346534653465347
W6_M82,W6_M92,0.45544554455445546
W6_M82,W6_M93,0.37623762376237624
W6_M82,W6_M94,0.09900990099009901
W6_M82,W6_M95,0.07920792079207921
W6_M82,W6_M96,0.07920792079207921
W6_M82,W6_M97,0.019801980198019802
W6_M82,W6_M98,0.019801980198019802
W6_M82,W6_M99,0.019801980198019802
W6_M82,W6_M100,0.019801980198019802
W6_M83,W6_M84,0.8514851485148515
W6_M83,W6_M85,0.8910891089108911
W6_M83,W6_M86,0.8316831683168316
W6_M83,W6_M87,0.7326732673267327
W6_M83,W6_M88,0.5148514851485149
W6_M83,W6_M89,0.5742574257425742
W6_M83,W6_M90,0.33663366336633666
W6_M83,W6_M91,0.39603960396039606
W6_M83,W6_M92,0.25742574257425743
W6_M83,W6_M93,0.21782178217821782
W6_M83,W6_M94,0.039603960396039604
W6_M83,W6_M95,0.019801980198019802
W6_M83,W6_M96,0.019801980198019802
W6_M83,W6_M97,0.019801980198019802
W6_M83,W6_M98,0.019801980198019802
W6_M83,W6_M99,0.019801980198019802
W6_M83,W6_M100,0.019801980198019802
W6_M84,W6_M85,0.9504950495049505
W6_M84,W6_M86,0.7920792079207921
W6_M84,W6_M87,0.9702970297029703
W6_M84,W6_M88,0.7722772277227723
W6_M84,W6_M89,0.7524752475247525
W6_M84,W6_M90,0.8118811881188119
W6_M84,W6_M91,0.8118811881188119
W6_M84,W6_M92,0.5148514851485149
W6_M84,W6_M93,0.1188118811881188
W6_M84,W6_M94,0.2376237623762376
W6_M84,W6_M95,0.07920792079207921
W6_M84,W6_M96,0.07920792079207921
W6_M84,W6_M97,0.0594059405940594
W6_M84,W6_M98,0.039603960396039604
W6_M84,W6_M99,0.039603960396039604
W6_M84,W6_M100,0.019801980198019802
W6_M85,W6_M86,0.5742574257425742
W6_M85,W6_M87,0.6138613861386139
W6_M85,W6_M88,0.6732673267326733
W6_M85,W6_M89,0.39603960396039606
W6_M85,W6_M90,0.49504950495049505
W6_M85,W6_M91,0.49504950495049505
W6_M85,W6_M92,0.33663366336633666
W6_M85,W6_M93,0.3564356435643564
W6_M85,W6_M94,0.15841584158415842
W6_M85,W6_M95,0.0594059405940594
W6_M85,W6_M96,0.039603960396039604
W6_M85,W6_M97,0.019801980198019802
W6_M85,W6_M98,0.019801980198019802
W6_M85,W6_M99,0.019801980198019802
W6_M85,W6_M100,0.019801980198019802
W6_M86,W6_M87,0.9306930693069307
W6_M86,W6_M88,0.9306930693069307
W6_M86,W6_M89,0.8316831683168316
W6_M86,W6_M90,0.8316831683168316
W6_M86,W6_M91,0.7920792079207921
W6_M86,W6_M92,0.33663366336633666
W6_M86,W6_M93,0.3564356435643564
W6_M86,W6_M94,0.1188118811881188
W6_M86,W6_M95,0.1782178217821782
W6_M86,W6_M96,0.09900990099009901
W6_M86,W6_M97,0.019801980198019802
W6_M86,W6_M98,0.019801980198019802
W6_M86,W6_M99,0.019801980198019802
W6_M86,W6_M100,0.019801980198019802
W6_M87,W6_M88,1.00990099009901
W6_M87,W6_M89,0.9504950495049505
W6_M87,W6_M90,0.7920792079207921
W6_M87,W6_M91,0.6138613861386139
W6_M87,W6_M92,0.6138613861386139
W6_M87,W6_M93,0.4158415841584158
W6_M87,W6_M94,0.09900990099009901
W6_M87,W6_M95,0.0594059405940594
W6_M87,W6_M96,0.0594059405940594
W6_M87,W6_M97,0.0594059405940594
W6_M87,W6_M98,0.039603960396039604
W6_M87,W6_M99,0.019801980198019802
W6_M87,W6_M100,0.019801980198019802
W6_M88,W6_M89,0.9108910891089109
W6_M88,W6_M90,0.8514851485148515
W6_M88,W6_M91,0.8712871287128713
W6_M88,W6_M92,0.6732673267326733
W6_M88,W6_M93,0.693069306930693
W6_M88,W6_M94,0.21782178217821782
W6_M88,W6_M95,0.07920792079207921
W6_M88,W6_M96,0.039603960396039604
W6_M88,W6_M97,0.019801980198019802
W6_M88,W6_M98,0.019801980198019802
W6_M88,W6_M99,0.039603960396039604
W6_M88,W6_M100,0.019801980198019802
W6_M89,W6_M90,0.9504950495049505
W6_M89,W6_M91,0.9702970297029703
W6_M89,W6_M92,0.49504950495049505
W6_M89,W6_M93,0.297029702970297
W6_M89,W6_M94,0.13861386138613863
W6_M89,W6_M95,0.15841584158415842
W6_M89,W6_M96,0.07920792079207921
W6_M89,W6_M97,0.0594059405940594
W6_M89,W6_M98,0.039603960396039604
W6_M89,W6_M99,0.019801980198019802
W6_M89,W6_M100,0.019801980198019802
W6_M90,W6_M91,0.9108910891089109
W6_M90,W6_M92,0.7326732673267327
W6_M90,W6_M93,0.5148514851485149
W6_M90,W6_M94,0.0594059405940594
W6_M90,W6_M95,0.0594059405940594
W6_M90,W6_M96,0.0594059405940594
W6_M90,W6_M97,0.019801980198019802
W6_M90,W6_M98,0.019801980198019802
W6_M90,W6_M99,0.019801980198019802
W6_M90,W6_M100,0.019801980198019802
W6_M91,W6_M92,0.6732673267326733
W6_M91,W6_M93,0.6138613861386139
W6_M91,W6_M94,0.45544554455445546
W6_M91,W6_M95,0.13861386138613863
W6_M91,W6_M96,0.1188118811881188
W6_M91,W6_M97,0.019801980198019802
W6_M91,W6_M98,0.039603960396039604
W6_M91,W6_M99,0.019801980198019802
W6_M91,W6_M100,0.019801980198019802
W6_M92,W6_M93,0.594059405940594
W6_M92,W6_M94,0.5148514851485149
W6_M92,W6_M95,0.21782178217821782
W6_M92,W6_M96,0.2376237623762376
W6_M92,W6_M97,0.09900990099009901
W6_M92,W6_M98,0.039603960396039604
W6_M92,W6_M99,0.019801980198019802
W6_M92,W6_M100,0.019801980198019802
W6_M93,W6_M94,0.9702970297029703
W6_M93,W6_M95,0.39603960396039606
W6_M93,W6_M96,0.19801980198019803
W6_M93,W6_M97,0.13861386138613863
W6_M93,W6_M98,0.0594059405940594
W6_M93,W6_M99,0.07920792079207921
W6_M93,W6_M100,0.019801980198019802
W6_M94,W6_M95,0.5742574257425742
W6_M94,W6_M96,0.43564356435643564
W6_M94,W6_M97,0.27722772277227725
W6_M94,W6_M98,0.0594059405940594
W6_M94,W6_M99,0.039603960396039604
W6_M94,W6_M100,0.019801980198019802
W6_M95,W6_M96,0.5544554455445545
W6_M95,W6_M97,0.27722772277227725
W6_M95,W6_M98,0.13861386138613863
W6_M95,W6_M99,0.0594059405940594
W6_M95,W6_M100,0.019801980198019802
W6_M96,W6_M97,0.37623762376237624
W6_M96,W6_M98,0.19801980198019803
W6_M96,W6_M99,0.1188118811881188
W6_M96,W6_M100,0.039603960396039604
W6_M97,W6_M98,0.45544554455445546
W6_M97,W6_M99,0.0594059405940594
W6_M97,W6_M100,0.039603960396039604
W6_M98,W6_M99,0.6336633663366337
W6_M98,W6_M100,0.13861386138613863
W6_M99,W6_M100,0.19801980198019803
W6_M2,W6_M1,0.7920792079207921
W6_M3,W6_M1,0.7326732673267327
W6_M4,W6_M1,0.9306930693069307
W6_M5,W6_M1,0.8910891089108911
W6_M6,W6_M1,0.1782178217821782
W6_M7,W6_M1,0.4752475247524752
W6_M8,W6_M1,0.6138613861386139
W6_M9,W6_M1,0.3564356435643564
W6_M10,W6_M1,0.31683168316831684
W6_M11,W6_M1,0.27722772277227725
W6_M12,W6_M1,0.25742574257425743
W6_M13,W6_M1,0.39603960396039606
W6_M14,W6_M1,0.3564356435643564
W6_M15,W6_M1,0.594059405940594
W6_M16,W6_M1,0.7326732673267327
W6_M17,W6_M1,0.3564356435643564
W6_M18,W6_M1,0.39603960396039606
W6_M19,W6_M1,0.297029702970297
W6_M20,W6_M1,0.297029702970297
W6_M21,W6_M1,0.37623762376237624
W6_M22,W6_M1,0.3564356435643564
W6_M23,W6_M1,0.1188118811881188
W6_M24,W6_M1,0.21782178217821782
W6_M25,W6_M1,0.297029702970297
W6_M26,W6_M1,0.39603960396039606
W6_M27,W6_M1,0.3564356435643564
W6_M28,W6_M1,0.19801980198019803
W6_M29,W6_M1,0.19801980198019803
W6_M30,W6_M1,0.15841584158415842
W6_M31,W6_M1,0.297029702970297
W6_M32,W6_M1,0.1782178217821782
W6_M33,W6_M1,0.21782178217821782
W6_M34,W6_M1,0.2376237623762376
W6_M35,W6_M1,0.09900990099009901
W6_M36,W6_M1,0.25742574257425743
W6_M37,W6_M1,0.19801980198019803
W6_M38,W6_M1,0.21782178217821782
W6_M39,W6_M1,0.13861386138613863
W6_M40,W6_M1,0.1188118811881188
W6_M41,W6_M1,0.0594059405940594
W6_M42,W6_M1,0.1188118811881188
W6_M43,W6_M1,0.13861386138613863
W6_M44,W6_M1,0.09900990099009901
W6_M45,W6_M1,0.09900990099009901
W6_M46,W6_M1,0.09900990099009901
W6_M47,W6_M1,0.09900990099009901
W6_M48,W6_M1,0.039603960396039604
W6_M49,W6_M1,0.0594059405940594
W6_M50,W6_M1,0.09900990099009901
W6_M51,W6_M1,0.13861386138613863
W6_M52,W6_M1,0.0594059405940594
W6_M53,W6_M1,0.039603960396039604
W6_M54,W6_M1,0.07920792079207921
W6_M55,W6_M1,0.13861386138613863
W6_M56,W6_M1,0.09900990099009901
W6_M57,W6_M1,0.039603960396039604
W6_M58,W6_M1,0.039603960396039604
W6_M59,W6_M1,0.09900990099009901
W6_M60,W6_M1,0.15841584158415842
W6_M61,W6_M1,0.07920792079207921
W6_M62,W6_M1,0.1188118811881188
W6_M63,W6_M1,0.09900990099009901
W6_M64,W6_M1,0.0594059405940594
W6_M65,W6_M1,0.07920792079207921
W6_M66,W6_M1,0.019801980198019802
W6_M67,W6_M1,0.039603960396039604
W6_M68,W6_M1,0.07920792079207921
W6_M69,W6_M1,0.019801980198019802
W6_M70,W6_M1,0.039603960396039604
W6_M71,W6_M1,0.019801980198019802
W6_M72,W6_M1,0.019801980198019802
W6_M73,W6_M1,0.13861386138613863
W6_M74,W6_M1,0.039603960396039604
W6_M75,W6_M1,0.019801980198019802
W6_M76,W6_M1,0.039603960396039604
W6_M77,W6_M1,0.019801980198019802
W6_M78,W6_M1,0.019801980198019802
W6_M79,W6_M1,0.0594059405940594
W6_M80,W6_M1,0.019801980198019802
W6_M81,W6_M1,0.019801980198019802
W6_M82,W6_M1,0.019801980198019802
W6_M83,W6_M1,0.09900990099009901
W6_M84,W6_M1,0.07920792079207921
W6_M85,W6_M1,0.0594059405940594
W6_M86,W6_M1,0.039603960396039604
W6_M87,W6_M1,0.019801980198019802
W6_M88,W6_M1,0.019801980198019802
W6_M89,W6_M1,0.019801980198019802
W6_M90,W6_M1,0.019801980198019802
W6_M91,W6_M1,0.019801980198019802
W6_M92,W6_M1,0.0594059405940594
W6_M93,W6_M1,0.019801980198019802
W6_M94,W6_M1,0.019801980198019802
W6_M95,W6_M1,0.019801980198019802
W6_M96,W6_M1,0.019801980198019802
W6_M97,W6_M1,0.019801980198019802
W6_M98,W6_M1,0.019801980198019802
W6_M99,W6_M1,0.019801980198019802
W6_M100,W6_M1,0.019801980198019802
W6_M3,W6_M2,0.7524752475247525
W6_M4,W6_M2,0.9108910891089109
W6_M5,W6_M2,0.9900990099009901
W6_M6,W6_M2,0.15841584158415842
W6_M7,W6_M2,0.43564356435643564
W6_M8,W6_M2,0.4752475247524752
W6_M9,W6_M2,0.43564356435643564
W6_M10,W6_M2,0.2376237623762376
W6_M11,W6_M2,0.37623762376237624
W6_M12,W6_M2,0.3564356435643564
W6_M13,W6_M2,0.45544554455445546
W6_M14,W6_M2,0.3564356435643564
W6_M15,W6_M2,0.4752475247524752
W6_M16,W6_M2,0.6732673267326733
W6_M17,W6_M2,0.4158415841584158
W6_M18,W6_M2,0.37623762376237624
W6_M19,W6_M2,0.3564356435643564
W6_M20,W6_M2,0.39603960396039606
W6_M21,W6_M2,0.25742574257425743
W6_M22,W6_M2,0.33663366336633666
W6_M23,W6_M2,0.1188118811881188
W6_M24,W6_M2,0.19801980198019803
W6_M25,W6_M2,0.297029702970297
W6_M26,W6_M2,0.33663366336633666
W6_M27,W6_M2,0.37623762376237624
W6_M28,W6_M2,0.1782178217821782
W6_M29,W6_M2,0.15841584158415842
W6_M30,W6_M2,0.2376237623762376
W6_M31,W6_M2,0.37623762376237624
W6_M32,W6_M2,0.1188118811881188
W6_M33,W6_M2,0.27722772277227725
W6_M34,W6_M2,0.13861386138613863
W6_M35,W6_M2,0.13861386138613863
W6_M36,W6_M2,0.25742574257425743
W6_M37,W6_M2,0.1782178217821782
W6_M38,W6_M2,0.21782178217821782
W6_M39,W6_M2,0.0594059405940594
W6_M40,W6_M2,0.039603960396039604
W6_M41,W6_M2,0.039603960396039604
W6_M42,W6_M2,0.15841584158415842
W6_M43,W6_M2,0.07920792079207921
W6_M44,W6_M2,0.07920792079207921
W6_M45,W6_M2,0.09900990099009901
W6_M46,W6_M2,0.0594059405940594
W6_M47,W6_M2,0.0594059405940594
W6_M48,W6_M2,0.0594059405940594
W6_M49,W6_M2,0.039603960396039604
W6_M50,W6_M2,0.07920792079207921
W6_M51,W6_M2,0.07920792079207921
W6_M52,W6_M2,0.07920792079207921
W6_M53,W6_M2,0.019801980198019802
W6_M54,W6_M2,0.1188118811881188
W6_M55,W6_M2,0.1188118811881188
W6_M56,W6_M2,0.039603960396039604
W6_M57,W6_M2,0.0594059405940594
W6_M58,W6_M2,0.019801980198019802
W6_M59,W6_M2,0.15841584158415842
W6_M60,W6_M2,0.09900990099009901
W6_M61,W6_M2,0.07920792079207921
W6_M62,W6_M2,0.07920792079207921
W6_M63,W6_M2,0.07920792079207921
W6_M64,W6_M2,0.1188118811881188
W6_M65,W6_M2,0.0594059405940594
W6_M66,W6_M2,0.019801980198019802
W6_M67,W6_M2,0.07920792079207921
W6_M68,W6_M2,0.039603960396039604
W6_M69,W6_M2,0.019801980198019802
W6_M70,W6_M2,0.019801980198019802
W6_M71,W6_M2,0.019801980198019802
W6_M72,W6_M2,0.039603960396039604
W6_M73,W6_M2,0.039603960396039604
W6_M74,W6_M2,0.0594059405940594
W6_M75,W6_M2,0.039603960396039604
W6_M76,W6_M2,0.039603960396039604
W6_M77,W6_M2,0.0594059405940594
W6_M78,W6_M2,0.019801980198019802
W6_M79,W6_M2,0.019801980198019802
W6_M80,W6_M2,0.039603960396039604
W6_M81,W6_M2,0.019801980198019802
W6_M82,W6_M2,0.019801980198019802
W6_M83,W6_M2,0.1188118811881188
W6_M84,W6_M2,0.07920792079207921
W6_M85,W6_M2,0.019801980198019802
W6_M86,W6_M2,0.0594059405940594
W6_M87,W6_M2,0.019801980198019802
W6_M88,W6_M2,0.019801980198019802
W6_M89,W6_M2,0.019801980198019802
W6_M90,W6_M2,0.039603960396039604
W6_M91,W6_M2,0.019801980198019802
W6_M92,W6_M2,0.039603960396039604
W6_M93,W6_M2,0.019801980198019802
W6_M94,W6_M2,0.019801980198019802
W6_M95,W6_M2,0.019801980198019802
W6_M96,W6_M2,0.019801980198019802
W6_M97,W6_M2,0.019801980198019802
W6_M98,W6_M2,0.019801980198019802
W6_M99,W6_M2,0.019801980198019802
W6_M100,W6_M2,0.019801980198019802
W6_M4,W6_M3,0.8514851485148515
W6_M5,W6_M3,0.9702970297029703
W6_M6,W6_M3,0.19801980198019803
W6_M7,W6_M3,0.27722772277227725
W6_M8,W6_M3,0.49504950495049505
W6_M9,W6_M3,0.27722772277227725
W6_M10,W6_M3,0.2376237623762376
W6_M11,W6_M3,0.19801980198019803
W6_M12,W6_M3,0.39603960396039606
W6_M13,W6_M3,0.5346534653465347
W6_M14,W6_M3,0.27722772277227725
W6_M15,W6_M3,0.3564356435643564
W6_M16,W6_M3,0.8118811881188119
W6_M17,W6_M3,0.2376237623762376
W6_M18,W6_M3,0.25742574257425743
W6_M19,W6_M3,0.2376237623762376
W6_M20,W6_M3,0.27722772277227725
W6_M21,W6_M3,0.3564356435643564
W6_M22,W6_M3,0.27722772277227725
W6_M23,W6_M3,0.15841584158415842
W6_M24,W6_M3,0.13861386138613863
W6_M25,W6_M3,0.25742574257425743
W6_M26,W6_M3,0.3564356435643564
W6_M27,W6_M3,0.31683168316831684
W6_M28,W6_M3,0.19801980198019803
W6_M29,W6_M3,0.1782178217821782
W6_M30,W6_M3,0.21782178217821782
W6_M31,W6_M3,0.27722772277227725
W6_M32,W6_M3,0.1782178217821782
W6_M33,W6_M3,0.25742574257425743
W6_M34,W6_M3,0.21782178217821782
W6_M35,W6_M3,0.13861386138613863
W6_M36,W6_M3,0.21782178217821782
W6_M37,W6_M3,0.1782178217821782
W6_M38,W6_M3,0.2376237623762376
W6_M39,W6_M3,0.1188118811881188
W6_M40,W6_M3,0.1188118811881188
W6_M41,W6_M3,0.019801980198019802
W6_M42,W6_M3,0.1188118811881188
W6_M43,W6_M3,0.1782178217821782
W6_M44,W6_M3,0.07920792079207921
W6_M45,W6_M3,0.13861386138613863
W6_M46,W6_M3,0.09900990099009901
W6_M47,W6_M3,0.019801980198019802
W6_M48,W6_M3,0.07920792079207921
W6_M49,W6_M3,0.0594059405940594
W6_M50,W6_M3,0.019801980198019802
W6_M51,W6_M3,0.07920792079207921
W6_M52,W6_M3,0.0594059405940594
W6_M53,W6_M3,0.039603960396039604
W6_M54,W6_M3,0.09900990099009901
W6_M55,W6_M3,0.0594059405940594
W6_M56,W6_M3,0.0594059405940594
W6_M57,W6_M3,0.019801980198019802
W6_M58,W6_M3,0.07920792079207921
W6_M59,W6_M3,0.07920792079207921
W6_M60,W6_M3,0.1188118811881188
W6_M61,W6_M3,0.0594059405940594
W6_M62,W6_M3,0.0594059405940594
W6_M63,W6_M3,0.1188118811881188
W6_M64,W6_M3,0.07920792079207921
W6_M65,W6_M3,0.019801980198019802
W6_M66,W6_M3,0.039603960396039604
W6_M67,W6_M3,0.0594059405940594
W6_M68,W6_M3,0.039603960396039604
W6_M69,W6_M3,0.039603960396039604
W6_M70,W6_M3,0.019801980198019802
W6_M71,W6_M3,0.019801980198019802
W6_M72,W6_M3,0.019801980198019802
W6_M73,W6_M3,0.039603960396039604
W6_M74,W6_M3,0.039603960396039604
W6_M75,W6_M3,0.039603960396039604
W6_M76,W6_M3,0.019801980198019802
W6_M77,W6_M3,0.019801980198019802
W6_M78,W6_M3,0.039603960396039604
W6_M79,W6_M3,0.0594059405940594
W6_M80,W6_M3,0.019801980198019802
W6_M81,W6_M3,0.039603960396039604
W6_M82,W6_M3,0.019801980198019802
W6_M83,W6_M3,0.039603960396039604
W6_M84,W6_M3,0.09900990099009901
W6_M85,W6_M3,0.0594059405940594
W6_M86,W6_M3,0.0594059405940594
W6_M87,W6_M3,0.039603960396039604
W6_M88,W6_M3,0.019801980198019802
W6_M89,W6_M3,0.039603960396039604
W6_M90,W6_M3,0.019801980198019802
W6_M91,W6_M3,0.019801980198019802
W6_M92,W6_M3,0.019801980198019802
W6_M93,W6_M3,0.019801980198019802
W6_M94,W6_M3,0.019801980198019802
W6_M95,W6_M3,0.019801980198019802
W6_M96,W6_M3,0.019801980198019802
W6_M97,W6_M3,0.019801980198019802
W6_M98,W6_M3,0.019801980198019802
W6_M99,W6_M3,0.019801980198019802
W6_M100,W6_M3,0.019801980198019802
W6_M5,W6_M4,0.9108910891089109
W6_M6,W6_M4,0.39603960396039606
W6_M7,W6_M4,0.6138613861386139
W6_M8,W6_M4,0.49504950495049505
W6_M9,W6_M4,0.5148514851485149
W6_M10,W6_M4,0.3564356435643564
W6_M11,W6_M4,0.45544554455445546
W6_M12,W6_M4,0.3564356435643564
W6_M13,W6_M4,0.5148514851485149
W6_M14,W6_M4,0.3564356435643564
W6_M15,W6_M4,0.4752475247524752
W6_M16,W6_M4,0.693069306930693
W6_M17,W6_M4,0.2376237623762376
W6_M18,W6_M4,0.37623762376237624
W6_M19,W6_M4,0.27722772277227725
W6_M20,W6_M4,0.33663366336633666
W6_M21,W6_M4,0.37623762376237624
W6_M22,W6_M4,0.43564356435643564
W6_M23,W6_M4,0.19801980198019803
W6_M24,W6_M4,0.2376237623762376
W6_M25,W6_M4,0.21782178217821782
W6_M26,W6_M4,0.297029702970297
W6_M27,W6_M4,0.49504950495049505
W6_M28,W6_M4,0.19801980198019803
W6_M29,W6_M4,0.21782178217821782
W6_M30,W6_M4,0.2376237623762376
W6_M31,W6_M4,0.297029702970297
W6_M32,W6_M4,0.19801980198019803
W6_M33,W6_M4,0.25742574257425743
W6_M34,W6_M4,0.19801980198019803
W6_M35,W6_M4,0.297029702970297
W6_M36,W6_M4,0.25742574257425743
W6_M37,W6_M4,0.27722772277227725
W6_M38,W6_M4,0.25742574257425743
W6_M39,W6_M4,0.2376237623762376
W6_M40,W6_M4,0.09900990099009901
W6_M41,W6_M4,0.0594059405940594
W6_M42,W6_M4,0.09900990099009901
W6_M43,W6_M4,0.15841584158415842
W6_M44,W6_M4,0.09900990099009901
W6_M45,W6_M4,0.09900990099009901
W6_M46,W6_M4,0.1188118811881188
W6_M47,W6_M4,0.0594059405940594
W6_M48,W6_M4,0.039603960396039604
W6_M49,W6_M4,0.019801980198019802
W6_M50,W6_M4,0.13861386138613863
W6_M51,W6_M4,0.0594059405940594
W6_M52,W6_M4,0.039603960396039604
W6_M53,W6_M4,0.09900990099009901
W6_M54,W6_M4,0.09900990099009901
W6_M55,W6_M4,0.039603960396039604
W6_M56,W6_M4,0.1188118811881188
W6_M57,W6_M4,0.019801980198019802
W6_M58,W6_M4,0.039603960396039604
W6_M59,W6_M4,0.039603960396039604
W6_M60,W6_M4,0.09900990099009901
W6_M61,W6_M4,0.0594059405940594
W6_M62,W6_M4,0.1188118811881188
W6_M63,W6_M4,0.039603960396039604
W6_M64,W6_M4,0.07920792079207921
W6_M65,W6_M4,0.0594059405940594
W6_M66,W6_M4,0.09900990099009901
W6_M67,W6_M4,0.0594059405940594
W6_M68,W6_M4,0.1188118811881188
W6_M69,W6_M4,0.0594059405940594
W6_M70,W6_M4,0.039603960396039604
W6_M71,W6_M4,0.039603960396039604
W6_M72,W6_M4,0.0594059405940594
W6_M73,W6_M4,0.019801980198019802
W6_M74,W6_M4,0.019801980198019802
W6_M75,W6_M4,0.039603960396039604
W6_M76,W6_M4,0.0594059405940594
W6_M77,W6_M4,0.0594059405940594
W6_M78,W6_M4,0.0594059405940594
W6_M79,W6_M4,0.039603960396039604
W6_M80,W6_M4,0.039603960396039604
W6_M81,W6_M4,0.07920792079207921
W6_M82,W6_M4,0.019801980198019802
W6_M83,W6_M4,0.039603960396039604
W6_M84,W6_M4,0.019801980198019802
W6_M85,W6_M4,0.039603960396039604
W6_M86,W6_M4,0.019801980198019802
W6_M87,W6_M4,0.019801980198019802
W6_M88,W6_M4,0.019801980198019802
W6_M89,W6_M4,0.039603960396039604
W6_M90,W6_M4,0.039603960396039604
W6_M91,W6_M4,0.019801980198019802
W6_M92,W6_M4,0.039603960396039604
W6_M93,W6_M4,0.019801980198019802
W6_M94,W6_M4,0.019801980198019802
W6_M95,W6_M4,0.019801980198019802
W6_M96,W6_M4,0.019801980198019802
W6_M97,W6_M4,0.019801980198019802
W6_M98,W6_M4,0.019801980198019802
W6_M99,W6_M4,0.019801980198019802
W6_M100,W6_M4,0.019801980198019802
W6_M6,W6_M5,0.6336633663366337
W6_M7,W6_M5,0.45544554455445546
W6_M8,W6_M5,0.49504950495049505
W6_M9,W6_M5,0.43564356435643564
W6_M10,W6_M5,0.31683168316831684
W6_M11,W6_M5,0.4158415841584158
W6_M12,W6_M5,0.594059405940594
W6_M13,W6_M5,0.5544554455445545
W6_M14,W6_M5,0.5346534653465347
W6_M15,W6_M5,0.4158415841584158
W6_M16,W6_M5,0.7524752475247525
W6_M17,W6_M5,0.31683168316831684
W6_M18,W6_M5,0.49504950495049505
W6_M19,W6_M5,0.5544554455445545
W6_M20,W6_M5,0.49504950495049505
W6_M21,W6_M5,0.25742574257425743
W6_M22,W6_M5,0.39603960396039606
W6_M23,W6_M5,0.4158415841584158
W6_M24,W6_M5,0.37623762376237624
W6_M25,W6_M5,0.2376237623762376
W6_M26,W6_M5,0.19801980198019803
W6_M27,W6_M5,0.297029702970297
W6_M28,W6_M5,0.1782178217821782
W6_M29,W6_M5,0.33663366336633666
W6_M30,W6_M5,0.25742574257425743
W6_M31,W6_M5,0.21782178217821782
W6_M32,W6_M5,0.21782178217821782
W6_M33,W6_M5,0.13861386138613863
W6_M34,W6_M5,0.039603960396039604
W6_M35,W6_M5,0.19801980198019803
W6_M36,W6_M5,0.15841584158415842
W6_M37,W6_M5,0.21782178217821782
W6_M38,W6_M5,0.09900990099009901
W6_M39,W6_M5,0.13861386138613863
W6_M40,W6_M5,0.0594059405940594
W6_M41,W6_M5,0.0594059405940594
W6_M42,W6_M5,0.2376237623762376
W6_M43,W6_M5,0.1188118811881188
W6_M44,W6_M5,0.039603960396039604
W6_M45,W6_M5,0.1782178217821782
W6_M46,W6_M5,0.0594059405940594
W6_M47,W6_M5,0.0594059405940594
W6_M48,W6_M5,0.09900990099009901
W6_M49,W6_M5,0.07920792079207921
W6_M50,W6_M5,0.0594059405940594
W6_M51,W6_M5,0.1188118811881188
W6_M52,W6_M5,0.1188118811881188
W6_M53,W6_M5,0.039603960396039604
W6_M54,W6_M5,0.07920792079207921
W6_M55,W6_M5,0.0594059405940594
W6_M56,W6_M5,0.13861386138613863
W6_M57,W6_M5,0.09900990099009901
W6_M58,W6_M5,0.039603960396039604
W6_M59,W6_M5,0.039603960396039604
W6_M60,W6_M5,0.15841584158415842
W6_M61,W6_M5,0.07920792079207921
W6_M62,W6_M5,0.0594059405940594
W6_M63,W6_M5,0.1782178217821782
W6_M64,W6_M5,0.0594059405940594
W6_M65,W6_M5,0.1188118811881188
W6_M66,W6_M5,0.039603960396039604
W6_M67,W6_M5,0.1188118811881188
W6_M68,W6_M5,0.07920792079207921
W6_M69,W6_M5,0.039603960396039604
W6_M70,W6_M5,0.039603960396039604
W6_M71,W6_M5,0.019801980198019802
W6_M72,W6_M5,0.0594059405940594
W6_M73,W6_M5,0.07920792079207921
W6_M74,W6_M5,0.039603960396039604
W6_M75,W6_M5,0.0594059405940594
W6_M76,W6_M5,0.019801980198019802
W6_M77,W6_M5,0.019801980198019802
W6_M78,W6_M5,0.1188118811881188
W6_M79,W6_M5,0.1188118811881188
W6_M80,W6_M5,0.039603960396039604
W6_M81,W6_M5,0.0594059405940594
W6_M82,W6_M5,0.019801980198019802
W6_M83,W6_M5,0.019801980198019802
W6_M84,W6_M5,0.0594059405940594
W6_M85,W6_M5,0.039603960396039604
W6_M86,W6_M5,0.019801980198019802
W6_M87,W6_M5,0.019801980198019802
W6_M88,W6_M5,0.0594059405940594
W6_M89,W6_M5,0.07920792079207921
W6_M90,W6_M5,0.0594059405940594
W6_M91,W6_M5,0.039603960396039604
W6_M92,W6_M5,0.019801980198019802
W6_M93,W6_M5,0.019801980198019802
W6_M94,W6_M5,0.019801980198019802
W6_M95,W6_M5,0.019801980198019802
W6_M96,W6_M5,0.019801980198019802
W6_M97,W6_M5,0.019801980198019802
W6_M98,W6_M5,0.019801980198019802
W6_M99,W6_M5,0.019801980198019802
W6_M100,W6_M5,0.019801980198019802
W6_M7,W6_M6,0.9900990099009901
W6_M8,W6_M6,1.00990099009901
W6_M9,W6_M6,0.594059405940594
W6_M10,W6_M6,0.49504950495049505
W6_M11,W6_M6,0.5346534653465347
W6_M12,W6_M6,0.6732673267326733
W6_M13,W6_M6,0.7722772277227723
W6_M14,W6_M6,0.6138613861386139
W6_M15,W6_M6,0.8316831683168316
W6_M16,W6_M6,0.594059405940594
W6_M17,W6_M6,0.6534653465346535
W6_M18,W6_M6,0.7326732673267327
W6_M19,W6_M6,0.7128712871287128
W6_M20,W6_M6,0.6138613861386139
W6_M21,W6_M6,0.6138613861386139
W6_M22,W6_M6,0.45544554455445546
W6_M23,W6_M6,0.1782178217821782
W6_M24,W6_M6,0.5148514851485149
W6_M25,W6_M6,0.6732673267326733
W6_M26,W6_M6,0.5346534653465347
W6_M27,W6_M6,0.5148514851485149
W6_M28,W6_M6,0.3564356435643564
W6_M29,W6_M6,0.39603960396039606
W6_M30,W6_M6,0.27722772277227725
W6_M31,W6_M6,0.45544554455445546
W6_M32,W6_M6,0.33663366336633666
W6_M33,W6_M6,0.37623762376237624
W6_M34,W6_M6,0.31683168316831684
W6_M35,W6_M6,0.33663366336633666
W6_M36,W6_M6,0.3564356435643564
W6_M37,W6_M6,0.297029702970297
W6_M38,W6_M6,0.25742574257425743
W6_M39,W6_M6,0.3564356435643564
W6_M40,W6_M6,0.27722772277227725
W6_M41,W6_M6,0.1782178217821782
W6_M42,W6_M6,0.09900990099009901
W6_M43,W6_M6,0.25742574257425743
W6_M44,W6_M6,0.13861386138613863
W6_M45,W6_M6,0.15841584158415842
W6_M46,W6_M6,0.1188118811881188
W6_M47,W6_M6,0.09900990099009901
W6_M48,W6_M6,0.1782178217821782
W6_M49,W6_M6,0.13861386138613863
W6_M50,W6_M6,0.1188118811881188
W6_M51,W6_M6,0.19801980198019803
W6_M52,W6_M6,0.039603960396039604
W6_M53,W6_M6,0.07920792079207921
W6_M54,W6_M6,0.1188118811881188
W6_M55,W6_M6,0.15841584158415842
W6_M56,W6_M6,0.09900990099009901
W6_M57,W6_M6,0.13861386138613863
W6_M58,W6_M6,0.0594059405940594
W6_M59,W6_M6,0.13861386138613863
W6_M60,W6_M6,0.1188118811881188
W6_M61,W6_M6,0.1188118811881188
W6_M62,W6_M6,0.19801980198019803
W6_M63,W6_M6,0.09900990099009901
W6_M64,W6_M6,0.1188118811881188
W6_M65,W6_M6,0.019801980198019802
W6_M66,W6_M6,0.2376237623762376
W6_M67,W6_M6,0.1188118811881188
W6_M68,W6_M6,0.07920792079207921
W6_M69,W6_M6,0.0594059405940594
W6_M70,W6_M6,0.039603960396039604
W6_M71,W6_M6,0.09900990099009901
W6_M72,W6_M6,0.0594059405940594
W6_M73,W6_M6,0.07920792079207921
W6_M74,W6_M6,0.039603960396039604
W6_M75,W6_M6,0.1188118811881188
W6_M76,W6_M6,0.0594059405940594
W6_M77,W6_M6,0.0594059405940594
W6_M78,W6_M6,0.07920792079207921
W6_M79,W6_M6,0.07920792079207921
W6_M80,W6_M6,0.0594059405940594
W6_M81,W6_M6,0.09900990099009901
W6_M82,W6_M6,0.13861386138613863
W6_M83,W6_M6,0.07920792079207921
W6_M84,W6_M6,0.07920792079207921
W6_M85,W6_M6,0.039603960396039604
W6_M86,W6_M6,0.07920792079207921
W6_M87,W6_M6,0.0594059405940594
W6_M88,W6_M6,0.0594059405940594
W6_M89,W6_M6,0.0594059405940594
W6_M90,W6_M6,0.019801980198019802
W6_M91,W6_M6,0.0594059405940594
W6_M92,W6_M6,0.0594059405940594
W6_M93,W6_M6,0.019801980198019802
W6_M94,W6_M6,0.019801980198019802
W6_M95,W6_M6,0.019801980198019802
W6_M96,W6_M6,0.019801980198019802
W6_M97,W6_M6,0.019801980198019802
W6_M98,W6_M6,0.019801980198019802
W6_M99,W6_M6,0.019801980198019802
W6_M100,W6_M6,0.019801980198019802
W6_M8,W6_M7,0.9306930693069307
W6_M9,W6_M7,0.33663366336633666
W6_M10,W6_M7,0.4752475247524752
W6_M11,W6_M7,0.5544554455445545
W6_M12,W6_M7,0.43564356435643564
W6_M13,W6_M7,0.8910891089108911
W6_M14,W6_M7,0.594059405940594
W6_M15,W6_M7,0.8118811881188119
W6_M16,W6_M7,0.43564356435643564
W6_M17,W6_M7,0.37623762376237624
W6_M18,W6_M7,0.6138613861386139
W6_M19,W6_M7,0.43564356435643564
W6_M20,W6_M7,0.49504950495049505
W6_M21,W6_M7,0.4158415841584158
W6_M22,W6_M7,0.4158415841584158
W6_M23,W6_M7,0.6336633663366337
W6_M24,W6_M7,0.25742574257425743
W6_M25,W6_M7,0.5544554455445545
W6_M26,W6_M7,0.6138613861386139
W6_M27,W6_M7,0.3564356435643564
W6_M28,W6_M7,0.21782178217821782
W6_M29,W6_M7,0.5544554455445545
W6_M30,W6_M7,0.2376237623762376
W6_M31,W6_M7,0.27722772277227725
W6_M32,W6_M7,0.27722772277227725
W6_M33,W6_M7,0.27722772277227725
W6_M34,W6_M7,0.4752475247524752
W6_M35,W6_M7,0.19801980198019803
W6_M36,W6_M7,0.19801980198019803
W6_M37,W6_M7,0.2376237623762376
W6_M38,W6_M7,0.4158415841584158
W6_M39,W6_M7,0.297029702970297
W6_M40,W6_M7,0.25742574257425743
W6_M41,W6_M7,0.07920792079207921
W6_M42,W6_M7,0.25742574257425743
W6_M43,W6_M7,0.25742574257425743
W6_M44,W6_M7,0.0594059405940594
W6_M45,W6_M7,0.15841584158415842
W6_M46,W6_M7,0.13861386138613863
W6_M47,W6_M7,0.21782178217821782
W6_M48,W6_M7,0.1188118811881188
W6_M49,W6_M7,0.0594059405940594
W6_M50,W6_M7,0.039603960396039604
W6_M51,W6_M7,0.13861386138613863
W6_M52,W6_M7,0.13861386138613863
W6_M53,W6_M7,0.27722772277227725
W6_M54,W6_M7,0.0594059405940594
W6_M55,W6_M7,0.1188118811881188
W6_M56,W6_M7,0.039603960396039604
W6_M57,W6_M7,0.15841584158415842
W6_M58,W6_M7,0.07920792079207921
W6_M59,W6_M7,0.09900990099009901
W6_M60,W6_M7,0.13861386138613863
W6_M61,W6_M7,0.19801980198019803
W6_M62,W6_M7,0.0594059405940594
W6_M63,W6_M7,0.039603960396039604
W6_M64,W6_M7,0.15841584158415842
W6_M65,W6_M7,0.09900990099009901
W6_M66,W6_M7,0.1188118811881188
W6_M67,W6_M7,0.07920792079207921
W6_M68,W6_M7,0.09900990099009901
W6_M69,W6_M7,0.0594059405940594
W6_M70,W6_M7,0.039603960396039604
W6_M71,W6_M7,0.0594059405940594
W6_M72,W6_M7,0.09900990099009901
W6_M73,W6_M7,0.0594059405940594
W6_M74,W6_M7,0.0594059405940594
W6_M75,W6_M7,0.039603960396039604
W6_M76,W6_M7,0.039603960396039604
W6_M77,W6_M7,0.1188118811881188
W6_M78,W6_M7,0.07920792079207921
W6_M79,W6_M7,0.0594059405940594
W6_M80,W6_M7,0.07920792079207921
W6_M81,W6_M7,0.13861386138613863
W6_M82,W6_M7,0.019801980198019802
W6_M83,W6_M7,0.039603960396039604
W6_M84,W6_M7,0.039603960396039604
W6_M85,W6_M7,0.039603960396039604
W6_M86,W6_M7,0.09900990099009901
W6_M87,W6_M7,0.0594059405940594
W6_M88,W6_M7,0.0594059405940594
W6_M89,W6_M7,0.07920792079207921
W6_M90,W6_M7,0.039603960396039604
W6_M91,W6_M7,0.0594059405940594
W6_M92,W6_M7,0.039603960396039604
W6_M93,W6_M7,0.019801980198019802
W6_M94,W6_M7,0.019801980198019802
W6_M95,W6_M7,0.019801980198019802
W6_M96,W6_M7,0.019801980198019802
W6_M97,W6_M7,0.019801980198019802
W6_M98,W6_M7,0.019801980198019802
W6_M99,W6_M7,0.019801980198019802
W6_M100,W6_M7,0.019801980198019802
W6_M9,W6_M8,0.31683168316831684
W6_M10,W6_M8,0.27722772277227725
W6_M11,W6_M8,0.4158415841584158
W6_M12,W6_M8,0.45544554455445546
W6_M13,W6_M8,0.9108910891089109
W6_M14,W6_M8,0.49504950495049505
W6_M15,W6_M8,0.8514851485148515
W6_M16,W6_M8,0.5346534653465347
W6_M17,W6_M8,0.6138613861386139
W6_M18,W6_M8,0.6138613861386139
W6_M19,W6_M8,0.21782178217821782
W6_M20,W6_M8,0.3564356435643564
W6_M21,W6_M8,0.4158415841584158
W6_M22,W6_M8,0.37623762376237624
W6_M23,W6_M8,0.49504950495049505
W6_M24,W6_M8,0.297029702970297
W6_M25,W6_M8,0.5148514851485149
W6_M26,W6_M8,0.6138613861386139
W6_M27,W6_M8,0.31683168316831684
W6_M28,W6_M8,0.37623762376237624
W6_M29,W6_M8,0.27722772277227725
W6_M30,W6_M8,0.19801980198019803
W6_M31,W6_M8,0.2376237623762376
W6_M32,W6_M8,0.21782178217821782
W6_M33,W6_M8,0.2376237623762376
W6_M34,W6_M8,0.37623762376237624
W6_M35,W6_M8,0.19801980198019803
W6_M36,W6_M8,0.25742574257425743
W6_M37,W6_M8,0.21782178217821782
W6_M38,W6_M8,0.5148514851485149
W6_M39,W6_M8,0.2376237623762376
W6_M40,W6_M8,0.25742574257425743
W6_M41,W6_M8,0.15841584158415842
W6_M42,W6_M8,0.13861386138613863
W6_M43,W6_M8,0.2376237623762376
W6_M44,W6_M8,0.09900990099009901
W6_M45,W6_M8,0.1188118811881188
W6_M46,W6_M8,0.07920792079207921
W6_M47,W6_M8,0.019801980198019802
W6_M48,W6_M8,0.0594059405940594
W6_M49,W6_M8,0.0594059405940594
W6_M50,W6_M8,0.039603960396039604
W6_M51,W6_M8,0.1188118811881188
W6_M52,W6_M8,0.13861386138613863
W6_M53,W6_M8,0.1188118811881188
W6_M54,W6_M8,0.1782178217821782
W6_M55,W6_M8,0.039603960396039604
W6_M56,W6_M8,0.0594059405940594
W6_M57,W6_M8,0.15841584158415842
W6_M58,W6_M8,0.09900990099009901
W6_M59,W6_M8,0.0594059405940594
W6_M60,W6_M8,0.019801980198019802
W6_M61,W6_M8,0.07920792079207921
W6_M62,W6_M8,0.07920792079207921
W6_M63,W6_M8,0.07920792079207921
W6_M64,W6_M8,0.1188118811881188
W6_M65,W6_M8,0.0594059405940594
W6_M66,W6_M8,0.0594059405940594
W6_M67,W6_M8,0.13861386138613863
W6_M68,W6_M8,0.0594059405940594
W6_M69,W6_M8,0.0594059405940594
W6_M70,W6_M8,0.019801980198019802
W6_M71,W6_M8,0.039603960396039604
W6_M72,W6_M8,0.039603960396039604
W6_M73,W6_M8,0.019801980198019802
W6_M74,W6_M8,0.0594059405940594
W6_M75,W6_M8,0.019801980198019802
W6_M76,W6_M8,0.039603960396039604
W6_M77,W6_M8,0.09900990099009901
W6_M78,W6_M8,0.039603960396039604
W6_M79,W6_M8,0.07920792079207921
W6_M80,W6_M8,0.039603960396039604
W6_M81,W6_M8,0.09900990099009901
W6_M82,W6_M8,0.0594059405940594
W6_M83,W6_M8,0.07920792079207921
W6_M84,W6_M8,0.039603960396039604
W6_M85,W6_M8,0.07920792079207921
W6_M86,W6_M8,0.15841584158415842
W6_M87,W6_M8,0.039603960396039604
W6_M88,W6_M8,0.0594059405940594
W6_M89,W6_M8,0.0594059405940594
W6_M90,W6_M8,0.019801980198019802
W6_M91,W6_M8,0.019801980198019802
W6_M92,W6_M8,0.019801980198019802
W6_M93,W6_M8,0.019801980198019802
W6_M94,W6_M8,0.019801980198019802
W6_M95,W6_M8,0.019801980198019802
W6_M96,W6_M8,0.039603960396039604
W6_M97,W6_M8,0.019801980198019802
W6_M98,W6_M8,0.019801980198019802
W6_M99,W6_M8,0.019801980198019802
W6_M100,W6_M8,0.019801980198019802
W6_M10,W6_M9,0.8910891089108911
W6_M11,W6_M9,0.9702970297029703
W6_M12,W6_M9,0.8910891089108911
W6_M13,W6_M9,0.8514851485148515
W6_M14,W6_M9,0.9900990099009901
W6_M15,W6_M9,0.9108910891089109
W6_M16,W6_M9,0.37623762376237624
W6_M17,W6_M9,0.7326732673267327
W6_M18,W6_M9,0.9900990099009901
W6_M19,W6_M9,0.9900990099009901
W6_M20,W6_M9,0.9306930693069307
W6_M21,W6_M9,0.5148514851485149
W6_M22,W6_M9,0.7722772277227723
W6_M23,W6_M9,0.8316831683168316
W6_M24,W6_M9,0.49504950495049505
W6_M25,W6_M9,0.8910891089108911
W6_M26,W6_M9,0.8514851485148515
W6_M27,W6_M9,0.594059405940594
W6_M28,W6_M9,0.6138613861386139
W6_M29,W6_M9,0.693069306930693
W6_M30,W6_M9,0.2376237623762376
W6_M31,W6_M9,0.5742574257425742
W6_M32,W6_M9,0.5148514851485149
W6_M33,W6_M9,0.5346534653465347
W6_M34,W6_M9,0.43564356435643564
W6_M35,W6_M9,0.31683168316831684
W6_M36,W6_M9,0.297029702970297
W6_M37,W6_M9,0.43564356435643564
W6_M38,W6_M9,0.7524752475247525
W6_M39,W6_M9,0.37623762376237624
W6_M40,W6_M9,0.5346534653465347
W6_M41,W6_M9,0.27722772277227725
W6_M42,W6_M9,0.33663366336633666
W6_M43,W6_M9,0.297029702970297
W6_M44,W6_M9,0.07920792079207921
W6_M45,W6_M9,0.31683168316831684
W6_M46,W6_M9,0.19801980198019803
W6_M47,W6_M9,0.27722772277227725
W6_M48,W6_M9,0.2376237623762376
W6_M49,W6_M9,0.1782178217821782
W6_M50,W6_M9,0.07920792079207921
W6_M51,W6_M9,0.25742574257425743
W6_M52,W6_M9,0.27722772277227725
W6_M53,W6_M9,0.297029702970297
W6_M54,W6_M9,0.27722772277227725
W6_M55,W6_M9,0.21782178217821782
W6_M56,W6_M9,0.1188118811881188
W6_M57,W6_M9,0.15841584158415842
W6_M58,W6_M9,0.21782178217821782
W6_M59,W6_M9,0.37623762376237624
W6_M60,W6_M9,0.1782178217821782
W6_M61,W6_M9,0.19801980198019803
W6_M62,W6_M9,0.1188118811881188
W6_M63,W6_M9,0.21782178217821782
W6_M64,W6_M9,0.2376237623762376
W6_M65,W6_M9,0.25742574257425743
W6_M66,W6_M9,0.1782178217821782
W6_M67,W6_M9,0.2376237623762376
W6_M68,W6_M9,0.09900990099009901
W6_M69,W6_M9,0.2376237623762376
W6_M70,W6_M9,0.07920792079207921
W6_M71,W6_M9,0.15841584158415842
W6_M72,W6_M9,0.13861386138613863
W6_M73,W6_M9,0.07920792079207921
W6_M74,W6_M9,0.09900990099009901
W6_M75,W6_M9,0.13861386138613863
W6_M76,W6_M9,0.1782178217821782
W6_M77,W6_M9,0.09900990099009901
W6_M78,W6_M9,0.0594059405940594
W6_M79,W6_M9,0.019801980198019802
W6_M80,W6_M9,0.019801980198019802
W6_M81,W6_M9,0.09900990099009901
W6_M82,W6_M9,0.019801980198019802
W6_M83,W6_M9,0.15841584158415842
W6_M84,W6_M9,0.09900990099009901
W6_M85,W6_M9,0.0594059405940594
W6_M86,W6_M9,0.2376237623762376
W6_M87,W6_M9,0.0594059405940594
W6_M88,W6_M9,0.09900990099009901
W6_M89,W6_M9,0.09900990099009901
W6_M90,W6_M9,0.039603960396039604
W6_M91,W6_M9,0.07920792079207921
W6_M92,W6_M9,0.07920792079207921
W6_M93,W6_M9,0.019801980198019802
W6_M94,W6_M9,0.019801980198019802
W6_M95,W6_M9,0.019801980198019802
W6_M96,W6_M9,0.039603960396039604
W6_M97,W6_M9,0.019801980198019802
W6_M98,W6_M9,0.019801980198019802
W6_M99,W6_M9,0.019801980198019802
W6_M100,W6_M9,0.019801980198019802
W6_M11,W6_M10,0.9702970297029703
W6_M12,W6_M10,0.9306930693069307
W6_M13,W6_M10,0.9306930693069307
W6_M14,W6_M10,0.9900990099009901
W6_M15,W6_M10,0.9900990099009901
W6_M16,W6_M10,0.49504950495049505
W6_M17,W6_M10,0.7326732673267327
W6_M18,W6_M10,0.7524752475247525
W6_M19,W6_M10,0.8514851485148515
W6_M20,W6_M10,0.9504950495049505
W6_M21,W6_M10,0.7920792079207921
W6_M22,W6_M10,0.9306930693069307
W6_M23,W6_M10,0.8712871287128713
W6_M24,W6_M10,0.43564356435643564
W6_M25,W6_M10,0.9900990099009901
W6_M26,W6_M10,0.9108910891089109
W6_M27,W6_M10,0.7326732673267327
W6_M28,W6_M10,0.594059405940594
W6_M29,W6_M10,0.7128712871287128
W6_M30,W6_M10,0.37623762376237624
W6_M31,W6_M10,0.6336633663366337
W6_M32,W6_M10,0.43564356435643564
W6_M33,W6_M10,0.6732673267326733
W6_M34,W6_M10,0.6138613861386139
W6_M35,W6_M10,0.4752475247524752
W6_M36,W6_M10,0.4752475247524752
W6_M37,W6_M10,0.43564356435643564
W6_M38,W6_M10,0.5742574257425742
W6_M39,W6_M10,0.5742574257425742
W6_M40,W6_M10,0.4752475247524752
W6_M41,W6_M10,0.19801980198019803
W6_M42,W6_M10,0.297029702970297
W6_M43,W6_M10,0.49504950495049505
W6_M44,W6_M10,0.3564356435643564
W6_M45,W6_M10,0.19801980198019803
W6_M46,W6_M10,0.2376237623762376
W6_M47,W6_M10,0.33663366336633666
W6_M48,W6_M10,0.1188118811881188
W6_M49,W6_M10,0.297029702970297
W6_M50,W6_M10,0.15841584158415842
W6_M51,W6_M10,0.297029702970297
W6_M52,W6_M10,0.2376237623762376
W6_M53,W6_M10,0.3564356435643564
W6_M54,W6_M10,0.3564356435643564
W6_M55,W6_M10,0.19801980198019803
W6_M56,W6_M10,0.15841584158415842
W6_M57,W6_M10,0.1782178217821782
W6_M58,W6_M10,0.19801980198019803
W6_M59,W6_M10,0.19801980198019803
W6_M60,W6_M10,0.3564356435643564
W6_M61,W6_M10,0.2376237623762376
W6_M62,W6_M10,0.27722772277227725
W6_M63,W6_M10,0.297029702970297
W6_M64,W6_M10,0.19801980198019803
W6_M65,W6_M10,0.21782178217821782
W6_M66,W6_M10,0.1782178217821782
W6_M67,W6_M10,0.15841584158415842
W6_M68,W6_M10,0.1782178217821782
W6_M69,W6_M10,0.27722772277227725
W6_M70,W6_M10,0.039603960396039604
W6_M71,W6_M10,0.27722772277227725
W6_M72,W6_M10,0.09900990099009901
W6_M73,W6_M10,0.09900990099009901
W6_M74,W6_M10,0.19801980198019803
W6_M75,W6_M10,0.19801980198019803
W6_M76,W6_M10,0.1782178217821782
W6_M77,W6_M10,0.039603960396039604
W6_M78,W6_M10,0.1188118811881188
W6_M79,W6_M10,0.21782178217821782
W6_M80,W6_M10,0.1188118811881188
W6_M81,W6_M10,0.13861386138613863
W6_M82,W6_M10,0.07920792079207921
W6_M83,W6_M10,0.21782178217821782
W6_M84,W6_M10,0.15841584158415842
W6_M85,W6_M10,0.1782178217821782
W6_M86,W6_M10,0.15841584158415842
W6_M87,W6_M10,0.0594059405940594
W6_M88,W6_M10,0.1188118811881188
W6_M89,W6_M10,0.09900990099009901
W6_M90,W6_M10,0.07920792079207921
W6_M91,W6_M10,0.0594059405940594
W6_M92,W6_M10,0.07920792079207921
W6_M93,W6_M10,0.019801980198019802
W6_M94,W6_M10,0.019801980198019802
W6_M95,W6_M10,0.039603960396039604
W6_M96,W6_M10,0.019801980198019802
W6_M97,W6_M10,0.019801980198019802
W6_M98,W6_M10,0.019801980198019802
W6_M99,W6_M10,0.019801980198019802
W6_M100,W6_M10,0.019801980198019802
W6_M12,W6_M11,0.9900990099009901
W6_M13,W6_M11,0.9306930693069307
W6_M14,W6_M11,0.8316831683168316
W6_M15,W6_M11,0.8514851485148515
W6_M16,W6_M11,0.1782178217821782
W6_M17,W6_M11,0.6534653465346535
W6_M18,W6_M11,0.9504950495049505
W6_M19,W6_M11,0.9504950495049505
W6_M20,W6_M11,1.00990099009901
W6_M21,W6_M11,0.6138613861386139
W6_M22,W6_M11,0.8712871287128713
W6_M23,W6_M11,0.7920792079207921
W6_M24,W6_M11,0.45544554455445546
W6_M25,W6_M11,0.9108910891089109
W6_M26,W6_M11,0.9900990099009901
W6_M27,W6_M11,0.6336633663366337
W6_M28,W6_M11,0.5742574257425742
W6_M29,W6_M11,0.37623762376237624
W6_M30,W6_M11,0.21782178217821782
W6_M31,W6_M11,0.7722772277227723
W6_M32,W6_M11,0.5742574257425742
W6_M33,W6_M11,0.45544554455445546
W6_M34,W6_M11,0.5742574257425742
W6_M35,W6_M11,0.4752475247524752
W6_M36,W6_M11,0.27722772277227725
W6_M37,W6_M11,0.43564356435643564
W6_M38,W6_M11,0.5742574257425742
W6_M39,W6_M11,0.297029702970297
W6_M40,W6_M11,0.5544554455445545
W6_M41,W6_M11,0.27722772277227725
W6_M42,W6_M11,0.3564356435643564
W6_M43,W6_M11,0.27722772277227725
W6_M44,W6_M11,0.039603960396039604
W6_M45,W6_M11,0.1188118811881188
W6_M46,W6_M11,0.13861386138613863
W6_M47,W6_M11,0.21782178217821782
W6_M48,W6_M11,0.19801980198019803
W6_M49,W6_M11,0.2376237623762376
W6_M50,W6_M11,0.1782178217821782
W6_M51,W6_M11,0.2376237623762376
W6_M52,W6_M11,0.15841584158415842
W6_M53,W6_M11,0.21782178217821782
W6_M54,W6_M11,0.25742574257425743
W6_M55,W6_M11,0.297029702970297
W6_M56,W6_M11,0.1188118811881188
W6_M57,W6_M11,0.21782178217821782
W6_M58,W6_M11,0.1782178217821782
W6_M59,W6_M11,0.25742574257425743
W6_M60,W6_M11,0.1782178217821782
W6_M61,W6_M11,0.15841584158415842
W6_M62,W6_M11,0.21782178217821782
W6_M63,W6_M11,0.27722772277227725
W6_M64,W6_M11,0.1782178217821782
W6_M65,W6_M11,0.1782178217821782
W6_M66,W6_M11,0.21782178217821782
W6_M67,W6_M11,0.1188118811881188
W6_M68,W6_M11,0.19801980198019803
W6_M69,W6_M11,0.19801980198019803
W6_M70,W6_M11,0.039603960396039604
W6_M71,W6_M11,0.07920792079207921
W6_M72,W6_M11,0.09900990099009901
W6_M73,W6_M11,0.07920792079207921
W6_M74,W6_M11,0.1188118811881188
W6_M75,W6_M11,0.07920792079207921
W6_M76,W6_M11,0.09900990099009901
W6_M77,W6_M11,0.07920792079207921
W6_M78,W6_M11,0.09900990099009901
W6_M79,W6_M11,0.09900990099009901
W6_M80,W6_M11,0.13861386138613863
W6_M81,W6_M11,0.1188118811881188
W6_M82,W6_M11,0.1188118811881188
W6_M83,W6_M11,0.2376237623762376
W6_M84,W6_M11,0.039603960396039604
W6_M85,W6_M11,0.039603960396039604
W6_M86,W6_M11,0.13861386138613863
W6_M87,W6_M11,0.039603960396039604
W6_M88,W6_M11,0.039603960396039604
W6_M89,W6_M11,0.07920792079207921
W6_M90,W6_M11,0.039603960396039604
W6_M91,W6_M11,0.0594059405940594
W6_M92,W6_M11,0.09900990099009901
W6_M93,W6_M11,0.019801980198019802
W6_M94,W6_M11,0.019801980198019802
W6_M95,W6_M11,0.019801980198019802
W6_M96,W6_M11,0.019801980198019802
W6_M97,W6_M11,0.019801980198019802
W6_M98,W6_M11,0.019801980198019802
W6_M99,W6_M11,0.019801980198019802
W6_M100,W6_M11,0.019801980198019802
W6_M13,W6_M12,0.9306930693069307
W6_M14,W6_M12,0.9108910891089109
W6_M15,W6_M12,0.9306930693069307
W6_M16,W6_M12,0.3564356435643564
W6_M17,W6_M12,0.7920792079207921
W6_M18,W6_M12,0.9504950495049505
W6_M19,W6_M12,0.9702970297029703
W6_M20,W6_M12,0.9108910891089109
W6_M21,W6_M12,0.594059405940594
W6_M22,W6_M12,0.6138613861386139
W6_M23,W6_M12,0.693069306930693
W6_M24,W6_M12,0.3564356435643564
W6_M25,W6_M12,0.8118811881188119
W6_M26,W6_M12,0.8118811881188119
W6_M27,W6_M12,0.6138613861386139
W6_M28,W6_M12,0.6534653465346535
W6_M29,W6_M12,0.3564356435643564
W6_M30,W6_M12,0.33663366336633666
W6_M31,W6_M12,0.5346534653465347
W6_M32,W6_M12,0.5346534653465347
W6_M33,W6_M12,0.49504950495049505
W6_M34,W6_M12,0.3564356435643564
W6_M35,W6_M12,0.3564356435643564
W6_M36,W6_M12,0.297029702970297
W6_M37,W6_M12,0.5742574257425742
W6_M38,W6_M12,0.5544554455445545
W6_M39,W6_M12,0.39603960396039606
W6_M40,W6_M12,0.39603960396039606
W6_M41,W6_M12,0.13861386138613863
W6_M42,W6_M12,0.31683168316831684
W6_M43,W6_M12,0.39603960396039606
W6_M44,W6_M12,0.0594059405940594
W6_M45,W6_M12,0.2376237623762376
W6_M46,W6_M12,0.297029702970297
W6_M47,W6_M12,0.27722772277227725
W6_M48,W6_M12,0.13861386138613863
W6_M49,W6_M12,0.2376237623762376
W6_M50,W6_M12,0.07920792079207921
W6_M51,W6_M12,0.15841584158415842
W6_M52,W6_M12,0.2376237623762376
W6_M53,W6_M12,0.21782178217821782
W6_M54,W6_M12,0.15841584158415842
W6_M55,W6_M12,0.13861386138613863
W6_M56,W6_M12,0.297029702970297
W6_M57,W6_M12,0.1188118811881188
W6_M58,W6_M12,0.13861386138613863
W6_M59,W6_M12,0.27722772277227725
W6_M60,W6_M12,0.39603960396039606
W6_M61,W6_M12,0.13861386138613863
W6_M62,W6_M12,0.2376237623762376
W6_M63,W6_M12,0.07920792079207921
W6_M64,W6_M12,0.297029702970297
W6_M65,W6_M12,0.1188118811881188
W6_M66,W6_M12,0.15841584158415842
W6_M67,W6_M12,0.07920792079207921
W6_M68,W6_M12,0.13861386138613863
W6_M69,W6_M12,0.13861386138613863
W6_M70,W6_M12,0.0594059405940594
W6_M71,W6_M12,0.07920792079207921
W6_M72,W6_M12,0.1188118811881188
W6_M73,W6_M12,0.13861386138613863
W6_M74,W6_M12,0.039603960396039604
W6_M75,W6_M12,0.09900990099009901
W6_M76,W6_M12,0.07920792079207921
W6_M77,W6_M12,0.1188118811881188
W6_M78,W6_M12,0.09900990099009901
W6_M79,W6_M12,0.09900990099009901
W6_M80,W6_M12,0.09900990099009901
W6_M81,W6_M12,0.1188118811881188
W6_M82,W6_M12,0.039603960396039604
W6_M83,W6_M12,0.15841584158415842
W6_M84,W6_M12,0.15841584158415842
W6_M85,W6_M12,0.1188118811881188
W6_M86,W6_M12,0.1782178217821782
W6_M87,W6_M12,0.039603960396039604
W6_M88,W6_M12,0.09900990099009901
W6_M89,W6_M12,0.07920792079207921
W6_M90,W6_M12,0.0594059405940594
W6_M91,W6_M12,0.039603960396039604
W6_M92,W6_M12,0.09900990099009901
W6_M93,W6_M12,0.019801980198019802
W6_M94,W6_M12,0.039603960396039604
W6_M95,W6_M12,0.019801980198019802
W6_M96,W6_M12,0.019801980198019802
W6_M97,W6_M12,0.019801980198019802
W6_M98,W6_M12,0.019801980198019802
W6_M99,W6_M12,0.019801980198019802
W6_M100,W6_M12,0.019801980198019802
W6_M14,W6_M13,0.7920792079207921
W6_M15,W6_M13,0.9108910891089109
W6_M16,W6_M13,0.43564356435643564
W6_M17,W6_M13,0.9504950495049505
W6_M18,W6_M13,1.00990099009901
W6_M19,W6_M13,0.8316831683168316
W6_M20,W6_M13,0.7524752475247525
W6_M21,W6_M13,0.9108910891089109
W6_M22,W6_M13,0.8316831683168316
W6_M23,W6_M13,0.7722772277227723
W6_M24,W6_M13,0.8712871287128713
W6_M25,W6_M13,0.5544554455445545
W6_M26,W6_M13,0.49504950495049505
W6_M27,W6_M13,0.594059405940594
W6_M28,W6_M13,0.6336633663366337
W6_M29,W6_M13,0.49504950495049505
W6_M30,W6_M13,0.6138613861386139
W6_M31,W6_M13,0.4752475247524752
W6_M32,W6_M13,0.5346534653465347
W6_M33,W6_M13,0.43564356435643564
W6_M34,W6_M13,0.4158415841584158
W6_M35,W6_M13,0.5346534653465347
W6_M36,W6_M13,0.49504950495049505
W6_M37,W6_M13,0.45544554455445546
W6_M38,W6_M13,0.45544554455445546
W6_M39,W6_M13,0.25742574257425743
W6_M40,W6_M13,0.2376237623762376
W6_M41,W6_M13,0.2376237623762376
W6_M42,W6_M13,0.45544554455445546
W6_M43,W6_M13,0.25742574257425743
W6_M44,W6_M13,0.21782178217821782
W6_M45,W6_M13,0.39603960396039606
W6_M46,W6_M13,0.19801980198019803
W6_M47,W6_M13,0.21782178217821782
W6_M48,W6_M13,0.39603960396039606
W6_M49,W6_M13,0.21782178217821782
W6_M50,W6_M13,0.19801980198019803
W6_M51,W6_M13,0.33663366336633666
W6_M52,W6_M13,0.25742574257425743
W6_M53,W6_M13,0.2376237623762376
W6_M54,W6_M13,0.297029702970297
W6_M55,W6_M13,0.15841584158415842
W6_M56,W6_M13,0.19801980198019803
W6_M57,W6_M13,0.1782178217821782
W6_M58,W6_M13,0.1782178217821782
W6_M59,W6_M13,0.13861386138613863
W6_M60,W6_M13,0.19801980198019803
W6_M61,W6_M13,0.25742574257425743
W6_M62,W6_M13,0.2376237623762376
W6_M63,W6_M13,0.33663366336633666
W6_M64,W6_M13,0.1782178217821782
W6_M65,W6_M13,0.15841584158415842
W6_M66,W6_M13,0.13861386138613863
W6_M67,W6_M13,0.13861386138613863
W6_M68,W6_M13,0.09900990099009901
W6_M69,W6_M13,0.07920792079207921
W6_M70,W6_M13,0.0594059405940594
W6_M71,W6_M13,0.1188118811881188
W6_M72,W6_M13,0.15841584158415842
W6_M73,W6_M13,0.15841584158415842
W6_M74,W6_M13,0.07920792079207921
W6_M75,W6_M13,0.09900990099009901
W6_M76,W6_M13,0.09900990099009901
W6_M77,W6_M13,0.09900990099009901
W6_M78,W6_M13,0.2376237623762376
W6_M79,W6_M13,0.13861386138613863
W6_M80,W6_M13,0.039603960396039604
W6_M81,W6_M13,0.039603960396039604
W6_M82,W6_M13,0.19801980198019803
W6_M83,W6_M13,0.13861386138613863
W6_M84,W6_M13,0.15841584158415842
W6_M85,W6_M13,0.1782178217821782
W6_M86,W6_M13,0.019801980198019802
W6_M87,W6_M13,0.0594059405940594
W6_M88,W6_M13,0.0594059405940594
W6_M89,W6_M13,0.1188118811881188
W6_M90,W6_M13,0.039603960396039604
W6_M91,W6_M13,0.07920792079207921
W6_M92,W6_M13,0.039603960396039604
W6_M93,W6_M13,0.039603960396039604
W6_M94,W6_M13,0.019801980198019802
W6_M95,W6_M13,0.019801980198019802
W6_M96,W6_M13,0.019801980198019802
W6_M97,W6_M13,0.019801980198019802
W6_M98,W6_M13,0.019801980198019802
W6_M99,W6_M13,0.019801980198019802
W6_M100,W6_M13,0.019801980198019802
W6_M15,W6_M14,0.8514851485148515
W6_M16,W6_M14,0.5148514851485149
W6_M17,W6_M14,0.6138613861386139
W6_M18,W6_M14,1.00990099009901
W6_M19,W6_M14,0.9306930693069307
W6_M20,W6_M14,0.9306930693069307
W6_M21,W6_M14,0.5346534653465347
W6_M22,W6_M14,0.6336633663366337
W6_M23,W6_M14,0.8910891089108911
W6_M24,W6_M14,0.3564356435643564
W6_M25,W6_M14,0.8910891089108911
W6_M26,W6_M14,0.7722772277227723
W6_M27,W6_M14,0.8910891089108911
W6_M28,W6_M14,0.5544554455445545
W6_M29,W6_M14,0.45544554455445546
W6_M30,W6_M14,0.15841584158415842
W6_M31,W6_M14,0.5148514851485149
W6_M32,W6_M14,0.5148514851485149
W6_M33,W6_M14,0.49504950495049505
W6_M34,W6_M14,0.5148514851485149
W6_M35,W6_M14,0.3564356435643564
W6_M36,W6_M14,0.39603960396039606
W6_M37,W6_M14,0.4158415841584158
W6_M38,W6_M14,0.5742574257425742
W6_M39,W6_M14,0.39603960396039606
W6_M40,W6_M14,0.45544554455445546
W6_M41,W6_M14,0.19801980198019803
W6_M42,W6_M14,0.21782178217821782
W6_M43,W6_M14,0.27722772277227725
W6_M44,W6_M14,0.07920792079207921
W6_M45,W6_M14,0.0594059405940594
W6_M46,W6_M14,0.25742574257425743
W6_M47,W6_M14,0.27722772277227725
W6_M48,W6_M14,0.07920792079207921
W6_M49,W6_M14,0.31683168316831684
W6_M50,W6_M14,0.1188118811881188
W6_M51,W6_M14,0.15841584158415842
W6_M52,W6_M14,0.13861386138613863
W6_M53,W6_M14,0.07920792079207921
W6_M54,W6_M14,0.21782178217821782
W6_M55,W6_M14,0.13861386138613863
W6_M56,W6_M14,0.297029702970297
W6_M57,W6_M14,0.1782178217821782
W6_M58,W6_M14,0.15841584158415842
W6_M59,W6_M14,0.1188118811881188
W6_M60,W6_M14,0.1782178217821782
W6_M61,W6_M14,0.15841584158415842
W6_M62,W6_M14,0.19801980198019803
W6_M63,W6_M14,0.15841584158415842
W6_M64,W6_M14,0.19801980198019803
W6_M65,W6_M14,0.09900990099009901
W6_M66,W6_M14,0.15841584158415842
W6_M67,W6_M14,0.1782178217821782
W6_M68,W6_M14,0.21782178217821782
W6_M69,W6_M14,0.27722772277227725
W6_M70,W6_M14,0.019801980198019802
W6_M71,W6_M14,0.039603960396039604
W6_M72,W6_M14,0.1188118811881188
W6_M73,W6_M14,0.0594059405940594
W6_M74,W6_M14,0.039603960396039604
W6_M75,W6_M14,0.019801980198019802
W6_M76,W6_M14,0.019801980198019802
W6_M77,W6_M14,0.0594059405940594
W6_M78,W6_M14,0.07920792079207921
W6_M79,W6_M14,0.07920792079207921
W6_M80,W6_M14,0.039603960396039604
W6_M81,W6_M14,0.0594059405940594
W6_M82,W6_M14,0.0594059405940594
W6_M83,W6_M14,0.15841584158415842
W6_M84,W6_M14,0.09900990099009901
W6_M85,W6_M14,0.09900990099009901
W6_M86,W6_M14,0.1782178217821782
W6_M87,W6_M14,0.019801980198019802
W6_M88,W6_M14,0.1188118811881188
W6_M89,W6_M14,0.039603960396039604
W6_M90,W6_M14,0.019801980198019802
W6_M91,W6_M14,0.039603960396039604
W6_M92,W6_M14,0.019801980198019802
W6_M93,W6_M14,0.0594059405940594
W6_M94,W6_M14,0.019801980198019802
W6_M95,W6_M14,0.019801980198019802
W6_M96,W6_M14,0.019801980198019802
W6_M97,W6_M14,0.019801980198019802
W6_M98,W6_M14,0.019801980198019802
W6_M99,W6_M14,0.019801980198019802
W6_M100,W6_M14,0.019801980198019802
W6_M16,W6_M15,0.21782178217821782
W6_M17,W6_M15,0.7128712871287128
W6_M18,W6_M15,1.00990099009901
W6_M19,W6_M15,0.9306930693069307
W6_M20,W6_M15,0.9900990099009901
W6_M21,W6_M15,0.5544554455445545
W6_M22,W6_M15,0.7128712871287128
W6_M23,W6_M15,0.8514851485148515
W6_M24,W6_M15,0.6732673267326733
W6_M25,W6_M15,0.7524752475247525
W6_M26,W6_M15,0.7920792079207921
W6_M27,W6_M15,0.5148514851485149
W6_M28,W6_M15,0.6534653465346535
W6_M29,W6_M15,0.693069306930693
W6_M30,W6_M15,0.5346534653465347
W6_M31,W6_M15,0.5742574257425742
W6_M32,W6_M15,0.45544554455445546
W6_M33,W6_M15,0.45544554455445546
W6_M34,W6_M15,0.5544554455445545
W6_M35,W6_M15,0.594059405940594
W6_M36,W6_M15,0.2376237623762376
W6_M37,W6_M15,0.2376237623762376
W6_M38,W6_M15,0.31683168316831684
W6_M39,W6_M15,0.1188118811881188
W6_M40,W6_M15,0.21782178217821782
W6_M41,W6_M15,0.0594059405940594
W6_M42,W6_M15,0.5148514851485149
W6_M43,W6_M15,0.39603960396039606
W6_M44,W6_M15,0.0594059405940594
W6_M45,W6_M15,0.27722772277227725
W6_M46,W6_M15,0.09900990099009901
W6_M47,W6_M15,0.13861386138613863
W6_M48,W6_M15,0.31683168316831684
W6_M49,W6_M15,0.25742574257425743
W6_M50,W6_M15,0.07920792079207921
W6_M51,W6_M15,0.43564356435643564
W6_M52,W6_M15,0.13861386138613863
W6_M53,W6_M15,0.13861386138613863
W6_M54,W6_M15,0.1782178217821782
W6_M55,W6_M15,0.15841584158415842
W6_M56,W6_M15,0.19801980198019803
W6_M57,W6_M15,0.31683168316831684
W6_M58,W6_M15,0.2376237623762376
W6_M59,W6_M15,0.15841584158415842
W6_M60,W6_M15,0.25742574257425743
W6_M61,W6_M15,0.19801980198019803
W6_M62,W6_M15,0.13861386138613863
W6_M63,W6_M15,0.33663366336633666
W6_M64,W6_M15,0.19801980198019803
W6_M65,W6_M15,0.1782178217821782
W6_M66,W6_M15,0.2376237623762376
W6_M67,W6_M15,0.13861386138613863
W6_M68,W6_M15,0.15841584158415842
W6_M69,W6_M15,0.21782178217821782
W6_M70,W6_M15,0.039603960396039604
W6_M71,W6_M15,0.15841584158415842
W6_M72,W6_M15,0.13861386138613863
W6_M73,W6_M15,0.13861386138613863
W6_M74,W6_M15,0.15841584158415842
W6_M75,W6_M15,0.09900990099009901
W6_M76,W6_M15,0.09900990099009901
W6_M77,W6_M15,0.13861386138613863
W6_M78,W6_M15,0.07920792079207921
W6_M79,W6_M15,0.09900990099009901
W6_M80,W6_M15,0.09900990099009901
W6_M81,W6_M15,0.0594059405940594
W6_M82,W6_M15,0.039603960396039604
W6_M83,W6_M15,0.13861386138613863
W6_M84,W6_M15,0.19801980198019803
W6_M85,W6_M15,0.1188118811881188
W6_M86,W6_M15,0.1782178217821782
W6_M87,W6_M15,0.15841584158415842
W6_M88,W6_M15,0.09900990099009901
W6_M89,W6_M15,0.0594059405940594
W6_M90,W6_M15,0.07920792079207921
W6_M91,W6_M15,0.1188118811881188
W6_M92,W6_M15,0.0594059405940594
W6_M93,W6_M15,0.039603960396039604
W6_M94,W6_M15,0.019801980198019802
W6_M95,W6_M15,0.019801980198019802
W6_M96,W6_M15,0.019801980198019802
W6_M97,W6_M15,0.019801980198019802
W6_M98,W6_M15,0.019801980198019802
W6_M99,W6_M15,0.019801980198019802
W6_M100,W6_M15,0.019801980198019802
W6_M17,W6_M16,0.33663366336633666
W6_M18,W6_M16,0.45544554455445546
W6_M19,W6_M16,0.37623762376237624
W6_M20,W6_M16,0.3564356435643564
W6_M21,W6_M16,0.27722772277227725
W6_M22,W6_M16,0.25742574257425743
W6_M23,W6_M16,0.27722772277227725
W6_M24,W6_M16,0.27722772277227725
W6_M25,W6_M16,0.2376237623762376
W6_M26,W6_M16,0.27722772277227725
W6_M27,W6_M16,0.1188118811881188
W6_M28,W6_M16,0.2376237623762376
W6_M29,W6_M16,0.19801980198019803
W6_M30,W6_M16,0.297029702970297
W6_M31,W6_M16,0.1782178217821782
W6_M32,W6_M16,0.27722772277227725
W6_M33,W6_M16,0.1188118811881188
W6_M34,W6_M16,0.039603960396039604
W6_M35,W6_M16,0.07920792079207921
W6_M36,W6_M16,0.1188118811881188
W6_M37,W6_M16,0.0594059405940594
W6_M38,W6_M16,0.039603960396039604
W6_M39,W6_M16,0.09900990099009901
W6_M40,W6_M16,0.019801980198019802
W6_M41,W6_M16,0.019801980198019802
W6_M42,W6_M16,0.1188118811881188
W6_M43,W6_M16,0.0594059405940594
W6_M44,W6_M16,0.0594059405940594
W6_M45,W6_M16,0.21782178217821782
W6_M46,W6_M16,0.039603960396039604
W6_M47,W6_M16,0.09900990099009901
W6_M48,W6_M16,0.15841584158415842
W6_M49,W6_M16,0.039603960396039604
W6_M50,W6_M16,0.07920792079207921
W6_M51,W6_M16,0.1782178217821782
W6_M52,W6_M16,0.039603960396039604
W6_M53,W6_M16,0.09900990099009901
W6_M54,W6_M16,0.09900990099009901
W6_M55,W6_M16,0.0594059405940594
W6_M56,W6_M16,0.07920792079207921
W6_M57,W6_M16,0.039603960396039604
W6_M58,W6_M16,0.0594059405940594
W6_M59,W6_M16,0.039603960396039604
W6_M60,W6_M16,0.0594059405940594
W6_M61,W6_M16,0.0594059405940594
W6_M62,W6_M16,0.0594059405940594
W6_M63,W6_M16,0.07920792079207921
W6_M64,W6_M16,0.13861386138613863
W6_M65,W6_M16,0.0594059405940594
W6_M66,W6_M16,0.039603960396039604
W6_M67,W6_M16,0.019801980198019802
W6_M68,W6_M16,0.019801980198019802
W6_M69,W6_M16,0.039603960396039604
W6_M70,W6_M16,0.019801980198019802
W6_M71,W6_M16,0.039603960396039604
W6_M72,W6_M16,0.039603960396039604
W6_M73,W6_M16,0.09900990099009901
W6_M74,W6_M16,0.039603960396039604
W6_M75,W6_M16,0.09900990099009901
W6_M76,W6_M16,0.039603960396039604
W6_M77,W6_M16,0.019801980198019802
W6_M78,W6_M16,0.0594059405940594
W6_M79,W6_M16,0.039603960396039604
W6_M80,W6_M16,0.0594059405940594
W6_M81,W6_M16,0.039603960396039604
W6_M82,W6_M16,0.019801980198019802
W6_M83,W6_M16,0.019801980198019802
W6_M84,W6_M16,0.0594059405940594
W6_M85,W6_M16,0.019801980198019802
W6_M86,W6_M16,0.019801980198019802
W6_M87,W6_M16,0.0594059405940594
W6_M88,W6_M16,0.019801980198019802
W6_M89,W6_M16,0.019801980198019802
W6_M90,W6_M16,0.0594059405940594
W6_M91,W6_M16,0.039603960396039604
W6_M92,W6_M16,0.019801980198019802
W6_M93,W6_M16,0.039603960396039604
W6_M94,W6_M16,0.019801980198019802
W6_M95,W6_M16,0.019801980198019802
W6_M96,W6_M16,0.019801980198019802
W6_M97,W6_M16,0.019801980198019802
W6_M98,W6_M16,0.019801980198019802
W6_M99,W6_M16,0.019801980198019802
W6_M100,W6_M16,0.019801980198019802
W6_M18,W6_M17,0.8514851485148515
W6_M19,W6_M17,0.8514851485148515
W6_M20,W6_M17,0.8316831683168316
W6_M21,W6_M17,0.8514851485148515
W6_M22,W6_M17,0.9504950495049505
W6_M23,W6_M17,0.9504950495049505
W6_M24,W6_M17,0.43564356435643564
W6_M25,W6_M17,0.8316831683168316
W6_M26,W6_M17,0.9702970297029703
W6_M27,W6_M17,0.7722772277227723
W6_M28,W6_M17,0.5742574257425742
W6_M29,W6_M17,0.6336633663366337
W6_M30,W6_M17,0.15841584158415842
W6_M31,W6_M17,0.693069306930693
W6_M32,W6_M17,0.4158415841584158
W6_M33,W6_M17,0.7920792079207921
W6_M34,W6_M17,0.6732673267326733
W6_M35,W6_M17,0.4752475247524752
W6_M36,W6_M17,0.37623762376237624
W6_M37,W6_M17,0.6138613861386139
W6_M38,W6_M17,0.6534653465346535
W6_M39,W6_M17,0.4752475247524752
W6_M40,W6_M17,0.49504950495049505
W6_M41,W6_M17,0.21782178217821782
W6_M42,W6_M17,0.45544554455445546
W6_M43,W6_M17,0.4158415841584158
W6_M44,W6_M17,0.1782178217821782
W6_M45,W6_M17,0.2376237623762376
W6_M46,W6_M17,0.297029702970297
W6_M47,W6_M17,0.31683168316831684
W6_M48,W6_M17,0.2376237623762376
W6_M49,W6_M17,0.21782178217821782
W6_M50,W6_M17,0.15841584158415842
W6_M51,W6_M17,0.2376237623762376
W6_M52,W6_M17,0.31683168316831684
W6_M53,W6_M17,0.31683168316831684
W6_M54,W6_M17,0.1782178217821782
W6_M55,W6_M17,0.25742574257425743
W6_M56,W6_M17,0.19801980198019803
W6_M57,W6_M17,0.1782178217821782
W6_M58,W6_M17,0.2376237623762376
W6_M59,W6_M17,0.3564356435643564
W6_M60,W6_M17,0.33663366336633666
W6_M61,W6_M17,0.31683168316831684
W6_M62,W6_M17,0.25742574257425743
W6_M63,W6_M17,0.19801980198019803
W6_M64,W6_M17,0.1782178217821782
W6_M65,W6_M17,0.2376237623762376
W6_M66,W6_M17,0.1782178217821782
W6_M67,W6_M17,0.15841584158415842
W6_M68,W6_M17,0.19801980198019803
W6_M69,W6_M17,0.15841584158415842
W6_M70,W6_M17,0.07920792079207921
W6_M71,W6_M17,0.09900990099009901
W6_M72,W6_M17,0.039603960396039604
W6_M73,W6_M17,0.13861386138613863
W6_M74,W6_M17,0.09900990099009901
W6_M75,W6_M17,0.1188118811881188
W6_M76,W6_M17,0.07920792079207921
W6_M77,W6_M17,0.1188118811881188
W6_M78,W6_M17,0.13861386138613863
W6_M79,W6_M17,0.07920792079207921
W6_M80,W6_M17,0.039603960396039604
W6_M81,W6_M17,0.1188118811881188
W6_M82,W6_M17,0.039603960396039604
W6_M83,W6_M17,0.21782178217821782
W6_M84,W6_M17,0.13861386138613863
W6_M85,W6_M17,0.15841584158415842
W6_M86,W6_M17,0.15841584158415842
W6_M87,W6_M17,0.07920792079207921
W6_M88,W6_M17,0.0594059405940594
W6_M89,W6_M17,0.039603960396039604
W6_M90,W6_M17,0.07920792079207921
W6_M91,W6_M17,0.09900990099009901
W6_M92,W6_M17,0.0594059405940594
W6_M93,W6_M17,0.019801980198019802
W6_M94,W6_M17,0.0594059405940594
W6_M95,W6_M17,0.019801980198019802
W6_M96,W6_M17,0.019801980198019802
W6_M97,W6_M17,0.019801980198019802
W6_M98,W6_M17,0.019801980198019802
W6_M99,W6_M17,0.019801980198019802
W6_M100,W6_M17,0.019801980198019802
W6_M19,W6_M18,0.7128712871287128
W6_M20,W6_M18,0.7524752475247525
W6_M21,W6_M18,0.693069306930693
W6_M22,W6_M18,0.9900990099009901
W6_M23,W6_M18,1.00990099009901
W6_M24,W6_M18,0.39603960396039606
W6_M25,W6_M18,0.7722772277227723
W6_M26,W6_M18,0.8316831683168316
W6_M27,W6_M18,0.7128712871287128
W6_M28,W6_M18,0.27722772277227725
W6_M29,W6_M18,0.5544554455445545
W6_M30,W6_M18,0.4158415841584158
W6_M31,W6_M18,0.6732673267326733
W6_M32,W6_M18,0.31683168316831684
W6_M33,W6_M18,0.49504950495049505
W6_M34,W6_M18,0.5742574257425742
W6_M35,W6_M18,0.4158415841584158
W6_M36,W6_M18,0.4752475247524752
W6_M37,W6_M18,0.4158415841584158
W6_M38,W6_M18,0.49504950495049505
W6_M39,W6_M18,0.4752475247524752
W6_M40,W6_M18,0.43564356435643564
W6_M41,W6_M18,0.33663366336633666
W6_M42,W6_M18,0.297029702970297
W6_M43,W6_M18,0.1188118811881188
W6_M44,W6_M18,0.21782178217821782
W6_M45,W6_M18,0.19801980198019803
W6_M46,W6_M18,0.37623762376237624
W6_M47,W6_M18,0.25742574257425743
W6_M48,W6_M18,0.1188118811881188
W6_M49,W6_M18,0.09900990099009901
W6_M50,W6_M18,0.1188118811881188
W6_M51,W6_M18,0.13861386138613863
W6_M52,W6_M18,0.21782178217821782
W6_M53,W6_M18,0.25742574257425743
W6_M54,W6_M18,0.25742574257425743
W6_M55,W6_M18,0.039603960396039604
W6_M56,W6_M18,0.13861386138613863
W6_M57,W6_M18,0.09900990099009901
W6_M58,W6_M18,0.1782178217821782
W6_M59,W6_M18,0.0594059405940594
W6_M60,W6_M18,0.13861386138613863
W6_M61,W6_M18,0.13861386138613863
W6_M62,W6_M18,0.15841584158415842
W6_M63,W6_M18,0.1188118811881188
W6_M64,W6_M18,0.25742574257425743
W6_M65,W6_M18,0.1188118811881188
W6_M66,W6_M18,0.07920792079207921
W6_M67,W6_M18,0.15841584158415842
W6_M68,W6_M18,0.1188118811881188
W6_M69,W6_M18,0.07920792079207921
W6_M70,W6_M18,0.0594059405940594
W6_M71,W6_M18,0.1188118811881188
W6_M72,W6_M18,0.039603960396039604
W6_M73,W6_M18,0.13861386138613863
W6_M74,W6_M18,0.0594059405940594
W6_M75,W6_M18,0.039603960396039604
W6_M76,W6_M18,0.13861386138613863
W6_M77,W6_M18,0.1188118811881188
W6_M78,W6_M18,0.07920792079207921
W6_M79,W6_M18,0.1188118811881188
W6_M80,W6_M18,0.07920792079207921
W6_M81,W6_M18,0.09900990099009901
W6_M82,W6_M18,0.09900990099009901
W6_M83,W6_M18,0.1188118811881188
W6_M84,W6_M18,0.13861386138613863
W6_M85,W6_M18,0.07920792079207921
W6_M86,W6_M18,0.0594059405940594
W6_M87,W6_M18,0.13861386138613863
W6_M88,W6_M18,0.1188118811881188
W6_M89,W6_M18,0.039603960396039604
W6_M90,W6_M18,0.0594059405940594
W6_M91,W6_M18,0.039603960396039604
W6_M92,W6_M18,0.039603960396039604
W6_M93,W6_M18,0.019801980198019802
W6_M94,W6_M18,0.019801980198019802
W6_M95,W6_M18,0.019801980198019802
W6_M96,W6_M18,0.019801980198019802
W6_M97,W6_M18,0.019801980198019802
W6_M98,W6_M18,0.019801980198019802
W6_M99,W6_M18,0.019801980198019802
W6_M100,W6_M18,0.019801980198019802
W6_M20,W6_M19,0.9900990099009901
W6_M21,W6_M19,0.8118811881188119
W6_M22,W6_M19,0.8118811881188119
W6_M23,W6_M19,1.00990099009901
W6_M24,W6_M19,0.6534653465346535
W6_M25,W6_M19,1.00990099009901
W6_M26,W6_M19,0.8910891089108911
W6_M27,W6_M19,0.7326732673267327
W6_M28,W6_M19,0.45544554455445546
W6_M29,W6_M19,0.6732673267326733
W6_M30,W6_M19,0.5346534653465347
W6_M31,W6_M19,0.6732673267326733
W6_M32,W6_M19,0.5544554455445545
W6_M33,W6_M19,0.6534653465346535
W6_M34,W6_M19,0.49504950495049505
W6_M35,W6_M19,0.31683168316831684
W6_M36,W6_M19,0.5544554455445545
W6_M37,W6_M19,0.39603960396039606
W6_M38,W6_M19,0.6732673267326733
W6_M39,W6_M19,0.3564356435643564
W6_M40,W6_M19,0.39603960396039606
W6_M41,W6_M19,0.45544554455445546
W6_M42,W6_M19,0.25742574257425743
W6_M43,W6_M19,0.13861386138613863
W6_M44,W6_M19,0.19801980198019803
W6_M45,W6_M19,0.297029702970297
W6_M46,W6_M19,0.1782178217821782
W6_M47,W6_M19,0.25742574257425743
W6_M48,W6_M19,0.19801980198019803
W6_M49,W6_M19,0.25742574257425743
W6_M50,W6_M19,0.13861386138613863
W6_M51,W6_M19,0.19801980198019803
W6_M52,W6_M19,0.31683168316831684
W6_M53,W6_M19,0.39603960396039606
W6_M54,W6_M19,0.31683168316831684
W6_M55,W6_M19,0.0594059405940594
W6_M56,W6_M19,0.15841584158415842
W6_M57,W6_M19,0.09900990099009901
W6_M58,W6_M19,0.297029702970297
W6_M59,W6_M19,0.15841584158415842
W6_M60,W6_M19,0.1782178217821782
W6_M61,W6_M19,0.15841584158415842
W6_M62,W6_M19,0.1782178217821782
W6_M63,W6_M19,0.21782178217821782
W6_M64,W6_M19,0.09900990099009901
W6_M65,W6_M19,0.13861386138613863
W6_M66,W6_M19,0.1782178217821782
W6_M67,W6_M19,0.09900990099009901
W6_M68,W6_M19,0.13861386138613863
W6_M69,W6_M19,0.19801980198019803
W6_M70,W6_M19,0.0594059405940594
W6_M71,W6_M19,0.019801980198019802
W6_M72,W6_M19,0.039603960396039604
W6_M73,W6_M19,0.15841584158415842
W6_M74,W6_M19,0.07920792079207921
W6_M75,W6_M19,0.1188118811881188
W6_M76,W6_M19,0.1188118811881188
W6_M77,W6_M19,0.07920792079207921
W6_M78,W6_M19,0.13861386138613863
W6_M79,W6_M19,0.09900990099009901
W6_M80,W6_M19,0.07920792079207921
W6_M81,W6_M19,0.09900990099009901
W6_M82,W6_M19,0.0594059405940594
W6_M83,W6_M19,0.13861386138613863
W6_M84,W6_M19,0.09900990099009901
W6_M85,W6_M19,0.09900990099009901
W6_M86,W6_M19,0.039603960396039604
W6_M87,W6_M19,0.07920792079207921
W6_M88,W6_M19,0.0594059405940594
W6_M89,W6_M19,0.1188118811881188
W6_M90,W6_M19,0.07920792079207921
W6_M91,W6_M19,0.07920792079207921
W6_M92,W6_M19,0.019801980198019802
W6_M93,W6_M19,0.019801980198019802
W6_M94,W6_M19,0.039603960396039604
W6_M95,W6_M19,0.019801980198019802
W6_M96,W6_M19,0.019801980198019802
W6_M97,W6_M19,0.019801980198019802
W6_M98,W6_M19,0.019801980198019802
W6_M99,W6_M19,0.019801980198019802
W6_M100,W6_M19,0.019801980198019802
W6_M21,W6_M20,0.8514851485148515
W6_M22,W6_M20,0.7524752475247525
W6_M23,W6_M20,0.7920792079207921
W6_M24,W6_M20,0.6336633663366337
W6_M25,W6_M20,0.7722772277227723
W6_M26,W6_M20,0.6336633663366337
W6_M27,W6_M20,0.7326732673267327
W6_M28,W6_M20,0.33663366336633666
W6_M29,W6_M20,0.8514851485148515
W6_M30,W6_M20,0.4158415841584158
W6_M31,W6_M20,0.7524752475247525
W6_M32,W6_M20,0.33663366336633666
W6_M33,W6_M20,0.594059405940594
W6_M34,W6_M20,0.5544554455445545
W6_M35,W6_M20,0.4158415841584158
W6_M36,W6_M20,0.4752475247524752
W6_M37,W6_M20,0.45544554455445546
W6_M38,W6_M20,0.5742574257425742
W6_M39,W6_M20,0.5346534653465347
W6_M40,W6_M20,0.37623762376237624
W6_M41,W6_M20,0.27722772277227725
W6_M42,W6_M20,0.297029702970297
W6_M43,W6_M20,0.07920792079207921
W6_M44,W6_M20,0.3564356435643564
W6_M45,W6_M20,0.27722772277227725
W6_M46,W6_M20,0.21782178217821782
W6_M47,W6_M20,0.2376237623762376
W6_M48,W6_M20,0.2376237623762376
W6_M49,W6_M20,0.15841584158415842
W6_M50,W6_M20,0.297029702970297
W6_M51,W6_M20,0.09900990099009901
W6_M52,W6_M20,0.25742574257425743
W6_M53,W6_M20,0.1188118811881188
W6_M54,W6_M20,0.297029702970297
W6_M55,W6_M20,0.019801980198019802
W6_M56,W6_M20,0.1782178217821782
W6_M57,W6_M20,0.15841584158415842
W6_M58,W6_M20,0.15841584158415842
W6_M59,W6_M20,0.19801980198019803
W6_M60,W6_M20,0.21782178217821782
W6_M61,W6_M20,0.21782178217821782
W6_M62,W6_M20,0.07920792079207921
W6_M63,W6_M20,0.13861386138613863
W6_M64,W6_M20,0.15841584158415842
W6_M65,W6_M20,0.07920792079207921
W6_M66,W6_M20,0.09900990099009901
W6_M67,W6_M20,0.09900990099009901
W6_M68,W6_M20,0.1188118811881188
W6_M69,W6_M20,0.15841584158415842
W6_M70,W6_M20,0.09900990099009901
W6_M71,W6_M20,0.07920792079207921
W6_M72,W6_M20,0.07920792079207921
W6_M73,W6_M20,0.0594059405940594
W6_M74,W6_M20,0.09900990099009901
W6_M75,W6_M20,0.15841584158415842
W6_M76,W6_M20,0.039603960396039604
W6_M77,W6_M20,0.1188118811881188
W6_M78,W6_M20,0.09900990099009901
W6_M79,W6_M20,0.07920792079207921
W6_M80,W6_M20,0.19801980198019803
W6_M81,W6_M20,0.039603960396039604
W6_M82,W6_M20,0.1188118811881188
W6_M83,W6_M20,0.19801980198019803
W6_M84,W6_M20,0.1188118811881188
W6_M85,W6_M20,0.07920792079207921
W6_M86,W6_M20,0.07920792079207921
W6_M87,W6_M20,0.1188118811881188
W6_M88,W6_M20,0.0594059405940594
W6_M89,W6_M20,0.07920792079207921
W6_M90,W6_M20,0.019801980198019802
W6_M91,W6_M20,0.039603960396039604
W6_M92,W6_M20,0.039603960396039604
W6_M93,W6_M20,0.019801980198019802
W6_M94,W6_M20,0.019801980198019802
W6_M95,W6_M20,0.019801980198019802
W6_M96,W6_M20,0.019801980198019802
W6_M97,W6_M20,0.019801980198019802
W6_M98,W6_M20,0.019801980198019802
W6_M99,W6_M20,0.019801980198019802
W6_M100,W6_M20,0.019801980198019802
W6_M22,W6_M21,0.693069306930693
W6_M23,W6_M21,0.7722772277227723
W6_M24,W6_M21,0.7128712871287128
W6_M25,W6_M21,0.9702970297029703
W6_M26,W6_M21,0.8910891089108911
W6_M27,W6_M21,0.6534653465346535
W6_M28,W6_M21,0.8910891089108911
W6_M29,W6_M21,0.8910891089108911
W6_M30,W6_M21,0.5346534653465347
W6_M31,W6_M21,0.6534653465346535
W6_M32,W6_M21,0.8712871287128713
W6_M33,W6_M21,0.6336633663366337
W6_M34,W6_M21,0.7326732673267327
W6_M35,W6_M21,0.6732673267326733
W6_M36,W6_M21,0.43564356435643564
W6_M37,W6_M21,0.33663366336633666
W6_M38,W6_M21,0.8712871287128713
W6_M39,W6_M21,0.27722772277227725
W6_M40,W6_M21,0.5346534653465347
W6_M41,W6_M21,0.2376237623762376
W6_M42,W6_M21,0.39603960396039606
W6_M43,W6_M21,0.37623762376237624
W6_M44,W6_M21,0.09900990099009901
W6_M45,W6_M21,0.297029702970297
W6_M46,W6_M21,0.31683168316831684
W6_M47,W6_M21,0.37623762376237624
W6_M48,W6_M21,0.297029702970297
W6_M49,W6_M21,0.2376237623762376
W6_M50,W6_M21,0.0594059405940594
W6_M51,W6_M21,0.49504950495049505
W6_M52,W6_M21,0.27722772277227725
W6_M53,W6_M21,0.3564356435643564
W6_M54,W6_M21,0.45544554455445546
W6_M55,W6_M21,0.27722772277227725
W6_M56,W6_M21,0.297029702970297
W6_M57,W6_M21,0.4752475247524752
W6_M58,W6_M21,0.2376237623762376
W6_M59,W6_M21,0.39603960396039606
W6_M60,W6_M21,0.3564356435643564
W6_M61,W6_M21,0.37623762376237624
W6_M62,W6_M21,0.37623762376237624
W6_M63,W6_M21,0.25742574257425743
W6_M64,W6_M21,0.33663366336633666
W6_M65,W6_M21,0.2376237623762376
W6_M66,W6_M21,0.31683168316831684
W6_M67,W6_M21,0.31683168316831684
W6_M68,W6_M21,0.07920792079207921
W6_M69,W6_M21,0.21782178217821782
W6_M70,W6_M21,0.13861386138613863
W6_M71,W6_M21,0.1188118811881188
W6_M72,W6_M21,0.13861386138613863
W6_M73,W6_M21,0.19801980198019803
W6_M74,W6_M21,0.1188118811881188
W6_M75,W6_M21,0.09900990099009901
W6_M76,W6_M21,0.15841584158415842
W6_M77,W6_M21,0.1188118811881188
W6_M78,W6_M21,0.15841584158415842
W6_M79,W6_M21,0.09900990099009901
W6_M80,W6_M21,0.09900990099009901
W6_M81,W6_M21,0.1188118811881188
W6_M82,W6_M21,0.019801980198019802
W6_M83,W6_M21,0.2376237623762376
W6_M84,W6_M21,0.1782178217821782
W6_M85,W6_M21,0.15841584158415842
W6_M86,W6_M21,0.2376237623762376
W6_M87,W6_M21,0.0594059405940594
W6_M88,W6_M21,0.07920792079207921
W6_M89,W6_M21,0.09900990099009901
W6_M90,W6_M21,0.07920792079207921
W6_M91,W6_M21,0.1188118811881188
W6_M92,W6_M21,0.039603960396039604
W6_M93,W6_M21,0.039603960396039604
W6_M94,W6_M21,0.019801980198019802
W6_M95,W6_M21,0.019801980198019802
W6_M96,W6_M21,0.039603960396039604
W6_M97,W6_M21,0.019801980198019802
W6_M98,W6_M21,0.019801980198019802
W6_M99,W6_M21,0.019801980198019802
W6_M100,W6_M21,0.019801980198019802
W6_M23,W6_M22,0.8316831683168316
W6_M24,W6_M22,0.8712871287128713
W6_M25,W6_M22,0.9702970297029703
W6_M26,W6_M22,0.8118811881188119
W6_M27,W6_M22,0.7920792079207921
W6_M28,W6_M22,0.8118811881188119
W6_M29,W6_M22,0.9306930693069307
W6_M30,W6_M22,0.5742574257425742
W6_M31,W6_M22,0.4752475247524752
W6_M32,W6_M22,0.7920792079207921
W6_M33,W6_M22,0.5148514851485149
W6_M34,W6_M22,0.693069306930693
W6_M35,W6_M22,0.43564356435643564
W6_M36,W6_M22,0.21782178217821782
W6_M37,W6_M22,0.4752475247524752
W6_M38,W6_M22,0.594059405940594
W6_M39,W6_M22,0.297029702970297
W6_M40,W6_M22,0.43564356435643564
W6_M41,W6_M22,0.15841584158415842
W6_M42,W6_M22,0.594059405940594
W6_M43,W6_M22,0.297029702970297
W6_M44,W6_M22,0.09900990099009901
W6_M45,W6_M22,0.33663366336633666
W6_M46,W6_M22,0.21782178217821782
W6_M47,W6_M22,0.31683168316831684
W6_M48,W6_M22,0.2376237623762376
W6_M49,W6_M22,0.1782178217821782
W6_M50,W6_M22,0.039603960396039604
W6_M51,W6_M22,0.45544554455445546
W6_M52,W6_M22,0.33663366336633666
W6_M53,W6_M22,0.297029702970297
W6_M54,W6_M22,0.33663366336633666
W6_M55,W6_M22,0.13861386138613863
W6_M56,W6_M22,0.1782178217821782
W6_M57,W6_M22,0.3564356435643564
W6_M58,W6_M22,0.13861386138613863
W6_M59,W6_M22,0.33663366336633666
W6_M60,W6_M22,0.31683168316831684
W6_M61,W6_M22,0.31683168316831684
W6_M62,W6_M22,0.27722772277227725
W6_M63,W6_M22,0.2376237623762376
W6_M64,W6_M22,0.25742574257425743
W6_M65,W6_M22,0.21782178217821782
W6_M66,W6_M22,0.1782178217821782
W6_M67,W6_M22,0.2376237623762376
W6_M68,W6_M22,0.1188118811881188
W6_M69,W6_M22,0.25742574257425743
W6_M70,W6_M22,0.0594059405940594
W6_M71,W6_M22,0.0594059405940594
W6_M72,W6_M22,0.09900990099009901
W6_M73,W6_M22,0.1782178217821782
W6_M74,W6_M22,0.15841584158415842
W6_M75,W6_M22,0.0594059405940594
W6_M76,W6_M22,0.1188118811881188
W6_M77,W6_M22,0.0594059405940594
W6_M78,W6_M22,0.19801980198019803
W6_M79,W6_M22,0.13861386138613863
W6_M80,W6_M22,0.13861386138613863
W6_M81,W6_M22,0.07920792079207921
W6_M82,W6_M22,0.07920792079207921
W6_M83,W6_M22,0.1782178217821782
W6_M84,W6_M22,0.27722772277227725
W6_M85,W6_M22,0.13861386138613863
W6_M86,W6_M22,0.21782178217821782
W6_M87,W6_M22,0.0594059405940594
W6_M88,W6_M22,0.09900990099009901
W6_M89,W6_M22,0.19801980198019803
W6_M90,W6_M22,0.09900990099009901
W6_M91,W6_M22,0.07920792079207921
W6_M92,W6_M22,0.07920792079207921
W6_M93,W6_M22,0.039603960396039604
W6_M94,W6_M22,0.019801980198019802
W6_M95,W6_M22,0.039603960396039604
W6_M96,W6_M22,0.019801980198019802
W6_M97,W6_M22,0.019801980198019802
W6_M98,W6_M22,0.019801980198019802
W6_M99,W6_M22,0.019801980198019802
W6_M100,W6_M22,0.019801980198019802
W6_M24,W6_M23,0.8910891089108911
W6_M25,W6_M23,0.8514851485148515
W6_M26,W6_M23,0.7920792079207921
W6_M27,W6_M23,0.8910891089108911
W6_M28,W6_M23,0.7128712871287128
W6_M29,W6_M23,0.693069306930693
W6_M30,W6_M23,0.6732673267326733
W6_M31,W6_M23,0.693069306930693
W6_M32,W6_M23,0.7920792079207921
W6_M33,W6_M23,0.8316831683168316
W6_M34,W6_M23,0.8316831683168316
W6_M35,W6_M23,0.594059405940594
W6_M36,W6_M23,0.5148514851485149
W6_M37,W6_M23,0.6336633663366337
W6_M38,W6_M23,0.8514851485148515
W6_M39,W6_M23,0.45544554455445546
W6_M40,W6_M23,0.39603960396039606
W6_M41,W6_M23,0.21782178217821782
W6_M42,W6_M23,0.3564356435643564
W6_M43,W6_M23,0.4752475247524752
W6_M44,W6_M23,0.297029702970297
W6_M45,W6_M23,0.25742574257425743
W6_M46,W6_M23,0.15841584158415842
W6_M47,W6_M23,0.15841584158415842
W6_M48,W6_M23,0.21782178217821782
W6_M49,W6_M23,0.4158415841584158
W6_M50,W6_M23,0.31683168316831684
W6_M51,W6_M23,0.297029702970297
W6_M52,W6_M23,0.1782178217821782
W6_M53,W6_M23,0.1188118811881188
W6_M54,W6_M23,0.25742574257425743
W6_M55,W6_M23,0.19801980198019803
W6_M56,W6_M23,0.15841584158415842
W6_M57,W6_M23,0.25742574257425743
W6_M58,W6_M23,0.1782178217821782
W6_M59,W6_M23,0.3564356435643564
W6_M60,W6_M23,0.297029702970297
W6_M61,W6_M23,0.27722772277227725
W6_M62,W6_M23,0.27722772277227725
W6_M63,W6_M23,0.19801980198019803
W6_M64,W6_M23,0.19801980198019803
W6_M65,W6_M23,0.09900990099009901
W6_M66,W6_M23,0.19801980198019803
W6_M67,W6_M23,0.1782178217821782
W6_M68,W6_M23,0.27722772277227725
W6_M69,W6_M23,0.1188118811881188
W6_M70,W6_M23,0.09900990099009901
W6_M71,W6_M23,0.09900990099009901
W6_M72,W6_M23,0.09900990099009901
W6_M73,W6_M23,0.07920792079207921
W6_M74,W6_M23,0.1188118811881188
W6_M75,W6_M23,0.07920792079207921
W6_M76,W6_M23,0.07920792079207921
W6_M77,W6_M23,0.13861386138613863
W6_M78,W6_M23,0.1188118811881188
W6_M79,W6_M23,0.07920792079207921
W6_M80,W6_M23,0.09900990099009901
W6_M81,W6_M23,0.13861386138613863
W6_M82,W6_M23,0.1188118811881188
W6_M83,W6_M23,0.1782178217821782
W6_M84,W6_M23,0.21782178217821782
W6_M85,W6_M23,0.1782178217821782
W6_M86,W6_M23,0.15841584158415842
W6_M87,W6_M23,0.0594059405940594
W6_M88,W6_M23,0.07920792079207921
W6_M89,W6_M23,0.15841584158415842
W6_M90,W6_M23,0.07920792079207921
W6_M91,W6_M23,0.019801980198019802
W6_M92,W6_M23,0.039603960396039604
W6_M93,W6_M23,0.0594059405940594
W6_M94,W6_M23,0.039603960396039604
W6_M95,W6_M23,0.019801980198019802
W6_M96,W6_M23,0.019801980198019802
W6_M97,W6_M23,0.019801980198019802
W6_M98,W6_M23,0.019801980198019802
W6_M99,W6_M23,0.019801980198019802
W6_M100,W6_M23,0.019801980198019802
W6_M25,W6_M24,0.9900990099009901
W6_M26,W6_M24,0.9306930693069307
W6_M27,W6_M24,0.8910891089108911
W6_M28,W6_M24,0.9306930693069307
W6_M29,W6_M24,0.8514851485148515
W6_M30,W6_M24,0.6534653465346535
W6_M31,W6_M24,0.9702970297029703
W6_M32,W6_M24,0.8514851485148515
W6_M33,W6_M24,0.8910891089108911
W6_M34,W6_M24,0.8910891089108911
W6_M35,W6_M24,0.7524752475247525
W6_M36,W6_M24,0.7128712871287128
W6_M37,W6_M24,0.6336633663366337
W6_M38,W6_M24,0.8118811881188119
W6_M39,W6_M24,0.693069306930693
W6_M40,W6_M24,0.6732673267326733
W6_M41,W6_M24,0.39603960396039606
W6_M42,W6_M24,0.693069306930693
W6_M43,W6_M24,0.5544554455445545
W6_M44,W6_M24,0.2376237623762376
W6_M45,W6_M24,0.45544554455445546
W6_M46,W6_M24,0.4158415841584158
W6_M47,W6_M24,0.6534653465346535
W6_M48,W6_M24,0.37623762376237624
W6_M49,W6_M24,0.31683168316831684
W6_M50,W6_M24,0.33663366336633666
W6_M51,W6_M24,0.5346534653465347
W6_M52,W6_M24,0.45544554455445546
W6_M53,W6_M24,0.37623762376237624
W6_M54,W6_M24,0.39603960396039606
W6_M55,W6_M24,0.43564356435643564
W6_M56,W6_M24,0.37623762376237624
W6_M57,W6_M24,0.25742574257425743
W6_M58,W6_M24,0.45544554455445546
W6_M59,W6_M24,0.33663366336633666
W6_M60,W6_M24,0.4752475247524752
W6_M61,W6_M24,0.39603960396039606
W6_M62,W6_M24,0.27722772277227725
W6_M63,W6_M24,0.37623762376237624
W6_M64,W6_M24,0.37623762376237624
W6_M65,W6_M24,0.21782178217821782
W6_M66,W6_M24,0.37623762376237624
W6_M67,W6_M24,0.2376237623762376
W6_M68,W6_M24,0.27722772277227725
W6_M69,W6_M24,0.45544554455445546
W6_M70,W6_M24,0.07920792079207921
W6_M71,W6_M24,0.27722772277227725
W6_M72,W6_M24,0.15841584158415842
W6_M73,W6_M24,0.19801980198019803
W6_M74,W6_M24,0.1782178217821782
W6_M75,W6_M24,0.1782178217821782
W6_M76,W6_M24,0.19801980198019803
W6_M77,W6_M24,0.1782178217821782
W6_M78,W6_M24,0.31683168316831684
W6_M79,W6_M24,0.15841584158415842
W6_M80,W6_M24,0.1782178217821782
W6_M81,W6_M24,0.19801980198019803
W6_M82,W6_M24,0.0594059405940594
W6_M83,W6_M24,0.3564356435643564
W6_M84,W6_M24,0.15841584158415842
W6_M85,W6_M24,0.1782178217821782
W6_M86,W6_M24,0.15841584158415842
W6_M87,W6_M24,0.09900990099009901
W6_M88,W6_M24,0.1188118811881188
W6_M89,W6_M24,0.039603960396039604
W6_M90,W6_M24,0.13861386138613863
W6_M91,W6_M24,0.07920792079207921
W6_M92,W6_M24,0.19801980198019803
W6_M93,W6_M24,0.019801980198019802
W6_M94,W6_M24,0.039603960396039604
W6_M95,W6_M24,0.019801980198019802
W6_M96,W6_M24,0.019801980198019802
W6_M97,W6_M24,0.019801980198019802
W6_M98,W6_M24,0.019801980198019802
W6_M99,W6_M24,0.019801980198019802
W6_M100,W6_M24,0.019801980198019802
W6_M26,W6_M25,0.8712871287128713
W6_M27,W6_M25,0.9900990099009901
W6_M28,W6_M25,0.9702970297029703
W6_M29,W6_M25,0.9306930693069307
W6_M30,W6_M25,0.9504950495049505
W6_M31,W6_M25,0.9108910891089109
W6_M32,W6_M25,0.8118811881188119
W6_M33,W6_M25,0.8712871287128713
W6_M34,W6_M25,0.5148514851485149
W6_M35,W6_M25,0.6534653465346535
W6_M36,W6_M25,0.6534653465346535
W6_M37,W6_M25,0.6732673267326733
W6_M38,W6_M25,0.33663366336633666
W6_M39,W6_M25,0.3564356435643564
W6_M40,W6_M25,0.1782178217821782
W6_M41,W6_M25,0.19801980198019803
W6_M42,W6_M25,0.594059405940594
W6_M43,W6_M25,0.25742574257425743
W6_M44,W6_M25,0.07920792079207921
W6_M45,W6_M25,0.43564356435643564
W6_M46,W6_M25,0.19801980198019803
W6_M47,W6_M25,0.21782178217821782
W6_M48,W6_M25,0.4158415841584158
W6_M49,W6_M25,0.27722772277227725
W6_M50,W6_M25,0.15841584158415842
W6_M51,W6_M25,0.4752475247524752
W6_M52,W6_M25,0.19801980198019803
W6_M53,W6_M25,0.0594059405940594
W6_M54,W6_M25,0.31683168316831684
W6_M55,W6_M25,0.09900990099009901
W6_M56,W6_M25,0.1188118811881188
W6_M57,W6_M25,0.09900990099009901
W6_M58,W6_M25,0.27722772277227725
W6_M59,W6_M25,0.19801980198019803
W6_M60,W6_M25,0.13861386138613863
W6_M61,W6_M25,0.19801980198019803
W6_M62,W6_M25,0.15841584158415842
W6_M63,W6_M25,0.15841584158415842
W6_M64,W6_M25,0.2376237623762376
W6_M65,W6_M25,0.09900990099009901
W6_M66,W6_M25,0.07920792079207921
W6_M67,W6_M25,0.297029702970297
W6_M68,W6_M25,0.21782178217821782
W6_M69,W6_M25,0.1188118811881188
W6_M70,W6_M25,0.1188118811881188
W6_M71,W6_M25,0.07920792079207921
W6_M72,W6_M25,0.07920792079207921
W6_M73,W6_M25,0.13861386138613863
W6_M74,W6_M25,0.09900990099009901
W6_M75,W6_M25,0.15841584158415842
W6_M76,W6_M25,0.1782178217821782
W6_M77,W6_M25,0.09900990099009901
W6_M78,W6_M25,0.07920792079207921
W6_M79,W6_M25,0.07920792079207921
W6_M80,W6_M25,0.15841584158415842
W6_M81,W6_M25,0.0594059405940594
W6_M82,W6_M25,0.07920792079207921
W6_M83,W6_M25,0.07920792079207921
W6_M84,W6_M25,0.25742574257425743
W6_M85,W6_M25,0.15841584158415842
W6_M86,W6_M25,0.039603960396039604
W6_M87,W6_M25,0.039603960396039604
W6_M88,W6_M25,0.039603960396039604
W6_M89,W6_M25,0.09900990099009901
W6_M90,W6_M25,0.039603960396039604
W6_M91,W6_M25,0.039603960396039604
W6_M92,W6_M25,0.019801980198019802
W6_M93,W6_M25,0.07920792079207921
W6_M94,W6_M25,0.019801980198019802
W6_M95,W6_M25,0.039603960396039604
W6_M96,W6_M25,0.019801980198019802
W6_M97,W6_M25,0.019801980198019802
W6_M98,W6_M25,0.019801980198019802
W6_M99,W6_M25,0.019801980198019802
W6_M100,W6_M25,0.019801980198019802
W6_M27,W6_M26,0.9504950495049505
W6_M28,W6_M26,0.8118811881188119
W6_M29,W6_M26,0.8712871287128713
W6_M30,W6_M26,1.00990099009901
W6_M31,W6_M26,0.9702970297029703
W6_M32,W6_M26,0.8316831683168316
W6_M33,W6_M26,0.6534653465346535
W6_M34,W6_M26,0.49504950495049505
W6_M35,W6_M26,0.594059405940594
W6_M36,W6_M26,0.8316831683168316
W6_M37,W6_M26,0.594059405940594
W6_M38,W6_M26,0.45544554455445546
W6_M39,W6_M26,0.33663366336633666
W6_M40,W6_M26,0.39603960396039606
W6_M41,W6_M26,0.13861386138613863
W6_M42,W6_M26,0.5148514851485149
W6_M43,W6_M26,0.5346534653465347
W6_M44,W6_M26,0.19801980198019803
W6_M45,W6_M26,0.6732673267326733
W6_M46,W6_M26,0.1188118811881188
W6_M47,W6_M26,0.15841584158415842
W6_M48,W6_M26,0.39603960396039606
W6_M49,W6_M26,0.21782178217821782
W6_M50,W6_M26,0.13861386138613863
W6_M51,W6_M26,0.5544554455445545
W6_M52,W6_M26,0.13861386138613863
W6_M53,W6_M26,0.1188118811881188
W6_M54,W6_M26,0.49504950495049505
W6_M55,W6_M26,0.25742574257425743
W6_M56,W6_M26,0.1188118811881188
W6_M57,W6_M26,0.19801980198019803
W6_M58,W6_M26,0.19801980198019803
W6_M59,W6_M26,0.1188118811881188
W6_M60,W6_M26,0.25742574257425743
W6_M61,W6_M26,0.1782178217821782
W6_M62,W6_M26,0.2376237623762376
W6_M63,W6_M26,0.09900990099009901
W6_M64,W6_M26,0.15841584158415842
W6_M65,W6_M26,0.13861386138613863
W6_M66,W6_M26,0.13861386138613863
W6_M67,W6_M26,0.19801980198019803
W6_M68,W6_M26,0.0594059405940594
W6_M69,W6_M26,0.19801980198019803
W6_M70,W6_M26,0.09900990099009901
W6_M71,W6_M26,0.13861386138613863
W6_M72,W6_M26,0.13861386138613863
W6_M73,W6_M26,0.0594059405940594
W6_M74,W6_M26,0.07920792079207921
W6_M75,W6_M26,0.07920792079207921
W6_M76,W6_M26,0.13861386138613863
W6_M77,W6_M26,0.07920792079207921
W6_M78,W6_M26,0.1188118811881188
W6_M79,W6_M26,0.09900990099009901
W6_M80,W6_M26,0.1782178217821782
W6_M81,W6_M26,0.039603960396039604
W6_M82,W6_M26,0.07920792079207921
W6_M83,W6_M26,0.13861386138613863
W6_M84,W6_M26,0.27722772277227725
W6_M85,W6_M26,0.13861386138613863
W6_M86,W6_M26,0.1782178217821782
W6_M87,W6_M26,0.13861386138613863
W6_M88,W6_M26,0.019801980198019802
W6_M89,W6_M26,0.0594059405940594
W6_M90,W6_M26,0.1188118811881188
W6_M91,W6_M26,0.0594059405940594
W6_M92,W6_M26,0.0594059405940594
W6_M93,W6_M26,0.0594059405940594
W6_M94,W6_M26,0.019801980198019802
W6_M95,W6_M26,0.019801980198019802
W6_M96,W6_M26,0.019801980198019802
W6_M97,W6_M26,0.019801980198019802
W6_M98,W6_M26,0.019801980198019802
W6_M99,W6_M26,0.019801980198019802
W6_M100,W6_M26,0.019801980198019802
W6_M28,W6_M27,0.9108910891089109
W6_M29,W6_M27,0.9900990099009901
W6_M30,W6_M27,0.7326732673267327
W6_M31,W6_M27,0.9108910891089109
W6_M32,W6_M27,0.9108910891089109
W6_M33,W6_M27,0.693069306930693
W6_M34,W6_M27,0.8316831683168316
W6_M35,W6_M27,0.693069306930693
W6_M36,W6_M27,0.3564356435643564
W6_M37,W6_M27,0.3564356435643564
W6_M38,W6_M27,0.8712871287128713
W6_M39,W6_M27,0.5148514851485149
W6_M40,W6_M27,0.5148514851485149
W6_M41,W6_M27,0.25742574257425743
W6_M42,W6_M27,0.5148514851485149
W6_M43,W6_M27,0.594059405940594
W6_M44,W6_M27,0.1782178217821782
W6_M45,W6_M27,0.5346534653465347
W6_M46,W6_M27,0.25742574257425743
W6_M47,W6_M27,0.33663366336633666
W6_M48,W6_M27,0.3564356435643564
W6_M49,W6_M27,0.27722772277227725
W6_M50,W6_M27,0.1782178217821782
W6_M51,W6_M27,0.4158415841584158
W6_M52,W6_M27,0.3564356435643564
W6_M53,W6_M27,0.39603960396039606
W6_M54,W6_M27,0.39603960396039606
W6_M55,W6_M27,0.21782178217821782
W6_M56,W6_M27,0.33663366336633666
W6_M57,W6_M27,0.297029702970297
W6_M58,W6_M27,0.3564356435643564
W6_M59,W6_M27,0.3564356435643564
W6_M60,W6_M27,0.5742574257425742
W6_M61,W6_M27,0.4158415841584158
W6_M62,W6_M27,0.33663366336633666
W6_M63,W6_M27,0.39603960396039606
W6_M64,W6_M27,0.5148514851485149
W6_M65,W6_M27,0.27722772277227725
W6_M66,W6_M27,0.297029702970297
W6_M67,W6_M27,0.21782178217821782
W6_M68,W6_M27,0.15841584158415842
W6_M69,W6_M27,0.25742574257425743
W6_M70,W6_M27,0.25742574257425743
W6_M71,W6_M27,0.1782178217821782
W6_M72,W6_M27,0.15841584158415842
W6_M73,W6_M27,0.09900990099009901
W6_M74,W6_M27,0.21782178217821782
W6_M75,W6_M27,0.07920792079207921
W6_M76,W6_M27,0.1782178217821782
W6_M77,W6_M27,0.2376237623762376
W6_M78,W6_M27,0.25742574257425743
W6_M79,W6_M27,0.21782178217821782
W6_M80,W6_M27,0.15841584158415842
W6_M81,W6_M27,0.1188118811881188
W6_M82,W6_M27,0.039603960396039604
W6_M83,W6_M27,0.1782178217821782
W6_M84,W6_M27,0.19801980198019803
W6_M85,W6_M27,0.09900990099009901
W6_M86,W6_M27,0.25742574257425743
W6_M87,W6_M27,0.1188118811881188
W6_M88,W6_M27,0.19801980198019803
W6_M89,W6_M27,0.0594059405940594
W6_M90,W6_M27,0.039603960396039604
W6_M91,W6_M27,0.09900990099009901
W6_M92,W6_M27,0.0594059405940594
W6_M93,W6_M27,0.039603960396039604
W6_M94,W6_M27,0.019801980198019802
W6_M95,W6_M27,0.019801980198019802
W6_M96,W6_M27,0.019801980198019802
W6_M97,W6_M27,0.019801980198019802
W6_M98,W6_M27,0.019801980198019802
W6_M99,W6_M27,0.019801980198019802
W6_M100,W6_M27,0.019801980198019802
W6_M29,W6_M28,0.7722772277227723
W6_M30,W6_M28,0.9900990099009901
W6_M31,W6_M28,0.9504950495049505
W6_M32,W6_M28,0.8118811881188119
W6_M33,W6_M28,0.9108910891089109
W6_M34,W6_M28,0.9108910891089109
W6_M35,W6_M28,0.6732673267326733
W6_M36,W6_M28,0.9504950495049505
W6_M37,W6_M28,0.8910891089108911
W6_M38,W6_M28,0.9900990099009901
W6_M39,W6_M28,0.7722772277227723
W6_M40,W6_M28,0.7128712871287128
W6_M41,W6_M28,0.33663366336633666
W6_M42,W6_M28,0.6336633663366337
W6_M43,W6_M28,0.4752475247524752
W6_M44,W6_M28,0.25742574257425743
W6_M45,W6_M28,0.43564356435643564
W6_M46,W6_M28,0.5148514851485149
W6_M47,W6_M28,0.37623762376237624
W6_M48,W6_M28,0.594059405940594
W6_M49,W6_M28,0.33663366336633666
W6_M50,W6_M28,0.21782178217821782
W6_M51,W6_M28,0.43564356435643564
W6_M52,W6_M28,0.37623762376237624
W6_M53,W6_M28,0.21782178217821782
W6_M54,W6_M28,0.7524752475247525
W6_M55,W6_M28,0.15841584158415842
W6_M56,W6_M28,0.39603960396039606
W6_M57,W6_M28,0.2376237623762376
W6_M58,W6_M28,0.25742574257425743
W6_M59,W6_M28,0.25742574257425743
W6_M60,W6_M28,0.37623762376237624
W6_M61,W6_M28,0.297029702970297
W6_M62,W6_M28,0.31683168316831684
W6_M63,W6_M28,0.297029702970297
W6_M64,W6_M28,0.297029702970297
W6_M65,W6_M28,0.21782178217821782
W6_M66,W6_M28,0.297029702970297
W6_M67,W6_M28,0.27722772277227725
W6_M68,W6_M28,0.297029702970297
W6_M69,W6_M28,0.4158415841584158
W6_M70,W6_M28,0.15841584158415842
W6_M71,W6_M28,0.21782178217821782
W6_M72,W6_M28,0.09900990099009901
W6_M73,W6_M28,0.297029702970297
W6_M74,W6_M28,0.19801980198019803
W6_M75,W6_M28,0.15841584158415842
W6_M76,W6_M28,0.21782178217821782
W6_M77,W6_M28,0.297029702970297
W6_M78,W6_M28,0.21782178217821782
W6_M79,W6_M28,0.27722772277227725
W6_M80,W6_M28,0.13861386138613863
W6_M81,W6_M28,0.21782178217821782
W6_M82,W6_M28,0.19801980198019803
W6_M83,W6_M28,0.19801980198019803
W6_M84,W6_M28,0.09900990099009901
W6_M85,W6_M28,0.1782178217821782
W6_M86,W6_M28,0.13861386138613863
W6_M87,W6_M28,0.21782178217821782
W6_M88,W6_M28,0.1188118811881188
W6_M89,W6_M28,0.25742574257425743
W6_M90,W6_M28,0.0594059405940594
W6_M91,W6_M28,0.09900990099009901
W6_M92,W6_M28,0.09900990099009901
W6_M93,W6_M28,0.039603960396039604
W6_M94,W6_M28,0.0594059405940594
W6_M95,W6_M28,0.019801980198019802
W6_M96,W6_M28,0.039603960396039604
W6_M97,W6_M28,0.019801980198019802
W6_M98,W6_M28,0.019801980198019802
W6_M99,W6_M28,0.019801980198019802
W6_M100,W6_M28,0.019801980198019802
W6_M30,W6_M29,0.6138613861386139
W6_M31,W6_M29,0.8514851485148515
W6_M32,W6_M29,0.8514851485148515
W6_M33,W6_M29,0.693069306930693
W6_M34,W6_M29,0.8910891089108911
W6_M35,W6_M29,0.5742574257425742
W6_M36,W6_M29,0.7326732673267327
W6_M37,W6_M29,0.6534653465346535
W6_M38,W6_M29,0.7722772277227723
W6_M39,W6_M29,0.43564356435643564
W6_M40,W6_M29,0.5346534653465347
W6_M41,W6_M29,0.3564356435643564
W6_M42,W6_M29,0.49504950495049505
W6_M43,W6_M29,0.45544554455445546
W6_M44,W6_M29,0.13861386138613863
W6_M45,W6_M29,0.37623762376237624
W6_M46,W6_M29,0.2376237623762376
W6_M47,W6_M29,0.297029702970297
W6_M48,W6_M29,0.31683168316831684
W6_M49,W6_M29,0.25742574257425743
W6_M50,W6_M29,0.1782178217821782
W6_M51,W6_M29,0.43564356435643564
W6_M52,W6_M29,0.31683168316831684
W6_M53,W6_M29,0.19801980198019803
W6_M54,W6_M29,0.3564356435643564
W6_M55,W6_M29,0.297029702970297
W6_M56,W6_M29,0.13861386138613863
W6_M57,W6_M29,0.1782178217821782
W6_M58,W6_M29,0.25742574257425743
W6_M59,W6_M29,0.297029702970297
W6_M60,W6_M29,0.297029702970297
W6_M61,W6_M29,0.2376237623762376
W6_M62,W6_M29,0.1188118811881188
W6_M63,W6_M29,0.25742574257425743
W6_M64,W6_M29,0.19801980198019803
W6_M65,W6_M29,0.1782178217821782
W6_M66,W6_M29,0.1782178217821782
W6_M67,W6_M29,0.2376237623762376
W6_M68,W6_M29,0.1782178217821782
W6_M69,W6_M29,0.297029702970297
W6_M70,W6_M29,0.0594059405940594
W6_M71,W6_M29,0.1782178217821782
W6_M72,W6_M29,0.0594059405940594
W6_M73,W6_M29,0.019801980198019802
W6_M74,W6_M29,0.0594059405940594
W6_M75,W6_M29,0.07920792079207921
W6_M76,W6_M29,0.07920792079207921
W6_M77,W6_M29,0.1782178217821782
W6_M78,W6_M29,0.09900990099009901
W6_M79,W6_M29,0.0594059405940594
W6_M80,W6_M29,0.09900990099009901
W6_M81,W6_M29,0.2376237623762376
W6_M82,W6_M29,0.09900990099009901
W6_M83,W6_M29,0.21782178217821782
W6_M84,W6_M29,0.21782178217821782
W6_M85,W6_M29,0.1188118811881188
W6_M86,W6_M29,0.09900990099009901
W6_M87,W6_M29,0.0594059405940594
W6_M88,W6_M29,0.019801980198019802
W6_M89,W6_M29,0.07920792079207921
W6_M90,W6_M29,0.0594059405940594
W6_M91,W6_M29,0.0594059405940594
W6_M92,W6_M29,0.09900990099009901
W6_M93,W6_M29,0.039603960396039604
W6_M94,W6_M29,0.039603960396039604
W6_M95,W6_M29,0.019801980198019802
W6_M96,W6_M29,0.019801980198019802
W6_M97,W6_M29,0.019801980198019802
W6_M98,W6_M29,0.019801980198019802
W6_M99,W6_M29,0.019801980198019802
W6_M100,W6_M29,0.019801980198019802
W6_M31,W6_M30,0.7326732673267327
W6_M32,W6_M30,0.9702970297029703
W6_M33,W6_M30,0.9306930693069307
W6_M34,W6_M30,0.9306930693069307
W6_M35,W6_M30,0.9108910891089109
W6_M36,W6_M30,0.9504950495049505
W6_M37,W6_M30,0.8910891089108911
W6_M38,W6_M30,0.9108910891089109
W6_M39,W6_M30,0.8712871287128713
W6_M40,W6_M30,0.9108910891089109
W6_M41,W6_M30,0.5148514851485149
W6_M42,W6_M30,0.7722772277227723
W6_M43,W6_M30,0.7524752475247525
W6_M44,W6_M30,0.49504950495049505
W6_M45,W6_M30,0.7524752475247525
W6_M46,W6_M30,0.5346534653465347
W6_M47,W6_M30,0.6336633663366337
W6_M48,W6_M30,0.297029702970297
W6_M49,W6_M30,0.5148514851485149
W6_M50,W6_M30,0.39603960396039606
W6_M51,W6_M30,0.33663366336633666
W6_M52,W6_M30,0.6138613861386139
W6_M53,W6_M30,0.45544554455445546
W6_M54,W6_M30,0.49504950495049505
W6_M55,W6_M30,0.6534653465346535
W6_M56,W6_M30,0.5346534653465347
W6_M57,W6_M30,0.49504950495049505
W6_M58,W6_M30,0.5148514851485149
W6_M59,W6_M30,0.5544554455445545
W6_M60,W6_M30,0.7326732673267327
W6_M61,W6_M30,0.5346534653465347
W6_M62,W6_M30,0.6336633663366337
W6_M63,W6_M30,0.594059405940594
W6_M64,W6_M30,0.49504950495049505
W6_M65,W6_M30,0.31683168316831684
W6_M66,W6_M30,0.33663366336633666
W6_M67,W6_M30,0.3564356435643564
W6_M68,W6_M30,0.43564356435643564
W6_M69,W6_M30,0.37623762376237624
W6_M70,W6_M30,0.19801980198019803
W6_M71,W6_M30,0.2376237623762376
W6_M72,W6_M30,0.4158415841584158
W6_M73,W6_M30,0.2376237623762376
W6_M74,W6_M30,0.3564356435643564
W6_M75,W6_M30,0.39603960396039606
W6_M76,W6_M30,0.1782178217821782
W6_M77,W6_M30,0.25742574257425743
W6_M78,W6_M30,0.3564356435643564
W6_M79,W6_M30,0.21782178217821782
W6_M80,W6_M30,0.27722772277227725
W6_M81,W6_M30,0.37623762376237624
W6_M82,W6_M30,0.1782178217821782
W6_M83,W6_M30,0.4158415841584158
W6_M84,W6_M30,0.33663366336633666
W6_M85,W6_M30,0.3564356435643564
W6_M86,W6_M30,0.33663366336633666
W6_M87,W6_M30,0.21782178217821782
W6_M88,W6_M30,0.2376237623762376
W6_M89,W6_M30,0.13861386138613863
W6_M90,W6_M30,0.1188118811881188
W6_M91,W6_M30,0.19801980198019803
W6_M92,W6_M30,0.19801980198019803
W6_M93,W6_M30,0.07920792079207921
W6_M94,W6_M30,0.09900990099009901
W6_M95,W6_M30,0.039603960396039604
W6_M96,W6_M30,0.039603960396039604
W6_M97,W6_M30,0.019801980198019802
W6_M98,W6_M30,0.019801980198019802
W6_M99,W6_M30,0.019801980198019802
W6_M100,W6_M30,0.019801980198019802
W6_M32,W6_M31,0.8910891089108911
W6_M33,W6_M31,0.9504950495049505
W6_M34,W6_M31,0.8316831683168316
W6_M35,W6_M31,0.6534653465346535
W6_M36,W6_M31,0.7128712871287128
W6_M37,W6_M31,0.7326732673267327
W6_M38,W6_M31,0.9504950495049505
W6_M39,W6_M31,0.6732673267326733
W6_M40,W6_M31,0.5544554455445545
W6_M41,W6_M31,0.37623762376237624
W6_M42,W6_M31,0.8316831683168316
W6_M43,W6_M31,0.5742574257425742
W6_M44,W6_M31,0.19801980198019803
W6_M45,W6_M31,0.4158415841584158
W6_M46,W6_M31,0.297029702970297
W6_M47,W6_M31,0.39603960396039606
W6_M48,W6_M31,0.39603960396039606
W6_M49,W6_M31,0.1782178217821782
W6_M50,W6_M31,0.15841584158415842
W6_M51,W6_M31,0.594059405940594
W6_M52,W6_M31,0.39603960396039606
W6_M53,W6_M31,0.09900990099009901
W6_M54,W6_M31,0.39603960396039606
W6_M55,W6_M31,0.25742574257425743
W6_M56,W6_M31,0.25742574257425743
W6_M57,W6_M31,0.27722772277227725
W6_M58,W6_M31,0.31683168316831684
W6_M59,W6_M31,0.43564356435643564
W6_M60,W6_M31,0.33663366336633666
W6_M61,W6_M31,0.33663366336633666
W6_M62,W6_M31,0.297029702970297
W6_M63,W6_M31,0.27722772277227725
W6_M64,W6_M31,0.2376237623762376
W6_M65,W6_M31,0.1782178217821782
W6_M66,W6_M31,0.33663366336633666
W6_M67,W6_M31,0.39603960396039606
W6_M68,W6_M31,0.1782178217821782
W6_M69,W6_M31,0.5148514851485149
W6_M70,W6_M31,0.13861386138613863
W6_M71,W6_M31,0.09900990099009901
W6_M72,W6_M31,0.1188118811881188
W6_M73,W6_M31,0.15841584158415842
W6_M74,W6_M31,0.13861386138613863
W6_M75,W6_M31,0.1782178217821782
W6_M76,W6_M31,0.1782178217821782
W6_M77,W6_M31,0.21782178217821782
W6_M78,W6_M31,0.1782178217821782
W6_M79,W6_M31,0.1782178217821782
W6_M80,W6_M31,0.15841584158415842
W6_M81,W6_M31,0.1782178217821782
W6_M82,W6_M31,0.0594059405940594
W6_M83,W6_M31,0.25742574257425743
W6_M84,W6_M31,0.2376237623762376
W6_M85,W6_M31,0.15841584158415842
W6_M86,W6_M31,0.1782178217821782
W6_M87,W6_M31,0.13861386138613863
W6_M88,W6_M31,0.09900990099009901
W6_M89,W6_M31,0.039603960396039604
W6_M90,W6_M31,0.09900990099009901
W6_M91,W6_M31,0.09900990099009901
W6_M92,W6_M31,0.039603960396039604
W6_M93,W6_M31,0.039603960396039604
W6_M94,W6_M31,0.019801980198019802
W6_M95,W6_M31,0.019801980198019802
W6_M96,W6_M31,0.019801980198019802
W6_M97,W6_M31,0.019801980198019802
W6_M98,W6_M31,0.019801980198019802
W6_M99,W6_M31,0.019801980198019802
W6_M100,W6_M31,0.019801980198019802
W6_M33,W6_M32,0.8910891089108911
W6_M34,W6_M32,0.8514851485148515
W6_M35,W6_M32,0.9900990099009901
W6_M36,W6_M32,0.8712871287128713
W6_M37,W6_M32,0.8910891089108911
W6_M38,W6_M32,0.8910891089108911
W6_M39,W6_M32,0.6732673267326733
W6_M40,W6_M32,0.6336633663366337
W6_M41,W6_M32,0.5346534653465347
W6_M42,W6_M32,0.8118811881188119
W6_M43,W6_M32,0.49504950495049505
W6_M44,W6_M32,0.5346534653465347
W6_M45,W6_M32,0.8316831683168316
W6_M46,W6_M32,0.5148514851485149
W6_M47,W6_M32,0.7920792079207921
W6_M48,W6_M32,0.43564356435643564
W6_M49,W6_M32,0.43564356435643564
W6_M50,W6_M32,0.31683168316831684
W6_M51,W6_M32,0.693069306930693
W6_M52,W6_M32,0.4158415841584158
W6_M53,W6_M32,0.6138613861386139
W6_M54,W6_M32,0.4752475247524752
W6_M55,W6_M32,0.33663366336633666
W6_M56,W6_M32,0.39603960396039606
W6_M57,W6_M32,0.1782178217821782
W6_M58,W6_M32,0.4158415841584158
W6_M59,W6_M32,0.37623762376237624
W6_M60,W6_M32,0.4158415841584158
W6_M61,W6_M32,0.33663366336633666
W6_M62,W6_M32,0.27722772277227725
W6_M63,W6_M32,0.31683168316831684
W6_M64,W6_M32,0.37623762376237624
W6_M65,W6_M32,0.13861386138613863
W6_M66,W6_M32,0.2376237623762376
W6_M67,W6_M32,0.25742574257425743
W6_M68,W6_M32,0.2376237623762376
W6_M69,W6_M32,0.33663366336633666
W6_M70,W6_M32,0.13861386138613863
W6_M71,W6_M32,0.21782178217821782
W6_M72,W6_M32,0.25742574257425743
W6_M73,W6_M32,0.297029702970297
W6_M74,W6_M32,0.2376237623762376
W6_M75,W6_M32,0.3564356435643564
W6_M76,W6_M32,0.21782178217821782
W6_M77,W6_M32,0.13861386138613863
W6_M78,W6_M32,0.297029702970297
W6_M79,W6_M32,0.15841584158415842
W6_M80,W6_M32,0.13861386138613863
W6_M81,W6_M32,0.43564356435643564
W6_M82,W6_M32,0.15841584158415842
W6_M83,W6_M32,0.37623762376237624
W6_M84,W6_M32,0.1782178217821782
W6_M85,W6_M32,0.1188118811881188
W6_M86,W6_M32,0.31683168316831684
W6_M87,W6_M32,0.13861386138613863
W6_M88,W6_M32,0.19801980198019803
W6_M89,W6_M32,0.07920792079207921
W6_M90,W6_M32,0.15841584158415842
W6_M91,W6_M32,0.09900990099009901
W6_M92,W6_M32,0.09900990099009901
W6_M93,W6_M32,0.09900990099009901
W6_M94,W6_M32,0.0594059405940594
W6_M95,W6_M32,0.019801980198019802
W6_M96,W6_M32,0.039603960396039604
W6_M97,W6_M32,0.019801980198019802
W6_M98,W6_M32,0.019801980198019802
W6_M99,W6_M32,0.019801980198019802
W6_M100,W6_M32,0.019801980198019802
W6_M34,W6_M33,0.9504950495049505
W6_M35,W6_M33,0.7524752475247525
W6_M36,W6_M33,0.7920792079207921
W6_M37,W6_M33,0.8712871287128713
W6_M38,W6_M33,0.7722772277227723
W6_M39,W6_M33,0.6138613861386139
W6_M40,W6_M33,0.7326732673267327
W6_M41,W6_M33,0.3564356435643564
W6_M42,W6_M33,0.7128712871287128
W6_M43,W6_M33,0.5544554455445545
W6_M44,W6_M33,0.31683168316831684
W6_M45,W6_M33,0.693069306930693
W6_M46,W6_M33,0.33663366336633666
W6_M47,W6_M33,0.297029702970297
W6_M48,W6_M33,0.5544554455445545
W6_M49,W6_M33,0.25742574257425743
W6_M50,W6_M33,0.1188118811881188
W6_M51,W6_M33,0.594059405940594
W6_M52,W6_M33,0.4158415841584158
W6_M53,W6_M33,0.43564356435643564
W6_M54,W6_M33,0.45544554455445546
W6_M55,W6_M33,0.27722772277227725
W6_M56,W6_M33,0.297029702970297
W6_M57,W6_M33,0.27722772277227725
W6_M58,W6_M33,0.31683168316831684
W6_M59,W6_M33,0.297029702970297
W6_M60,W6_M33,0.49504950495049505
W6_M61,W6_M33,0.15841584158415842
W6_M62,W6_M33,0.31683168316831684
W6_M63,W6_M33,0.3564356435643564
W6_M64,W6_M33,0.43564356435643564
W6_M65,W6_M33,0.1782178217821782
W6_M66,W6_M33,0.25742574257425743
W6_M67,W6_M33,0.33663366336633666
W6_M68,W6_M33,0.33663366336633666
W6_M69,W6_M33,0.25742574257425743
W6_M70,W6_M33,0.27722772277227725
W6_M71,W6_M33,0.13861386138613863
W6_M72,W6_M33,0.1188118811881188
W6_M73,W6_M33,0.19801980198019803
W6_M74,W6_M33,0.1782178217821782
W6_M75,W6_M33,0.21782178217821782
W6_M76,W6_M33,0.07920792079207921
W6_M77,W6_M33,0.1782178217821782
W6_M78,W6_M33,0.21782178217821782
W6_M79,W6_M33,0.21782178217821782
W6_M80,W6_M33,0.1782178217821782
W6_M81,W6_M33,0.07920792079207921
W6_M82,W6_M33,0.09900990099009901
W6_M83,W6_M33,0.31683168316831684
W6_M84,W6_M33,0.2376237623762376
W6_M85,W6_M33,0.1782178217821782
W6_M86,W6_M33,0.2376237623762376
W6_M87,W6_M33,0.07920792079207921
W6_M88,W6_M33,0.13861386138613863
W6_M89,W6_M33,0.07920792079207921
W6_M90,W6_M33,0.07920792079207921
W6_M91,W6_M33,0.1188118811881188
W6_M92,W6_M33,0.07920792079207921
W6_M93,W6_M33,0.0594059405940594
W6_M94,W6_M33,0.019801980198019802
W6_M95,W6_M33,0.039603960396039604
W6_M96,W6_M33,0.019801980198019802
W6_M97,W6_M33,0.019801980198019802
W6_M98,W6_M33,0.019801980198019802
W6_M99,W6_M33,0.019801980198019802
W6_M100,W6_M33,0.019801980198019802
W6_M35,W6_M34,0.9702970297029703
W6_M36,W6_M34,0.9108910891089109
W6_M37,W6_M34,0.8118811881188119
W6_M38,W6_M34,0.9108910891089109
W6_M39,W6_M34,0.6732673267326733
W6_M40,W6_M34,0.43564356435643564
W6_M41,W6_M34,0.39603960396039606
W6_M42,W6_M34,0.7524752475247525
W6_M43,W6_M34,0.5544554455445545
W6_M44,W6_M34,0.4752475247524752
W6_M45,W6_M34,0.693069306930693
W6_M46,W6_M34,0.3564356435643564
W6_M47,W6_M34,0.45544554455445546
W6_M48,W6_M34,0.6534653465346535
W6_M49,W6_M34,0.3564356435643564
W6_M50,W6_M34,0.33663366336633666
W6_M51,W6_M34,0.4158415841584158
W6_M52,W6_M34,0.5742574257425742
W6_M53,W6_M34,0.4158415841584158
W6_M54,W6_M34,0.5742574257425742
W6_M55,W6_M34,0.13861386138613863
W6_M56,W6_M34,0.297029702970297
W6_M57,W6_M34,0.3564356435643564
W6_M58,W6_M34,0.39603960396039606
W6_M59,W6_M34,0.297029702970297
W6_M60,W6_M34,0.37623762376237624
W6_M61,W6_M34,0.4752475247524752
W6_M62,W6_M34,0.39603960396039606
W6_M63,W6_M34,0.33663366336633666
W6_M64,W6_M34,0.297029702970297
W6_M65,W6_M34,0.33663366336633666
W6_M66,W6_M34,0.37623762376237624
W6_M67,W6_M34,0.2376237623762376
W6_M68,W6_M34,0.09900990099009901
W6_M69,W6_M34,0.15841584158415842
W6_M70,W6_M34,0.1782178217821782
W6_M71,W6_M34,0.15841584158415842
W6_M72,W6_M34,0.15841584158415842
W6_M73,W6_M34,0.19801980198019803
W6_M74,W6_M34,0.1782178217821782
W6_M75,W6_M34,0.25742574257425743
W6_M76,W6_M34,0.25742574257425743
W6_M77,W6_M34,0.25742574257425743
W6_M78,W6_M34,0.27722772277227725
W6_M79,W6_M34,0.297029702970297
W6_M80,W6_M34,0.19801980198019803
W6_M81,W6_M34,0.07920792079207921
W6_M82,W6_M34,0.13861386138613863
W6_M83,W6_M34,0.2376237623762376
W6_M84,W6_M34,0.297029702970297
W6_M85,W6_M34,0.1188118811881188
W6_M86,W6_M34,0.09900990099009901
W6_M87,W6_M34,0.15841584158415842
W6_M88,W6_M34,0.15841584158415842
W6_M89,W6_M34,0.039603960396039604
W6_M90,W6_M34,0.13861386138613863
W6_M91,W6_M34,0.07920792079207921
W6_M92,W6_M34,0.0594059405940594
W6_M93,W6_M34,0.0594059405940594
W6_M94,W6_M34,0.019801980198019802
W6_M95,W6_M34,0.039603960396039604
W6_M96,W6_M34,0.019801980198019802
W6_M97,W6_M34,0.019801980198019802
W6_M98,W6_M34,0.019801980198019802
W6_M99,W6_M34,0.019801980198019802
W6_M100,W6_M34,0.019801980198019802
W6_M36,W6_M35,0.8712871287128713
W6_M37,W6_M35,0.8910891089108911
W6_M38,W6_M35,0.8316831683168316
W6_M39,W6_M35,0.8910891089108911
W6_M40,W6_M35,0.8118811881188119
W6_M41,W6_M35,0.7524752475247525
W6_M42,W6_M35,0.7524752475247525
W6_M43,W6_M35,0.8118811881188119
W6_M44,W6_M35,0.43564356435643564
W6_M45,W6_M35,0.693069306930693
W6_M46,W6_M35,0.5742574257425742
W6_M47,W6_M35,0.5544554455445545
W6_M48,W6_M35,0.7326732673267327
W6_M49,W6_M35,0.49504950495049505
W6_M50,W6_M35,0.49504950495049505
W6_M51,W6_M35,0.7128712871287128
W6_M52,W6_M35,0.594059405940594
W6_M53,W6_M35,0.5148514851485149
W6_M54,W6_M35,0.45544554455445546
W6_M55,W6_M35,0.43564356435643564
W6_M56,W6_M35,0.4158415841584158
W6_M57,W6_M35,0.49504950495049505
W6_M58,W6_M35,0.6732673267326733
W6_M59,W6_M35,0.5148514851485149
W6_M60,W6_M35,0.4752475247524752
W6_M61,W6_M35,0.49504950495049505
W6_M62,W6_M35,0.43564356435643564
W6_M63,W6_M35,0.5544554455445545
W6_M64,W6_M35,0.4158415841584158
W6_M65,W6_M35,0.5148514851485149
W6_M66,W6_M35,0.45544554455445546
W6_M67,W6_M35,0.33663366336633666
W6_M68,W6_M35,0.31683168316831684
W6_M69,W6_M35,0.37623762376237624
W6_M70,W6_M35,0.297029702970297
W6_M71,W6_M35,0.2376237623762376
W6_M72,W6_M35,0.297029702970297
W6_M73,W6_M35,0.297029702970297
W6_M74,W6_M35,0.27722772277227725
W6_M75,W6_M35,0.19801980198019803
W6_M76,W6_M35,0.45544554455445546
W6_M77,W6_M35,0.33663366336633666
W6_M78,W6_M35,0.27722772277227725
W6_M79,W6_M35,0.39603960396039606
W6_M80,W6_M35,0.25742574257425743
W6_M81,W6_M35,0.297029702970297
W6_M82,W6_M35,0.25742574257425743
W6_M83,W6_M35,0.27722772277227725
W6_M84,W6_M35,0.27722772277227725
W6_M85,W6_M35,0.2376237623762376
W6_M86,W6_M35,0.15841584158415842
W6_M87,W6_M35,0.297029702970297
W6_M88,W6_M35,0.25742574257425743
W6_M89,W6_M35,0.2376237623762376
W6_M90,W6_M35,0.1188118811881188
W6_M91,W6_M35,0.07920792079207921
W6_M92,W6_M35,0.19801980198019803
W6_M93,W6_M35,0.0594059405940594
W6_M94,W6_M35,0.019801980198019802
W6_M95,W6_M35,0.039603960396039604
W6_M96,W6_M35,0.019801980198019802
W6_M97,W6_M35,0.039603960396039604
W6_M98,W6_M35,0.019801980198019802
W6_M99,W6_M35,0.019801980198019802
W6_M100,W6_M35,0.019801980198019802
W6_M37,W6_M36,0.8712871287128713
W6_M38,W6_M36,0.8712871287128713
W6_M39,W6_M36,0.7128712871287128
W6_M40,W6_M36,0.594059405940594
W6_M41,W6_M36,0.6534653465346535
W6_M42,W6_M36,0.7326732673267327
W6_M43,W6_M36,0.7326732673267327
W6_M44,W6_M36,0.31683168316831684
W6_M45,W6_M36,0.7128712871287128
W6_M46,W6_M36,0.45544554455445546
W6_M47,W6_M36,0.6732673267326733
W6_M48,W6_M36,0.5544554455445545
W6_M49,W6_M36,0.45544554455445546
W6_M50,W6_M36,0.33663366336633666
W6_M51,W6_M36,0.6732673267326733
W6_M52,W6_M36,0.45544554455445546
W6_M53,W6_M36,0.43564356435643564
W6_M54,W6_M36,0.7128712871287128
W6_M55,W6_M36,0.45544554455445546
W6_M56,W6_M36,0.43564356435643564
W6_M57,W6_M36,0.5148514851485149
W6_M58,W6_M36,0.4752475247524752
W6_M59,W6_M36,0.6138613861386139
W6_M60,W6_M36,0.5742574257425742
W6_M61,W6_M36,0.594059405940594
W6_M62,W6_M36,0.594059405940594
W6_M63,W6_M36,0.45544554455445546
W6_M64,W6_M36,0.4752475247524752
W6_M65,W6_M36,0.21782178217821782
W6_M66,W6_M36,0.43564356435643564
W6_M67,W6_M36,0.4752475247524752
W6_M68,W6_M36,0.33663366336633666
W6_M69,W6_M36,0.5148514851485149
W6_M70,W6_M36,0.1188118811881188
W6_M71,W6_M36,0.21782178217821782
W6_M72,W6_M36,0.33663366336633666
W6_M73,W6_M36,0.297029702970297
W6_M74,W6_M36,0.297029702970297
W6_M75,W6_M36,0.297029702970297
W6_M76,W6_M36,0.4158415841584158
W6_M77,W6_M36,0.1782178217821782
W6_M78,W6_M36,0.33663366336633666
W6_M79,W6_M36,0.21782178217821782
W6_M80,W6_M36,0.33663366336633666
W6_M81,W6_M36,0.19801980198019803
W6_M82,W6_M36,0.09900990099009901
W6_M83,W6_M36,0.31683168316831684
W6_M84,W6_M36,0.19801980198019803
W6_M85,W6_M36,0.1782178217821782
W6_M86,W6_M36,0.19801980198019803
W6_M87,W6_M36,0.1188118811881188
W6_M88,W6_M36,0.13861386138613863
W6_M89,W6_M36,0.19801980198019803
W6_M90,W6_M36,0.1188118811881188
W6_M91,W6_M36,0.297029702970297
W6_M92,W6_M36,0.07920792079207921
W6_M93,W6_M36,0.039603960396039604
W6_M94,W6_M36,0.0594059405940594
W6_M95,W6_M36,0.039603960396039604
W6_M96,W6_M36,0.019801980198019802
W6_M97,W6_M36,0.019801980198019802
W6_M98,W6_M36,0.019801980198019802
W6_M99,W6_M36,0.019801980198019802
W6_M100,W6_M36,0.019801980198019802
W6_M38,W6_M37,0.8316831683168316
W6_M39,W6_M37,0.8910891089108911
W6_M40,W6_M37,0.7524752475247525
W6_M41,W6_M37,0.5544554455445545
W6_M42,W6_M37,0.9504950495049505
W6_M43,W6_M37,0.8118811881188119
W6_M44,W6_M37,0.3564356435643564
W6_M45,W6_M37,0.7524752475247525
W6_M46,W6_M37,0.594059405940594
W6_M47,W6_M37,0.8910891089108911
W6_M48,W6_M37,0.594059405940594
W6_M49,W6_M37,0.5148514851485149
W6_M50,W6_M37,0.37623762376237624
W6_M51,W6_M37,0.693069306930693
W6_M52,W6_M37,0.6732673267326733
W6_M53,W6_M37,0.7128712871287128
W6_M54,W6_M37,0.594059405940594
W6_M55,W6_M37,0.5544554455445545
W6_M56,W6_M37,0.5148514851485149
W6_M57,W6_M37,0.3564356435643564
W6_M58,W6_M37,0.49504950495049505
W6_M59,W6_M37,0.49504950495049505
W6_M60,W6_M37,0.49504950495049505
W6_M61,W6_M37,0.49504950495049505
W6_M62,W6_M37,0.39603960396039606
W6_M63,W6_M37,0.43564356435643564
W6_M64,W6_M37,0.693069306930693
W6_M65,W6_M37,0.45544554455445546
W6_M66,W6_M37,0.5148514851485149
W6_M67,W6_M37,0.37623762376237624
W6_M68,W6_M37,0.25742574257425743
W6_M69,W6_M37,0.5148514851485149
W6_M70,W6_M37,0.33663366336633666
W6_M71,W6_M37,0.27722772277227725
W6_M72,W6_M37,0.25742574257425743
W6_M73,W6_M37,0.3564356435643564
W6_M74,W6_M37,0.2376237623762376
W6_M75,W6_M37,0.33663366336633666
W6_M76,W6_M37,0.21782178217821782
W6_M77,W6_M37,0.3564356435643564
W6_M78,W6_M37,0.39603960396039606
W6_M79,W6_M37,0.31683168316831684
W6_M80,W6_M37,0.33663366336633666
W6_M81,W6_M37,0.297029702970297
W6_M82,W6_M37,0.09900990099009901
W6_M83,W6_M37,0.297029702970297
W6_M84,W6_M37,0.2376237623762376
W6_M85,W6_M37,0.21782178217821782
W6_M86,W6_M37,0.2376237623762376
W6_M87,W6_M37,0.1782178217821782
W6_M88,W6_M37,0.13861386138613863
W6_M89,W6_M37,0.1188118811881188
W6_M90,W6_M37,0.13861386138613863
W6_M91,W6_M37,0.21782178217821782
W6_M92,W6_M37,0.0594059405940594
W6_M93,W6_M37,0.039603960396039604
W6_M94,W6_M37,0.019801980198019802
W6_M95,W6_M37,0.039603960396039604
W6_M96,W6_M37,0.019801980198019802
W6_M97,W6_M37,0.019801980198019802
W6_M98,W6_M37,0.019801980198019802
W6_M99,W6_M37,0.019801980198019802
W6_M100,W6_M37,0.019801980198019802
W6_M39,W6_M38,0.7524752475247525
W6_M40,W6_M38,0.6138613861386139
W6_M41,W6_M38,0.49504950495049505
W6_M42,W6_M38,0.9108910891089109
W6_M43,W6_M38,0.6336633663366337
W6_M44,W6_M38,0.43564356435643564
W6_M45,W6_M38,0.9306930693069307
W6_M46,W6_M38,0.3564356435643564
W6_M47,W6_M38,0.5148514851485149
W6_M48,W6_M38,0.5148514851485149
W6_M49,W6_M38,0.37623762376237624
W6_M50,W6_M38,0.3564356435643564
W6_M51,W6_M38,0.7326732673267327
W6_M52,W6_M38,0.3564356435643564
W6_M53,W6_M38,0.39603960396039606
W6_M54,W6_M38,0.693069306930693
W6_M55,W6_M38,0.297029702970297
W6_M56,W6_M38,0.3564356435643564
W6_M57,W6_M38,0.37623762376237624
W6_M58,W6_M38,0.25742574257425743
W6_M59,W6_M38,0.5148514851485149
W6_M60,W6_M38,0.45544554455445546
W6_M61,W6_M38,0.3564356435643564
W6_M62,W6_M38,0.5346534653465347
W6_M63,W6_M38,0.5148514851485149
W6_M64,W6_M38,0.39603960396039606
W6_M65,W6_M38,0.21782178217821782
W6_M66,W6_M38,0.15841584158415842
W6_M67,W6_M38,0.4158415841584158
W6_M68,W6_M38,0.25742574257425743
W6_M69,W6_M38,0.21782178217821782
W6_M70,W6_M38,0.13861386138613863
W6_M71,W6_M38,0.21782178217821782
W6_M72,W6_M38,0.19801980198019803
W6_M73,W6_M38,0.2376237623762376
W6_M74,W6_M38,0.297029702970297
W6_M75,W6_M38,0.33663366336633666
W6_M76,W6_M38,0.25742574257425743
W6_M77,W6_M38,0.25742574257425743
W6_M78,W6_M38,0.297029702970297
W6_M79,W6_M38,0.2376237623762376
W6_M80,W6_M38,0.21782178217821782
W6_M81,W6_M38,0.13861386138613863
W6_M82,W6_M38,0.13861386138613863
W6_M83,W6_M38,0.297029702970297
W6_M84,W6_M38,0.21782178217821782
W6_M85,W6_M38,0.3564356435643564
W6_M86,W6_M38,0.07920792079207921
W6_M87,W6_M38,0.0594059405940594
W6_M88,W6_M38,0.1188118811881188
W6_M89,W6_M38,0.09900990099009901
W6_M90,W6_M38,0.07920792079207921
W6_M91,W6_M38,0.09900990099009901
W6_M92,W6_M38,0.039603960396039604
W6_M93,W6_M38,0.0594059405940594
W6_M94,W6_M38,0.019801980198019802
W6_M95,W6_M38,0.019801980198019802
W6_M96,W6_M38,0.019801980198019802
W6_M97,W6_M38,0.019801980198019802
W6_M98,W6_M38,0.039603960396039604
W6_M99,W6_M38,0.019801980198019802
W6_M100,W6_M38,0.019801980198019802
W6_M40,W6_M39,0.8712871287128713
W6_M41,W6_M39,0.5148514851485149
W6_M42,W6_M39,0.9702970297029703
W6_M43,W6_M39,0.7722772277227723
W6_M44,W6_M39,0.3564356435643564
W6_M45,W6_M39,1.00990099009901
W6_M46,W6_M39,0.6534653465346535
W6_M47,W6_M39,0.594059405940594
W6_M48,W6_M39,0.693069306930693
W6_M49,W6_M39,0.6534653465346535
W6_M50,W6_M39,0.31683168316831684
W6_M51,W6_M39,0.7128712871287128
W6_M52,W6_M39,0.45544554455445546
W6_M53,W6_M39,0.6138613861386139
W6_M54,W6_M39,0.6138613861386139
W6_M55,W6_M39,0.6336633663366337
W6_M56,W6_M39,0.5148514851485149
W6_M57,W6_M39,0.6138613861386139
W6_M58,W6_M39,0.6336633663366337
W6_M59,W6_M39,0.693069306930693
W6_M60,W6_M39,0.8316831683168316
W6_M61,W6_M39,0.5742574257425742
W6_M62,W6_M39,0.39603960396039606
W6_M63,W6_M39,0.6732673267326733
W6_M64,W6_M39,0.5148514851485149
W6_M65,W6_M39,0.4158415841584158
W6_M66,W6_M39,0.4752475247524752
W6_M67,W6_M39,0.3564356435643564
W6_M68,W6_M39,0.4752475247524752
W6_M69,W6_M39,0.5544554455445545
W6_M70,W6_M39,0.19801980198019803
W6_M71,W6_M39,0.19801980198019803
W6_M72,W6_M39,0.25742574257425743
W6_M73,W6_M39,0.25742574257425743
W6_M74,W6_M39,0.37623762376237624
W6_M75,W6_M39,0.37623762376237624
W6_M76,W6_M39,0.297029702970297
W6_M77,W6_M39,0.39603960396039606
W6_M78,W6_M39,0.31683168316831684
W6_M79,W6_M39,0.25742574257425743
W6_M80,W6_M39,0.2376237623762376
W6_M81,W6_M39,0.39603960396039606
W6_M82,W6_M39,0.1782178217821782
W6_M83,W6_M39,0.39603960396039606
W6_M84,W6_M39,0.33663366336633666
W6_M85,W6_M39,0.27722772277227725
W6_M86,W6_M39,0.2376237623762376
W6_M87,W6_M39,0.19801980198019803
W6_M88,W6_M39,0.21782178217821782
W6_M89,W6_M39,0.13861386138613863
W6_M90,W6_M39,0.15841584158415842
W6_M91,W6_M39,0.15841584158415842
W6_M92,W6_M39,0.13861386138613863
W6_M93,W6_M39,0.1188118811881188
W6_M94,W6_M39,0.019801980198019802
W6_M95,W6_M39,0.039603960396039604
W6_M96,W6_M39,0.019801980198019802
W6_M97,W6_M39,0.019801980198019802
W6_M98,W6_M39,0.019801980198019802
W6_M99,W6_M39,0.019801980198019802
W6_M100,W6_M39,0.019801980198019802
W6_M41,W6_M40,0.7722772277227723
W6_M42,W6_M40,0.8514851485148515
W6_M43,W6_M40,0.9900990099009901
W6_M44,W6_M40,0.7722772277227723
W6_M45,W6_M40,0.9306930693069307
W6_M46,W6_M40,0.8712871287128713
W6_M47,W6_M40,0.7128712871287128
W6_M48,W6_M40,0.8712871287128713
W6_M49,W6_M40,0.6336633663366337
W6_M50,W6_M40,0.594059405940594
W6_M51,W6_M40,0.9108910891089109
W6_M52,W6_M40,0.6138613861386139
W6_M53,W6_M40,0.5742574257425742
W6_M54,W6_M40,0.8514851485148515
W6_M55,W6_M40,0.6138613861386139
W6_M56,W6_M40,0.45544554455445546
W6_M57,W6_M40,0.7722772277227723
W6_M58,W6_M40,0.693069306930693
W6_M59,W6_M40,0.49504950495049505
W6_M60,W6_M40,0.5544554455445545
W6_M61,W6_M40,0.5346534653465347
W6_M62,W6_M40,0.6534653465346535
W6_M63,W6_M40,0.6534653465346535
W6_M64,W6_M40,0.594059405940594
W6_M65,W6_M40,0.37623762376237624
W6_M66,W6_M40,0.45544554455445546
W6_M67,W6_M40,0.5544554455445545
W6_M68,W6_M40,0.2376237623762376
W6_M69,W6_M40,0.33663366336633666
W6_M70,W6_M40,0.21782178217821782
W6_M71,W6_M40,0.33663366336633666
W6_M72,W6_M40,0.43564356435643564
W6_M73,W6_M40,0.4752475247524752
W6_M74,W6_M40,0.5148514851485149
W6_M75,W6_M40,0.4752475247524752
W6_M76,W6_M40,0.4752475247524752
W6_M77,W6_M40,0.49504950495049505
W6_M78,W6_M40,0.43564356435643564
W6_M79,W6_M40,0.25742574257425743
W6_M80,W6_M40,0.39603960396039606
W6_M81,W6_M40,0.31683168316831684
W6_M82,W6_M40,0.27722772277227725
W6_M83,W6_M40,0.45544554455445546
W6_M84,W6_M40,0.4752475247524752
W6_M85,W6_M40,0.15841584158415842
W6_M86,W6_M40,0.1782178217821782
W6_M87,W6_M40,0.2376237623762376
W6_M88,W6_M40,0.2376237623762376
W6_M89,W6_M40,0.15841584158415842
W6_M90,W6_M40,0.19801980198019803
W6_M91,W6_M40,0.09900990099009901
W6_M92,W6_M40,0.07920792079207921
W6_M93,W6_M40,0.09900990099009901
W6_M94,W6_M40,0.09900990099009901
W6_M95,W6_M40,0.0594059405940594
W6_M96,W6_M40,0.019801980198019802
W6_M97,W6_M40,0.019801980198019802
W6_M98,W6_M40,0.019801980198019802
W6_M99,W6_M40,0.019801980198019802
W6_M100,W6_M40,0.019801980198019802
W6_M42,W6_M41,0.9306930693069307
W6_M43,W6_M41,0.7920792079207921
W6_M44,W6_M41,0.8910891089108911
W6_M45,W6_M41,0.8712871287128713
W6_M46,W6_M41,0.9900990099009901
W6_M47,W6_M41,0.7920792079207921
W6_M48,W6_M41,0.7920792079207921
W6_M49,W6_M41,0.7920792079207921
W6_M50,W6_M41,0.693069306930693
W6_M51,W6_M41,0.9702970297029703
W6_M52,W6_M41,0.7128712871287128
W6_M53,W6_M41,0.5742574257425742
W6_M54,W6_M41,0.7920792079207921
W6_M55,W6_M41,0.9900990099009901
W6_M56,W6_M41,0.7326732673267327
W6_M57,W6_M41,0.7722772277227723
W6_M58,W6_M41,0.7920792079207921
W6_M59,W6_M41,0.7722772277227723
W6_M60,W6_M41,0.7722772277227723
W6_M61,W6_M41,0.7326732673267327
W6_M62,W6_M41,0.8118811881188119
W6_M63,W6_M41,0.7524752475247525
W6_M64,W6_M41,0.693069306930693
W6_M65,W6_M41,0.6138613861386139
W6_M66,W6_M41,0.5346534653465347
W6_M67,W6_M41,0.6138613861386139
W6_M68,W6_M41,0.6534653465346535
W6_M69,W6_M41,0.594059405940594
W6_M70,W6_M41,0.21782178217821782
W6_M71,W6_M41,0.37623762376237624
W6_M72,W6_M41,0.27722772277227725
W6_M73,W6_M41,0.4158415841584158
W6_M74,W6_M41,0.297029702970297
W6_M75,W6_M41,0.297029702970297
W6_M76,W6_M41,0.4752475247524752
W6_M77,W6_M41,0.4158415841584158
W6_M78,W6_M41,0.31683168316831684
W6_M79,W6_M41,0.31683168316831684
W6_M80,W6_M41,0.39603960396039606
W6_M81,W6_M41,0.39603960396039606
W6_M82,W6_M41,0.25742574257425743
W6_M83,W6_M41,0.49504950495049505
W6_M84,W6_M41,0.4752475247524752
W6_M85,W6_M41,0.33663366336633666
W6_M86,W6_M41,0.37623762376237624
W6_M87,W6_M41,0.39603960396039606
W6_M88,W6_M41,0.19801980198019803
W6_M89,W6_M41,0.15841584158415842
W6_M90,W6_M41,0.21782178217821782
W6_M91,W6_M41,0.25742574257425743
W6_M92,W6_M41,0.13861386138613863
W6_M93,W6_M41,0.1188118811881188
W6_M94,W6_M41,0.039603960396039604
W6_M95,W6_M41,0.019801980198019802
W6_M96,W6_M41,0.019801980198019802
W6_M97,W6_M41,0.019801980198019802
W6_M98,W6_M41,0.019801980198019802
W6_M99,W6_M41,0.039603960396039604
W6_M100,W6_M41,0.019801980198019802
W6_M43,W6_M42,0.8118811881188119
W6_M44,W6_M42,0.6336633663366337
W6_M45,W6_M42,0.7722772277227723
W6_M46,W6_M42,0.8712871287128713
W6_M47,W6_M42,0.7722772277227723
W6_M48,W6_M42,0.3564356435643564
W6_M49,W6_M42,0.693069306930693
W6_M50,W6_M42,0.7128712871287128
W6_M51,W6_M42,0.6138613861386139
W6_M52,W6_M42,0.7722772277227723
W6_M53,W6_M42,0.594059405940594
W6_M54,W6_M42,0.7920792079207921
W6_M55,W6_M42,0.7128712871287128
W6_M56,W6_M42,0.45544554455445546
W6_M57,W6_M42,0.594059405940594
W6_M58,W6_M42,0.7920792079207921
W6_M59,W6_M42,0.7722772277227723
W6_M60,W6_M42,0.7524752475247525
W6_M61,W6_M42,0.7920792079207921
W6_M62,W6_M42,0.5544554455445545
W6_M63,W6_M42,0.693069306930693
W6_M64,W6_M42,0.7128712871287128
W6_M65,W6_M42,0.5346534653465347
W6_M66,W6_M42,0.43564356435643564
W6_M67,W6_M42,0.5544554455445545
W6_M68,W6_M42,0.5544554455445545
W6_M69,W6_M42,0.4752475247524752
W6_M70,W6_M42,0.25742574257425743
W6_M71,W6_M42,0.49504950495049505
W6_M72,W6_M42,0.39603960396039606
W6_M73,W6_M42,0.45544554455445546
W6_M74,W6_M42,0.43564356435643564
W6_M75,W6_M42,0.4752475247524752
W6_M76,W6_M42,0.297029702970297
W6_M77,W6_M42,0.3564356435643564
W6_M78,W6_M42,0.39603960396039606
W6_M79,W6_M42,0.33663366336633666
W6_M80,W6_M42,0.37623762376237624
W6_M81,W6_M42,0.39603960396039606
W6_M82,W6_M42,0.31683168316831684
W6_M83,W6_M42,0.4752475247524752
W6_M84,W6_M42,0.43564356435643564
W6_M85,W6_M42,0.5346534653465347
W6_M86,W6_M42,0.33663366336633666
W6_M87,W6_M42,0.21782178217821782
W6_M88,W6_M42,0.2376237623762376
W6_M89,W6_M42,0.19801980198019803
W6_M90,W6_M42,0.1188118811881188
W6_M91,W6_M42,0.09900990099009901
W6_M92,W6_M42,0.1782178217821782
W6_M93,W6_M42,0.09900990099009901
W6_M94,W6_M42,0.019801980198019802
W6_M95,W6_M42,0.019801980198019802
W6_M96,W6_M42,0.0594059405940594
W6_M97,W6_M42,0.039603960396039604
W6_M98,W6_M42,0.019801980198019802
W6_M99,W6_M42,0.019801980198019802
W6_M100,W6_M42,0.019801980198019802
W6_M44,W6_M43,0.8514851485148515
W6_M45,W6_M43,0.9504950495049505
W6_M46,W6_M43,0.8118811881188119
W6_M47,W6_M43,0.8316831683168316
W6_M48,W6_M43,0.8316831683168316
W6_M49,W6_M43,0.7920792079207921
W6_M50,W6_M43,0.7128712871287128
W6_M51,W6_M43,0.9702970297029703
W6_M52,W6_M43,0.8712871287128713
W6_M53,W6_M43,0.7326732673267327
W6_M54,W6_M43,0.8316831683168316
W6_M55,W6_M43,0.6336633663366337
W6_M56,W6_M43,0.5544554455445545
W6_M57,W6_M43,0.4752475247524752
W6_M58,W6_M43,0.5544554455445545
W6_M59,W6_M43,0.7128712871287128
W6_M60,W6_M43,0.594059405940594
W6_M61,W6_M43,0.7128712871287128
W6_M62,W6_M43,0.594059405940594
W6_M63,W6_M43,0.6138613861386139
W6_M64,W6_M43,0.5346534653465347
W6_M65,W6_M43,0.43564356435643564
W6_M66,W6_M43,0.43564356435643564
W6_M67,W6_M43,0.6138613861386139
W6_M68,W6_M43,0.4752475247524752
W6_M69,W6_M43,0.39603960396039606
W6_M70,W6_M43,0.39603960396039606
W6_M71,W6_M43,0.33663366336633666
W6_M72,W6_M43,0.3564356435643564
W6_M73,W6_M43,0.39603960396039606
W6_M74,W6_M43,0.39603960396039606
W6_M75,W6_M43,0.4158415841584158
W6_M76,W6_M43,0.3564356435643564
W6_M77,W6_M43,0.49504950495049505
W6_M78,W6_M43,0.594059405940594
W6_M79,W6_M43,0.43564356435643564
W6_M80,W6_M43,0.4752475247524752
W6_M81,W6_M43,0.45544554455445546
W6_M82,W6_M43,0.4158415841584158
W6_M83,W6_M43,0.39603960396039606
W6_M84,W6_M43,0.37623762376237624
W6_M85,W6_M43,0.2376237623762376
W6_M86,W6_M43,0.1782178217821782
W6_M87,W6_M43,0.21782178217821782
W6_M88,W6_M43,0.1782178217821782
W6_M89,W6_M43,0.15841584158415842
W6_M90,W6_M43,0.19801980198019803
W6_M91,W6_M43,0.15841584158415842
W6_M92,W6_M43,0.039603960396039604
W6_M93,W6_M43,0.019801980198019802
W6_M94,W6_M43,0.0594059405940594
W6_M95,W6_M43,0.019801980198019802
W6_M96,W6_M43,0.039603960396039604
W6_M97,W6_M43,0.039603960396039604
W6_M98,W6_M43,0.019801980198019802
W6_M99,W6_M43,0.019801980198019802
W6_M100,W6_M43,0.019801980198019802
W6_M45,W6_M44,0.7128712871287128
W6_M46,W6_M44,0.9306930693069307
W6_M47,W6_M44,0.9108910891089109
W6_M48,W6_M44,0.9900990099009901
W6_M49,W6_M44,0.7722772277227723
W6_M50,W6_M44,0.6534653465346535
W6_M51,W6_M44,0.7524752475247525
W6_M52,W6_M44,0.8910891089108911
W6_M53,W6_M44,0.693069306930693
W6_M54,W6_M44,0.9306930693069307
W6_M55,W6_M44,0.9108910891089109
W6_M56,W6_M44,0.8910891089108911
W6_M57,W6_M44,0.8316831683168316
W6_M58,W6_M44,0.693069306930693
W6_M59,W6_M44,0.6138613861386139
W6_M60,W6_M44,0.8910891089108911
W6_M61,W6_M44,0.8910891089108911
W6_M62,W6_M44,0.7326732673267327
W6_M63,W6_M44,0.7128712871287128
W6_M64,W6_M44,0.8316831683168316
W6_M65,W6_M44,0.594059405940594
W6_M66,W6_M44,0.43564356435643564
W6_M67,W6_M44,0.6534653465346535
W6_M68,W6_M44,0.4752475247524752
W6_M69,W6_M44,0.6138613861386139
W6_M70,W6_M44,0.4158415841584158
W6_M71,W6_M44,0.45544554455445546
W6_M72,W6_M44,0.3564356435643564
W6_M73,W6_M44,0.31683168316831684
W6_M74,W6_M44,0.37623762376237624
W6_M75,W6_M44,0.4752475247524752
W6_M76,W6_M44,0.4158415841584158
W6_M77,W6_M44,0.33663366336633666
W6_M78,W6_M44,0.5742574257425742
W6_M79,W6_M44,0.297029702970297
W6_M80,W6_M44,0.5346534653465347
W6_M81,W6_M44,0.5346534653465347
W6_M82,W6_M44,0.1782178217821782
W6_M83,W6_M44,0.49504950495049505
W6_M84,W6_M44,0.693069306930693
W6_M85,W6_M44,0.43564356435643564
W6_M86,W6_M44,0.45544554455445546
W6_M87,W6_M44,0.297029702970297
W6_M88,W6_M44,0.21782178217821782
W6_M89,W6_M44,0.1782178217821782
W6_M90,W6_M44,0.21782178217821782
W6_M91,W6_M44,0.25742574257425743
W6_M92,W6_M44,0.15841584158415842
W6_M93,W6_M44,0.07920792079207921
W6_M94,W6_M44,0.0594059405940594
W6_M95,W6_M44,0.039603960396039604
W6_M96,W6_M44,0.039603960396039604
W6_M97,W6_M44,0.019801980198019802
W6_M98,W6_M44,0.019801980198019802
W6_M99,W6_M44,0.019801980198019802
W6_M100,W6_M44,0.019801980198019802
W6_M46,W6_M45,0.9702970297029703
W6_M47,W6_M45,0.8712871287128713
W6_M48,W6_M45,0.5544554455445545
W6_M49,W6_M45,0.9504950495049505
W6_M50,W6_M45,0.7128712871287128
W6_M51,W6_M45,0.9108910891089109
W6_M52,W6_M45,0.8118811881188119
W6_M53,W6_M45,0.6336633663366337
W6_M54,W6_M45,1.00990099009901
W6_M55,W6_M45,0.6138613861386139
W6_M56,W6_M45,0.6138613861386139
W6_M57,W6_M45,0.7326732673267327
W6_M58,W6_M45,0.7128712871287128
W6_M59,W6_M45,0.7920792079207921
W6_M60,W6_M45,0.9504950495049505
W6_M61,W6_M45,0.9504950495049505
W6_M62,W6_M45,0.8118811881188119
W6_M63,W6_M45,0.7722772277227723
W6_M64,W6_M45,0.7524752475247525
W6_M65,W6_M45,0.45544554455445546
W6_M66,W6_M45,0.6336633663366337
W6_M67,W6_M45,0.5346534653465347
W6_M68,W6_M45,0.7128712871287128
W6_M69,W6_M45,0.594059405940594
W6_M70,W6_M45,0.5544554455445545
W6_M71,W6_M45,0.39603960396039606
W6_M72,W6_M45,0.5346534653465347
W6_M73,W6_M45,0.33663366336633666
W6_M74,W6_M45,0.5148514851485149
W6_M75,W6_M45,0.5544554455445545
W6_M76,W6_M45,0.45544554455445546
W6_M77,W6_M45,0.5742574257425742
W6_M78,W6_M45,0.39603960396039606
W6_M79,W6_M45,0.5742574257425742
W6_M80,W6_M45,0.5346534653465347
W6_M81,W6_M45,0.6138613861386139
W6_M82,W6_M45,0.43564356435643564
W6_M83,W6_M45,0.37623762376237624
W6_M84,W6_M45,0.37623762376237624
W6_M85,W6_M45,0.19801980198019803
W6_M86,W6_M45,0.3564356435643564
W6_M87,W6_M45,0.39603960396039606
W6_M88,W6_M45,0.37623762376237624
W6_M89,W6_M45,0.2376237623762376
W6_M90,W6_M45,0.21782178217821782
W6_M91,W6_M45,0.19801980198019803
W6_M92,W6_M45,0.19801980198019803
W6_M93,W6_M45,0.039603960396039604
W6_M94,W6_M45,0.1188118811881188
W6_M95,W6_M45,0.019801980198019802
W6_M96,W6_M45,0.019801980198019802
W6_M97,W6_M45,0.019801980198019802
W6_M98,W6_M45,0.019801980198019802
W6_M99,W6_M45,0.019801980198019802
W6_M100,W6_M45,0.019801980198019802
W6_M47,W6_M46,0.7722772277227723
W6_M48,W6_M46,0.9900990099009901
W6_M49,W6_M46,0.9900990099009901
W6_M50,W6_M46,0.9504950495049505
W6_M51,W6_M46,0.9702970297029703
W6_M52,W6_M46,0.7128712871287128
W6_M53,W6_M46,0.8316831683168316
W6_M54,W6_M46,0.9108910891089109
W6_M55,W6_M46,0.7920792079207921
W6_M56,W6_M46,0.7920792079207921
W6_M57,W6_M46,0.8514851485148515
W6_M58,W6_M46,0.7722772277227723
W6_M59,W6_M46,0.8118811881188119
W6_M60,W6_M46,0.8712871287128713
W6_M61,W6_M46,0.7920792079207921
W6_M62,W6_M46,0.9108910891089109
W6_M63,W6_M46,0.9306930693069307
W6_M64,W6_M46,0.8118811881188119
W6_M65,W6_M46,0.594059405940594
W6_M66,W6_M46,0.7524752475247525
W6_M67,W6_M46,0.8316831683168316
W6_M68,W6_M46,0.7326732673267327
W6_M69,W6_M46,0.7326732673267327
W6_M70,W6_M46,0.31683168316831684
W6_M71,W6_M46,0.49504950495049505
W6_M72,W6_M46,0.39603960396039606
W6_M73,W6_M46,0.297029702970297
W6_M74,W6_M46,0.33663366336633666
W6_M75,W6_M46,0.43564356435643564
W6_M76,W6_M46,0.4158415841584158
W6_M77,W6_M46,0.45544554455445546
W6_M78,W6_M46,0.49504950495049505
W6_M79,W6_M46,0.3564356435643564
W6_M80,W6_M46,0.5742574257425742
W6_M81,W6_M46,0.45544554455445546
W6_M82,W6_M46,0.33663366336633666
W6_M83,W6_M46,0.6534653465346535
W6_M84,W6_M46,0.43564356435643564
W6_M85,W6_M46,0.37623762376237624
W6_M86,W6_M46,0.37623762376237624
W6_M87,W6_M46,0.19801980198019803
W6_M88,W6_M46,0.31683168316831684
W6_M89,W6_M46,0.2376237623762376
W6_M90,W6_M46,0.1782178217821782
W6_M91,W6_M46,0.2376237623762376
W6_M92,W6_M46,0.1188118811881188
W6_M93,W6_M46,0.19801980198019803
W6_M94,W6_M46,0.039603960396039604
W6_M95,W6_M46,0.0594059405940594
W6_M96,W6_M46,0.039603960396039604
W6_M97,W6_M46,0.019801980198019802
W6_M98,W6_M46,0.019801980198019802
W6_M99,W6_M46,0.019801980198019802
W6_M100,W6_M46,0.019801980198019802
W6_M48,W6_M47,0.9900990099009901
W6_M49,W6_M47,0.9702970297029703
W6_M50,W6_M47,0.9504950495049505
W6_M51,W6_M47,0.8910891089108911
W6_M52,W6_M47,0.5148514851485149
W6_M53,W6_M47,0.5148514851485149
W6_M54,W6_M47,0.9900990099009901
W6_M55,W6_M47,0.7128712871287128
W6_M56,W6_M47,0.6138613861386139
W6_M57,W6_M47,0.8910891089108911
W6_M58,W6_M47,0.8910891089108911
W6_M59,W6_M47,0.7128712871287128
W6_M60,W6_M47,0.693069306930693
W6_M61,W6_M47,0.9108910891089109
W6_M62,W6_M47,0.8910891089108911
W6_M63,W6_M47,0.6534653465346535
W6_M64,W6_M47,0.8514851485148515
W6_M65,W6_M47,0.49504950495049505
W6_M66,W6_M47,0.7326732673267327
W6_M67,W6_M47,0.7326732673267327
W6_M68,W6_M47,0.5742574257425742
W6_M69,W6_M47,0.4158415841584158
W6_M70,W6_M47,0.21782178217821782
W6_M71,W6_M47,0.297029702970297
W6_M72,W6_M47,0.37623762376237624
W6_M73,W6_M47,0.4158415841584158
W6_M74,W6_M47,0.31683168316831684
W6_M75,W6_M47,0.19801980198019803
W6_M76,W6_M47,0.4158415841584158
W6_M77,W6_M47,0.27722772277227725
W6_M78,W6_M47,0.33663366336633666
W6_M79,W6_M47,0.39603960396039606
W6_M80,W6_M47,0.37623762376237624
W6_M81,W6_M47,0.37623762376237624
W6_M82,W6_M47,0.33663366336633666
W6_M83,W6_M47,0.5346534653465347
W6_M84,W6_M47,0.5742574257425742
W6_M85,W6_M47,0.3564356435643564
W6_M86,W6_M47,0.21782178217821782
W6_M87,W6_M47,0.1782178217821782
W6_M88,W6_M47,0.21782178217821782
W6_M89,W6_M47,0.2376237623762376
W6_M90,W6_M47,0.15841584158415842
W6_M91,W6_M47,0.0594059405940594
W6_M92,W6_M47,0.15841584158415842
W6_M93,W6_M47,0.07920792079207921
W6_M94,W6_M47,0.0594059405940594
W6_M95,W6_M47,0.0594059405940594
W6_M96,W6_M47,0.019801980198019802
W6_M97,W6_M47,0.019801980198019802
W6_M98,W6_M47,0.019801980198019802
W6_M99,W6_M47,0.019801980198019802
W6_M100,W6_M47,0.019801980198019802
W6_M49,W6_M48,0.8910891089108911
W6_M50,W6_M48,0.8118811881188119
W6_M51,W6_M48,0.9504950495049505
W6_M52,W6_M48,0.8712871287128713
W6_M53,W6_M48,0.9702970297029703
W6_M54,W6_M48,0.9504950495049505
W6_M55,W6_M48,0.9306930693069307
W6_M56,W6_M48,0.8514851485148515
W6_M57,W6_M48,0.9900990099009901
W6_M58,W6_M48,0.9306930693069307
W6_M59,W6_M48,0.8514851485148515
W6_M60,W6_M48,0.8910891089108911
W6_M61,W6_M48,0.9504950495049505
W6_M62,W6_M48,0.9108910891089109
W6_M63,W6_M48,0.9504950495049505
W6_M64,W6_M48,0.9504950495049505
W6_M65,W6_M48,0.8118811881188119
W6_M66,W6_M48,0.8316831683168316
W6_M67,W6_M48,0.6336633663366337
W6_M68,W6_M48,0.693069306930693
W6_M69,W6_M48,0.5148514851485149
W6_M70,W6_M48,0.6138613861386139
W6_M71,W6_M48,0.7128712871287128
W6_M72,W6_M48,0.6534653465346535
W6_M73,W6_M48,0.6336633663366337
W6_M74,W6_M48,0.5544554455445545
W6_M75,W6_M48,0.7524752475247525
W6_M76,W6_M48,0.7920792079207921
W6_M77,W6_M48,0.6534653465346535
W6_M78,W6_M48,0.6138613861386139
W6_M79,W6_M48,0.594059405940594
W6_M80,W6_M48,0.6336633663366337
W6_M81,W6_M48,0.5742574257425742
W6_M82,W6_M48,0.5742574257425742
W6_M83,W6_M48,0.6732673267326733
W6_M84,W6_M48,0.6336633663366337
W6_M85,W6_M48,0.693069306930693
W6_M86,W6_M48,0.45544554455445546
W6_M87,W6_M48,0.37623762376237624
W6_M88,W6_M48,0.39603960396039606
W6_M89,W6_M48,0.39603960396039606
W6_M90,W6_M48,0.25742574257425743
W6_M91,W6_M48,0.1782178217821782
W6_M92,W6_M48,0.1188118811881188
W6_M93,W6_M48,0.1188118811881188
W6_M94,W6_M48,0.1188118811881188
W6_M95,W6_M48,0.0594059405940594
W6_M96,W6_M48,0.019801980198019802
W6_M97,W6_M48,0.039603960396039604
W6_M98,W6_M48,0.019801980198019802
W6_M99,W6_M48,0.019801980198019802
W6_M100,W6_M48,0.019801980198019802
W6_M50,W6_M49,0.8712871287128713
W6_M51,W6_M49,0.9108910891089109
W6_M52,W6_M49,0.9900990099009901
W6_M53,W6_M49,0.7920792079207921
W6_M54,W6_M49,0.9900990099009901
W6_M55,W6_M49,0.7920792079207921
W6_M56,W6_M49,0.6138613861386139
W6_M57,W6_M49,0.5346534653465347
W6_M58,W6_M49,0.7920792079207921
W6_M59,W6_M49,0.7722772277227723
W6_M60,W6_M49,0.9504950495049505
W6_M61,W6_M49,0.7722772277227723
W6_M62,W6_M49,0.9306930693069307
W6_M63,W6_M49,0.9108910891089109
W6_M64,W6_M49,0.6138613861386139
W6_M65,W6_M49,0.27722772277227725
W6_M66,W6_M49,0.39603960396039606
W6_M67,W6_M49,0.5544554455445545
W6_M68,W6_M49,0.39603960396039606
W6_M69,W6_M49,0.45544554455445546
W6_M70,W6_M49,0.297029702970297
W6_M71,W6_M49,0.27722772277227725
W6_M72,W6_M49,0.297029702970297
W6_M73,W6_M49,0.297029702970297
W6_M74,W6_M49,0.45544554455445546
W6_M75,W6_M49,0.39603960396039606
W6_M76,W6_M49,0.4158415841584158
W6_M77,W6_M49,0.45544554455445546
W6_M78,W6_M49,0.27722772277227725
W6_M79,W6_M49,0.33663366336633666
W6_M80,W6_M49,0.31683168316831684
W6_M81,W6_M49,0.4158415841584158
W6_M82,W6_M49,0.3564356435643564
W6_M83,W6_M49,0.5148514851485149
W6_M84,W6_M49,0.4158415841584158
W6_M85,W6_M49,0.21782178217821782
W6_M86,W6_M49,0.25742574257425743
W6_M87,W6_M49,0.15841584158415842
W6_M88,W6_M49,0.21782178217821782
W6_M89,W6_M49,0.19801980198019803
W6_M90,W6_M49,0.1188118811881188
W6_M91,W6_M49,0.19801980198019803
W6_M92,W6_M49,0.07920792079207921
W6_M93,W6_M49,0.1188118811881188
W6_M94,W6_M49,0.019801980198019802
W6_M95,W6_M49,0.019801980198019802
W6_M96,W6_M49,0.019801980198019802
W6_M97,W6_M49,0.019801980198019802
W6_M98,W6_M49,0.019801980198019802
W6_M99,W6_M49,0.019801980198019802
W6_M100,W6_M49,0.019801980198019802
W6_M51,W6_M50,0.8514851485148515
W6_M52,W6_M50,0.9702970297029703
W6_M53,W6_M50,0.9900990099009901
W6_M54,W6_M50,0.9900990099009901
W6_M55,W6_M50,0.9702970297029703
W6_M56,W6_M50,0.8316831683168316
W6_M57,W6_M50,0.9900990099009901
W6_M58,W6_M50,0.9702970297029703
W6_M59,W6_M50,1.00990099009901
W6_M60,W6_M50,1.00990099009901
W6_M61,W6_M50,0.9702970297029703
W6_M62,W6_M50,1.00990099009901
W6_M63,W6_M50,0.8910891089108911
W6_M64,W6_M50,0.8514851485148515
W6_M65,W6_M50,0.7920792079207921
W6_M66,W6_M50,0.8910891089108911
W6_M67,W6_M50,0.7920792079207921
W6_M68,W6_M50,0.594059405940594
W6_M69,W6_M50,0.49504950495049505
W6_M70,W6_M50,0.33663366336633666
W6_M71,W6_M50,0.37623762376237624
W6_M72,W6_M50,0.4752475247524752
W6_M73,W6_M50,0.37623762376237624
W6_M74,W6_M50,0.33663366336633666
W6_M75,W6_M50,0.5148514851485149
W6_M76,W6_M50,0.3564356435643564
W6_M77,W6_M50,0.5148514851485149
W6_M78,W6_M50,0.5742574257425742
W6_M79,W6_M50,0.49504950495049505
W6_M80,W6_M50,0.4158415841584158
W6_M81,W6_M50,0.6138613861386139
W6_M82,W6_M50,0.33663366336633666
W6_M83,W6_M50,0.4752475247524752
W6_M84,W6_M50,0.6732673267326733
W6_M85,W6_M50,0.39603960396039606
W6_M86,W6_M50,0.45544554455445546
W6_M87,W6_M50,0.1782178217821782
W6_M88,W6_M50,0.27722772277227725
W6_M89,W6_M50,0.1782178217821782
W6_M90,W6_M50,0.19801980198019803
W6_M91,W6_M50,0.25742574257425743
W6_M92,W6_M50,0.09900990099009901
W6_M93,W6_M50,0.15841584158415842
W6_M94,W6_M50,0.07920792079207921
W6_M95,W6_M50,0.019801980198019802
W6_M96,W6_M50,0.039603960396039604
W6_M97,W6_M50,0.019801980198019802
W6_M98,W6_M50,0.019801980198019802
W6_M99,W6_M50,0.019801980198019802
W6_M100,W6_M50,0.019801980198019802
W6_M52,W6_M51,0.9900990099009901
W6_M53,W6_M51,0.9306930693069307
W6_M54,W6_M51,0.9900990099009901
W6_M55,W6_M51,0.9504950495049505
W6_M56,W6_M51,0.7920792079207921
W6_M57,W6_M51,0.9306930693069307
W6_M58,W6_M51,0.7920792079207921
W6_M59,W6_M51,0.8712871287128713
W6_M60,W6_M51,0.9702970297029703
W6_M61,W6_M51,0.9702970297029703
W6_M62,W6_M51,0.8316831683168316
W6_M63,W6_M51,0.9306930693069307
W6_M64,W6_M51,0.8118811881188119
W6_M65,W6_M51,0.9108910891089109
W6_M66,W6_M51,0.8514851485148515
W6_M67,W6_M51,0.6138613861386139
W6_M68,W6_M51,0.5544554455445545
W6_M69,W6_M51,0.6534653465346535
W6_M70,W6_M51,0.37623762376237624
W6_M71,W6_M51,0.37623762376237624
W6_M72,W6_M51,0.39603960396039606
W6_M73,W6_M51,0.5544554455445545
W6_M74,W6_M51,0.5544554455445545
W6_M75,W6_M51,0.45544554455445546
W6_M76,W6_M51,0.693069306930693
W6_M77,W6_M51,0.5148514851485149
W6_M78,W6_M51,0.4752475247524752
W6_M79,W6_M51,0.5346534653465347
W6_M80,W6_M51,0.49504950495049505
W6_M81,W6_M51,0.4158415841584158
W6_M82,W6_M51,0.6534653465346535
W6_M83,W6_M51,0.6138613861386139
W6_M84,W6_M51,0.33663366336633666
W6_M85,W6_M51,0.5742574257425742
W6_M86,W6_M51,0.5346534653465347
W6_M87,W6_M51,0.297029702970297
W6_M88,W6_M51,0.3564356435643564
W6_M89,W6_M51,0.21782178217821782
W6_M90,W6_M51,0.21782178217821782
W6_M91,W6_M51,0.2376237623762376
W6_M92,W6_M51,0.15841584158415842
W6_M93,W6_M51,0.09900990099009901
W6_M94,W6_M51,0.07920792079207921
W6_M95,W6_M51,0.019801980198019802
W6_M96,W6_M51,0.019801980198019802
W6_M97,W6_M51,0.019801980198019802
W6_M98,W6_M51,0.019801980198019802
W6_M99,W6_M51,0.019801980198019802
W6_M100,W6_M51,0.019801980198019802
W6_M53,W6_M52,0.8712871287128713
W6_M54,W6_M52,0.9306930693069307
W6_M55,W6_M52,0.693069306930693
W6_M56,W6_M52,0.9108910891089109
W6_M57,W6_M52,0.9900990099009901
W6_M58,W6_M52,0.9306930693069307
W6_M59,W6_M52,0.7722772277227723
W6_M60,W6_M52,0.9702970297029703
W6_M61,W6_M52,0.9900990099009901
W6_M62,W6_M52,0.9702970297029703
W6_M63,W6_M52,0.8712871287128713
W6_M64,W6_M52,0.9504950495049505
W6_M65,W6_M52,0.5742574257425742
W6_M66,W6_M52,0.5148514851485149
W6_M67,W6_M52,0.7128712871287128
W6_M68,W6_M52,0.6138613861386139
W6_M69,W6_M52,0.49504950495049505
W6_M70,W6_M52,0.3564356435643564
W6_M71,W6_M52,0.21782178217821782
W6_M72,W6_M52,0.2376237623762376
W6_M73,W6_M52,0.39603960396039606
W6_M74,W6_M52,0.25742574257425743
W6_M75,W6_M52,0.297029702970297
W6_M76,W6_M52,0.37623762376237624
W6_M77,W6_M52,0.39603960396039606
W6_M78,W6_M52,0.31683168316831684
W6_M79,W6_M52,0.49504950495049505
W6_M80,W6_M52,0.37623762376237624
W6_M81,W6_M52,0.4752475247524752
W6_M82,W6_M52,0.4752475247524752
W6_M83,W6_M52,0.49504950495049505
W6_M84,W6_M52,0.594059405940594
W6_M85,W6_M52,0.37623762376237624
W6_M86,W6_M52,0.4158415841584158
W6_M87,W6_M52,0.13861386138613863
W6_M88,W6_M52,0.039603960396039604
W6_M89,W6_M52,0.1188118811881188
W6_M90,W6_M52,0.15841584158415842
W6_M91,W6_M52,0.2376237623762376
W6_M92,W6_M52,0.1782178217821782
W6_M93,W6_M52,0.15841584158415842
W6_M94,W6_M52,0.09900990099009901
W6_M95,W6_M52,0.019801980198019802
W6_M96,W6_M52,0.019801980198019802
W6_M97,W6_M52,0.019801980198019802
W6_M98,W6_M52,0.019801980198019802
W6_M99,W6_M52,0.019801980198019802
W6_M100,W6_M52,0.019801980198019802
W6_M54,W6_M53,0.8712871287128713
W6_M55,W6_M53,0.8514851485148515
W6_M56,W6_M53,0.7920792079207921
W6_M57,W6_M53,0.8712871287128713
W6_M58,W6_M53,0.9504950495049505
W6_M59,W6_M53,0.9702970297029703
W6_M60,W6_M53,0.9702970297029703
W6_M61,W6_M53,0.9900990099009901
W6_M62,W6_M53,1.00990099009901
W6_M63,W6_M53,0.9702970297029703
W6_M64,W6_M53,0.9900990099009901
W6_M65,W6_M53,0.7128712871287128
W6_M66,W6_M53,0.7524752475247525
W6_M67,W6_M53,0.7524752475247525
W6_M68,W6_M53,0.6138613861386139
W6_M69,W6_M53,0.6336633663366337
W6_M70,W6_M53,0.297029702970297
W6_M71,W6_M53,0.297029702970297
W6_M72,W6_M53,0.31683168316831684
W6_M73,W6_M53,0.39603960396039606
W6_M74,W6_M53,0.1782178217821782
W6_M75,W6_M53,0.49504950495049505
W6_M76,W6_M53,0.4158415841584158
W6_M77,W6_M53,0.37623762376237624
W6_M78,W6_M53,0.45544554455445546
W6_M79,W6_M53,0.43564356435643564
W6_M80,W6_M53,0.3564356435643564
W6_M81,W6_M53,0.45544554455445546
W6_M82,W6_M53,0.37623762376237624
W6_M83,W6_M53,0.49504950495049505
W6_M84,W6_M53,0.5346534653465347
W6_M85,W6_M53,0.39603960396039606
W6_M86,W6_M53,0.43564356435643564
W6_M87,W6_M53,0.21782178217821782
W6_M88,W6_M53,0.039603960396039604
W6_M89,W6_M53,0.27722772277227725
W6_M90,W6_M53,0.31683168316831684
W6_M91,W6_M53,0.15841584158415842
W6_M92,W6_M53,0.25742574257425743
W6_M93,W6_M53,0.19801980198019803
W6_M94,W6_M53,0.019801980198019802
W6_M95,W6_M53,0.039603960396039604
W6_M96,W6_M53,0.039603960396039604
W6_M97,W6_M53,0.019801980198019802
W6_M98,W6_M53,0.019801980198019802
W6_M99,W6_M53,0.019801980198019802
W6_M100,W6_M53,0.019801980198019802
W6_M55,W6_M54,0.8910891089108911
W6_M56,W6_M54,0.9900990099009901
W6_M57,W6_M54,0.8712871287128713
W6_M58,W6_M54,0.8712871287128713
W6_M59,W6_M54,0.8514851485148515
W6_M60,W6_M54,0.9504950495049505
W6_M61,W6_M54,0.9504950495049505
W6_M62,W6_M54,1.00990099009901
W6_M63,W6_M54,0.8910891089108911
W6_M64,W6_M54,0.9504950495049505
W6_M65,W6_M54,0.7920792079207921
W6_M66,W6_M54,0.9306930693069307
W6_M67,W6_M54,0.8118811881188119
W6_M68,W6_M54,0.7524752475247525
W6_M69,W6_M54,0.7326732673267327
W6_M70,W6_M54,0.6138613861386139
W6_M71,W6_M54,0.6732673267326733
W6_M72,W6_M54,0.5544554455445545
W6_M73,W6_M54,0.5148514851485149
W6_M74,W6_M54,0.6534653465346535
W6_M75,W6_M54,0.5742574257425742
W6_M76,W6_M54,0.6534653465346535
W6_M77,W6_M54,0.6138613861386139
W6_M78,W6_M54,0.5148514851485149
W6_M79,W6_M54,0.6534653465346535
W6_M80,W6_M54,0.594059405940594
W6_M81,W6_M54,0.6138613861386139
W6_M82,W6_M54,0.43564356435643564
W6_M83,W6_M54,0.4158415841584158
W6_M84,W6_M54,0.8316831683168316
W6_M85,W6_M54,0.5148514851485149
W6_M86,W6_M54,0.39603960396039606
W6_M87,W6_M54,0.3564356435643564
W6_M88,W6_M54,0.297029702970297
W6_M89,W6_M54,0.3564356435643564
W6_M90,W6_M54,0.2376237623762376
W6_M91,W6_M54,0.37623762376237624
W6_M92,W6_M54,0.19801980198019803
W6_M93,W6_M54,0.13861386138613863
W6_M94,W6_M54,0.0594059405940594
W6_M95,W6_M54,0.0594059405940594
W6_M96,W6_M54,0.039603960396039604
W6_M97,W6_M54,0.019801980198019802
W6_M98,W6_M54,0.019801980198019802
W6_M99,W6_M54,0.019801980198019802
W6_M100,W6_M54,0.019801980198019802
W6_M56,W6_M55,0.9504950495049505
W6_M57,W6_M55,0.9900990099009901
W6_M58,W6_M55,0.9504950495049505
W6_M59,W6_M55,0.8316831683168316
W6_M60,W6_M55,0.8514851485148515
W6_M61,W6_M55,0.9900990099009901
W6_M62,W6_M55,0.9900990099009901
W6_M63,W6_M55,0.9702970297029703
W6_M64,W6_M55,0.8712871287128713
W6_M65,W6_M55,0.6336633663366337
W6_M66,W6_M55,0.5544554455445545
W6_M67,W6_M55,0.7722772277227723
W6_M68,W6_M55,0.6534653465346535
W6_M69,W6_M55,0.8316831683168316
W6_M70,W6_M55,0.39603960396039606
W6_M71,W6_M55,0.37623762376237624
W6_M72,W6_M55,0.31683168316831684
W6_M73,W6_M55,0.6336633663366337
W6_M74,W6_M55,0.6138613861386139
W6_M75,W6_M55,0.5544554455445545
W6_M76,W6_M55,0.6732673267326733
W6_M77,W6_M55,0.693069306930693
W6_M78,W6_M55,0.7128712871287128
W6_M79,W6_M55,0.6336633663366337
W6_M80,W6_M55,0.49504950495049505
W6_M81,W6_M55,0.6336633663366337
W6_M82,W6_M55,0.594059405940594
W6_M83,W6_M55,0.49504950495049505
W6_M84,W6_M55,0.594059405940594
W6_M85,W6_M55,0.45544554455445546
W6_M86,W6_M55,0.33663366336633666
W6_M87,W6_M55,0.4752475247524752
W6_M88,W6_M55,0.37623762376237624
W6_M89,W6_M55,0.27722772277227725
W6_M90,W6_M55,0.15841584158415842
W6_M91,W6_M55,0.19801980198019803
W6_M92,W6_M55,0.15841584158415842
W6_M93,W6_M55,0.07920792079207921
W6_M94,W6_M55,0.0594059405940594
W6_M95,W6_M55,0.019801980198019802
W6_M96,W6_M55,0.019801980198019802
W6_M97,W6_M55,0.019801980198019802
W6_M98,W6_M55,0.039603960396039604
W6_M99,W6_M55,0.019801980198019802
W6_M100,W6_M55,0.019801980198019802
W6_M57,W6_M56,0.8118811881188119
W6_M58,W6_M56,0.9108910891089109
W6_M59,W6_M56,0.8514851485148515
W6_M60,W6_M56,0.7326732673267327
W6_M61,W6_M56,0.8118811881188119
W6_M62,W6_M56,0.8316831683168316
W6_M63,W6_M56,0.8712871287128713
W6_M64,W6_M56,1.00990099009901
W6_M65,W6_M56,0.693069306930693
W6_M66,W6_M56,0.6138613861386139
W6_M67,W6_M56,0.7722772277227723
W6_M68,W6_M56,0.4158415841584158
W6_M69,W6_M56,0.594059405940594
W6_M70,W6_M56,0.2376237623762376
W6_M71,W6_M56,0.297029702970297
W6_M72,W6_M56,0.25742574257425743
W6_M73,W6_M56,0.3564356435643564
W6_M74,W6_M56,0.4158415841584158
W6_M75,W6_M56,0.5544554455445545
W6_M76,W6_M56,0.39603960396039606
W6_M77,W6_M56,0.45544554455445546
W6_M78,W6_M56,0.5544554455445545
W6_M79,W6_M56,0.6336633663366337
W6_M80,W6_M56,0.4158415841584158
W6_M81,W6_M56,0.594059405940594
W6_M82,W6_M56,0.5346534653465347
W6_M83,W6_M56,0.5742574257425742
W6_M84,W6_M56,0.5148514851485149
W6_M85,W6_M56,0.4158415841584158
W6_M86,W6_M56,0.3564356435643564
W6_M87,W6_M56,0.31683168316831684
W6_M88,W6_M56,0.31683168316831684
W6_M89,W6_M56,0.15841584158415842
W6_M90,W6_M56,0.15841584158415842
W6_M91,W6_M56,0.09900990099009901
W6_M92,W6_M56,0.09900990099009901
W6_M93,W6_M56,0.15841584158415842
W6_M94,W6_M56,0.07920792079207921
W6_M95,W6_M56,0.039603960396039604
W6_M96,W6_M56,0.019801980198019802
W6_M97,W6_M56,0.019801980198019802
W6_M98,W6_M56,0.019801980198019802
W6_M99,W6_M56,0.019801980198019802
W6_M100,W6_M56,0.019801980198019802
W6_M58,W6_M57,0.8514851485148515
W6_M59,W6_M57,0.9702970297029703
W6_M60,W6_M57,0.9504950495049505
W6_M61,W6_M57,0.9504950495049505
W6_M62,W6_M57,0.8712871287128713
W6_M63,W6_M57,1.00990099009901
W6_M64,W6_M57,0.9702970297029703
W6_M65,W6_M57,0.6138613861386139
W6_M66,W6_M57,0.6732673267326733
W6_M67,W6_M57,0.7524752475247525
W6_M68,W6_M57,0.39603960396039606
W6_M69,W6_M57,0.5544554455445545
W6_M70,W6_M57,0.19801980198019803
W6_M71,W6_M57,0.27722772277227725
W6_M72,W6_M57,0.297029702970297
W6_M73,W6_M57,0.33663366336633666
W6_M74,W6_M57,0.31683168316831684
W6_M75,W6_M57,0.37623762376237624
W6_M76,W6_M57,0.43564356435643564
W6_M77,W6_M57,0.4158415841584158
W6_M78,W6_M57,0.5742574257425742
W6_M79,W6_M57,0.4158415841584158
W6_M80,W6_M57,0.4752475247524752
W6_M81,W6_M57,0.39603960396039606
W6_M82,W6_M57,0.6336633663366337
W6_M83,W6_M57,0.5148514851485149
W6_M84,W6_M57,0.6336633663366337
W6_M85,W6_M57,0.21782178217821782
W6_M86,W6_M57,0.37623762376237624
W6_M87,W6_M57,0.07920792079207921
W6_M88,W6_M57,0.27722772277227725
W6_M89,W6_M57,0.19801980198019803
W6_M90,W6_M57,0.1188118811881188
W6_M91,W6_M57,0.1188118811881188
W6_M92,W6_M57,0.1782178217821782
W6_M93,W6_M57,0.15841584158415842
W6_M94,W6_M57,0.039603960396039604
W6_M95,W6_M57,0.039603960396039604
W6_M96,W6_M57,0.019801980198019802
W6_M97,W6_M57,0.019801980198019802
W6_M98,W6_M57,0.019801980198019802
W6_M99,W6_M57,0.019801980198019802
W6_M100,W6_M57,0.019801980198019802
W6_M59,W6_M58,0.7722772277227723
W6_M60,W6_M58,0.9306930693069307
W6_M61,W6_M58,0.7524752475247525
W6_M62,W6_M58,0.9702970297029703
W6_M63,W6_M58,0.9504950495049505
W6_M64,W6_M58,0.9108910891089109
W6_M65,W6_M58,0.7128712871287128
W6_M66,W6_M58,0.5742574257425742
W6_M67,W6_M58,0.49504950495049505
W6_M68,W6_M58,0.39603960396039606
W6_M69,W6_M58,0.5742574257425742
W6_M70,W6_M58,0.25742574257425743
W6_M71,W6_M58,0.25742574257425743
W6_M72,W6_M58,0.33663366336633666
W6_M73,W6_M58,0.43564356435643564
W6_M74,W6_M58,0.297029702970297
W6_M75,W6_M58,0.49504950495049505
W6_M76,W6_M58,0.43564356435643564
W6_M77,W6_M58,0.4158415841584158
W6_M78,W6_M58,0.5742574257425742
W6_M79,W6_M58,0.37623762376237624
W6_M80,W6_M58,0.4158415841584158
W6_M81,W6_M58,0.5148514851485149
W6_M82,W6_M58,0.49504950495049505
W6_M83,W6_M58,0.594059405940594
W6_M84,W6_M58,0.594059405940594
W6_M85,W6_M58,0.25742574257425743
W6_M86,W6_M58,0.27722772277227725
W6_M87,W6_M58,0.25742574257425743
W6_M88,W6_M58,0.297029702970297
W6_M89,W6_M58,0.31683168316831684
W6_M90,W6_M58,0.1188118811881188
W6_M91,W6_M58,0.1188118811881188
W6_M92,W6_M58,0.0594059405940594
W6_M93,W6_M58,0.1188118811881188
W6_M94,W6_M58,0.039603960396039604
W6_M95,W6_M58,0.019801980198019802
W6_M96,W6_M58,0.039603960396039604
W6_M97,W6_M58,0.019801980198019802
W6_M98,W6_M58,0.019801980198019802
W6_M99,W6_M58,0.019801980198019802
W6_M100,W6_M58,0.019801980198019802
W6_M60,W6_M59,0.9504950495049505
W6_M61,W6_M59,0.8910891089108911
W6_M62,W6_M59,0.9900990099009901
W6_M63,W6_M59,0.8316831683168316
W6_M64,W6_M59,0.8910891089108911
W6_M65,W6_M59,0.45544554455445546
W6_M66,W6_M59,0.5742574257425742
W6_M67,W6_M59,0.7128712871287128
W6_M68,W6_M59,0.4158415841584158
W6_M69,W6_M59,0.4752475247524752
W6_M70,W6_M59,0.1782178217821782
W6_M71,W6_M59,0.43564356435643564
W6_M72,W6_M59,0.31683168316831684
W6_M73,W6_M59,0.3564356435643564
W6_M74,W6_M59,0.3564356435643564
W6_M75,W6_M59,0.31683168316831684
W6_M76,W6_M59,0.27722772277227725
W6_M77,W6_M59,0.4752475247524752
W6_M78,W6_M59,0.5346534653465347
W6_M79,W6_M59,0.31683168316831684
W6_M80,W6_M59,0.31683168316831684
W6_M81,W6_M59,0.5346534653465347
W6_M82,W6_M59,0.45544554455445546
W6_M83,W6_M59,0.49504950495049505
W6_M84,W6_M59,0.7524752475247525
W6_M85,W6_M59,0.31683168316831684
W6_M86,W6_M59,0.2376237623762376
W6_M87,W6_M59,0.2376237623762376
W6_M88,W6_M59,0.27722772277227725
W6_M89,W6_M59,0.2376237623762376
W6_M90,W6_M59,0.19801980198019803
W6_M91,W6_M59,0.15841584158415842
W6_M92,W6_M59,0.07920792079207921
W6_M93,W6_M59,0.09900990099009901
W6_M94,W6_M59,0.039603960396039604
W6_M95,W6_M59,0.019801980198019802
W6_M96,W6_M59,0.019801980198019802
W6_M97,W6_M59,0.019801980198019802
W6_M98,W6_M59,0.019801980198019802
W6_M99,W6_M59,0.019801980198019802
W6_M100,W6_M59,0.019801980198019802
W6_M61,W6_M60,0.7524752475247525
W6_M62,W6_M60,0.9108910891089109
W6_M63,W6_M60,0.7722772277227723
W6_M64,W6_M60,0.9900990099009901
W6_M65,W6_M60,0.49504950495049505
W6_M66,W6_M60,0.5742574257425742
W6_M67,W6_M60,0.8316831683168316
W6_M68,W6_M60,0.33663366336633666
W6_M69,W6_M60,0.6534653465346535
W6_M70,W6_M60,0.1782178217821782
W6_M71,W6_M60,0.27722772277227725
W6_M72,W6_M60,0.33663366336633666
W6_M73,W6_M60,0.4158415841584158
W6_M74,W6_M60,0.37623762376237624
W6_M75,W6_M60,0.4158415841584158
W6_M76,W6_M60,0.5346534653465347
W6_M77,W6_M60,0.27722772277227725
W6_M78,W6_M60,0.3564356435643564
W6_M79,W6_M60,0.37623762376237624
W6_M80,W6_M60,0.43564356435643564
W6_M81,W6_M60,0.45544554455445546
W6_M82,W6_M60,0.4752475247524752
W6_M83,W6_M60,0.4752475247524752
W6_M84,W6_M60,0.594059405940594
W6_M85,W6_M60,0.13861386138613863
W6_M86,W6_M60,0.297029702970297
W6_M87,W6_M60,0.31683168316831684
W6_M88,W6_M60,0.21782178217821782
W6_M89,W6_M60,0.21782178217821782
W6_M90,W6_M60,0.019801980198019802
W6_M91,W6_M60,0.1188118811881188
W6_M92,W6_M60,0.13861386138613863
W6_M93,W6_M60,0.0594059405940594
W6_M94,W6_M60,0.0594059405940594
W6_M95,W6_M60,0.019801980198019802
W6_M96,W6_M60,0.019801980198019802
W6_M97,W6_M60,0.019801980198019802
W6_M98,W6_M60,0.019801980198019802
W6_M99,W6_M60,0.019801980198019802
W6_M100,W6_M60,0.019801980198019802
W6_M62,W6_M61,0.8514851485148515
W6_M63,W6_M61,0.8910891089108911
W6_M64,W6_M61,0.8514851485148515
W6_M65,W6_M61,0.31683168316831684
W6_M66,W6_M61,0.297029702970297
W6_M67,W6_M61,0.8712871287128713
W6_M68,W6_M61,0.31683168316831684
W6_M69,W6_M61,0.27722772277227725
W6_M70,W6_M61,0.2376237623762376
W6_M71,W6_M61,0.27722772277227725
W6_M72,W6_M61,0.33663366336633666
W6_M73,W6_M61,0.39603960396039606
W6_M74,W6_M61,0.21782178217821782
W6_M75,W6_M61,0.2376237623762376
W6_M76,W6_M61,0.4752475247524752
W6_M77,W6_M61,0.39603960396039606
W6_M78,W6_M61,0.37623762376237624
W6_M79,W6_M61,0.39603960396039606
W6_M80,W6_M61,0.4158415841584158
W6_M81,W6_M61,0.39603960396039606
W6_M82,W6_M61,0.4158415841584158
W6_M83,W6_M61,0.4752475247524752
W6_M84,W6_M61,0.6138613861386139
W6_M85,W6_M61,0.33663366336633666
W6_M86,W6_M61,0.3564356435643564
W6_M87,W6_M61,0.19801980198019803
W6_M88,W6_M61,0.21782178217821782
W6_M89,W6_M61,0.15841584158415842
W6_M90,W6_M61,0.13861386138613863
W6_M91,W6_M61,0.09900990099009901
W6_M92,W6_M61,0.09900990099009901
W6_M93,W6_M61,0.07920792079207921
W6_M94,W6_M61,0.019801980198019802
W6_M95,W6_M61,0.039603960396039604
W6_M96,W6_M61,0.019801980198019802
W6_M97,W6_M61,0.019801980198019802
W6_M98,W6_M61,0.019801980198019802
W6_M99,W6_M61,0.019801980198019802
W6_M100,W6_M61,0.019801980198019802
W6_M63,W6_M62,0.7524752475247525
W6_M64,W6_M62,0.8514851485148515
W6_M65,W6_M62,0.37623762376237624
W6_M66,W6_M62,0.39603960396039606
W6_M67,W6_M62,0.8118811881188119
W6_M68,W6_M62,0.39603960396039606
W6_M69,W6_M62,0.594059405940594
W6_M70,W6_M62,0.37623762376237624
W6_M71,W6_M62,0.39603960396039606
W6_M72,W6_M62,0.27722772277227725
W6_M73,W6_M62,0.39603960396039606
W6_M74,W6_M62,0.2376237623762376
W6_M75,W6_M62,0.43564356435643564
W6_M76,W6_M62,0.4752475247524752
W6_M77,W6_M62,0.39603960396039606
W6_M78,W6_M62,0.31683168316831684
W6_M79,W6_M62,0.49504950495049505
W6_M80,W6_M62,0.37623762376237624
W6_M81,W6_M62,0.594059405940594
W6_M82,W6_M62,0.693069306930693
W6_M83,W6_M62,0.6138613861386139
W6_M84,W6_M62,0.8514851485148515
W6_M85,W6_M62,0.31683168316831684
W6_M86,W6_M62,0.27722772277227725
W6_M87,W6_M62,0.31683168316831684
W6_M88,W6_M62,0.1782178217821782
W6_M89,W6_M62,0.19801980198019803
W6_M90,W6_M62,0.2376237623762376
W6_M91,W6_M62,0.1188118811881188
W6_M92,W6_M62,0.15841584158415842
W6_M93,W6_M62,0.019801980198019802
W6_M94,W6_M62,0.0594059405940594
W6_M95,W6_M62,0.019801980198019802
W6_M96,W6_M62,0.019801980198019802
W6_M97,W6_M62,0.019801980198019802
W6_M98,W6_M62,0.019801980198019802
W6_M99,W6_M62,0.019801980198019802
W6_M100,W6_M62,0.019801980198019802
W6_M64,W6_M63,0.8910891089108911
W6_M65,W6_M63,0.39603960396039606
W6_M66,W6_M63,0.4158415841584158
W6_M67,W6_M63,0.7722772277227723
W6_M68,W6_M63,0.31683168316831684
W6_M69,W6_M63,0.594059405940594
W6_M70,W6_M63,0.2376237623762376
W6_M71,W6_M63,0.27722772277227725
W6_M72,W6_M63,0.39603960396039606
W6_M73,W6_M63,0.4752475247524752
W6_M74,W6_M63,0.31683168316831684
W6_M75,W6_M63,0.5742574257425742
W6_M76,W6_M63,0.37623762376237624
W6_M77,W6_M63,0.27722772277227725
W6_M78,W6_M63,0.33663366336633666
W6_M79,W6_M63,0.4752475247524752
W6_M80,W6_M63,0.27722772277227725
W6_M81,W6_M63,0.43564356435643564
W6_M82,W6_M63,0.6336633663366337
W6_M83,W6_M63,0.5544554455445545
W6_M84,W6_M63,0.39603960396039606
W6_M85,W6_M63,0.13861386138613863
W6_M86,W6_M63,0.3564356435643564
W6_M87,W6_M63,0.19801980198019803
W6_M88,W6_M63,0.297029702970297
W6_M89,W6_M63,0.19801980198019803
W6_M90,W6_M63,0.15841584158415842
W6_M91,W6_M63,0.1188118811881188
W6_M92,W6_M63,0.09900990099009901
W6_M93,W6_M63,0.13861386138613863
W6_M94,W6_M63,0.039603960396039604
W6_M95,W6_M63,0.039603960396039604
W6_M96,W6_M63,0.019801980198019802
W6_M97,W6_M63,0.019801980198019802
W6_M98,W6_M63,0.019801980198019802
W6_M99,W6_M63,0.019801980198019802
W6_M100,W6_M63,0.019801980198019802
W6_M65,W6_M64,0.37623762376237624
W6_M66,W6_M64,0.6732673267326733
W6_M67,W6_M64,0.8316831683168316
W6_M68,W6_M64,0.33663366336633666
W6_M69,W6_M64,0.693069306930693
W6_M70,W6_M64,0.27722772277227725
W6_M71,W6_M64,0.25742574257425743
W6_M72,W6_M64,0.19801980198019803
W6_M73,W6_M64,0.33663366336633666
W6_M74,W6_M64,0.27722772277227725
W6_M75,W6_M64,0.33663366336633666
W6_M76,W6_M64,0.297029702970297
W6_M77,W6_M64,0.297029702970297
W6_M78,W6_M64,0.37623762376237624
W6_M79,W6_M64,0.31683168316831684
W6_M80,W6_M64,0.27722772277227725
W6_M81,W6_M64,0.5544554455445545
W6_M82,W6_M64,0.45544554455445546
W6_M83,W6_M64,0.6336633663366337
W6_M84,W6_M64,0.6138613861386139
W6_M85,W6_M64,0.2376237623762376
W6_M86,W6_M64,0.297029702970297
W6_M87,W6_M64,0.21782178217821782
W6_M88,W6_M64,0.19801980198019803
W6_M89,W6_M64,0.25742574257425743
W6_M90,W6_M64,0.09900990099009901
W6_M91,W6_M64,0.07920792079207921
W6_M92,W6_M64,0.1188118811881188
W6_M93,W6_M64,0.13861386138613863
W6_M94,W6_M64,0.039603960396039604
W6_M95,W6_M64,0.019801980198019802
W6_M96,W6_M64,0.019801980198019802
W6_M97,W6_M64,0.019801980198019802
W6_M98,W6_M64,0.019801980198019802
W6_M99,W6_M64,0.019801980198019802
W6_M100,W6_M64,0.019801980198019802
W6_M66,W6_M65,0.9108910891089109
W6_M67,W6_M65,0.9900990099009901
W6_M68,W6_M65,0.6138613861386139
W6_M69,W6_M65,0.8118811881188119
W6_M70,W6_M65,0.7722772277227723
W6_M71,W6_M65,0.5346534653465347
W6_M72,W6_M65,0.5346534653465347
W6_M73,W6_M65,0.6534653465346535
W6_M74,W6_M65,0.594059405940594
W6_M75,W6_M65,0.6138613861386139
W6_M76,W6_M65,0.6732673267326733
W6_M77,W6_M65,0.4752475247524752
W6_M78,W6_M65,0.6534653465346535
W6_M79,W6_M65,0.49504950495049505
W6_M80,W6_M65,0.49504950495049505
W6_M81,W6_M65,0.8316831683168316
W6_M82,W6_M65,0.6336633663366337
W6_M83,W6_M65,0.6732673267326733
W6_M84,W6_M65,0.693069306930693
W6_M85,W6_M65,0.5742574257425742
W6_M86,W6_M65,0.5346534653465347
W6_M87,W6_M65,0.31683168316831684
W6_M88,W6_M65,0.37623762376237624
W6_M89,W6_M65,0.31683168316831684
W6_M90,W6_M65,0.37623762376237624
W6_M91,W6_M65,0.2376237623762376
W6_M92,W6_M65,0.297029702970297
W6_M93,W6_M65,0.15841584158415842
W6_M94,W6_M65,0.0594059405940594
W6_M95,W6_M65,0.019801980198019802
W6_M96,W6_M65,0.019801980198019802
W6_M97,W6_M65,0.039603960396039604
W6_M98,W6_M65,0.019801980198019802
W6_M99,W6_M65,0.019801980198019802
W6_M100,W6_M65,0.019801980198019802
W6_M67,W6_M66,0.8118811881188119
W6_M68,W6_M66,0.8910891089108911
W6_M69,W6_M66,0.6138613861386139
W6_M70,W6_M66,0.7128712871287128
W6_M71,W6_M66,0.7128712871287128
W6_M72,W6_M66,0.6138613861386139
W6_M73,W6_M66,0.6534653465346535
W6_M74,W6_M66,0.7524752475247525
W6_M75,W6_M66,0.8118811881188119
W6_M76,W6_M66,0.7326732673267327
W6_M77,W6_M66,0.9900990099009901
W6_M78,W6_M66,0.8514851485148515
W6_M79,W6_M66,0.4158415841584158
W6_M80,W6_M66,0.7128712871287128
W6_M81,W6_M66,0.594059405940594
W6_M82,W6_M66,0.7128712871287128
W6_M83,W6_M66,0.693069306930693
W6_M84,W6_M66,0.8910891089108911
W6_M85,W6_M66,0.6336633663366337
W6_M86,W6_M66,0.43564356435643564
W6_M87,W6_M66,0.37623762376237624
W6_M88,W6_M66,0.27722772277227725
W6_M89,W6_M66,0.33663366336633666
W6_M90,W6_M66,0.21782178217821782
W6_M91,W6_M66,0.15841584158415842
W6_M92,W6_M66,0.15841584158415842
W6_M93,W6_M66,0.21782178217821782
W6_M94,W6_M66,0.07920792079207921
W6_M95,W6_M66,0.019801980198019802
W6_M96,W6_M66,0.019801980198019802
W6_M97,W6_M66,0.019801980198019802
W6_M98,W6_M66,0.019801980198019802
W6_M99,W6_M66,0.019801980198019802
W6_M100,W6_M66,0.019801980198019802
W6_M68,W6_M67,0.9900990099009901
W6_M69,W6_M67,0.9306930693069307
W6_M70,W6_M67,0.8910891089108911
W6_M71,W6_M67,0.8514851485148515
W6_M72,W6_M67,0.9108910891089109
W6_M73,W6_M67,0.9702970297029703
W6_M74,W6_M67,0.8316831683168316
W6_M75,W6_M67,0.9504950495049505
W6_M76,W6_M67,0.9900990099009901
W6_M77,W6_M67,1.00990099009901
W6_M78,W6_M67,0.8910891089108911
W6_M79,W6_M67,0.8712871287128713
W6_M80,W6_M67,0.9108910891089109
W6_M81,W6_M67,0.8712871287128713
W6_M82,W6_M67,0.9702970297029703
W6_M83,W6_M67,0.8118811881188119
W6_M84,W6_M67,0.8514851485148515
W6_M85,W6_M67,0.8514851485148515
W6_M86,W6_M67,0.7128712871287128
W6_M87,W6_M67,0.7128712871287128
W6_M88,W6_M67,0.6336633663366337
W6_M89,W6_M67,0.8316831683168316
W6_M90,W6_M67,0.45544554455445546
W6_M91,W6_M67,0.5742574257425742
W6_M92,W6_M67,0.3564356435643564
W6_M93,W6_M67,0.0594059405940594
W6_M94,W6_M67,0.21782178217821782
W6_M95,W6_M67,0.039603960396039604
W6_M96,W6_M67,0.019801980198019802
W6_M97,W6_M67,0.019801980198019802
W6_M98,W6_M67,0.019801980198019802
W6_M99,W6_M67,0.019801980198019802
W6_M100,W6_M67,0.019801980198019802
W6_M69,W6_M68,0.7920792079207921
W6_M70,W6_M68,0.7326732673267327
W6_M71,W6_M68,0.9108910891089109
W6_M72,W6_M68,0.9702970297029703
W6_M73,W6_M68,0.9108910891089109
W6_M74,W6_M68,0.7920792079207921
W6_M75,W6_M68,0.8712871287128713
W6_M76,W6_M68,0.9306930693069307
W6_M77,W6_M68,0.9108910891089109
W6_M78,W6_M68,1.00990099009901
W6_M79,W6_M68,0.7128712871287128
W6_M80,W6_M68,0.8514851485148515
W6_M81,W6_M68,0.7722772277227723
W6_M82,W6_M68,0.8910891089108911
W6_M83,W6_M68,0.7524752475247525
W6_M84,W6_M68,0.8514851485148515
W6_M85,W6_M68,0.37623762376237624
W6_M86,W6_M68,0.6336633663366337
W6_M87,W6_M68,0.43564356435643564
W6_M88,W6_M68,0.3564356435643564
W6_M89,W6_M68,0.21782178217821782
W6_M90,W6_M68,0.2376237623762376
W6_M91,W6_M68,0.297029702970297
W6_M92,W6_M68,0.21782178217821782
W6_M93,W6_M68,0.13861386138613863
W6_M94,W6_M68,0.13861386138613863
W6_M95,W6_M68,0.07920792079207921
W6_M96,W6_M68,0.039603960396039604
W6_M97,W6_M68,0.019801980198019802
W6_M98,W6_M68,0.019801980198019802
W6_M99,W6_M68,0.019801980198019802
W6_M100,W6_M68,0.019801980198019802
W6_M70,W6_M69,0.9108910891089109
W6_M71,W6_M69,0.8910891089108911
W6_M72,W6_M69,0.9702970297029703
W6_M73,W6_M69,0.8910891089108911
W6_M74,W6_M69,0.9702970297029703
W6_M75,W6_M69,0.9900990099009901
W6_M76,W6_M69,0.8514851485148515
W6_M77,W6_M69,0.9900990099009901
W6_M78,W6_M69,0.8910891089108911
W6_M79,W6_M69,0.8910891089108911
W6_M80,W6_M69,0.8712871287128713
W6_M81,W6_M69,0.7722772277227723
W6_M82,W6_M69,0.9900990099009901
W6_M83,W6_M69,0.8910891089108911
W6_M84,W6_M69,0.9900990099009901
W6_M85,W6_M69,0.7524752475247525
W6_M86,W6_M69,0.5742574257425742
W6_M87,W6_M69,0.594059405940594
W6_M88,W6_M69,0.5148514851485149
W6_M89,W6_M69,0.5544554455445545
W6_M90,W6_M69,0.4752475247524752
W6_M91,W6_M69,0.2376237623762376
W6_M92,W6_M69,0.27722772277227725
W6_M93,W6_M69,0.297029702970297
W6_M94,W6_M69,0.21782178217821782
W6_M95,W6_M69,0.0594059405940594
W6_M96,W6_M69,0.09900990099009901
W6_M97,W6_M69,0.039603960396039604
W6_M98,W6_M69,0.019801980198019802
W6_M99,W6_M69,0.019801980198019802
W6_M100,W6_M69,0.019801980198019802
W6_M71,W6_M70,0.6732673267326733
W6_M72,W6_M70,0.8712871287128713
W6_M73,W6_M70,0.6534653465346535
W6_M74,W6_M70,0.7722772277227723
W6_M75,W6_M70,0.6732673267326733
W6_M76,W6_M70,0.5148514851485149
W6_M77,W6_M70,0.693069306930693
W6_M78,W6_M70,0.5742574257425742
W6_M79,W6_M70,0.9504950495049505
W6_M80,W6_M70,0.6138613861386139
W6_M81,W6_M70,0.9900990099009901
W6_M82,W6_M70,0.8514851485148515
W6_M83,W6_M70,0.9702970297029703
W6_M84,W6_M70,0.9504950495049505
W6_M85,W6_M70,1.00990099009901
W6_M86,W6_M70,0.6336633663366337
W6_M87,W6_M70,0.3564356435643564
W6_M88,W6_M70,0.37623762376237624
W6_M89,W6_M70,0.297029702970297
W6_M90,W6_M70,0.3564356435643564
W6_M91,W6_M70,0.25742574257425743
W6_M92,W6_M70,0.3564356435643564
W6_M93,W6_M70,0.39603960396039606
W6_M94,W6_M70,0.1782178217821782
W6_M95,W6_M70,0.039603960396039604
W6_M96,W6_M70,0.07920792079207921
W6_M97,W6_M70,0.019801980198019802
W6_M98,W6_M70,0.019801980198019802
W6_M99,W6_M70,0.039603960396039604
W6_M100,W6_M70,0.019801980198019802
W6_M72,W6_M71,0.8910891089108911
W6_M73,W6_M71,0.9108910891089109
W6_M74,W6_M71,0.9504950495049505
W6_M75,W6_M71,0.9306930693069307
W6_M76,W6_M71,0.9504950495049505
W6_M77,W6_M71,1.00990099009901
W6_M78,W6_M71,0.7920792079207921
W6_M79,W6_M71,1.00990099009901
W6_M80,W6_M71,0.8910891089108911
W6_M81,W6_M71,0.9306930693069307
W6_M82,W6_M71,0.9306930693069307
W6_M83,W6_M71,0.8910891089108911
W6_M84,W6_M71,0.9504950495049505
W6_M85,W6_M71,0.8118811881188119
W6_M86,W6_M71,0.7128712871287128
W6_M87,W6_M71,0.31683168316831684
W6_M88,W6_M71,0.25742574257425743
W6_M89,W6_M71,0.27722772277227725
W6_M90,W6_M71,0.297029702970297
W6_M91,W6_M71,0.2376237623762376
W6_M92,W6_M71,0.2376237623762376
W6_M93,W6_M71,0.27722772277227725
W6_M94,W6_M71,0.0594059405940594
W6_M95,W6_M71,0.019801980198019802
W6_M96,W6_M71,0.019801980198019802
W6_M97,W6_M71,0.019801980198019802
W6_M98,W6_M71,0.039603960396039604
W6_M99,W6_M71,0.019801980198019802
W6_M100,W6_M71,0.019801980198019802
W6_M73,W6_M72,0.693069306930693
W6_M74,W6_M72,0.8514851485148515
W6_M75,W6_M72,0.8316831683168316
W6_M76,W6_M72,0.9900990099009901
W6_M77,W6_M72,0.9702970297029703
W6_M78,W6_M72,0.7920792079207921
W6_M79,W6_M72,1.00990099009901
W6_M80,W6_M72,0.8910891089108911
W6_M81,W6_M72,0.9504950495049505
W6_M82,W6_M72,0.8514851485148515
W6_M83,W6_M72,0.9108910891089109
W6_M84,W6_M72,0.9108910891089109
W6_M85,W6_M72,0.7722772277227723
W6_M86,W6_M72,0.6336633663366337
W6_M87,W6_M72,0.3564356435643564
W6_M88,W6_M72,0.5148514851485149
W6_M89,W6_M72,0.37623762376237624
W6_M90,W6_M72,0.2376237623762376
W6_M91,W6_M72,0.25742574257425743
W6_M92,W6_M72,0.27722772277227725
W6_M93,W6_M72,0.25742574257425743
W6_M94,W6_M72,0.0594059405940594
W6_M95,W6_M72,0.019801980198019802
W6_M96,W6_M72,0.039603960396039604
W6_M97,W6_M72,0.019801980198019802
W6_M98,W6_M72,0.019801980198019802
W6_M99,W6_M72,0.019801980198019802
W6_M100,W6_M72,0.019801980198019802
W6_M74,W6_M73,0.8910891089108911
W6_M75,W6_M73,0.8316831683168316
W6_M76,W6_M73,0.9306930693069307
W6_M77,W6_M73,0.8514851485148515
W6_M78,W6_M73,0.9306930693069307
W6_M79,W6_M73,0.7326732673267327
W6_M80,W6_M73,0.7524752475247525
W6_M81,W6_M73,0.8316831683168316
W6_M82,W6_M73,0.8910891089108911
W6_M83,W6_M73,1.00990099009901
W6_M84,W6_M73,0.8118811881188119
W6_M85,W6_M73,0.9504950495049505
W6_M86,W6_M73,0.45544554455445546
W6_M87,W6_M73,0.21782178217821782
W6_M88,W6_M73,0.33663366336633666
W6_M89,W6_M73,0.25742574257425743
W6_M90,W6_M73,0.27722772277227725
W6_M91,W6_M73,0.19801980198019803
W6_M92,W6_M73,0.25742574257425743
W6_M93,W6_M73,0.21782178217821782
W6_M94,W6_M73,0.039603960396039604
W6_M95,W6_M73,0.019801980198019802
W6_M96,W6_M73,0.039603960396039604
W6_M97,W6_M73,0.019801980198019802
W6_M98,W6_M73,0.019801980198019802
W6_M99,W6_M73,0.019801980198019802
W6_M100,W6_M73,0.019801980198019802
W6_M75,W6_M74,0.8712871287128713
W6_M76,W6_M74,0.7326732673267327
W6_M77,W6_M74,0.9108910891089109
W6_M78,W6_M74,0.7524752475247525
W6_M79,W6_M74,0.9504950495049505
W6_M80,W6_M74,0.9900990099009901
W6_M81,W6_M74,0.7128712871287128
W6_M82,W6_M74,0.9306930693069307
W6_M83,W6_M74,0.9702970297029703
W6_M84,W6_M74,1.00990099009901
W6_M85,W6_M74,0.8712871287128713
W6_M86,W6_M74,0.5544554455445545
W6_M87,W6_M74,0.297029702970297
W6_M88,W6_M74,0.3564356435643564
W6_M89,W6_M74,0.3564356435643564
W6_M90,W6_M74,0.13861386138613863
W6_M91,W6_M74,0.13861386138613863
W6_M92,W6_M74,0.27722772277227725
W6_M93,W6_M74,0.33663366336633666
W6_M94,W6_M74,0.09900990099009901
W6_M95,W6_M74,0.019801980198019802
W6_M96,W6_M74,0.019801980198019802
W6_M97,W6_M74,0.019801980198019802
W6_M98,W6_M74,0.019801980198019802
W6_M99,W6_M74,0.019801980198019802
W6_M100,W6_M74,0.019801980198019802
W6_M76,W6_M75,0.8118811881188119
W6_M77,W6_M75,0.9306930693069307
W6_M78,W6_M75,0.8910891089108911
W6_M79,W6_M75,0.7128712871287128
W6_M80,W6_M75,0.7128712871287128
W6_M81,W6_M75,0.8514851485148515
W6_M82,W6_M75,0.8316831683168316
W6_M83,W6_M75,0.8316831683168316
W6_M84,W6_M75,0.7722772277227723
W6_M85,W6_M75,0.8316831683168316
W6_M86,W6_M75,0.49504950495049505
W6_M87,W6_M75,0.19801980198019803
W6_M88,W6_M75,0.37623762376237624
W6_M89,W6_M75,0.1782178217821782
W6_M90,W6_M75,0.37623762376237624
W6_M91,W6_M75,0.21782178217821782
W6_M92,W6_M75,0.1782178217821782
W6_M93,W6_M75,0.2376237623762376
W6_M94,W6_M75,0.07920792079207921
W6_M95,W6_M75,0.019801980198019802
W6_M96,W6_M75,0.019801980198019802
W6_M97,W6_M75,0.019801980198019802
W6_M98,W6_M75,0.019801980198019802
W6_M99,W6_M75,0.019801980198019802
W6_M100,W6_M75,0.019801980198019802
W6_M77,W6_M76,0.8316831683168316
W6_M78,W6_M76,0.9702970297029703
W6_M79,W6_M76,0.7128712871287128
W6_M80,W6_M76,0.8514851485148515
W6_M81,W6_M76,0.8118811881188119
W6_M82,W6_M76,0.8910891089108911
W6_M83,W6_M76,0.9702970297029703
W6_M84,W6_M76,0.9108910891089109
W6_M85,W6_M76,0.8712871287128713
W6_M86,W6_M76,0.6534653465346535
W6_M87,W6_M76,0.37623762376237624
W6_M88,W6_M76,0.31683168316831684
W6_M89,W6_M76,0.25742574257425743
W6_M90,W6_M76,0.27722772277227725
W6_M91,W6_M76,0.33663366336633666
W6_M92,W6_M76,0.25742574257425743
W6_M93,W6_M76,0.25742574257425743
W6_M94,W6_M76,0.039603960396039604
W6_M95,W6_M76,0.019801980198019802
W6_M96,W6_M76,0.019801980198019802
W6_M97,W6_M76,0.019801980198019802
W6_M98,W6_M76,0.019801980198019802
W6_M99,W6_M76,0.019801980198019802
W6_M100,W6_M76,0.019801980198019802
W6_M78,W6_M77,0.9504950495049505
W6_M79,W6_M77,0.693069306930693
W6_M80,W6_M77,0.7920792079207921
W6_M81,W6_M77,0.9108910891089109
W6_M82,W6_M77,0.7326732673267327
W6_M83,W6_M77,0.8514851485148515
W6_M84,W6_M77,0.9108910891089109
W6_M85,W6_M77,0.7722772277227723
W6_M86,W6_M77,0.7326732673267327
W6_M87,W6_M77,0.2376237623762376
W6_M88,W6_M77,0.37623762376237624
W6_M89,W6_M77,0.4158415841584158
W6_M90,W6_M77,0.21782178217821782
W6_M91,W6_M77,0.3564356435643564
W6_M92,W6_M77,0.21782178217821782
W6_M93,W6_M77,0.1782178217821782
W6_M94,W6_M77,0.09900990099009901
W6_M95,W6_M77,0.019801980198019802
W6_M96,W6_M77,0.039603960396039604
W6_M97,W6_M77,0.019801980198019802
W6_M98,W6_M77,0.019801980198019802
W6_M99,W6_M77,0.019801980198019802
W6_M100,W6_M77,0.019801980198019802
W6_M79,W6_M78,0.8316831683168316
W6_M80,W6_M78,0.7722772277227723
W6_M81,W6_M78,0.9108910891089109
W6_M82,W6_M78,0.8514851485148515
W6_M83,W6_M78,0.7920792079207921
W6_M84,W6_M78,0.9702970297029703
W6_M85,W6_M78,0.8118811881188119
W6_M86,W6_M78,0.693069306930693
W6_M87,W6_M78,0.27722772277227725
W6_M88,W6_M78,0.3564356435643564
W6_M89,W6_M78,0.3564356435643564
W6_M90,W6_M78,0.07920792079207921
W6_M91,W6_M78,0.21782178217821782
W6_M92,W6_M78,0.25742574257425743
W6_M93,W6_M78,0.2376237623762376
W6_M94,W6_M78,0.07920792079207921
W6_M95,W6_M78,0.0594059405940594
W6_M96,W6_M78,0.039603960396039604
W6_M97,W6_M78,0.019801980198019802
W6_M98,W6_M78,0.019801980198019802
W6_M99,W6_M78,0.019801980198019802
W6_M100,W6_M78,0.019801980198019802
W6_M80,W6_M79,0.8910891089108911
W6_M81,W6_M79,0.7722772277227723
W6_M82,W6_M79,0.8514851485148515
W6_M83,W6_M79,1.00990099009901
W6_M84,W6_M79,0.9504950495049505
W6_M85,W6_M79,0.9504950495049505
W6_M86,W6_M79,0.6336633663366337
W6_M87,W6_M79,0.3564356435643564
W6_M88,W6_M79,0.45544554455445546
W6_M89,W6_M79,0.19801980198019803
W6_M90,W6_M79,0.37623762376237624
W6_M91,W6_M79,0.25742574257425743
W6_M92,W6_M79,0.25742574257425743
W6_M93,W6_M79,0.19801980198019803
W6_M94,W6_M79,0.15841584158415842
W6_M95,W6_M79,0.019801980198019802
W6_M96,W6_M79,0.039603960396039604
W6_M97,W6_M79,0.019801980198019802
W6_M98,W6_M79,0.019801980198019802
W6_M99,W6_M79,0.019801980198019802
W6_M100,W6_M79,0.019801980198019802
W6_M81,W6_M80,1.00990099009901
W6_M82,W6_M80,0.7920792079207921
W6_M83,W6_M80,0.9504950495049505
W6_M84,W6_M80,0.8712871287128713
W6_M85,W6_M80,0.6534653465346535
W6_M86,W6_M80,0.4158415841584158
W6_M87,W6_M80,0.3564356435643564
W6_M88,W6_M80,0.594059405940594
W6_M89,W6_M80,0.2376237623762376
W6_M90,W6_M80,0.15841584158415842
W6_M91,W6_M80,0.33663366336633666
W6_M92,W6_M80,0.4752475247524752
W6_M93,W6_M80,0.27722772277227725
W6_M94,W6_M80,0.09900990099009901
W6_M95,W6_M80,0.039603960396039604
W6_M96,W6_M80,0.039603960396039604
W6_M97,W6_M80,0.019801980198019802
W6_M98,W6_M80,0.019801980198019802
W6_M99,W6_M80,0.019801980198019802
W6_M100,W6_M80,0.019801980198019802
W6_M82,W6_M81,0.9306930693069307
W6_M83,W6_M81,0.6732673267326733
W6_M84,W6_M81,0.9702970297029703
W6_M85,W6_M81,0.9702970297029703
W6_M86,W6_M81,0.7128712871287128
W6_M87,W6_M81,0.693069306930693
W6_M88,W6_M81,0.5346534653465347
W6_M89,W6_M81,0.693069306930693
W6_M90,W6_M81,0.49504950495049505
W6_M91,W6_M81,0.6732673267326733
W6_M92,W6_M81,0.4158415841584158
W6_M93,W6_M81,0.37623762376237624
W6_M94,W6_M81,0.07920792079207921
W6_M95,W6_M81,0.019801980198019802
W6_M96,W6_M81,0.039603960396039604
W6_M97,W6_M81,0.039603960396039604
W6_M98,W6_M81,0.019801980198019802
W6_M99,W6_M81,0.019801980198019802
W6_M100,W6_M81,0.019801980198019802
W6_M83,W6_M82,0.7920792079207921
W6_M84,W6_M82,0.9108910891089109
W6_M85,W6_M82,1.00990099009901
W6_M86,W6_M82,0.7128712871287128
W6_M87,W6_M82,0.6732673267326733
W6_M88,W6_M82,0.7920792079207921
W6_M89,W6_M82,0.5148514851485149
W6_M90,W6_M82,0.4752475247524752
W6_M91,W6_M82,0.5346534653465347
W6_M92,W6_M82,0.45544554455445546
W6_M93,W6_M82,0.37623762376237624
W6_M94,W6_M82,0.09900990099009901
W6_M95,W6_M82,0.07920792079207921
W6_M96,W6_M82,0.07920792079207921
W6_M97,W6_M82,0.019801980198019802
W6_M98,W6_M82,0.019801980198019802
W6_M99,W6_M82,0.019801980198019802
W6_M100,W6_M82,0.019801980198019802
W6_M84,W6_M83,0.8514851485148515
W6_M85,W6_M83,0.8910891089108911
W6_M86,W6_M83,0.8316831683168316
W6_M87,W6_M83,0.7326732673267327
W6_M88,W6_M83,0.5148514851485149
W6_M89,W6_M83,0.5742574257425742
W6_M90,W6_M83,0.33663366336633666
W6_M91,W6_M83,0.39603960396039606
W6_M92,W6_M83,0.25742574257425743
W6_M93,W6_M83,0.21782178217821782
W6_M94,W6_M83,0.039603960396039604
W6_M95,W6_M83,0.019801980198019802
W6_M96,W6_M83,0.019801980198019802
W6_M97,W6_M83,0.019801980198019802
W6_M98,W6_M83,0.019801980198019802
W6_M99,W6_M83,0.019801980198019802
W6_M100,W6_M83,0.019801980198019802
W6_M85,W6_M84,0.9504950495049505
W6_M86,W6_M84,0.7920792079207921
W6_M87,W6_M84,0.9702970297029703
W6_M88,W6_M84,0.7722772277227723
W6_M89,W6_M84,0.7524752475247525
W6_M90,W6_M84,0.8118811881188119
W6_M91,W6_M84,0.8118811881188119
W6_M92,W6_M84,0.5148514851485149
W6_M93,W6_M84,0.1188118811881188
W6_M94,W6_M84,0.2376237623762376
W6_M95,W6_M84,0.07920792079207921
W6_M96,W6_M84,0.07920792079207921
W6_M97,W6_M84,0.0594059405940594
W6_M98,W6_M84,0.039603960396039604
W6_M99,W6_M84,0.039603960396039604
W6_M100,W6_M84,0.019801980198019802
W6_M86,W6_M85,0.5742574257425742
W6_M87,W6_M85,0.6138613861386139
W6_M88,W6_M85,0.6732673267326733
W6_M89,W6_M85,0.39603960396039606
W6_M90,W6_M85,0.49504950495049505
W6_M91,W6_M85,0.49504950495049505
W6_M92,W6_M85,0.33663366336633666
W6_M93,W6_M85,0.3564356435643564
W6_M94,W6_M85,0.15841584158415842
W6_M95,W6_M85,0.0594059405940594
W6_M96,W6_M85,0.039603960396039604
W6_M97,W6_M85,0.019801980198019802
W6_M98,W6_M85,0.019801980198019802
W6_M99,W6_M85,0.019801980198019802
W6_M100,W6_M85,0.019801980198019802
W6_M87,W6_M86,0.9306930693069307
W6_M88,W6_M86,0.9306930693069307
W6_M89,W6_M86,0.8316831683168316
W6_M90,W6_M86,0.8316831683168316
W6_M91,W6_M86,0.7920792079207921
W6_M92,W6_M86,0.33663366336633666
W6_M93,W6_M86,0.3564356435643564
W6_M94,W6_M86,0.1188118811881188
W6_M95,W6_M86,0.1782178217821782
W6_M96,W6_M86,0.09900990099009901
W6_M97,W6_M86,0.019801980198019802
W6_M98,W6_M86,0.019801980198019802
W6_M99,W6_M86,0.019801980198019802
W6_M100,W6_M86,0.019801980198019802
W6_M88,W6_M87,1.00990099009901
W6_M89,W6_M87,0.9504950495049505
W6_M90,W6_M87,0.7920792079207921
W6_M91,W6_M87,0.6138613861386139
W6_M92,W6_M87,0.6138613861386139
W6_M93,W6_M87,0.4158415841584158
W6_M94,W6_M87,0.09900990099009901
W6_M95,W6_M87,0.0594059405940594
W6_M96,W6_M87,0.0594059405940594
W6_M97,W6_M87,0.0594059405940594
W6_M98,W6_M87,0.039603960396039604
W6_M99,W6_M87,0.019801980198019802
W6_M100,W6_M87,0.019801980198019802
W6_M89,W6_M88,0.9108910891089109
W6_M90,W6_M88,0.8514851485148515
W6_M91,W6_M88,0.8712871287128713
W6_M92,W6_M88,0.6732673267326733
W6_M93,W6_M88,0.693069306930693
W6_M94,W6_M88,0.21782178217821782
W6_M95,W6_M88,0.07920792079207921
W6_M96,W6_M88,0.039603960396039604
W6_M97,W6_M88,0.019801980198019802
W6_M98,W6_M88,0.019801980198019802
W6_M99,W6_M88,0.039603960396039604
W6_M100,W6_M88,0.019801980198019802
W6_M90,W6_M89,0.9504950495049505
W6_M91,W6_M89,0.9702970297029703
W6_M92,W6_M89,0.49504950495049505
W6_M93,W6_M89,0.297029702970297
W6_M94,W6_M89,0.13861386138613863
W6_M95,W6_M89,0.15841584158415842
W6_M96,W6_M89,0.07920792079207921
W6_M97,W6_M89,0.0594059405940594
W6_M98,W6_M89,0.039603960396039604
W6_M99,W6_M89,0.019801980198019802
W6_M100,W6_M89,0.019801980198019802
W6_M91,W6_M90,0.9108910891089109
W6_M92,W6_M90,0.7326732673267327
W6_M93,W6_M90,0.5148514851485149
W6_M94,W6_M90,0.0594059405940594
W6_M95,W6_M90,0.0594059405940594
W6_M96,W6_M90,0.0594059405940594
W6_M97,W6_M90,0.019801980198019802
W6_M98,W6_M90,0.019801980198019802
W6_M99,W6_M90,0.019801980198019802
W6_M100,W6_M90,0.019801980198019802
W6_M92,W6_M91,0.6732673267326733
W6_M93,W6_M91,0.6138613861386139
W6_M94,W6_M91,0.45544554455445546
W6_M95,W6_M91,0.13861386138613863
W6_M96,W6_M91,0.1188118811881188
W6_M97,W6_M91,0.019801980198019802
W6_M98,W6_M91,0.039603960396039604
W6_M99,W6_M91,0.019801980198019802
W6_M100,W6_M91,0.019801980198019802
W6_M93,W6_M92,0.594059405940594
W6_M94,W6_M92,0.5148514851485149
W6_M95,W6_M92,0.21782178217821782
W6_M96,W6_M92,0.2376237623762376
W6_M97,W6_M92,0.09900990099009901
W6_M98,W6_M92,0.039603960396039604
W6_M99,W6_M92,0.019801980198019802
W6_M100,W6_M92,0.019801980198019802
W6_M94,W6_M93,0.9702970297029703
W6_M95,W6_M93,0.39603960396039606
W6_M96,W6_M93,0.19801980198019803
W6_M97,W6_M93,0.13861386138613863
W6_M98,W6_M93,0.0594059405940594
W6_M99,W6_M93,0.07920792079207921
W6_M100,W6_M93,0.019801980198019802
W6_M95,W6_M94,0.5742574257425742
W6_M96,W6_M94,0.43564356435643564
W6_M97,W6_M94,0.27722772277227725
W6_M98,W6_M94,0.0594059405940594
W6_M99,W6_M94,0.039603960396039604
W6_M100,W6_M94,0.019801980198019802
W6_M96,W6_M95,0.5544554455445545
W6_M97,W6_M95,0.27722772277227725
W6_M98,W6_M95,0.13861386138613863
W6_M99,W6_M95,0.0594059405940594
W6_M100,W6_M95,0.019801980198019802
W6_M97,W6_M96,0.37623762376237624
W6_M98,W6_M96,0.19801980198019803
W6_M99,W6_M96,0.1188118811881188
W6_M100,W6_M96,0.039603960396039604
W6_M98,W6_M97,0.45544554455445546
W6_M99,W6_M97,0.0594059405940594
W6_M100,W6_M97,0.039603960396039604
W6_M99,W6_M98,0.6336633663366337
W6_M100,W6_M98,0.13861386138613863
W6_M100,W6_M99,0.19801980198019803
W6_M1,W6_M1,NA
W6_M2,W6_M2,NA
W6_M3,W6_M3,NA
W6_M4,W6_M4,NA
W6_M5,W6_M5,NA
W6_M6,W6_M6,NA
W6_M7,W6_M7,NA
W6_M8,W6_M8,NA
W6_M9,W6_M9,NA
W6_M10,W6_M10,NA
W6_M11,W6_M11,NA
W6_M12,W6_M12,NA
W6_M13,W6_M13,NA
W6_M14,W6_M14,NA
W6_M15,W6_M15,NA
W6_M16,W6_M16,NA
W6_M17,W6_M17,NA
W6_M18,W6_M18,NA
W6_M19,W6_M19,NA
W6_M20,W6_M20,NA
W6_M21,W6_M21,NA
W6_M22,W6_M22,NA
W6_M23,W6_M23,NA
W6_M24,W6_M24,NA
W6_M25,W6_M25,NA
W6_M26,W6_M26,NA
W6_M27,W6_M27,NA
W6_M28,W6_M28,NA
W6_M29,W6_M29,NA
W6_M30,W6_M30,NA
W6_M31,W6_M31,NA
W6_M32,W6_M32,NA
W6_M33,W6_M33,NA
W6_M34,W6_M34,NA
W6_M35,W6_M35,NA
W6_M36,W6_M36,NA
W6_M37,W6_M37,NA
W6_M38,W6_M38,NA
W6_M39,W6_M39,NA
W6_M40,W6_M40,NA
W6_M41,W6_M41,NA
W6_M42,W6_M42,NA
W6_M43,W6_M43,NA
W6_M44,W6_M44,NA
W6_M45,W6_M45,NA
W6_M46,W6_M46,NA
W6_M47,W6_M47,NA
W6_M48,W6_M48,NA
W6_M49,W6_M49,NA
W6_M50,W6_M50,NA
W6_M51,W6_M51,NA
W6_M52,W6_M52,NA
W6_M53,W6_M53,NA
W6_M54,W6_M54,NA
W6_M55,W6_M55,NA
W6_M56,W6_M56,NA
W6_M57,W6_M57,NA
W6_M58,W6_M58,NA
W6_M59,W6_M59,NA
W6_M60,W6_M60,NA
W6_M61,W6_M61,NA
W6_M62,W6_M62,NA
W6_M63,W6_M63,NA
W6_M64,W6_M64,NA
W6_M65,W6_M65,NA
W6_M66,W6_M66,NA
W6_M67,W6_M67,NA
W6_M68,W6_M68,NA
W6_M69,W6_M69,NA
W6_M70,W6_M70,NA
W6_M71,W6_M71,NA
W6_M72,W6_M72,NA
W6_M73,W6_M73,NA
W6_M74,W6_M74,NA
W6_M75,W6_M75,NA
W6_M76,W6_M76,NA
W6_M77,W6_M77,NA
W6_M78,W6_M78,NA
W6_M79,W6_M79,NA
W6_M80,W6_M80,NA
W6_M81,W6_M81,NA
W6_M82,W6_M82,NA
W6_M83,W6_M83,NA
W6_M84,W6_M84,NA
W6_M85,W6_M85,NA
W6_M86,W6_M86,NA
W6_M87,W6_M87,NA
W6_M88,W6_M88,NA
W6_M89,W6_M89,NA
W6_M90,W6_M90,NA
W6_M91,W6_M91,NA
W6_M92,W6_M92,NA
W6_M93,W6_M93,NA
W6_M94,W6_M94,NA
W6_M95,W6_M95,NA
W6_M96,W6_M96,NA
W6_M97,W6_M97,NA
W6_M98,W6_M98,NA
W6_M99,W6_M99,NA
W6_M100,W6_M100,NA
