model1,W6_M2,W6_M3,W6_M4,W6_M5,W6_M6,W6_M7,W6_M8,W6_M9,W6_M10,W6_M11,W6_M12,W6_M13,W6_M14,W6_M15,W6_M16,W6_M17,W6_M18,W6_M19,W6_M20,W6_M21,W6_M22,W6_M23,W6_M24,W6_M25,W6_M26,W6_M27,W6_M28,W6_M29,W6_M30,W6_M31,W6_M32,W6_M33,W6_M34,W6_M35,W6_M36,W6_M37,W6_M38,W6_M39,W6_M40,W6_M41,W6_M42,W6_M43,W6_M44,W6_M45,W6_M46,W6_M47,W6_M48,W6_M49,W6_M50,W6_M51,W6_M52,W6_M53,W6_M54,W6_M55,W6_M56,W6_M57,W6_M58,W6_M59,W6_M60,W6_M61,W6_M62,W6_M63,W6_M64,W6_M65,W6_M66,W6_M67,W6_M68,W6_M69,W6_M70,W6_M71,W6_M72,W6_M73,W6_M74,W6_M75,W6_M76,W6_M77,W6_M78,W6_M79,W6_M80,W6_M81,W6_M82,W6_M83,W6_M84,W6_M85,W6_M86,W6_M87,W6_M88,W6_M89,W6_M90,W6_M91,W6_M92,W6_M93,W6_M94,W6_M95,W6_M96,W6_M97,W6_M98,W6_M99,W6_M100,W6_M1
W6_M1,0.7920792079207921,0.7326732673267327,0.9306930693069307,0.8910891089108911,0.1782178217821782,0.4752475247524752,0.6138613861386139,0.3564356435643564,0.31683168316831684,0.27722772277227725,0.25742574257425743,0.39603960396039606,0.3564356435643564,0.594059405940594,0.7326732673267327,0.3564356435643564,0.39603960396039606,0.297029702970297,0.297029702970297,0.37623762376237624,0.3564356435643564,0.1188118811881188,0.21782178217821782,0.297029702970297,0.39603960396039606,0.3564356435643564,0.19801980198019803,0.19801980198019803,0.15841584158415842,0.297029702970297,0.1782178217821782,0.21782178217821782,0.2376237623762376,0.09900990099009901,0.25742574257425743,0.19801980198019803,0.21782178217821782,0.13861386138613863,0.1188118811881188,0.0594059405940594,0.1188118811881188,0.13861386138613863,0.09900990099009901,0.09900990099009901,0.09900990099009901,0.09900990099009901,0.039603960396039604,0.0594059405940594,0.09900990099009901,0.13861386138613863,0.0594059405940594,0.039603960396039604,0.07920792079207921,0.13861386138613863,0.09900990099009901,0.039603960396039604,0.039603960396039604,0.09900990099009901,0.15841584158415842,0.07920792079207921,0.1188118811881188,0.09900990099009901,0.0594059405940594,0.07920792079207921,0.019801980198019802,0.039603960396039604,0.07920792079207921,0.019801980198019802,0.039603960396039604,0.019801980198019802,0.019801980198019802,0.13861386138613863,0.039603960396039604,0.019801980198019802,0.039603960396039604,0.019801980198019802,0.019801980198019802,0.0594059405940594,0.019801980198019802,0.019801980198019802,0.019801980198019802,0.09900990099009901,0.07920792079207921,0.0594059405940594,0.039603960396039604,0.019801980198019802,0.019801980198019802,0.019801980198019802,0.019801980198019802,0.019801980198019802,0.0594059405940594,0.019801980198019802,0.019801980198019802,0.019801980198019802,0.019801980198019802,0.019801980198019802,0.019801980198019802,0.019801980198019802,0.019801980198019802,NA
W6_M2,NA,0.7524752475247525,0.9108910891089109,0.9900990099009901,0.15841584158415842,0.43564356435643564,0.4752475247524752,0.43564356435643564,0.2376237623762376,0.37623762376237624,0.3564356435643564,0.45544554455445546,0.3564356435643564,0.4752475247524752,0.6732673267326733,0.4158415841584158,0.37623762376237624,0.3564356435643564,0.39603960396039606,0.25742574257425743,0.33663366336633666,0.1188118811881188,0.19801980198019803,0.297029702970297,0.33663366336633666,0.37623762376237624,0.1782178217821782,0.15841584158415842,0.2376237623762376,0.37623762376237624,0.1188118811881188,0.27722772277227725,0.13861386138613863,0.13861386138613863,0.25742574257425743,0.1782178217821782,0.21782178217821782,0.0594059405940594,0.039603960396039604,0.039603960396039604,0.15841584158415842,0.07920792079207921,0.07920792079207921,0.09900990099009901,0.0594059405940594,0.0594059405940594,0.0594059405940594,0.039603960396039604,0.07920792079207921,0.07920792079207921,0.07920792079207921,0.019801980198019802,0.1188118811881188,0.1188118811881188,0.039603960396039604,0.0594059405940594,0.019801980198019802,0.15841584158415842,0.09900990099009901,0.07920792079207921,0.07920792079207921,0.07920792079207921,0.1188118811881188,0.0594059405940594,0.019801980198019802,0.07920792079207921,0.039603960396039604,0.019801980198019802,0.019801980198019802,0.019801980198019802,0.039603960396039604,0.039603960396039604,0.0594059405940594,0.039603960396039604,0.039603960396039604,0.0594059405940594,0.019801980198019802,0.019801980198019802,0.039603960396039604,0.019801980198019802,0.019801980198019802,0.1188118811881188,0.07920792079207921,0.019801980198019802,0.0594059405940594,0.019801980198019802,0.019801980198019802,0.019801980198019802,0.039603960396039604,0.019801980198019802,0.039603960396039604,0.019801980198019802,0.019801980198019802,0.019801980198019802,0.019801980198019802,0.019801980198019802,0.019801980198019802,0.019801980198019802,0.019801980198019802,0.7920792079207921
W6_M3,0.7524752475247525,NA,0.8514851485148515,0.9702970297029703,0.19801980198019803,0.27722772277227725,0.49504950495049505,0.27722772277227725,0.2376237623762376,0.19801980198019803,0.39603960396039606,0.5346534653465347,0.27722772277227725,0.3564356435643564,0.8118811881188119,0.2376237623762376,0.25742574257425743,0.2376237623762376,0.27722772277227725,0.3564356435643564,0.27722772277227725,0.15841584158415842,0.13861386138613863,0.25742574257425743,0.3564356435643564,0.31683168316831684,0.19801980198019803,0.1782178217821782,0.21782178217821782,0.27722772277227725,0.1782178217821782,0.25742574257425743,0.21782178217821782,0.13861386138613863,0.21782178217821782,0.1782178217821782,0.2376237623762376,0.1188118811881188,0.1188118811881188,0.019801980198019802,0.1188118811881188,0.1782178217821782,0.07920792079207921,0.13861386138613863,0.09900990099009901,0.019801980198019802,0.07920792079207921,0.0594059405940594,0.019801980198019802,0.07920792079207921,0.0594059405940594,0.039603960396039604,0.09900990099009901,0.0594059405940594,0.0594059405940594,0.019801980198019802,0.07920792079207921,0.07920792079207921,0.1188118811881188,0.0594059405940594,0.0594059405940594,0.1188118811881188,0.07920792079207921,0.019801980198019802,0.039603960396039604,0.0594059405940594,0.039603960396039604,0.039603960396039604,0.019801980198019802,0.019801980198019802,0.019801980198019802,0.039603960396039604,0.039603960396039604,0.039603960396039604,0.019801980198019802,0.019801980198019802,0.039603960396039604,0.0594059405940594,0.019801980198019802,0.039603960396039604,0.019801980198019802,0.039603960396039604,0.09900990099009901,0.0594059405940594,0.0594059405940594,0.039603960396039604,0.019801980198019802,0.039603960396039604,0.019801980198019802,0.019801980198019802,0.019801980198019802,0.019801980198019802,0.019801980198019802,0.019801980198019802,0.019801980198019802,0.019801980198019802,0.019801980198019802,0.019801980198019802,0.019801980198019802,0.7326732673267327
W6_M4,0.9108910891089109,0.8514851485148515,NA,0.9108910891089109,0.39603960396039606,0.6138613861386139,0.49504950495049505,0.5148514851485149,0.3564356435643564,0.45544554455445546,0.3564356435643564,0.5148514851485149,0.3564356435643564,0.4752475247524752,0.693069306930693,0.2376237623762376,0.37623762376237624,0.27722772277227725,0.33663366336633666,0.37623762376237624,0.43564356435643564,0.19801980198019803,0.2376237623762376,0.21782178217821782,0.297029702970297,0.49504950495049505,0.19801980198019803,0.21782178217821782,0.2376237623762376,0.297029702970297,0.19801980198019803,0.25742574257425743,0.19801980198019803,0.297029702970297,0.25742574257425743,0.27722772277227725,0.25742574257425743,0.2376237623762376,0.09900990099009901,0.0594059405940594,0.09900990099009901,0.15841584158415842,0.09900990099009901,0.09900990099009901,0.1188118811881188,0.0594059405940594,0.039603960396039604,0.019801980198019802,0.13861386138613863,0.0594059405940594,0.039603960396039604,0.09900990099009901,0.09900990099009901,0.039603960396039604,0.1188118811881188,0.019801980198019802,0.039603960396039604,0.039603960396039604,0.09900990099009901,0.0594059405940594,0.1188118811881188,0.039603960396039604,0.07920792079207921,0.0594059405940594,0.09900990099009901,0.0594059405940594,0.1188118811881188,0.0594059405940594,0.039603960396039604,0.039603960396039604,0.0594059405940594,0.019801980198019802,0.019801980198019802,0.039603960396039604,0.0594059405940594,0.0594059405940594,0.0594059405940594,0.039603960396039604,0.039603960396039604,0.07920792079207921,0.019801980198019802,0.039603960396039604,0.019801980198019802,0.039603960396039604,0.019801980198019802,0.019801980198019802,0.019801980198019802,0.039603960396039604,0.039603960396039604,0.019801980198019802,0.039603960396039604,0.019801980198019802,0.019801980198019802,0.019801980198019802,0.019801980198019802,0.019801980198019802,0.019801980198019802,0.019801980198019802,0.019801980198019802,0.9306930693069307
W6_M5,0.9900990099009901,0.9702970297029703,0.9108910891089109,NA,0.6336633663366337,0.45544554455445546,0.49504950495049505,0.43564356435643564,0.31683168316831684,0.4158415841584158,0.594059405940594,0.5544554455445545,0.5346534653465347,0.4158415841584158,0.7524752475247525,0.31683168316831684,0.49504950495049505,0.5544554455445545,0.49504950495049505,0.25742574257425743,0.39603960396039606,0.4158415841584158,0.37623762376237624,0.2376237623762376,0.19801980198019803,0.297029702970297,0.1782178217821782,0.33663366336633666,0.25742574257425743,0.21782178217821782,0.21782178217821782,0.13861386138613863,0.039603960396039604,0.19801980198019803,0.15841584158415842,0.21782178217821782,0.09900990099009901,0.13861386138613863,0.0594059405940594,0.0594059405940594,0.2376237623762376,0.1188118811881188,0.039603960396039604,0.1782178217821782,0.0594059405940594,0.0594059405940594,0.09900990099009901,0.07920792079207921,0.0594059405940594,0.1188118811881188,0.1188118811881188,0.039603960396039604,0.07920792079207921,0.0594059405940594,0.13861386138613863,0.09900990099009901,0.039603960396039604,0.039603960396039604,0.15841584158415842,0.07920792079207921,0.0594059405940594,0.1782178217821782,0.0594059405940594,0.1188118811881188,0.039603960396039604,0.1188118811881188,0.07920792079207921,0.039603960396039604,0.039603960396039604,0.019801980198019802,0.0594059405940594,0.07920792079207921,0.039603960396039604,0.0594059405940594,0.019801980198019802,0.019801980198019802,0.1188118811881188,0.1188118811881188,0.039603960396039604,0.0594059405940594,0.019801980198019802,0.019801980198019802,0.0594059405940594,0.039603960396039604,0.019801980198019802,0.019801980198019802,0.0594059405940594,0.07920792079207921,0.0594059405940594,0.039603960396039604,0.019801980198019802,0.019801980198019802,0.019801980198019802,0.019801980198019802,0.019801980198019802,0.019801980198019802,0.019801980198019802,0.019801980198019802,0.019801980198019802,0.8910891089108911
W6_M6,0.15841584158415842,0.19801980198019803,0.39603960396039606,0.6336633663366337,NA,0.9900990099009901,1.00990099009901,0.594059405940594,0.49504950495049505,0.5346534653465347,0.6732673267326733,0.7722772277227723,0.6138613861386139,0.8316831683168316,0.594059405940594,0.6534653465346535,0.7326732673267327,0.7128712871287128,0.6138613861386139,0.6138613861386139,0.45544554455445546,0.1782178217821782,0.5148514851485149,0.6732673267326733,0.5346534653465347,0.5148514851485149,0.3564356435643564,0.39603960396039606,0.27722772277227725,0.45544554455445546,0.33663366336633666,0.37623762376237624,0.31683168316831684,0.33663366336633666,0.3564356435643564,0.297029702970297,0.25742574257425743,0.3564356435643564,0.27722772277227725,0.1782178217821782,0.09900990099009901,0.25742574257425743,0.13861386138613863,0.15841584158415842,0.1188118811881188,0.09900990099009901,0.1782178217821782,0.13861386138613863,0.1188118811881188,0.19801980198019803,0.039603960396039604,0.07920792079207921,0.1188118811881188,0.15841584158415842,0.09900990099009901,0.13861386138613863,0.0594059405940594,0.13861386138613863,0.1188118811881188,0.1188118811881188,0.19801980198019803,0.09900990099009901,0.1188118811881188,0.019801980198019802,0.2376237623762376,0.1188118811881188,0.07920792079207921,0.0594059405940594,0.039603960396039604,0.09900990099009901,0.0594059405940594,0.07920792079207921,0.039603960396039604,0.1188118811881188,0.0594059405940594,0.0594059405940594,0.07920792079207921,0.07920792079207921,0.0594059405940594,0.09900990099009901,0.13861386138613863,0.07920792079207921,0.07920792079207921,0.039603960396039604,0.07920792079207921,0.0594059405940594,0.0594059405940594,0.0594059405940594,0.019801980198019802,0.0594059405940594,0.0594059405940594,0.019801980198019802,0.019801980198019802,0.019801980198019802,0.019801980198019802,0.019801980198019802,0.019801980198019802,0.019801980198019802,0.019801980198019802,0.1782178217821782
W6_M7,0.43564356435643564,0.27722772277227725,0.6138613861386139,0.45544554455445546,0.9900990099009901,NA,0.9306930693069307,0.33663366336633666,0.4752475247524752,0.5544554455445545,0.43564356435643564,0.8910891089108911,0.594059405940594,0.8118811881188119,0.43564356435643564,0.37623762376237624,0.6138613861386139,0.43564356435643564,0.49504950495049505,0.4158415841584158,0.4158415841584158,0.6336633663366337,0.25742574257425743,0.5544554455445545,0.6138613861386139,0.3564356435643564,0.21782178217821782,0.5544554455445545,0.2376237623762376,0.27722772277227725,0.27722772277227725,0.27722772277227725,0.4752475247524752,0.19801980198019803,0.19801980198019803,0.2376237623762376,0.4158415841584158,0.297029702970297,0.25742574257425743,0.07920792079207921,0.25742574257425743,0.25742574257425743,0.0594059405940594,0.15841584158415842,0.13861386138613863,0.21782178217821782,0.1188118811881188,0.0594059405940594,0.039603960396039604,0.13861386138613863,0.13861386138613863,0.27722772277227725,0.0594059405940594,0.1188118811881188,0.039603960396039604,0.15841584158415842,0.07920792079207921,0.09900990099009901,0.13861386138613863,0.19801980198019803,0.0594059405940594,0.039603960396039604,0.15841584158415842,0.09900990099009901,0.1188118811881188,0.07920792079207921,0.09900990099009901,0.0594059405940594,0.039603960396039604,0.0594059405940594,0.09900990099009901,0.0594059405940594,0.0594059405940594,0.039603960396039604,0.039603960396039604,0.1188118811881188,0.07920792079207921,0.0594059405940594,0.07920792079207921,0.13861386138613863,0.019801980198019802,0.039603960396039604,0.039603960396039604,0.039603960396039604,0.09900990099009901,0.0594059405940594,0.0594059405940594,0.07920792079207921,0.039603960396039604,0.0594059405940594,0.039603960396039604,0.019801980198019802,0.019801980198019802,0.019801980198019802,0.019801980198019802,0.019801980198019802,0.019801980198019802,0.019801980198019802,0.019801980198019802,0.4752475247524752
W6_M8,0.4752475247524752,0.49504950495049505,0.49504950495049505,0.49504950495049505,1.00990099009901,0.9306930693069307,NA,0.31683168316831684,0.27722772277227725,0.4158415841584158,0.45544554455445546,0.9108910891089109,0.49504950495049505,0.8514851485148515,0.5346534653465347,0.6138613861386139,0.6138613861386139,0.21782178217821782,0.3564356435643564,0.4158415841584158,0.37623762376237624,0.49504950495049505,0.297029702970297,0.5148514851485149,0.6138613861386139,0.31683168316831684,0.37623762376237624,0.27722772277227725,0.19801980198019803,0.2376237623762376,0.21782178217821782,0.2376237623762376,0.37623762376237624,0.19801980198019803,0.25742574257425743,0.21782178217821782,0.5148514851485149,0.2376237623762376,0.25742574257425743,0.15841584158415842,0.13861386138613863,0.2376237623762376,0.09900990099009901,0.1188118811881188,0.07920792079207921,0.019801980198019802,0.0594059405940594,0.0594059405940594,0.039603960396039604,0.1188118811881188,0.13861386138613863,0.1188118811881188,0.1782178217821782,0.039603960396039604,0.0594059405940594,0.15841584158415842,0.09900990099009901,0.0594059405940594,0.019801980198019802,0.07920792079207921,0.07920792079207921,0.07920792079207921,0.1188118811881188,0.0594059405940594,0.0594059405940594,0.13861386138613863,0.0594059405940594,0.0594059405940594,0.019801980198019802,0.039603960396039604,0.039603960396039604,0.019801980198019802,0.0594059405940594,0.019801980198019802,0.039603960396039604,0.09900990099009901,0.039603960396039604,0.07920792079207921,0.039603960396039604,0.09900990099009901,0.0594059405940594,0.07920792079207921,0.039603960396039604,0.07920792079207921,0.15841584158415842,0.039603960396039604,0.0594059405940594,0.0594059405940594,0.019801980198019802,0.019801980198019802,0.019801980198019802,0.019801980198019802,0.019801980198019802,0.019801980198019802,0.039603960396039604,0.019801980198019802,0.019801980198019802,0.019801980198019802,0.019801980198019802,0.6138613861386139
W6_M9,0.43564356435643564,0.27722772277227725,0.5148514851485149,0.43564356435643564,0.594059405940594,0.33663366336633666,0.31683168316831684,NA,0.8910891089108911,0.9702970297029703,0.8910891089108911,0.8514851485148515,0.9900990099009901,0.9108910891089109,0.37623762376237624,0.7326732673267327,0.9900990099009901,0.9900990099009901,0.9306930693069307,0.5148514851485149,0.7722772277227723,0.8316831683168316,0.49504950495049505,0.8910891089108911,0.8514851485148515,0.594059405940594,0.6138613861386139,0.693069306930693,0.2376237623762376,0.5742574257425742,0.5148514851485149,0.5346534653465347,0.43564356435643564,0.31683168316831684,0.297029702970297,0.43564356435643564,0.7524752475247525,0.37623762376237624,0.5346534653465347,0.27722772277227725,0.33663366336633666,0.297029702970297,0.07920792079207921,0.31683168316831684,0.19801980198019803,0.27722772277227725,0.2376237623762376,0.1782178217821782,0.07920792079207921,0.25742574257425743,0.27722772277227725,0.297029702970297,0.27722772277227725,0.21782178217821782,0.1188118811881188,0.15841584158415842,0.21782178217821782,0.37623762376237624,0.1782178217821782,0.19801980198019803,0.1188118811881188,0.21782178217821782,0.2376237623762376,0.25742574257425743,0.1782178217821782,0.2376237623762376,0.09900990099009901,0.2376237623762376,0.07920792079207921,0.15841584158415842,0.13861386138613863,0.07920792079207921,0.09900990099009901,0.13861386138613863,0.1782178217821782,0.09900990099009901,0.0594059405940594,0.019801980198019802,0.019801980198019802,0.09900990099009901,0.019801980198019802,0.15841584158415842,0.09900990099009901,0.0594059405940594,0.2376237623762376,0.0594059405940594,0.09900990099009901,0.09900990099009901,0.039603960396039604,0.07920792079207921,0.07920792079207921,0.019801980198019802,0.019801980198019802,0.019801980198019802,0.039603960396039604,0.019801980198019802,0.019801980198019802,0.019801980198019802,0.019801980198019802,0.3564356435643564
W6_M10,0.2376237623762376,0.2376237623762376,0.3564356435643564,0.31683168316831684,0.49504950495049505,0.4752475247524752,0.27722772277227725,0.8910891089108911,NA,0.9702970297029703,0.9306930693069307,0.9306930693069307,0.9900990099009901,0.9900990099009901,0.49504950495049505,0.7326732673267327,0.7524752475247525,0.8514851485148515,0.9504950495049505,0.7920792079207921,0.9306930693069307,0.8712871287128713,0.43564356435643564,0.9900990099009901,0.9108910891089109,0.7326732673267327,0.594059405940594,0.7128712871287128,0.37623762376237624,0.6336633663366337,0.43564356435643564,0.6732673267326733,0.6138613861386139,0.4752475247524752,0.4752475247524752,0.43564356435643564,0.5742574257425742,0.5742574257425742,0.4752475247524752,0.19801980198019803,0.297029702970297,0.49504950495049505,0.3564356435643564,0.19801980198019803,0.2376237623762376,0.33663366336633666,0.1188118811881188,0.297029702970297,0.15841584158415842,0.297029702970297,0.2376237623762376,0.3564356435643564,0.3564356435643564,0.19801980198019803,0.15841584158415842,0.1782178217821782,0.19801980198019803,0.19801980198019803,0.3564356435643564,0.2376237623762376,0.27722772277227725,0.297029702970297,0.19801980198019803,0.21782178217821782,0.1782178217821782,0.15841584158415842,0.1782178217821782,0.27722772277227725,0.039603960396039604,0.27722772277227725,0.09900990099009901,0.09900990099009901,0.19801980198019803,0.19801980198019803,0.1782178217821782,0.039603960396039604,0.1188118811881188,0.21782178217821782,0.1188118811881188,0.13861386138613863,0.07920792079207921,0.21782178217821782,0.15841584158415842,0.1782178217821782,0.15841584158415842,0.0594059405940594,0.1188118811881188,0.09900990099009901,0.07920792079207921,0.0594059405940594,0.07920792079207921,0.019801980198019802,0.019801980198019802,0.039603960396039604,0.019801980198019802,0.019801980198019802,0.019801980198019802,0.019801980198019802,0.019801980198019802,0.31683168316831684
W6_M11,0.37623762376237624,0.19801980198019803,0.45544554455445546,0.4158415841584158,0.5346534653465347,0.5544554455445545,0.4158415841584158,0.9702970297029703,0.9702970297029703,NA,0.9900990099009901,0.9306930693069307,0.8316831683168316,0.8514851485148515,0.1782178217821782,0.6534653465346535,0.9504950495049505,0.9504950495049505,1.00990099009901,0.6138613861386139,0.8712871287128713,0.7920792079207921,0.45544554455445546,0.9108910891089109,0.9900990099009901,0.6336633663366337,0.5742574257425742,0.37623762376237624,0.21782178217821782,0.7722772277227723,0.5742574257425742,0.45544554455445546,0.5742574257425742,0.4752475247524752,0.27722772277227725,0.43564356435643564,0.5742574257425742,0.297029702970297,0.5544554455445545,0.27722772277227725,0.3564356435643564,0.27722772277227725,0.039603960396039604,0.1188118811881188,0.13861386138613863,0.21782178217821782,0.19801980198019803,0.2376237623762376,0.1782178217821782,0.2376237623762376,0.15841584158415842,0.21782178217821782,0.25742574257425743,0.297029702970297,0.1188118811881188,0.21782178217821782,0.1782178217821782,0.25742574257425743,0.1782178217821782,0.15841584158415842,0.21782178217821782,0.27722772277227725,0.1782178217821782,0.1782178217821782,0.21782178217821782,0.1188118811881188,0.19801980198019803,0.19801980198019803,0.039603960396039604,0.07920792079207921,0.09900990099009901,0.07920792079207921,0.1188118811881188,0.07920792079207921,0.09900990099009901,0.07920792079207921,0.09900990099009901,0.09900990099009901,0.13861386138613863,0.1188118811881188,0.1188118811881188,0.2376237623762376,0.039603960396039604,0.039603960396039604,0.13861386138613863,0.039603960396039604,0.039603960396039604,0.07920792079207921,0.039603960396039604,0.0594059405940594,0.09900990099009901,0.019801980198019802,0.019801980198019802,0.019801980198019802,0.019801980198019802,0.019801980198019802,0.019801980198019802,0.019801980198019802,0.019801980198019802,0.27722772277227725
W6_M12,0.3564356435643564,0.39603960396039606,0.3564356435643564,0.594059405940594,0.6732673267326733,0.43564356435643564,0.45544554455445546,0.8910891089108911,0.9306930693069307,0.9900990099009901,NA,0.9306930693069307,0.9108910891089109,0.9306930693069307,0.3564356435643564,0.7920792079207921,0.9504950495049505,0.9702970297029703,0.9108910891089109,0.594059405940594,0.6138613861386139,0.693069306930693,0.3564356435643564,0.8118811881188119,0.8118811881188119,0.6138613861386139,0.6534653465346535,0.3564356435643564,0.33663366336633666,0.5346534653465347,0.5346534653465347,0.49504950495049505,0.3564356435643564,0.3564356435643564,0.297029702970297,0.5742574257425742,0.5544554455445545,0.39603960396039606,0.39603960396039606,0.13861386138613863,0.31683168316831684,0.39603960396039606,0.0594059405940594,0.2376237623762376,0.297029702970297,0.27722772277227725,0.13861386138613863,0.2376237623762376,0.07920792079207921,0.15841584158415842,0.2376237623762376,0.21782178217821782,0.15841584158415842,0.13861386138613863,0.297029702970297,0.1188118811881188,0.13861386138613863,0.27722772277227725,0.39603960396039606,0.13861386138613863,0.2376237623762376,0.07920792079207921,0.297029702970297,0.1188118811881188,0.15841584158415842,0.07920792079207921,0.13861386138613863,0.13861386138613863,0.0594059405940594,0.07920792079207921,0.1188118811881188,0.13861386138613863,0.039603960396039604,0.09900990099009901,0.07920792079207921,0.1188118811881188,0.09900990099009901,0.09900990099009901,0.09900990099009901,0.1188118811881188,0.039603960396039604,0.15841584158415842,0.15841584158415842,0.1188118811881188,0.1782178217821782,0.039603960396039604,0.09900990099009901,0.07920792079207921,0.0594059405940594,0.039603960396039604,0.09900990099009901,0.019801980198019802,0.039603960396039604,0.019801980198019802,0.019801980198019802,0.019801980198019802,0.019801980198019802,0.019801980198019802,0.019801980198019802,0.25742574257425743
W6_M13,0.45544554455445546,0.5346534653465347,0.5148514851485149,0.5544554455445545,0.7722772277227723,0.8910891089108911,0.9108910891089109,0.8514851485148515,0.9306930693069307,0.9306930693069307,0.9306930693069307,NA,0.7920792079207921,0.9108910891089109,0.43564356435643564,0.9504950495049505,1.00990099009901,0.8316831683168316,0.7524752475247525,0.9108910891089109,0.8316831683168316,0.7722772277227723,0.8712871287128713,0.5544554455445545,0.49504950495049505,0.594059405940594,0.6336633663366337,0.49504950495049505,0.6138613861386139,0.4752475247524752,0.5346534653465347,0.43564356435643564,0.4158415841584158,0.5346534653465347,0.49504950495049505,0.45544554455445546,0.45544554455445546,0.25742574257425743,0.2376237623762376,0.2376237623762376,0.45544554455445546,0.25742574257425743,0.21782178217821782,0.39603960396039606,0.19801980198019803,0.21782178217821782,0.39603960396039606,0.21782178217821782,0.19801980198019803,0.33663366336633666,0.25742574257425743,0.2376237623762376,0.297029702970297,0.15841584158415842,0.19801980198019803,0.1782178217821782,0.1782178217821782,0.13861386138613863,0.19801980198019803,0.25742574257425743,0.2376237623762376,0.33663366336633666,0.1782178217821782,0.15841584158415842,0.13861386138613863,0.13861386138613863,0.09900990099009901,0.07920792079207921,0.0594059405940594,0.1188118811881188,0.15841584158415842,0.15841584158415842,0.07920792079207921,0.09900990099009901,0.09900990099009901,0.09900990099009901,0.2376237623762376,0.13861386138613863,0.039603960396039604,0.039603960396039604,0.19801980198019803,0.13861386138613863,0.15841584158415842,0.1782178217821782,0.019801980198019802,0.0594059405940594,0.0594059405940594,0.1188118811881188,0.039603960396039604,0.07920792079207921,0.039603960396039604,0.039603960396039604,0.019801980198019802,0.019801980198019802,0.019801980198019802,0.019801980198019802,0.019801980198019802,0.019801980198019802,0.019801980198019802,0.39603960396039606
W6_M14,0.3564356435643564,0.27722772277227725,0.3564356435643564,0.5346534653465347,0.6138613861386139,0.594059405940594,0.49504950495049505,0.9900990099009901,0.9900990099009901,0.8316831683168316,0.9108910891089109,0.7920792079207921,NA,0.8514851485148515,0.5148514851485149,0.6138613861386139,1.00990099009901,0.9306930693069307,0.9306930693069307,0.5346534653465347,0.6336633663366337,0.8910891089108911,0.3564356435643564,0.8910891089108911,0.7722772277227723,0.8910891089108911,0.5544554455445545,0.45544554455445546,0.15841584158415842,0.5148514851485149,0.5148514851485149,0.49504950495049505,0.5148514851485149,0.3564356435643564,0.39603960396039606,0.4158415841584158,0.5742574257425742,0.39603960396039606,0.45544554455445546,0.19801980198019803,0.21782178217821782,0.27722772277227725,0.07920792079207921,0.0594059405940594,0.25742574257425743,0.27722772277227725,0.07920792079207921,0.31683168316831684,0.1188118811881188,0.15841584158415842,0.13861386138613863,0.07920792079207921,0.21782178217821782,0.13861386138613863,0.297029702970297,0.1782178217821782,0.15841584158415842,0.1188118811881188,0.1782178217821782,0.15841584158415842,0.19801980198019803,0.15841584158415842,0.19801980198019803,0.09900990099009901,0.15841584158415842,0.1782178217821782,0.21782178217821782,0.27722772277227725,0.019801980198019802,0.039603960396039604,0.1188118811881188,0.0594059405940594,0.039603960396039604,0.019801980198019802,0.019801980198019802,0.0594059405940594,0.07920792079207921,0.07920792079207921,0.039603960396039604,0.0594059405940594,0.0594059405940594,0.15841584158415842,0.09900990099009901,0.09900990099009901,0.1782178217821782,0.019801980198019802,0.1188118811881188,0.039603960396039604,0.019801980198019802,0.039603960396039604,0.019801980198019802,0.0594059405940594,0.019801980198019802,0.019801980198019802,0.019801980198019802,0.019801980198019802,0.019801980198019802,0.019801980198019802,0.019801980198019802,0.3564356435643564
W6_M15,0.4752475247524752,0.3564356435643564,0.4752475247524752,0.4158415841584158,0.8316831683168316,0.8118811881188119,0.8514851485148515,0.9108910891089109,0.9900990099009901,0.8514851485148515,0.9306930693069307,0.9108910891089109,0.8514851485148515,NA,0.21782178217821782,0.7128712871287128,1.00990099009901,0.9306930693069307,0.9900990099009901,0.5544554455445545,0.7128712871287128,0.8514851485148515,0.6732673267326733,0.7524752475247525,0.7920792079207921,0.5148514851485149,0.6534653465346535,0.693069306930693,0.5346534653465347,0.5742574257425742,0.45544554455445546,0.45544554455445546,0.5544554455445545,0.594059405940594,0.2376237623762376,0.2376237623762376,0.31683168316831684,0.1188118811881188,0.21782178217821782,0.0594059405940594,0.5148514851485149,0.39603960396039606,0.0594059405940594,0.27722772277227725,0.09900990099009901,0.13861386138613863,0.31683168316831684,0.25742574257425743,0.07920792079207921,0.43564356435643564,0.13861386138613863,0.13861386138613863,0.1782178217821782,0.15841584158415842,0.19801980198019803,0.31683168316831684,0.2376237623762376,0.15841584158415842,0.25742574257425743,0.19801980198019803,0.13861386138613863,0.33663366336633666,0.19801980198019803,0.1782178217821782,0.2376237623762376,0.13861386138613863,0.15841584158415842,0.21782178217821782,0.039603960396039604,0.15841584158415842,0.13861386138613863,0.13861386138613863,0.15841584158415842,0.09900990099009901,0.09900990099009901,0.13861386138613863,0.07920792079207921,0.09900990099009901,0.09900990099009901,0.0594059405940594,0.039603960396039604,0.13861386138613863,0.19801980198019803,0.1188118811881188,0.1782178217821782,0.15841584158415842,0.09900990099009901,0.0594059405940594,0.07920792079207921,0.1188118811881188,0.0594059405940594,0.039603960396039604,0.019801980198019802,0.019801980198019802,0.019801980198019802,0.019801980198019802,0.019801980198019802,0.019801980198019802,0.019801980198019802,0.594059405940594
W6_M16,0.6732673267326733,0.8118811881188119,0.693069306930693,0.7524752475247525,0.594059405940594,0.43564356435643564,0.5346534653465347,0.37623762376237624,0.49504950495049505,0.1782178217821782,0.3564356435643564,0.43564356435643564,0.5148514851485149,0.21782178217821782,NA,0.33663366336633666,0.45544554455445546,0.37623762376237624,0.3564356435643564,0.27722772277227725,0.25742574257425743,0.27722772277227725,0.27722772277227725,0.2376237623762376,0.27722772277227725,0.1188118811881188,0.2376237623762376,0.19801980198019803,0.297029702970297,0.1782178217821782,0.27722772277227725,0.1188118811881188,0.039603960396039604,0.07920792079207921,0.1188118811881188,0.0594059405940594,0.039603960396039604,0.09900990099009901,0.019801980198019802,0.019801980198019802,0.1188118811881188,0.0594059405940594,0.0594059405940594,0.21782178217821782,0.039603960396039604,0.09900990099009901,0.15841584158415842,0.039603960396039604,0.07920792079207921,0.1782178217821782,0.039603960396039604,0.09900990099009901,0.09900990099009901,0.0594059405940594,0.07920792079207921,0.039603960396039604,0.0594059405940594,0.039603960396039604,0.0594059405940594,0.0594059405940594,0.0594059405940594,0.07920792079207921,0.13861386138613863,0.0594059405940594,0.039603960396039604,0.019801980198019802,0.019801980198019802,0.039603960396039604,0.019801980198019802,0.039603960396039604,0.039603960396039604,0.09900990099009901,0.039603960396039604,0.09900990099009901,0.039603960396039604,0.019801980198019802,0.0594059405940594,0.039603960396039604,0.0594059405940594,0.039603960396039604,0.019801980198019802,0.019801980198019802,0.0594059405940594,0.019801980198019802,0.019801980198019802,0.0594059405940594,0.019801980198019802,0.019801980198019802,0.0594059405940594,0.039603960396039604,0.019801980198019802,0.039603960396039604,0.019801980198019802,0.019801980198019802,0.019801980198019802,0.019801980198019802,0.019801980198019802,0.019801980198019802,0.019801980198019802,0.7326732673267327
W6_M17,0.4158415841584158,0.2376237623762376,0.2376237623762376,0.31683168316831684,0.6534653465346535,0.37623762376237624,0.6138613861386139,0.7326732673267327,0.7326732673267327,0.6534653465346535,0.7920792079207921,0.9504950495049505,0.6138613861386139,0.7128712871287128,0.33663366336633666,NA,0.8514851485148515,0.8514851485148515,0.8316831683168316,0.8514851485148515,0.9504950495049505,0.9504950495049505,0.43564356435643564,0.8316831683168316,0.9702970297029703,0.7722772277227723,0.5742574257425742,0.6336633663366337,0.15841584158415842,0.693069306930693,0.4158415841584158,0.7920792079207921,0.6732673267326733,0.4752475247524752,0.37623762376237624,0.6138613861386139,0.6534653465346535,0.4752475247524752,0.49504950495049505,0.21782178217821782,0.45544554455445546,0.4158415841584158,0.1782178217821782,0.2376237623762376,0.297029702970297,0.31683168316831684,0.2376237623762376,0.21782178217821782,0.15841584158415842,0.2376237623762376,0.31683168316831684,0.31683168316831684,0.1782178217821782,0.25742574257425743,0.19801980198019803,0.1782178217821782,0.2376237623762376,0.3564356435643564,0.33663366336633666,0.31683168316831684,0.25742574257425743,0.19801980198019803,0.1782178217821782,0.2376237623762376,0.1782178217821782,0.15841584158415842,0.19801980198019803,0.15841584158415842,0.07920792079207921,0.09900990099009901,0.039603960396039604,0.13861386138613863,0.09900990099009901,0.1188118811881188,0.07920792079207921,0.1188118811881188,0.13861386138613863,0.07920792079207921,0.039603960396039604,0.1188118811881188,0.039603960396039604,0.21782178217821782,0.13861386138613863,0.15841584158415842,0.15841584158415842,0.07920792079207921,0.0594059405940594,0.039603960396039604,0.07920792079207921,0.09900990099009901,0.0594059405940594,0.019801980198019802,0.0594059405940594,0.019801980198019802,0.019801980198019802,0.019801980198019802,0.019801980198019802,0.019801980198019802,0.019801980198019802,0.3564356435643564
W6_M18,0.37623762376237624,0.25742574257425743,0.37623762376237624,0.49504950495049505,0.7326732673267327,0.6138613861386139,0.6138613861386139,0.9900990099009901,0.7524752475247525,0.9504950495049505,0.9504950495049505,1.00990099009901,1.00990099009901,1.00990099009901,0.45544554455445546,0.8514851485148515,NA,0.7128712871287128,0.7524752475247525,0.693069306930693,0.9900990099009901,1.00990099009901,0.39603960396039606,0.7722772277227723,0.8316831683168316,0.7128712871287128,0.27722772277227725,0.5544554455445545,0.4158415841584158,0.6732673267326733,0.31683168316831684,0.49504950495049505,0.5742574257425742,0.4158415841584158,0.4752475247524752,0.4158415841584158,0.49504950495049505,0.4752475247524752,0.43564356435643564,0.33663366336633666,0.297029702970297,0.1188118811881188,0.21782178217821782,0.19801980198019803,0.37623762376237624,0.25742574257425743,0.1188118811881188,0.09900990099009901,0.1188118811881188,0.13861386138613863,0.21782178217821782,0.25742574257425743,0.25742574257425743,0.039603960396039604,0.13861386138613863,0.09900990099009901,0.1782178217821782,0.0594059405940594,0.13861386138613863,0.13861386138613863,0.15841584158415842,0.1188118811881188,0.25742574257425743,0.1188118811881188,0.07920792079207921,0.15841584158415842,0.1188118811881188,0.07920792079207921,0.0594059405940594,0.1188118811881188,0.039603960396039604,0.13861386138613863,0.0594059405940594,0.039603960396039604,0.13861386138613863,0.1188118811881188,0.07920792079207921,0.1188118811881188,0.07920792079207921,0.09900990099009901,0.09900990099009901,0.1188118811881188,0.13861386138613863,0.07920792079207921,0.0594059405940594,0.13861386138613863,0.1188118811881188,0.039603960396039604,0.0594059405940594,0.039603960396039604,0.039603960396039604,0.019801980198019802,0.019801980198019802,0.019801980198019802,0.019801980198019802,0.019801980198019802,0.019801980198019802,0.019801980198019802,0.019801980198019802,0.39603960396039606
W6_M19,0.3564356435643564,0.2376237623762376,0.27722772277227725,0.5544554455445545,0.7128712871287128,0.43564356435643564,0.21782178217821782,0.9900990099009901,0.8514851485148515,0.9504950495049505,0.9702970297029703,0.8316831683168316,0.9306930693069307,0.9306930693069307,0.37623762376237624,0.8514851485148515,0.7128712871287128,NA,0.9900990099009901,0.8118811881188119,0.8118811881188119,1.00990099009901,0.6534653465346535,1.00990099009901,0.8910891089108911,0.7326732673267327,0.45544554455445546,0.6732673267326733,0.5346534653465347,0.6732673267326733,0.5544554455445545,0.6534653465346535,0.49504950495049505,0.31683168316831684,0.5544554455445545,0.39603960396039606,0.6732673267326733,0.3564356435643564,0.39603960396039606,0.45544554455445546,0.25742574257425743,0.13861386138613863,0.19801980198019803,0.297029702970297,0.1782178217821782,0.25742574257425743,0.19801980198019803,0.25742574257425743,0.13861386138613863,0.19801980198019803,0.31683168316831684,0.39603960396039606,0.31683168316831684,0.0594059405940594,0.15841584158415842,0.09900990099009901,0.297029702970297,0.15841584158415842,0.1782178217821782,0.15841584158415842,0.1782178217821782,0.21782178217821782,0.09900990099009901,0.13861386138613863,0.1782178217821782,0.09900990099009901,0.13861386138613863,0.19801980198019803,0.0594059405940594,0.019801980198019802,0.039603960396039604,0.15841584158415842,0.07920792079207921,0.1188118811881188,0.1188118811881188,0.07920792079207921,0.13861386138613863,0.09900990099009901,0.07920792079207921,0.09900990099009901,0.0594059405940594,0.13861386138613863,0.09900990099009901,0.09900990099009901,0.039603960396039604,0.07920792079207921,0.0594059405940594,0.1188118811881188,0.07920792079207921,0.07920792079207921,0.019801980198019802,0.019801980198019802,0.039603960396039604,0.019801980198019802,0.019801980198019802,0.019801980198019802,0.019801980198019802,0.019801980198019802,0.019801980198019802,0.297029702970297
W6_M20,0.39603960396039606,0.27722772277227725,0.33663366336633666,0.49504950495049505,0.6138613861386139,0.49504950495049505,0.3564356435643564,0.9306930693069307,0.9504950495049505,1.00990099009901,0.9108910891089109,0.7524752475247525,0.9306930693069307,0.9900990099009901,0.3564356435643564,0.8316831683168316,0.7524752475247525,0.9900990099009901,NA,0.8514851485148515,0.7524752475247525,0.7920792079207921,0.6336633663366337,0.7722772277227723,0.6336633663366337,0.7326732673267327,0.33663366336633666,0.8514851485148515,0.4158415841584158,0.7524752475247525,0.33663366336633666,0.594059405940594,0.5544554455445545,0.4158415841584158,0.4752475247524752,0.45544554455445546,0.5742574257425742,0.5346534653465347,0.37623762376237624,0.27722772277227725,0.297029702970297,0.07920792079207921,0.3564356435643564,0.27722772277227725,0.21782178217821782,0.2376237623762376,0.2376237623762376,0.15841584158415842,0.297029702970297,0.09900990099009901,0.25742574257425743,0.1188118811881188,0.297029702970297,0.019801980198019802,0.1782178217821782,0.15841584158415842,0.15841584158415842,0.19801980198019803,0.21782178217821782,0.21782178217821782,0.07920792079207921,0.13861386138613863,0.15841584158415842,0.07920792079207921,0.09900990099009901,0.09900990099009901,0.1188118811881188,0.15841584158415842,0.09900990099009901,0.07920792079207921,0.07920792079207921,0.0594059405940594,0.09900990099009901,0.15841584158415842,0.039603960396039604,0.1188118811881188,0.09900990099009901,0.07920792079207921,0.19801980198019803,0.039603960396039604,0.1188118811881188,0.19801980198019803,0.1188118811881188,0.07920792079207921,0.07920792079207921,0.1188118811881188,0.0594059405940594,0.07920792079207921,0.019801980198019802,0.039603960396039604,0.039603960396039604,0.019801980198019802,0.019801980198019802,0.019801980198019802,0.019801980198019802,0.019801980198019802,0.019801980198019802,0.019801980198019802,0.019801980198019802,0.297029702970297
W6_M21,0.25742574257425743,0.3564356435643564,0.37623762376237624,0.25742574257425743,0.6138613861386139,0.4158415841584158,0.4158415841584158,0.5148514851485149,0.7920792079207921,0.6138613861386139,0.594059405940594,0.9108910891089109,0.5346534653465347,0.5544554455445545,0.27722772277227725,0.8514851485148515,0.693069306930693,0.8118811881188119,0.8514851485148515,NA,0.693069306930693,0.7722772277227723,0.7128712871287128,0.9702970297029703,0.8910891089108911,0.6534653465346535,0.8910891089108911,0.8910891089108911,0.5346534653465347,0.6534653465346535,0.8712871287128713,0.6336633663366337,0.7326732673267327,0.6732673267326733,0.43564356435643564,0.33663366336633666,0.8712871287128713,0.27722772277227725,0.5346534653465347,0.2376237623762376,0.39603960396039606,0.37623762376237624,0.09900990099009901,0.297029702970297,0.31683168316831684,0.37623762376237624,0.297029702970297,0.2376237623762376,0.0594059405940594,0.49504950495049505,0.27722772277227725,0.3564356435643564,0.45544554455445546,0.27722772277227725,0.297029702970297,0.4752475247524752,0.2376237623762376,0.39603960396039606,0.3564356435643564,0.37623762376237624,0.37623762376237624,0.25742574257425743,0.33663366336633666,0.2376237623762376,0.31683168316831684,0.31683168316831684,0.07920792079207921,0.21782178217821782,0.13861386138613863,0.1188118811881188,0.13861386138613863,0.19801980198019803,0.1188118811881188,0.09900990099009901,0.15841584158415842,0.1188118811881188,0.15841584158415842,0.09900990099009901,0.09900990099009901,0.1188118811881188,0.019801980198019802,0.2376237623762376,0.1782178217821782,0.15841584158415842,0.2376237623762376,0.0594059405940594,0.07920792079207921,0.09900990099009901,0.07920792079207921,0.1188118811881188,0.039603960396039604,0.039603960396039604,0.019801980198019802,0.019801980198019802,0.039603960396039604,0.019801980198019802,0.019801980198019802,0.019801980198019802,0.019801980198019802,0.37623762376237624
W6_M22,0.33663366336633666,0.27722772277227725,0.43564356435643564,0.39603960396039606,0.45544554455445546,0.4158415841584158,0.37623762376237624,0.7722772277227723,0.9306930693069307,0.8712871287128713,0.6138613861386139,0.8316831683168316,0.6336633663366337,0.7128712871287128,0.25742574257425743,0.9504950495049505,0.9900990099009901,0.8118811881188119,0.7524752475247525,0.693069306930693,NA,0.8316831683168316,0.8712871287128713,0.9702970297029703,0.8118811881188119,0.7920792079207921,0.8118811881188119,0.9306930693069307,0.5742574257425742,0.4752475247524752,0.7920792079207921,0.5148514851485149,0.693069306930693,0.43564356435643564,0.21782178217821782,0.4752475247524752,0.594059405940594,0.297029702970297,0.43564356435643564,0.15841584158415842,0.594059405940594,0.297029702970297,0.09900990099009901,0.33663366336633666,0.21782178217821782,0.31683168316831684,0.2376237623762376,0.1782178217821782,0.039603960396039604,0.45544554455445546,0.33663366336633666,0.297029702970297,0.33663366336633666,0.13861386138613863,0.1782178217821782,0.3564356435643564,0.13861386138613863,0.33663366336633666,0.31683168316831684,0.31683168316831684,0.27722772277227725,0.2376237623762376,0.25742574257425743,0.21782178217821782,0.1782178217821782,0.2376237623762376,0.1188118811881188,0.25742574257425743,0.0594059405940594,0.0594059405940594,0.09900990099009901,0.1782178217821782,0.15841584158415842,0.0594059405940594,0.1188118811881188,0.0594059405940594,0.19801980198019803,0.13861386138613863,0.13861386138613863,0.07920792079207921,0.07920792079207921,0.1782178217821782,0.27722772277227725,0.13861386138613863,0.21782178217821782,0.0594059405940594,0.09900990099009901,0.19801980198019803,0.09900990099009901,0.07920792079207921,0.07920792079207921,0.039603960396039604,0.019801980198019802,0.039603960396039604,0.019801980198019802,0.019801980198019802,0.019801980198019802,0.019801980198019802,0.019801980198019802,0.3564356435643564
W6_M23,0.1188118811881188,0.15841584158415842,0.19801980198019803,0.4158415841584158,0.1782178217821782,0.6336633663366337,0.49504950495049505,0.8316831683168316,0.8712871287128713,0.7920792079207921,0.693069306930693,0.7722772277227723,0.8910891089108911,0.8514851485148515,0.27722772277227725,0.9504950495049505,1.00990099009901,1.00990099009901,0.7920792079207921,0.7722772277227723,0.8316831683168316,NA,0.8910891089108911,0.8514851485148515,0.7920792079207921,0.8910891089108911,0.7128712871287128,0.693069306930693,0.6732673267326733,0.693069306930693,0.7920792079207921,0.8316831683168316,0.8316831683168316,0.594059405940594,0.5148514851485149,0.6336633663366337,0.8514851485148515,0.45544554455445546,0.39603960396039606,0.21782178217821782,0.3564356435643564,0.4752475247524752,0.297029702970297,0.25742574257425743,0.15841584158415842,0.15841584158415842,0.21782178217821782,0.4158415841584158,0.31683168316831684,0.297029702970297,0.1782178217821782,0.1188118811881188,0.25742574257425743,0.19801980198019803,0.15841584158415842,0.25742574257425743,0.1782178217821782,0.3564356435643564,0.297029702970297,0.27722772277227725,0.27722772277227725,0.19801980198019803,0.19801980198019803,0.09900990099009901,0.19801980198019803,0.1782178217821782,0.27722772277227725,0.1188118811881188,0.09900990099009901,0.09900990099009901,0.09900990099009901,0.07920792079207921,0.1188118811881188,0.07920792079207921,0.07920792079207921,0.13861386138613863,0.1188118811881188,0.07920792079207921,0.09900990099009901,0.13861386138613863,0.1188118811881188,0.1782178217821782,0.21782178217821782,0.1782178217821782,0.15841584158415842,0.0594059405940594,0.07920792079207921,0.15841584158415842,0.07920792079207921,0.019801980198019802,0.039603960396039604,0.0594059405940594,0.039603960396039604,0.019801980198019802,0.019801980198019802,0.019801980198019802,0.019801980198019802,0.019801980198019802,0.019801980198019802,0.1188118811881188
W6_M24,0.19801980198019803,0.13861386138613863,0.2376237623762376,0.37623762376237624,0.5148514851485149,0.25742574257425743,0.297029702970297,0.49504950495049505,0.43564356435643564,0.45544554455445546,0.3564356435643564,0.8712871287128713,0.3564356435643564,0.6732673267326733,0.27722772277227725,0.43564356435643564,0.39603960396039606,0.6534653465346535,0.6336633663366337,0.7128712871287128,0.8712871287128713,0.8910891089108911,NA,0.9900990099009901,0.9306930693069307,0.8910891089108911,0.9306930693069307,0.8514851485148515,0.6534653465346535,0.9702970297029703,0.8514851485148515,0.8910891089108911,0.8910891089108911,0.7524752475247525,0.7128712871287128,0.6336633663366337,0.8118811881188119,0.693069306930693,0.6732673267326733,0.39603960396039606,0.693069306930693,0.5544554455445545,0.2376237623762376,0.45544554455445546,0.4158415841584158,0.6534653465346535,0.37623762376237624,0.31683168316831684,0.33663366336633666,0.5346534653465347,0.45544554455445546,0.37623762376237624,0.39603960396039606,0.43564356435643564,0.37623762376237624,0.25742574257425743,0.45544554455445546,0.33663366336633666,0.4752475247524752,0.39603960396039606,0.27722772277227725,0.37623762376237624,0.37623762376237624,0.21782178217821782,0.37623762376237624,0.2376237623762376,0.27722772277227725,0.45544554455445546,0.07920792079207921,0.27722772277227725,0.15841584158415842,0.19801980198019803,0.1782178217821782,0.1782178217821782,0.19801980198019803,0.1782178217821782,0.31683168316831684,0.15841584158415842,0.1782178217821782,0.19801980198019803,0.0594059405940594,0.3564356435643564,0.15841584158415842,0.1782178217821782,0.15841584158415842,0.09900990099009901,0.1188118811881188,0.039603960396039604,0.13861386138613863,0.07920792079207921,0.19801980198019803,0.019801980198019802,0.039603960396039604,0.019801980198019802,0.019801980198019802,0.019801980198019802,0.019801980198019802,0.019801980198019802,0.019801980198019802,0.21782178217821782
W6_M25,0.297029702970297,0.25742574257425743,0.21782178217821782,0.2376237623762376,0.6732673267326733,0.5544554455445545,0.5148514851485149,0.8910891089108911,0.9900990099009901,0.9108910891089109,0.8118811881188119,0.5544554455445545,0.8910891089108911,0.7524752475247525,0.2376237623762376,0.8316831683168316,0.7722772277227723,1.00990099009901,0.7722772277227723,0.9702970297029703,0.9702970297029703,0.8514851485148515,0.9900990099009901,NA,0.8712871287128713,0.9900990099009901,0.9702970297029703,0.9306930693069307,0.9504950495049505,0.9108910891089109,0.8118811881188119,0.8712871287128713,0.5148514851485149,0.6534653465346535,0.6534653465346535,0.6732673267326733,0.33663366336633666,0.3564356435643564,0.1782178217821782,0.19801980198019803,0.594059405940594,0.25742574257425743,0.07920792079207921,0.43564356435643564,0.19801980198019803,0.21782178217821782,0.4158415841584158,0.27722772277227725,0.15841584158415842,0.4752475247524752,0.19801980198019803,0.0594059405940594,0.31683168316831684,0.09900990099009901,0.1188118811881188,0.09900990099009901,0.27722772277227725,0.19801980198019803,0.13861386138613863,0.19801980198019803,0.15841584158415842,0.15841584158415842,0.2376237623762376,0.09900990099009901,0.07920792079207921,0.297029702970297,0.21782178217821782,0.1188118811881188,0.1188118811881188,0.07920792079207921,0.07920792079207921,0.13861386138613863,0.09900990099009901,0.15841584158415842,0.1782178217821782,0.09900990099009901,0.07920792079207921,0.07920792079207921,0.15841584158415842,0.0594059405940594,0.07920792079207921,0.07920792079207921,0.25742574257425743,0.15841584158415842,0.039603960396039604,0.039603960396039604,0.039603960396039604,0.09900990099009901,0.039603960396039604,0.039603960396039604,0.019801980198019802,0.07920792079207921,0.019801980198019802,0.039603960396039604,0.019801980198019802,0.019801980198019802,0.019801980198019802,0.019801980198019802,0.019801980198019802,0.297029702970297
W6_M26,0.33663366336633666,0.3564356435643564,0.297029702970297,0.19801980198019803,0.5346534653465347,0.6138613861386139,0.6138613861386139,0.8514851485148515,0.9108910891089109,0.9900990099009901,0.8118811881188119,0.49504950495049505,0.7722772277227723,0.7920792079207921,0.27722772277227725,0.9702970297029703,0.8316831683168316,0.8910891089108911,0.6336633663366337,0.8910891089108911,0.8118811881188119,0.7920792079207921,0.9306930693069307,0.8712871287128713,NA,0.9504950495049505,0.8118811881188119,0.8712871287128713,1.00990099009901,0.9702970297029703,0.8316831683168316,0.6534653465346535,0.49504950495049505,0.594059405940594,0.8316831683168316,0.594059405940594,0.45544554455445546,0.33663366336633666,0.39603960396039606,0.13861386138613863,0.5148514851485149,0.5346534653465347,0.19801980198019803,0.6732673267326733,0.1188118811881188,0.15841584158415842,0.39603960396039606,0.21782178217821782,0.13861386138613863,0.5544554455445545,0.13861386138613863,0.1188118811881188,0.49504950495049505,0.25742574257425743,0.1188118811881188,0.19801980198019803,0.19801980198019803,0.1188118811881188,0.25742574257425743,0.1782178217821782,0.2376237623762376,0.09900990099009901,0.15841584158415842,0.13861386138613863,0.13861386138613863,0.19801980198019803,0.0594059405940594,0.19801980198019803,0.09900990099009901,0.13861386138613863,0.13861386138613863,0.0594059405940594,0.07920792079207921,0.07920792079207921,0.13861386138613863,0.07920792079207921,0.1188118811881188,0.09900990099009901,0.1782178217821782,0.039603960396039604,0.07920792079207921,0.13861386138613863,0.27722772277227725,0.13861386138613863,0.1782178217821782,0.13861386138613863,0.019801980198019802,0.0594059405940594,0.1188118811881188,0.0594059405940594,0.0594059405940594,0.0594059405940594,0.019801980198019802,0.019801980198019802,0.019801980198019802,0.019801980198019802,0.019801980198019802,0.019801980198019802,0.019801980198019802,0.39603960396039606
W6_M27,0.37623762376237624,0.31683168316831684,0.49504950495049505,0.297029702970297,0.5148514851485149,0.3564356435643564,0.31683168316831684,0.594059405940594,0.7326732673267327,0.6336633663366337,0.6138613861386139,0.594059405940594,0.8910891089108911,0.5148514851485149,0.1188118811881188,0.7722772277227723,0.7128712871287128,0.7326732673267327,0.7326732673267327,0.6534653465346535,0.7920792079207921,0.8910891089108911,0.8910891089108911,0.9900990099009901,0.9504950495049505,NA,0.9108910891089109,0.9900990099009901,0.7326732673267327,0.9108910891089109,0.9108910891089109,0.693069306930693,0.8316831683168316,0.693069306930693,0.3564356435643564,0.3564356435643564,0.8712871287128713,0.5148514851485149,0.5148514851485149,0.25742574257425743,0.5148514851485149,0.594059405940594,0.1782178217821782,0.5346534653465347,0.25742574257425743,0.33663366336633666,0.3564356435643564,0.27722772277227725,0.1782178217821782,0.4158415841584158,0.3564356435643564,0.39603960396039606,0.39603960396039606,0.21782178217821782,0.33663366336633666,0.297029702970297,0.3564356435643564,0.3564356435643564,0.5742574257425742,0.4158415841584158,0.33663366336633666,0.39603960396039606,0.5148514851485149,0.27722772277227725,0.297029702970297,0.21782178217821782,0.15841584158415842,0.25742574257425743,0.25742574257425743,0.1782178217821782,0.15841584158415842,0.09900990099009901,0.21782178217821782,0.07920792079207921,0.1782178217821782,0.2376237623762376,0.25742574257425743,0.21782178217821782,0.15841584158415842,0.1188118811881188,0.039603960396039604,0.1782178217821782,0.19801980198019803,0.09900990099009901,0.25742574257425743,0.1188118811881188,0.19801980198019803,0.0594059405940594,0.039603960396039604,0.09900990099009901,0.0594059405940594,0.039603960396039604,0.019801980198019802,0.019801980198019802,0.019801980198019802,0.019801980198019802,0.019801980198019802,0.019801980198019802,0.019801980198019802,0.3564356435643564
W6_M28,0.1782178217821782,0.19801980198019803,0.19801980198019803,0.1782178217821782,0.3564356435643564,0.21782178217821782,0.37623762376237624,0.6138613861386139,0.594059405940594,0.5742574257425742,0.6534653465346535,0.6336633663366337,0.5544554455445545,0.6534653465346535,0.2376237623762376,0.5742574257425742,0.27722772277227725,0.45544554455445546,0.33663366336633666,0.8910891089108911,0.8118811881188119,0.7128712871287128,0.9306930693069307,0.9702970297029703,0.8118811881188119,0.9108910891089109,NA,0.7722772277227723,0.9900990099009901,0.9504950495049505,0.8118811881188119,0.9108910891089109,0.9108910891089109,0.6732673267326733,0.9504950495049505,0.8910891089108911,0.9900990099009901,0.7722772277227723,0.7128712871287128,0.33663366336633666,0.6336633663366337,0.4752475247524752,0.25742574257425743,0.43564356435643564,0.5148514851485149,0.37623762376237624,0.594059405940594,0.33663366336633666,0.21782178217821782,0.43564356435643564,0.37623762376237624,0.21782178217821782,0.7524752475247525,0.15841584158415842,0.39603960396039606,0.2376237623762376,0.25742574257425743,0.25742574257425743,0.37623762376237624,0.297029702970297,0.31683168316831684,0.297029702970297,0.297029702970297,0.21782178217821782,0.297029702970297,0.27722772277227725,0.297029702970297,0.4158415841584158,0.15841584158415842,0.21782178217821782,0.09900990099009901,0.297029702970297,0.19801980198019803,0.15841584158415842,0.21782178217821782,0.297029702970297,0.21782178217821782,0.27722772277227725,0.13861386138613863,0.21782178217821782,0.19801980198019803,0.19801980198019803,0.09900990099009901,0.1782178217821782,0.13861386138613863,0.21782178217821782,0.1188118811881188,0.25742574257425743,0.0594059405940594,0.09900990099009901,0.09900990099009901,0.039603960396039604,0.0594059405940594,0.019801980198019802,0.039603960396039604,0.019801980198019802,0.019801980198019802,0.019801980198019802,0.019801980198019802,0.19801980198019803
W6_M29,0.15841584158415842,0.1782178217821782,0.21782178217821782,0.33663366336633666,0.39603960396039606,0.5544554455445545,0.27722772277227725,0.693069306930693,0.7128712871287128,0.37623762376237624,0.3564356435643564,0.49504950495049505,0.45544554455445546,0.693069306930693,0.19801980198019803,0.6336633663366337,0.5544554455445545,0.6732673267326733,0.8514851485148515,0.8910891089108911,0.9306930693069307,0.693069306930693,0.8514851485148515,0.9306930693069307,0.8712871287128713,0.9900990099009901,0.7722772277227723,NA,0.6138613861386139,0.8514851485148515,0.8514851485148515,0.693069306930693,0.8910891089108911,0.5742574257425742,0.7326732673267327,0.6534653465346535,0.7722772277227723,0.43564356435643564,0.5346534653465347,0.3564356435643564,0.49504950495049505,0.45544554455445546,0.13861386138613863,0.37623762376237624,0.2376237623762376,0.297029702970297,0.31683168316831684,0.25742574257425743,0.1782178217821782,0.43564356435643564,0.31683168316831684,0.19801980198019803,0.3564356435643564,0.297029702970297,0.13861386138613863,0.1782178217821782,0.25742574257425743,0.297029702970297,0.297029702970297,0.2376237623762376,0.1188118811881188,0.25742574257425743,0.19801980198019803,0.1782178217821782,0.1782178217821782,0.2376237623762376,0.1782178217821782,0.297029702970297,0.0594059405940594,0.1782178217821782,0.0594059405940594,0.019801980198019802,0.0594059405940594,0.07920792079207921,0.07920792079207921,0.1782178217821782,0.09900990099009901,0.0594059405940594,0.09900990099009901,0.2376237623762376,0.09900990099009901,0.21782178217821782,0.21782178217821782,0.1188118811881188,0.09900990099009901,0.0594059405940594,0.019801980198019802,0.07920792079207921,0.0594059405940594,0.0594059405940594,0.09900990099009901,0.039603960396039604,0.039603960396039604,0.019801980198019802,0.019801980198019802,0.019801980198019802,0.019801980198019802,0.019801980198019802,0.019801980198019802,0.19801980198019803
W6_M30,0.2376237623762376,0.21782178217821782,0.2376237623762376,0.25742574257425743,0.27722772277227725,0.2376237623762376,0.19801980198019803,0.2376237623762376,0.37623762376237624,0.21782178217821782,0.33663366336633666,0.6138613861386139,0.15841584158415842,0.5346534653465347,0.297029702970297,0.15841584158415842,0.4158415841584158,0.5346534653465347,0.4158415841584158,0.5346534653465347,0.5742574257425742,0.6732673267326733,0.6534653465346535,0.9504950495049505,1.00990099009901,0.7326732673267327,0.9900990099009901,0.6138613861386139,NA,0.7326732673267327,0.9702970297029703,0.9306930693069307,0.9306930693069307,0.9108910891089109,0.9504950495049505,0.8910891089108911,0.9108910891089109,0.8712871287128713,0.9108910891089109,0.5148514851485149,0.7722772277227723,0.7524752475247525,0.49504950495049505,0.7524752475247525,0.5346534653465347,0.6336633663366337,0.297029702970297,0.5148514851485149,0.39603960396039606,0.33663366336633666,0.6138613861386139,0.45544554455445546,0.49504950495049505,0.6534653465346535,0.5346534653465347,0.49504950495049505,0.5148514851485149,0.5544554455445545,0.7326732673267327,0.5346534653465347,0.6336633663366337,0.594059405940594,0.49504950495049505,0.31683168316831684,0.33663366336633666,0.3564356435643564,0.43564356435643564,0.37623762376237624,0.19801980198019803,0.2376237623762376,0.4158415841584158,0.2376237623762376,0.3564356435643564,0.39603960396039606,0.1782178217821782,0.25742574257425743,0.3564356435643564,0.21782178217821782,0.27722772277227725,0.37623762376237624,0.1782178217821782,0.4158415841584158,0.33663366336633666,0.3564356435643564,0.33663366336633666,0.21782178217821782,0.2376237623762376,0.13861386138613863,0.1188118811881188,0.19801980198019803,0.19801980198019803,0.07920792079207921,0.09900990099009901,0.039603960396039604,0.039603960396039604,0.019801980198019802,0.019801980198019802,0.019801980198019802,0.019801980198019802,0.15841584158415842
W6_M31,0.37623762376237624,0.27722772277227725,0.297029702970297,0.21782178217821782,0.45544554455445546,0.27722772277227725,0.2376237623762376,0.5742574257425742,0.6336633663366337,0.7722772277227723,0.5346534653465347,0.4752475247524752,0.5148514851485149,0.5742574257425742,0.1782178217821782,0.693069306930693,0.6732673267326733,0.6732673267326733,0.7524752475247525,0.6534653465346535,0.4752475247524752,0.693069306930693,0.9702970297029703,0.9108910891089109,0.9702970297029703,0.9108910891089109,0.9504950495049505,0.8514851485148515,0.7326732673267327,NA,0.8910891089108911,0.9504950495049505,0.8316831683168316,0.6534653465346535,0.7128712871287128,0.7326732673267327,0.9504950495049505,0.6732673267326733,0.5544554455445545,0.37623762376237624,0.8316831683168316,0.5742574257425742,0.19801980198019803,0.4158415841584158,0.297029702970297,0.39603960396039606,0.39603960396039606,0.1782178217821782,0.15841584158415842,0.594059405940594,0.39603960396039606,0.09900990099009901,0.39603960396039606,0.25742574257425743,0.25742574257425743,0.27722772277227725,0.31683168316831684,0.43564356435643564,0.33663366336633666,0.33663366336633666,0.297029702970297,0.27722772277227725,0.2376237623762376,0.1782178217821782,0.33663366336633666,0.39603960396039606,0.1782178217821782,0.5148514851485149,0.13861386138613863,0.09900990099009901,0.1188118811881188,0.15841584158415842,0.13861386138613863,0.1782178217821782,0.1782178217821782,0.21782178217821782,0.1782178217821782,0.1782178217821782,0.15841584158415842,0.1782178217821782,0.0594059405940594,0.25742574257425743,0.2376237623762376,0.15841584158415842,0.1782178217821782,0.13861386138613863,0.09900990099009901,0.039603960396039604,0.09900990099009901,0.09900990099009901,0.039603960396039604,0.039603960396039604,0.019801980198019802,0.019801980198019802,0.019801980198019802,0.019801980198019802,0.019801980198019802,0.019801980198019802,0.019801980198019802,0.297029702970297
W6_M32,0.1188118811881188,0.1782178217821782,0.19801980198019803,0.21782178217821782,0.33663366336633666,0.27722772277227725,0.21782178217821782,0.5148514851485149,0.43564356435643564,0.5742574257425742,0.5346534653465347,0.5346534653465347,0.5148514851485149,0.45544554455445546,0.27722772277227725,0.4158415841584158,0.31683168316831684,0.5544554455445545,0.33663366336633666,0.8712871287128713,0.7920792079207921,0.7920792079207921,0.8514851485148515,0.8118811881188119,0.8316831683168316,0.9108910891089109,0.8118811881188119,0.8514851485148515,0.9702970297029703,0.8910891089108911,NA,0.8910891089108911,0.8514851485148515,0.9900990099009901,0.8712871287128713,0.8910891089108911,0.8910891089108911,0.6732673267326733,0.6336633663366337,0.5346534653465347,0.8118811881188119,0.49504950495049505,0.5346534653465347,0.8316831683168316,0.5148514851485149,0.7920792079207921,0.43564356435643564,0.43564356435643564,0.31683168316831684,0.693069306930693,0.4158415841584158,0.6138613861386139,0.4752475247524752,0.33663366336633666,0.39603960396039606,0.1782178217821782,0.4158415841584158,0.37623762376237624,0.4158415841584158,0.33663366336633666,0.27722772277227725,0.31683168316831684,0.37623762376237624,0.13861386138613863,0.2376237623762376,0.25742574257425743,0.2376237623762376,0.33663366336633666,0.13861386138613863,0.21782178217821782,0.25742574257425743,0.297029702970297,0.2376237623762376,0.3564356435643564,0.21782178217821782,0.13861386138613863,0.297029702970297,0.15841584158415842,0.13861386138613863,0.43564356435643564,0.15841584158415842,0.37623762376237624,0.1782178217821782,0.1188118811881188,0.31683168316831684,0.13861386138613863,0.19801980198019803,0.07920792079207921,0.15841584158415842,0.09900990099009901,0.09900990099009901,0.09900990099009901,0.0594059405940594,0.019801980198019802,0.039603960396039604,0.019801980198019802,0.019801980198019802,0.019801980198019802,0.019801980198019802,0.1782178217821782
W6_M33,0.27722772277227725,0.25742574257425743,0.25742574257425743,0.13861386138613863,0.37623762376237624,0.27722772277227725,0.2376237623762376,0.5346534653465347,0.6732673267326733,0.45544554455445546,0.49504950495049505,0.43564356435643564,0.49504950495049505,0.45544554455445546,0.1188118811881188,0.7920792079207921,0.49504950495049505,0.6534653465346535,0.594059405940594,0.6336633663366337,0.5148514851485149,0.8316831683168316,0.8910891089108911,0.8712871287128713,0.6534653465346535,0.693069306930693,0.9108910891089109,0.693069306930693,0.9306930693069307,0.9504950495049505,0.8910891089108911,NA,0.9504950495049505,0.7524752475247525,0.7920792079207921,0.8712871287128713,0.7722772277227723,0.6138613861386139,0.7326732673267327,0.3564356435643564,0.7128712871287128,0.5544554455445545,0.31683168316831684,0.693069306930693,0.33663366336633666,0.297029702970297,0.5544554455445545,0.25742574257425743,0.1188118811881188,0.594059405940594,0.4158415841584158,0.43564356435643564,0.45544554455445546,0.27722772277227725,0.297029702970297,0.27722772277227725,0.31683168316831684,0.297029702970297,0.49504950495049505,0.15841584158415842,0.31683168316831684,0.3564356435643564,0.43564356435643564,0.1782178217821782,0.25742574257425743,0.33663366336633666,0.33663366336633666,0.25742574257425743,0.27722772277227725,0.13861386138613863,0.1188118811881188,0.19801980198019803,0.1782178217821782,0.21782178217821782,0.07920792079207921,0.1782178217821782,0.21782178217821782,0.21782178217821782,0.1782178217821782,0.07920792079207921,0.09900990099009901,0.31683168316831684,0.2376237623762376,0.1782178217821782,0.2376237623762376,0.07920792079207921,0.13861386138613863,0.07920792079207921,0.07920792079207921,0.1188118811881188,0.07920792079207921,0.0594059405940594,0.019801980198019802,0.039603960396039604,0.019801980198019802,0.019801980198019802,0.019801980198019802,0.019801980198019802,0.019801980198019802,0.21782178217821782
W6_M34,0.13861386138613863,0.21782178217821782,0.19801980198019803,0.039603960396039604,0.31683168316831684,0.4752475247524752,0.37623762376237624,0.43564356435643564,0.6138613861386139,0.5742574257425742,0.3564356435643564,0.4158415841584158,0.5148514851485149,0.5544554455445545,0.039603960396039604,0.6732673267326733,0.5742574257425742,0.49504950495049505,0.5544554455445545,0.7326732673267327,0.693069306930693,0.8316831683168316,0.8910891089108911,0.5148514851485149,0.49504950495049505,0.8316831683168316,0.9108910891089109,0.8910891089108911,0.9306930693069307,0.8316831683168316,0.8514851485148515,0.9504950495049505,NA,0.9702970297029703,0.9108910891089109,0.8118811881188119,0.9108910891089109,0.6732673267326733,0.43564356435643564,0.39603960396039606,0.7524752475247525,0.5544554455445545,0.4752475247524752,0.693069306930693,0.3564356435643564,0.45544554455445546,0.6534653465346535,0.3564356435643564,0.33663366336633666,0.4158415841584158,0.5742574257425742,0.4158415841584158,0.5742574257425742,0.13861386138613863,0.297029702970297,0.3564356435643564,0.39603960396039606,0.297029702970297,0.37623762376237624,0.4752475247524752,0.39603960396039606,0.33663366336633666,0.297029702970297,0.33663366336633666,0.37623762376237624,0.2376237623762376,0.09900990099009901,0.15841584158415842,0.1782178217821782,0.15841584158415842,0.15841584158415842,0.19801980198019803,0.1782178217821782,0.25742574257425743,0.25742574257425743,0.25742574257425743,0.27722772277227725,0.297029702970297,0.19801980198019803,0.07920792079207921,0.13861386138613863,0.2376237623762376,0.297029702970297,0.1188118811881188,0.09900990099009901,0.15841584158415842,0.15841584158415842,0.039603960396039604,0.13861386138613863,0.07920792079207921,0.0594059405940594,0.0594059405940594,0.019801980198019802,0.039603960396039604,0.019801980198019802,0.019801980198019802,0.019801980198019802,0.019801980198019802,0.019801980198019802,0.2376237623762376
W6_M35,0.13861386138613863,0.13861386138613863,0.297029702970297,0.19801980198019803,0.33663366336633666,0.19801980198019803,0.19801980198019803,0.31683168316831684,0.4752475247524752,0.4752475247524752,0.3564356435643564,0.5346534653465347,0.3564356435643564,0.594059405940594,0.07920792079207921,0.4752475247524752,0.4158415841584158,0.31683168316831684,0.4158415841584158,0.6732673267326733,0.43564356435643564,0.594059405940594,0.7524752475247525,0.6534653465346535,0.594059405940594,0.693069306930693,0.6732673267326733,0.5742574257425742,0.9108910891089109,0.6534653465346535,0.9900990099009901,0.7524752475247525,0.9702970297029703,NA,0.8712871287128713,0.8910891089108911,0.8316831683168316,0.8910891089108911,0.8118811881188119,0.7524752475247525,0.7524752475247525,0.8118811881188119,0.43564356435643564,0.693069306930693,0.5742574257425742,0.5544554455445545,0.7326732673267327,0.49504950495049505,0.49504950495049505,0.7128712871287128,0.594059405940594,0.5148514851485149,0.45544554455445546,0.43564356435643564,0.4158415841584158,0.49504950495049505,0.6732673267326733,0.5148514851485149,0.4752475247524752,0.49504950495049505,0.43564356435643564,0.5544554455445545,0.4158415841584158,0.5148514851485149,0.45544554455445546,0.33663366336633666,0.31683168316831684,0.37623762376237624,0.297029702970297,0.2376237623762376,0.297029702970297,0.297029702970297,0.27722772277227725,0.19801980198019803,0.45544554455445546,0.33663366336633666,0.27722772277227725,0.39603960396039606,0.25742574257425743,0.297029702970297,0.25742574257425743,0.27722772277227725,0.27722772277227725,0.2376237623762376,0.15841584158415842,0.297029702970297,0.25742574257425743,0.2376237623762376,0.1188118811881188,0.07920792079207921,0.19801980198019803,0.0594059405940594,0.019801980198019802,0.039603960396039604,0.019801980198019802,0.039603960396039604,0.019801980198019802,0.019801980198019802,0.019801980198019802,0.09900990099009901
W6_M36,0.25742574257425743,0.21782178217821782,0.25742574257425743,0.15841584158415842,0.3564356435643564,0.19801980198019803,0.25742574257425743,0.297029702970297,0.4752475247524752,0.27722772277227725,0.297029702970297,0.49504950495049505,0.39603960396039606,0.2376237623762376,0.1188118811881188,0.37623762376237624,0.4752475247524752,0.5544554455445545,0.4752475247524752,0.43564356435643564,0.21782178217821782,0.5148514851485149,0.7128712871287128,0.6534653465346535,0.8316831683168316,0.3564356435643564,0.9504950495049505,0.7326732673267327,0.9504950495049505,0.7128712871287128,0.8712871287128713,0.7920792079207921,0.9108910891089109,0.8712871287128713,NA,0.8712871287128713,0.8712871287128713,0.7128712871287128,0.594059405940594,0.6534653465346535,0.7326732673267327,0.7326732673267327,0.31683168316831684,0.7128712871287128,0.45544554455445546,0.6732673267326733,0.5544554455445545,0.45544554455445546,0.33663366336633666,0.6732673267326733,0.45544554455445546,0.43564356435643564,0.7128712871287128,0.45544554455445546,0.43564356435643564,0.5148514851485149,0.4752475247524752,0.6138613861386139,0.5742574257425742,0.594059405940594,0.594059405940594,0.45544554455445546,0.4752475247524752,0.21782178217821782,0.43564356435643564,0.4752475247524752,0.33663366336633666,0.5148514851485149,0.1188118811881188,0.21782178217821782,0.33663366336633666,0.297029702970297,0.297029702970297,0.297029702970297,0.4158415841584158,0.1782178217821782,0.33663366336633666,0.21782178217821782,0.33663366336633666,0.19801980198019803,0.09900990099009901,0.31683168316831684,0.19801980198019803,0.1782178217821782,0.19801980198019803,0.1188118811881188,0.13861386138613863,0.19801980198019803,0.1188118811881188,0.297029702970297,0.07920792079207921,0.039603960396039604,0.0594059405940594,0.039603960396039604,0.019801980198019802,0.019801980198019802,0.019801980198019802,0.019801980198019802,0.019801980198019802,0.25742574257425743
W6_M37,0.1782178217821782,0.1782178217821782,0.27722772277227725,0.21782178217821782,0.297029702970297,0.2376237623762376,0.21782178217821782,0.43564356435643564,0.43564356435643564,0.43564356435643564,0.5742574257425742,0.45544554455445546,0.4158415841584158,0.2376237623762376,0.0594059405940594,0.6138613861386139,0.4158415841584158,0.39603960396039606,0.45544554455445546,0.33663366336633666,0.4752475247524752,0.6336633663366337,0.6336633663366337,0.6732673267326733,0.594059405940594,0.3564356435643564,0.8910891089108911,0.6534653465346535,0.8910891089108911,0.7326732673267327,0.8910891089108911,0.8712871287128713,0.8118811881188119,0.8910891089108911,0.8712871287128713,NA,0.8316831683168316,0.8910891089108911,0.7524752475247525,0.5544554455445545,0.9504950495049505,0.8118811881188119,0.3564356435643564,0.7524752475247525,0.594059405940594,0.8910891089108911,0.594059405940594,0.5148514851485149,0.37623762376237624,0.693069306930693,0.6732673267326733,0.7128712871287128,0.594059405940594,0.5544554455445545,0.5148514851485149,0.3564356435643564,0.49504950495049505,0.49504950495049505,0.49504950495049505,0.49504950495049505,0.39603960396039606,0.43564356435643564,0.693069306930693,0.45544554455445546,0.5148514851485149,0.37623762376237624,0.25742574257425743,0.5148514851485149,0.33663366336633666,0.27722772277227725,0.25742574257425743,0.3564356435643564,0.2376237623762376,0.33663366336633666,0.21782178217821782,0.3564356435643564,0.39603960396039606,0.31683168316831684,0.33663366336633666,0.297029702970297,0.09900990099009901,0.297029702970297,0.2376237623762376,0.21782178217821782,0.2376237623762376,0.1782178217821782,0.13861386138613863,0.1188118811881188,0.13861386138613863,0.21782178217821782,0.0594059405940594,0.039603960396039604,0.019801980198019802,0.039603960396039604,0.019801980198019802,0.019801980198019802,0.019801980198019802,0.019801980198019802,0.019801980198019802,0.19801980198019803
W6_M38,0.21782178217821782,0.2376237623762376,0.25742574257425743,0.09900990099009901,0.25742574257425743,0.4158415841584158,0.5148514851485149,0.7524752475247525,0.5742574257425742,0.5742574257425742,0.5544554455445545,0.45544554455445546,0.5742574257425742,0.31683168316831684,0.039603960396039604,0.6534653465346535,0.49504950495049505,0.6732673267326733,0.5742574257425742,0.8712871287128713,0.594059405940594,0.8514851485148515,0.8118811881188119,0.33663366336633666,0.45544554455445546,0.8712871287128713,0.9900990099009901,0.7722772277227723,0.9108910891089109,0.9504950495049505,0.8910891089108911,0.7722772277227723,0.9108910891089109,0.8316831683168316,0.8712871287128713,0.8316831683168316,NA,0.7524752475247525,0.6138613861386139,0.49504950495049505,0.9108910891089109,0.6336633663366337,0.43564356435643564,0.9306930693069307,0.3564356435643564,0.5148514851485149,0.5148514851485149,0.37623762376237624,0.3564356435643564,0.7326732673267327,0.3564356435643564,0.39603960396039606,0.693069306930693,0.297029702970297,0.3564356435643564,0.37623762376237624,0.25742574257425743,0.5148514851485149,0.45544554455445546,0.3564356435643564,0.5346534653465347,0.5148514851485149,0.39603960396039606,0.21782178217821782,0.15841584158415842,0.4158415841584158,0.25742574257425743,0.21782178217821782,0.13861386138613863,0.21782178217821782,0.19801980198019803,0.2376237623762376,0.297029702970297,0.33663366336633666,0.25742574257425743,0.25742574257425743,0.297029702970297,0.2376237623762376,0.21782178217821782,0.13861386138613863,0.13861386138613863,0.297029702970297,0.21782178217821782,0.3564356435643564,0.07920792079207921,0.0594059405940594,0.1188118811881188,0.09900990099009901,0.07920792079207921,0.09900990099009901,0.039603960396039604,0.0594059405940594,0.019801980198019802,0.019801980198019802,0.019801980198019802,0.019801980198019802,0.039603960396039604,0.019801980198019802,0.019801980198019802,0.21782178217821782
W6_M39,0.0594059405940594,0.1188118811881188,0.2376237623762376,0.13861386138613863,0.3564356435643564,0.297029702970297,0.2376237623762376,0.37623762376237624,0.5742574257425742,0.297029702970297,0.39603960396039606,0.25742574257425743,0.39603960396039606,0.1188118811881188,0.09900990099009901,0.4752475247524752,0.4752475247524752,0.3564356435643564,0.5346534653465347,0.27722772277227725,0.297029702970297,0.45544554455445546,0.693069306930693,0.3564356435643564,0.33663366336633666,0.5148514851485149,0.7722772277227723,0.43564356435643564,0.8712871287128713,0.6732673267326733,0.6732673267326733,0.6138613861386139,0.6732673267326733,0.8910891089108911,0.7128712871287128,0.8910891089108911,0.7524752475247525,NA,0.8712871287128713,0.5148514851485149,0.9702970297029703,0.7722772277227723,0.3564356435643564,1.00990099009901,0.6534653465346535,0.594059405940594,0.693069306930693,0.6534653465346535,0.31683168316831684,0.7128712871287128,0.45544554455445546,0.6138613861386139,0.6138613861386139,0.6336633663366337,0.5148514851485149,0.6138613861386139,0.6336633663366337,0.693069306930693,0.8316831683168316,0.5742574257425742,0.39603960396039606,0.6732673267326733,0.5148514851485149,0.4158415841584158,0.4752475247524752,0.3564356435643564,0.4752475247524752,0.5544554455445545,0.19801980198019803,0.19801980198019803,0.25742574257425743,0.25742574257425743,0.37623762376237624,0.37623762376237624,0.297029702970297,0.39603960396039606,0.31683168316831684,0.25742574257425743,0.2376237623762376,0.39603960396039606,0.1782178217821782,0.39603960396039606,0.33663366336633666,0.27722772277227725,0.2376237623762376,0.19801980198019803,0.21782178217821782,0.13861386138613863,0.15841584158415842,0.15841584158415842,0.13861386138613863,0.1188118811881188,0.019801980198019802,0.039603960396039604,0.019801980198019802,0.019801980198019802,0.019801980198019802,0.019801980198019802,0.019801980198019802,0.13861386138613863
W6_M40,0.039603960396039604,0.1188118811881188,0.09900990099009901,0.0594059405940594,0.27722772277227725,0.25742574257425743,0.25742574257425743,0.5346534653465347,0.4752475247524752,0.5544554455445545,0.39603960396039606,0.2376237623762376,0.45544554455445546,0.21782178217821782,0.019801980198019802,0.49504950495049505,0.43564356435643564,0.39603960396039606,0.37623762376237624,0.5346534653465347,0.43564356435643564,0.39603960396039606,0.6732673267326733,0.1782178217821782,0.39603960396039606,0.5148514851485149,0.7128712871287128,0.5346534653465347,0.9108910891089109,0.5544554455445545,0.6336633663366337,0.7326732673267327,0.43564356435643564,0.8118811881188119,0.594059405940594,0.7524752475247525,0.6138613861386139,0.8712871287128713,NA,0.7722772277227723,0.8514851485148515,0.9900990099009901,0.7722772277227723,0.9306930693069307,0.8712871287128713,0.7128712871287128,0.8712871287128713,0.6336633663366337,0.594059405940594,0.9108910891089109,0.6138613861386139,0.5742574257425742,0.8514851485148515,0.6138613861386139,0.45544554455445546,0.7722772277227723,0.693069306930693,0.49504950495049505,0.5544554455445545,0.5346534653465347,0.6534653465346535,0.6534653465346535,0.594059405940594,0.37623762376237624,0.45544554455445546,0.5544554455445545,0.2376237623762376,0.33663366336633666,0.21782178217821782,0.33663366336633666,0.43564356435643564,0.4752475247524752,0.5148514851485149,0.4752475247524752,0.4752475247524752,0.49504950495049505,0.43564356435643564,0.25742574257425743,0.39603960396039606,0.31683168316831684,0.27722772277227725,0.45544554455445546,0.4752475247524752,0.15841584158415842,0.1782178217821782,0.2376237623762376,0.2376237623762376,0.15841584158415842,0.19801980198019803,0.09900990099009901,0.07920792079207921,0.09900990099009901,0.09900990099009901,0.0594059405940594,0.019801980198019802,0.019801980198019802,0.019801980198019802,0.019801980198019802,0.019801980198019802,0.1188118811881188
W6_M41,0.039603960396039604,0.019801980198019802,0.0594059405940594,0.0594059405940594,0.1782178217821782,0.07920792079207921,0.15841584158415842,0.27722772277227725,0.19801980198019803,0.27722772277227725,0.13861386138613863,0.2376237623762376,0.19801980198019803,0.0594059405940594,0.019801980198019802,0.21782178217821782,0.33663366336633666,0.45544554455445546,0.27722772277227725,0.2376237623762376,0.15841584158415842,0.21782178217821782,0.39603960396039606,0.19801980198019803,0.13861386138613863,0.25742574257425743,0.33663366336633666,0.3564356435643564,0.5148514851485149,0.37623762376237624,0.5346534653465347,0.3564356435643564,0.39603960396039606,0.7524752475247525,0.6534653465346535,0.5544554455445545,0.49504950495049505,0.5148514851485149,0.7722772277227723,NA,0.9306930693069307,0.7920792079207921,0.8910891089108911,0.8712871287128713,0.9900990099009901,0.7920792079207921,0.7920792079207921,0.7920792079207921,0.693069306930693,0.9702970297029703,0.7128712871287128,0.5742574257425742,0.7920792079207921,0.9900990099009901,0.7326732673267327,0.7722772277227723,0.7920792079207921,0.7722772277227723,0.7722772277227723,0.7326732673267327,0.8118811881188119,0.7524752475247525,0.693069306930693,0.6138613861386139,0.5346534653465347,0.6138613861386139,0.6534653465346535,0.594059405940594,0.21782178217821782,0.37623762376237624,0.27722772277227725,0.4158415841584158,0.297029702970297,0.297029702970297,0.4752475247524752,0.4158415841584158,0.31683168316831684,0.31683168316831684,0.39603960396039606,0.39603960396039606,0.25742574257425743,0.49504950495049505,0.4752475247524752,0.33663366336633666,0.37623762376237624,0.39603960396039606,0.19801980198019803,0.15841584158415842,0.21782178217821782,0.25742574257425743,0.13861386138613863,0.1188118811881188,0.039603960396039604,0.019801980198019802,0.019801980198019802,0.019801980198019802,0.019801980198019802,0.039603960396039604,0.019801980198019802,0.0594059405940594
W6_M42,0.15841584158415842,0.1188118811881188,0.09900990099009901,0.2376237623762376,0.09900990099009901,0.25742574257425743,0.13861386138613863,0.33663366336633666,0.297029702970297,0.3564356435643564,0.31683168316831684,0.45544554455445546,0.21782178217821782,0.5148514851485149,0.1188118811881188,0.45544554455445546,0.297029702970297,0.25742574257425743,0.297029702970297,0.39603960396039606,0.594059405940594,0.3564356435643564,0.693069306930693,0.594059405940594,0.5148514851485149,0.5148514851485149,0.6336633663366337,0.49504950495049505,0.7722772277227723,0.8316831683168316,0.8118811881188119,0.7128712871287128,0.7524752475247525,0.7524752475247525,0.7326732673267327,0.9504950495049505,0.9108910891089109,0.9702970297029703,0.8514851485148515,0.9306930693069307,NA,0.8118811881188119,0.6336633663366337,0.7722772277227723,0.8712871287128713,0.7722772277227723,0.3564356435643564,0.693069306930693,0.7128712871287128,0.6138613861386139,0.7722772277227723,0.594059405940594,0.7920792079207921,0.7128712871287128,0.45544554455445546,0.594059405940594,0.7920792079207921,0.7722772277227723,0.7524752475247525,0.7920792079207921,0.5544554455445545,0.693069306930693,0.7128712871287128,0.5346534653465347,0.43564356435643564,0.5544554455445545,0.5544554455445545,0.4752475247524752,0.25742574257425743,0.49504950495049505,0.39603960396039606,0.45544554455445546,0.43564356435643564,0.4752475247524752,0.297029702970297,0.3564356435643564,0.39603960396039606,0.33663366336633666,0.37623762376237624,0.39603960396039606,0.31683168316831684,0.4752475247524752,0.43564356435643564,0.5346534653465347,0.33663366336633666,0.21782178217821782,0.2376237623762376,0.19801980198019803,0.1188118811881188,0.09900990099009901,0.1782178217821782,0.09900990099009901,0.019801980198019802,0.019801980198019802,0.0594059405940594,0.039603960396039604,0.019801980198019802,0.019801980198019802,0.019801980198019802,0.1188118811881188
W6_M43,0.07920792079207921,0.1782178217821782,0.15841584158415842,0.1188118811881188,0.25742574257425743,0.25742574257425743,0.2376237623762376,0.297029702970297,0.49504950495049505,0.27722772277227725,0.39603960396039606,0.25742574257425743,0.27722772277227725,0.39603960396039606,0.0594059405940594,0.4158415841584158,0.1188118811881188,0.13861386138613863,0.07920792079207921,0.37623762376237624,0.297029702970297,0.4752475247524752,0.5544554455445545,0.25742574257425743,0.5346534653465347,0.594059405940594,0.4752475247524752,0.45544554455445546,0.7524752475247525,0.5742574257425742,0.49504950495049505,0.5544554455445545,0.5544554455445545,0.8118811881188119,0.7326732673267327,0.8118811881188119,0.6336633663366337,0.7722772277227723,0.9900990099009901,0.7920792079207921,0.8118811881188119,NA,0.8514851485148515,0.9504950495049505,0.8118811881188119,0.8316831683168316,0.8316831683168316,0.7920792079207921,0.7128712871287128,0.9702970297029703,0.8712871287128713,0.7326732673267327,0.8316831683168316,0.6336633663366337,0.5544554455445545,0.4752475247524752,0.5544554455445545,0.7128712871287128,0.594059405940594,0.7128712871287128,0.594059405940594,0.6138613861386139,0.5346534653465347,0.43564356435643564,0.43564356435643564,0.6138613861386139,0.4752475247524752,0.39603960396039606,0.39603960396039606,0.33663366336633666,0.3564356435643564,0.39603960396039606,0.39603960396039606,0.4158415841584158,0.3564356435643564,0.49504950495049505,0.594059405940594,0.43564356435643564,0.4752475247524752,0.45544554455445546,0.4158415841584158,0.39603960396039606,0.37623762376237624,0.2376237623762376,0.1782178217821782,0.21782178217821782,0.1782178217821782,0.15841584158415842,0.19801980198019803,0.15841584158415842,0.039603960396039604,0.019801980198019802,0.0594059405940594,0.019801980198019802,0.039603960396039604,0.039603960396039604,0.019801980198019802,0.019801980198019802,0.019801980198019802,0.13861386138613863
W6_M44,0.07920792079207921,0.07920792079207921,0.09900990099009901,0.039603960396039604,0.13861386138613863,0.0594059405940594,0.09900990099009901,0.07920792079207921,0.3564356435643564,0.039603960396039604,0.0594059405940594,0.21782178217821782,0.07920792079207921,0.0594059405940594,0.0594059405940594,0.1782178217821782,0.21782178217821782,0.19801980198019803,0.3564356435643564,0.09900990099009901,0.09900990099009901,0.297029702970297,0.2376237623762376,0.07920792079207921,0.19801980198019803,0.1782178217821782,0.25742574257425743,0.13861386138613863,0.49504950495049505,0.19801980198019803,0.5346534653465347,0.31683168316831684,0.4752475247524752,0.43564356435643564,0.31683168316831684,0.3564356435643564,0.43564356435643564,0.3564356435643564,0.7722772277227723,0.8910891089108911,0.6336633663366337,0.8514851485148515,NA,0.7128712871287128,0.9306930693069307,0.9108910891089109,0.9900990099009901,0.7722772277227723,0.6534653465346535,0.7524752475247525,0.8910891089108911,0.693069306930693,0.9306930693069307,0.9108910891089109,0.8910891089108911,0.8316831683168316,0.693069306930693,0.6138613861386139,0.8910891089108911,0.8910891089108911,0.7326732673267327,0.7128712871287128,0.8316831683168316,0.594059405940594,0.43564356435643564,0.6534653465346535,0.4752475247524752,0.6138613861386139,0.4158415841584158,0.45544554455445546,0.3564356435643564,0.31683168316831684,0.37623762376237624,0.4752475247524752,0.4158415841584158,0.33663366336633666,0.5742574257425742,0.297029702970297,0.5346534653465347,0.5346534653465347,0.1782178217821782,0.49504950495049505,0.693069306930693,0.43564356435643564,0.45544554455445546,0.297029702970297,0.21782178217821782,0.1782178217821782,0.21782178217821782,0.25742574257425743,0.15841584158415842,0.07920792079207921,0.0594059405940594,0.039603960396039604,0.039603960396039604,0.019801980198019802,0.019801980198019802,0.019801980198019802,0.019801980198019802,0.09900990099009901
W6_M45,0.09900990099009901,0.13861386138613863,0.09900990099009901,0.1782178217821782,0.15841584158415842,0.15841584158415842,0.1188118811881188,0.31683168316831684,0.19801980198019803,0.1188118811881188,0.2376237623762376,0.39603960396039606,0.0594059405940594,0.27722772277227725,0.21782178217821782,0.2376237623762376,0.19801980198019803,0.297029702970297,0.27722772277227725,0.297029702970297,0.33663366336633666,0.25742574257425743,0.45544554455445546,0.43564356435643564,0.6732673267326733,0.5346534653465347,0.43564356435643564,0.37623762376237624,0.7524752475247525,0.4158415841584158,0.8316831683168316,0.693069306930693,0.693069306930693,0.693069306930693,0.7128712871287128,0.7524752475247525,0.9306930693069307,1.00990099009901,0.9306930693069307,0.8712871287128713,0.7722772277227723,0.9504950495049505,0.7128712871287128,NA,0.9702970297029703,0.8712871287128713,0.5544554455445545,0.9504950495049505,0.7128712871287128,0.9108910891089109,0.8118811881188119,0.6336633663366337,1.00990099009901,0.6138613861386139,0.6138613861386139,0.7326732673267327,0.7128712871287128,0.7920792079207921,0.9504950495049505,0.9504950495049505,0.8118811881188119,0.7722772277227723,0.7524752475247525,0.45544554455445546,0.6336633663366337,0.5346534653465347,0.7128712871287128,0.594059405940594,0.5544554455445545,0.39603960396039606,0.5346534653465347,0.33663366336633666,0.5148514851485149,0.5544554455445545,0.45544554455445546,0.5742574257425742,0.39603960396039606,0.5742574257425742,0.5346534653465347,0.6138613861386139,0.43564356435643564,0.37623762376237624,0.37623762376237624,0.19801980198019803,0.3564356435643564,0.39603960396039606,0.37623762376237624,0.2376237623762376,0.21782178217821782,0.19801980198019803,0.19801980198019803,0.039603960396039604,0.1188118811881188,0.019801980198019802,0.019801980198019802,0.019801980198019802,0.019801980198019802,0.019801980198019802,0.019801980198019802,0.09900990099009901
W6_M46,0.0594059405940594,0.09900990099009901,0.1188118811881188,0.0594059405940594,0.1188118811881188,0.13861386138613863,0.07920792079207921,0.19801980198019803,0.2376237623762376,0.13861386138613863,0.297029702970297,0.19801980198019803,0.25742574257425743,0.09900990099009901,0.039603960396039604,0.297029702970297,0.37623762376237624,0.1782178217821782,0.21782178217821782,0.31683168316831684,0.21782178217821782,0.15841584158415842,0.4158415841584158,0.19801980198019803,0.1188118811881188,0.25742574257425743,0.5148514851485149,0.2376237623762376,0.5346534653465347,0.297029702970297,0.5148514851485149,0.33663366336633666,0.3564356435643564,0.5742574257425742,0.45544554455445546,0.594059405940594,0.3564356435643564,0.6534653465346535,0.8712871287128713,0.9900990099009901,0.8712871287128713,0.8118811881188119,0.9306930693069307,0.9702970297029703,NA,0.7722772277227723,0.9900990099009901,0.9900990099009901,0.9504950495049505,0.9702970297029703,0.7128712871287128,0.8316831683168316,0.9108910891089109,0.7920792079207921,0.7920792079207921,0.8514851485148515,0.7722772277227723,0.8118811881188119,0.8712871287128713,0.7920792079207921,0.9108910891089109,0.9306930693069307,0.8118811881188119,0.594059405940594,0.7524752475247525,0.8316831683168316,0.7326732673267327,0.7326732673267327,0.31683168316831684,0.49504950495049505,0.39603960396039606,0.297029702970297,0.33663366336633666,0.43564356435643564,0.4158415841584158,0.45544554455445546,0.49504950495049505,0.3564356435643564,0.5742574257425742,0.45544554455445546,0.33663366336633666,0.6534653465346535,0.43564356435643564,0.37623762376237624,0.37623762376237624,0.19801980198019803,0.31683168316831684,0.2376237623762376,0.1782178217821782,0.2376237623762376,0.1188118811881188,0.19801980198019803,0.039603960396039604,0.0594059405940594,0.039603960396039604,0.019801980198019802,0.019801980198019802,0.019801980198019802,0.019801980198019802,0.09900990099009901
W6_M47,0.0594059405940594,0.019801980198019802,0.0594059405940594,0.0594059405940594,0.09900990099009901,0.21782178217821782,0.019801980198019802,0.27722772277227725,0.33663366336633666,0.21782178217821782,0.27722772277227725,0.21782178217821782,0.27722772277227725,0.13861386138613863,0.09900990099009901,0.31683168316831684,0.25742574257425743,0.25742574257425743,0.2376237623762376,0.37623762376237624,0.31683168316831684,0.15841584158415842,0.6534653465346535,0.21782178217821782,0.15841584158415842,0.33663366336633666,0.37623762376237624,0.297029702970297,0.6336633663366337,0.39603960396039606,0.7920792079207921,0.297029702970297,0.45544554455445546,0.5544554455445545,0.6732673267326733,0.8910891089108911,0.5148514851485149,0.594059405940594,0.7128712871287128,0.7920792079207921,0.7722772277227723,0.8316831683168316,0.9108910891089109,0.8712871287128713,0.7722772277227723,NA,0.9900990099009901,0.9702970297029703,0.9504950495049505,0.8910891089108911,0.5148514851485149,0.5148514851485149,0.9900990099009901,0.7128712871287128,0.6138613861386139,0.8910891089108911,0.8910891089108911,0.7128712871287128,0.693069306930693,0.9108910891089109,0.8910891089108911,0.6534653465346535,0.8514851485148515,0.49504950495049505,0.7326732673267327,0.7326732673267327,0.5742574257425742,0.4158415841584158,0.21782178217821782,0.297029702970297,0.37623762376237624,0.4158415841584158,0.31683168316831684,0.19801980198019803,0.4158415841584158,0.27722772277227725,0.33663366336633666,0.39603960396039606,0.37623762376237624,0.37623762376237624,0.33663366336633666,0.5346534653465347,0.5742574257425742,0.3564356435643564,0.21782178217821782,0.1782178217821782,0.21782178217821782,0.2376237623762376,0.15841584158415842,0.0594059405940594,0.15841584158415842,0.07920792079207921,0.0594059405940594,0.0594059405940594,0.019801980198019802,0.019801980198019802,0.019801980198019802,0.019801980198019802,0.019801980198019802,0.09900990099009901
W6_M48,0.0594059405940594,0.07920792079207921,0.039603960396039604,0.09900990099009901,0.1782178217821782,0.1188118811881188,0.0594059405940594,0.2376237623762376,0.1188118811881188,0.19801980198019803,0.13861386138613863,0.39603960396039606,0.07920792079207921,0.31683168316831684,0.15841584158415842,0.2376237623762376,0.1188118811881188,0.19801980198019803,0.2376237623762376,0.297029702970297,0.2376237623762376,0.21782178217821782,0.37623762376237624,0.4158415841584158,0.39603960396039606,0.3564356435643564,0.594059405940594,0.31683168316831684,0.297029702970297,0.39603960396039606,0.43564356435643564,0.5544554455445545,0.6534653465346535,0.7326732673267327,0.5544554455445545,0.594059405940594,0.5148514851485149,0.693069306930693,0.8712871287128713,0.7920792079207921,0.3564356435643564,0.8316831683168316,0.9900990099009901,0.5544554455445545,0.9900990099009901,0.9900990099009901,NA,0.8910891089108911,0.8118811881188119,0.9504950495049505,0.8712871287128713,0.9702970297029703,0.9504950495049505,0.9306930693069307,0.8514851485148515,0.9900990099009901,0.9306930693069307,0.8514851485148515,0.8910891089108911,0.9504950495049505,0.9108910891089109,0.9504950495049505,0.9504950495049505,0.8118811881188119,0.8316831683168316,0.6336633663366337,0.693069306930693,0.5148514851485149,0.6138613861386139,0.7128712871287128,0.6534653465346535,0.6336633663366337,0.5544554455445545,0.7524752475247525,0.7920792079207921,0.6534653465346535,0.6138613861386139,0.594059405940594,0.6336633663366337,0.5742574257425742,0.5742574257425742,0.6732673267326733,0.6336633663366337,0.693069306930693,0.45544554455445546,0.37623762376237624,0.39603960396039606,0.39603960396039606,0.25742574257425743,0.1782178217821782,0.1188118811881188,0.1188118811881188,0.1188118811881188,0.0594059405940594,0.019801980198019802,0.039603960396039604,0.019801980198019802,0.019801980198019802,0.019801980198019802,0.039603960396039604
W6_M49,0.039603960396039604,0.0594059405940594,0.019801980198019802,0.07920792079207921,0.13861386138613863,0.0594059405940594,0.0594059405940594,0.1782178217821782,0.297029702970297,0.2376237623762376,0.2376237623762376,0.21782178217821782,0.31683168316831684,0.25742574257425743,0.039603960396039604,0.21782178217821782,0.09900990099009901,0.25742574257425743,0.15841584158415842,0.2376237623762376,0.1782178217821782,0.4158415841584158,0.31683168316831684,0.27722772277227725,0.21782178217821782,0.27722772277227725,0.33663366336633666,0.25742574257425743,0.5148514851485149,0.1782178217821782,0.43564356435643564,0.25742574257425743,0.3564356435643564,0.49504950495049505,0.45544554455445546,0.5148514851485149,0.37623762376237624,0.6534653465346535,0.6336633663366337,0.7920792079207921,0.693069306930693,0.7920792079207921,0.7722772277227723,0.9504950495049505,0.9900990099009901,0.9702970297029703,0.8910891089108911,NA,0.8712871287128713,0.9108910891089109,0.9900990099009901,0.7920792079207921,0.9900990099009901,0.7920792079207921,0.6138613861386139,0.5346534653465347,0.7920792079207921,0.7722772277227723,0.9504950495049505,0.7722772277227723,0.9306930693069307,0.9108910891089109,0.6138613861386139,0.27722772277227725,0.39603960396039606,0.5544554455445545,0.39603960396039606,0.45544554455445546,0.297029702970297,0.27722772277227725,0.297029702970297,0.297029702970297,0.45544554455445546,0.39603960396039606,0.4158415841584158,0.45544554455445546,0.27722772277227725,0.33663366336633666,0.31683168316831684,0.4158415841584158,0.3564356435643564,0.5148514851485149,0.4158415841584158,0.21782178217821782,0.25742574257425743,0.15841584158415842,0.21782178217821782,0.19801980198019803,0.1188118811881188,0.19801980198019803,0.07920792079207921,0.1188118811881188,0.019801980198019802,0.019801980198019802,0.019801980198019802,0.019801980198019802,0.019801980198019802,0.019801980198019802,0.019801980198019802,0.0594059405940594
W6_M50,0.07920792079207921,0.019801980198019802,0.13861386138613863,0.0594059405940594,0.1188118811881188,0.039603960396039604,0.039603960396039604,0.07920792079207921,0.15841584158415842,0.1782178217821782,0.07920792079207921,0.19801980198019803,0.1188118811881188,0.07920792079207921,0.07920792079207921,0.15841584158415842,0.1188118811881188,0.13861386138613863,0.297029702970297,0.0594059405940594,0.039603960396039604,0.31683168316831684,0.33663366336633666,0.15841584158415842,0.13861386138613863,0.1782178217821782,0.21782178217821782,0.1782178217821782,0.39603960396039606,0.15841584158415842,0.31683168316831684,0.1188118811881188,0.33663366336633666,0.49504950495049505,0.33663366336633666,0.37623762376237624,0.3564356435643564,0.31683168316831684,0.594059405940594,0.693069306930693,0.7128712871287128,0.7128712871287128,0.6534653465346535,0.7128712871287128,0.9504950495049505,0.9504950495049505,0.8118811881188119,0.8712871287128713,NA,0.8514851485148515,0.9702970297029703,0.9900990099009901,0.9900990099009901,0.9702970297029703,0.8316831683168316,0.9900990099009901,0.9702970297029703,1.00990099009901,1.00990099009901,0.9702970297029703,1.00990099009901,0.8910891089108911,0.8514851485148515,0.7920792079207921,0.8910891089108911,0.7920792079207921,0.594059405940594,0.49504950495049505,0.33663366336633666,0.37623762376237624,0.4752475247524752,0.37623762376237624,0.33663366336633666,0.5148514851485149,0.3564356435643564,0.5148514851485149,0.5742574257425742,0.49504950495049505,0.4158415841584158,0.6138613861386139,0.33663366336633666,0.4752475247524752,0.6732673267326733,0.39603960396039606,0.45544554455445546,0.1782178217821782,0.27722772277227725,0.1782178217821782,0.19801980198019803,0.25742574257425743,0.09900990099009901,0.15841584158415842,0.07920792079207921,0.019801980198019802,0.039603960396039604,0.019801980198019802,0.019801980198019802,0.019801980198019802,0.019801980198019802,0.09900990099009901
W6_M51,0.07920792079207921,0.07920792079207921,0.0594059405940594,0.1188118811881188,0.19801980198019803,0.13861386138613863,0.1188118811881188,0.25742574257425743,0.297029702970297,0.2376237623762376,0.15841584158415842,0.33663366336633666,0.15841584158415842,0.43564356435643564,0.1782178217821782,0.2376237623762376,0.13861386138613863,0.19801980198019803,0.09900990099009901,0.49504950495049505,0.45544554455445546,0.297029702970297,0.5346534653465347,0.4752475247524752,0.5544554455445545,0.4158415841584158,0.43564356435643564,0.43564356435643564,0.33663366336633666,0.594059405940594,0.693069306930693,0.594059405940594,0.4158415841584158,0.7128712871287128,0.6732673267326733,0.693069306930693,0.7326732673267327,0.7128712871287128,0.9108910891089109,0.9702970297029703,0.6138613861386139,0.9702970297029703,0.7524752475247525,0.9108910891089109,0.9702970297029703,0.8910891089108911,0.9504950495049505,0.9108910891089109,0.8514851485148515,NA,0.9900990099009901,0.9306930693069307,0.9900990099009901,0.9504950495049505,0.7920792079207921,0.9306930693069307,0.7920792079207921,0.8712871287128713,0.9702970297029703,0.9702970297029703,0.8316831683168316,0.9306930693069307,0.8118811881188119,0.9108910891089109,0.8514851485148515,0.6138613861386139,0.5544554455445545,0.6534653465346535,0.37623762376237624,0.37623762376237624,0.39603960396039606,0.5544554455445545,0.5544554455445545,0.45544554455445546,0.693069306930693,0.5148514851485149,0.4752475247524752,0.5346534653465347,0.49504950495049505,0.4158415841584158,0.6534653465346535,0.6138613861386139,0.33663366336633666,0.5742574257425742,0.5346534653465347,0.297029702970297,0.3564356435643564,0.21782178217821782,0.21782178217821782,0.2376237623762376,0.15841584158415842,0.09900990099009901,0.07920792079207921,0.019801980198019802,0.019801980198019802,0.019801980198019802,0.019801980198019802,0.019801980198019802,0.019801980198019802,0.13861386138613863
W6_M52,0.07920792079207921,0.0594059405940594,0.039603960396039604,0.1188118811881188,0.039603960396039604,0.13861386138613863,0.13861386138613863,0.27722772277227725,0.2376237623762376,0.15841584158415842,0.2376237623762376,0.25742574257425743,0.13861386138613863,0.13861386138613863,0.039603960396039604,0.31683168316831684,0.21782178217821782,0.31683168316831684,0.25742574257425743,0.27722772277227725,0.33663366336633666,0.1782178217821782,0.45544554455445546,0.19801980198019803,0.13861386138613863,0.3564356435643564,0.37623762376237624,0.31683168316831684,0.6138613861386139,0.39603960396039606,0.4158415841584158,0.4158415841584158,0.5742574257425742,0.594059405940594,0.45544554455445546,0.6732673267326733,0.3564356435643564,0.45544554455445546,0.6138613861386139,0.7128712871287128,0.7722772277227723,0.8712871287128713,0.8910891089108911,0.8118811881188119,0.7128712871287128,0.5148514851485149,0.8712871287128713,0.9900990099009901,0.9702970297029703,0.9900990099009901,NA,0.8712871287128713,0.9306930693069307,0.693069306930693,0.9108910891089109,0.9900990099009901,0.9306930693069307,0.7722772277227723,0.9702970297029703,0.9900990099009901,0.9702970297029703,0.8712871287128713,0.9504950495049505,0.5742574257425742,0.5148514851485149,0.7128712871287128,0.6138613861386139,0.49504950495049505,0.3564356435643564,0.21782178217821782,0.2376237623762376,0.39603960396039606,0.25742574257425743,0.297029702970297,0.37623762376237624,0.39603960396039606,0.31683168316831684,0.49504950495049505,0.37623762376237624,0.4752475247524752,0.4752475247524752,0.49504950495049505,0.594059405940594,0.37623762376237624,0.4158415841584158,0.13861386138613863,0.039603960396039604,0.1188118811881188,0.15841584158415842,0.2376237623762376,0.1782178217821782,0.15841584158415842,0.09900990099009901,0.019801980198019802,0.019801980198019802,0.019801980198019802,0.019801980198019802,0.019801980198019802,0.019801980198019802,0.0594059405940594
W6_M53,0.019801980198019802,0.039603960396039604,0.09900990099009901,0.039603960396039604,0.07920792079207921,0.27722772277227725,0.1188118811881188,0.297029702970297,0.3564356435643564,0.21782178217821782,0.21782178217821782,0.2376237623762376,0.07920792079207921,0.13861386138613863,0.09900990099009901,0.31683168316831684,0.25742574257425743,0.39603960396039606,0.1188118811881188,0.3564356435643564,0.297029702970297,0.1188118811881188,0.37623762376237624,0.0594059405940594,0.1188118811881188,0.39603960396039606,0.21782178217821782,0.19801980198019803,0.45544554455445546,0.09900990099009901,0.6138613861386139,0.43564356435643564,0.4158415841584158,0.5148514851485149,0.43564356435643564,0.7128712871287128,0.39603960396039606,0.6138613861386139,0.5742574257425742,0.5742574257425742,0.594059405940594,0.7326732673267327,0.693069306930693,0.6336633663366337,0.8316831683168316,0.5148514851485149,0.9702970297029703,0.7920792079207921,0.9900990099009901,0.9306930693069307,0.8712871287128713,NA,0.8712871287128713,0.8514851485148515,0.7920792079207921,0.8712871287128713,0.9504950495049505,0.9702970297029703,0.9702970297029703,0.9900990099009901,1.00990099009901,0.9702970297029703,0.9900990099009901,0.7128712871287128,0.7524752475247525,0.7524752475247525,0.6138613861386139,0.6336633663366337,0.297029702970297,0.297029702970297,0.31683168316831684,0.39603960396039606,0.1782178217821782,0.49504950495049505,0.4158415841584158,0.37623762376237624,0.45544554455445546,0.43564356435643564,0.3564356435643564,0.45544554455445546,0.37623762376237624,0.49504950495049505,0.5346534653465347,0.39603960396039606,0.43564356435643564,0.21782178217821782,0.039603960396039604,0.27722772277227725,0.31683168316831684,0.15841584158415842,0.25742574257425743,0.19801980198019803,0.019801980198019802,0.039603960396039604,0.039603960396039604,0.019801980198019802,0.019801980198019802,0.019801980198019802,0.019801980198019802,0.039603960396039604
W6_M54,0.1188118811881188,0.09900990099009901,0.09900990099009901,0.07920792079207921,0.1188118811881188,0.0594059405940594,0.1782178217821782,0.27722772277227725,0.3564356435643564,0.25742574257425743,0.15841584158415842,0.297029702970297,0.21782178217821782,0.1782178217821782,0.09900990099009901,0.1782178217821782,0.25742574257425743,0.31683168316831684,0.297029702970297,0.45544554455445546,0.33663366336633666,0.25742574257425743,0.39603960396039606,0.31683168316831684,0.49504950495049505,0.39603960396039606,0.7524752475247525,0.3564356435643564,0.49504950495049505,0.39603960396039606,0.4752475247524752,0.45544554455445546,0.5742574257425742,0.45544554455445546,0.7128712871287128,0.594059405940594,0.693069306930693,0.6138613861386139,0.8514851485148515,0.7920792079207921,0.7920792079207921,0.8316831683168316,0.9306930693069307,1.00990099009901,0.9108910891089109,0.9900990099009901,0.9504950495049505,0.9900990099009901,0.9900990099009901,0.9900990099009901,0.9306930693069307,0.8712871287128713,NA,0.8910891089108911,0.9900990099009901,0.8712871287128713,0.8712871287128713,0.8514851485148515,0.9504950495049505,0.9504950495049505,1.00990099009901,0.8910891089108911,0.9504950495049505,0.7920792079207921,0.9306930693069307,0.8118811881188119,0.7524752475247525,0.7326732673267327,0.6138613861386139,0.6732673267326733,0.5544554455445545,0.5148514851485149,0.6534653465346535,0.5742574257425742,0.6534653465346535,0.6138613861386139,0.5148514851485149,0.6534653465346535,0.594059405940594,0.6138613861386139,0.43564356435643564,0.4158415841584158,0.8316831683168316,0.5148514851485149,0.39603960396039606,0.3564356435643564,0.297029702970297,0.3564356435643564,0.2376237623762376,0.37623762376237624,0.19801980198019803,0.13861386138613863,0.0594059405940594,0.0594059405940594,0.039603960396039604,0.019801980198019802,0.019801980198019802,0.019801980198019802,0.019801980198019802,0.07920792079207921
W6_M55,0.1188118811881188,0.0594059405940594,0.039603960396039604,0.0594059405940594,0.15841584158415842,0.1188118811881188,0.039603960396039604,0.21782178217821782,0.19801980198019803,0.297029702970297,0.13861386138613863,0.15841584158415842,0.13861386138613863,0.15841584158415842,0.0594059405940594,0.25742574257425743,0.039603960396039604,0.0594059405940594,0.019801980198019802,0.27722772277227725,0.13861386138613863,0.19801980198019803,0.43564356435643564,0.09900990099009901,0.25742574257425743,0.21782178217821782,0.15841584158415842,0.297029702970297,0.6534653465346535,0.25742574257425743,0.33663366336633666,0.27722772277227725,0.13861386138613863,0.43564356435643564,0.45544554455445546,0.5544554455445545,0.297029702970297,0.6336633663366337,0.6138613861386139,0.9900990099009901,0.7128712871287128,0.6336633663366337,0.9108910891089109,0.6138613861386139,0.7920792079207921,0.7128712871287128,0.9306930693069307,0.7920792079207921,0.9702970297029703,0.9504950495049505,0.693069306930693,0.8514851485148515,0.8910891089108911,NA,0.9504950495049505,0.9900990099009901,0.9504950495049505,0.8316831683168316,0.8514851485148515,0.9900990099009901,0.9900990099009901,0.9702970297029703,0.8712871287128713,0.6336633663366337,0.5544554455445545,0.7722772277227723,0.6534653465346535,0.8316831683168316,0.39603960396039606,0.37623762376237624,0.31683168316831684,0.6336633663366337,0.6138613861386139,0.5544554455445545,0.6732673267326733,0.693069306930693,0.7128712871287128,0.6336633663366337,0.49504950495049505,0.6336633663366337,0.594059405940594,0.49504950495049505,0.594059405940594,0.45544554455445546,0.33663366336633666,0.4752475247524752,0.37623762376237624,0.27722772277227725,0.15841584158415842,0.19801980198019803,0.15841584158415842,0.07920792079207921,0.0594059405940594,0.019801980198019802,0.019801980198019802,0.019801980198019802,0.039603960396039604,0.019801980198019802,0.019801980198019802,0.13861386138613863
W6_M56,0.039603960396039604,0.0594059405940594,0.1188118811881188,0.13861386138613863,0.09900990099009901,0.039603960396039604,0.0594059405940594,0.1188118811881188,0.15841584158415842,0.1188118811881188,0.297029702970297,0.19801980198019803,0.297029702970297,0.19801980198019803,0.07920792079207921,0.19801980198019803,0.13861386138613863,0.15841584158415842,0.1782178217821782,0.297029702970297,0.1782178217821782,0.15841584158415842,0.37623762376237624,0.1188118811881188,0.1188118811881188,0.33663366336633666,0.39603960396039606,0.13861386138613863,0.5346534653465347,0.25742574257425743,0.39603960396039606,0.297029702970297,0.297029702970297,0.4158415841584158,0.43564356435643564,0.5148514851485149,0.3564356435643564,0.5148514851485149,0.45544554455445546,0.7326732673267327,0.45544554455445546,0.5544554455445545,0.8910891089108911,0.6138613861386139,0.7920792079207921,0.6138613861386139,0.8514851485148515,0.6138613861386139,0.8316831683168316,0.7920792079207921,0.9108910891089109,0.7920792079207921,0.9900990099009901,0.9504950495049505,NA,0.8118811881188119,0.9108910891089109,0.8514851485148515,0.7326732673267327,0.8118811881188119,0.8316831683168316,0.8712871287128713,1.00990099009901,0.693069306930693,0.6138613861386139,0.7722772277227723,0.4158415841584158,0.594059405940594,0.2376237623762376,0.297029702970297,0.25742574257425743,0.3564356435643564,0.4158415841584158,0.5544554455445545,0.39603960396039606,0.45544554455445546,0.5544554455445545,0.6336633663366337,0.4158415841584158,0.594059405940594,0.5346534653465347,0.5742574257425742,0.5148514851485149,0.4158415841584158,0.3564356435643564,0.31683168316831684,0.31683168316831684,0.15841584158415842,0.15841584158415842,0.09900990099009901,0.09900990099009901,0.15841584158415842,0.07920792079207921,0.039603960396039604,0.019801980198019802,0.019801980198019802,0.019801980198019802,0.019801980198019802,0.019801980198019802,0.09900990099009901
W6_M57,0.0594059405940594,0.019801980198019802,0.019801980198019802,0.09900990099009901,0.13861386138613863,0.15841584158415842,0.15841584158415842,0.15841584158415842,0.1782178217821782,0.21782178217821782,0.1188118811881188,0.1782178217821782,0.1782178217821782,0.31683168316831684,0.039603960396039604,0.1782178217821782,0.09900990099009901,0.09900990099009901,0.15841584158415842,0.4752475247524752,0.3564356435643564,0.25742574257425743,0.25742574257425743,0.09900990099009901,0.19801980198019803,0.297029702970297,0.2376237623762376,0.1782178217821782,0.49504950495049505,0.27722772277227725,0.1782178217821782,0.27722772277227725,0.3564356435643564,0.49504950495049505,0.5148514851485149,0.3564356435643564,0.37623762376237624,0.6138613861386139,0.7722772277227723,0.7722772277227723,0.594059405940594,0.4752475247524752,0.8316831683168316,0.7326732673267327,0.8514851485148515,0.8910891089108911,0.9900990099009901,0.5346534653465347,0.9900990099009901,0.9306930693069307,0.9900990099009901,0.8712871287128713,0.8712871287128713,0.9900990099009901,0.8118811881188119,NA,0.8514851485148515,0.9702970297029703,0.9504950495049505,0.9504950495049505,0.8712871287128713,1.00990099009901,0.9702970297029703,0.6138613861386139,0.6732673267326733,0.7524752475247525,0.39603960396039606,0.5544554455445545,0.19801980198019803,0.27722772277227725,0.297029702970297,0.33663366336633666,0.31683168316831684,0.37623762376237624,0.43564356435643564,0.4158415841584158,0.5742574257425742,0.4158415841584158,0.4752475247524752,0.39603960396039606,0.6336633663366337,0.5148514851485149,0.6336633663366337,0.21782178217821782,0.37623762376237624,0.07920792079207921,0.27722772277227725,0.19801980198019803,0.1188118811881188,0.1188118811881188,0.1782178217821782,0.15841584158415842,0.039603960396039604,0.039603960396039604,0.019801980198019802,0.019801980198019802,0.019801980198019802,0.019801980198019802,0.019801980198019802,0.039603960396039604
W6_M58,0.019801980198019802,0.07920792079207921,0.039603960396039604,0.039603960396039604,0.0594059405940594,0.07920792079207921,0.09900990099009901,0.21782178217821782,0.19801980198019803,0.1782178217821782,0.13861386138613863,0.1782178217821782,0.15841584158415842,0.2376237623762376,0.0594059405940594,0.2376237623762376,0.1782178217821782,0.297029702970297,0.15841584158415842,0.2376237623762376,0.13861386138613863,0.1782178217821782,0.45544554455445546,0.27722772277227725,0.19801980198019803,0.3564356435643564,0.25742574257425743,0.25742574257425743,0.5148514851485149,0.31683168316831684,0.4158415841584158,0.31683168316831684,0.39603960396039606,0.6732673267326733,0.4752475247524752,0.49504950495049505,0.25742574257425743,0.6336633663366337,0.693069306930693,0.7920792079207921,0.7920792079207921,0.5544554455445545,0.693069306930693,0.7128712871287128,0.7722772277227723,0.8910891089108911,0.9306930693069307,0.7920792079207921,0.9702970297029703,0.7920792079207921,0.9306930693069307,0.9504950495049505,0.8712871287128713,0.9504950495049505,0.9108910891089109,0.8514851485148515,NA,0.7722772277227723,0.9306930693069307,0.7524752475247525,0.9702970297029703,0.9504950495049505,0.9108910891089109,0.7128712871287128,0.5742574257425742,0.49504950495049505,0.39603960396039606,0.5742574257425742,0.25742574257425743,0.25742574257425743,0.33663366336633666,0.43564356435643564,0.297029702970297,0.49504950495049505,0.43564356435643564,0.4158415841584158,0.5742574257425742,0.37623762376237624,0.4158415841584158,0.5148514851485149,0.49504950495049505,0.594059405940594,0.594059405940594,0.25742574257425743,0.27722772277227725,0.25742574257425743,0.297029702970297,0.31683168316831684,0.1188118811881188,0.1188118811881188,0.0594059405940594,0.1188118811881188,0.039603960396039604,0.019801980198019802,0.039603960396039604,0.019801980198019802,0.019801980198019802,0.019801980198019802,0.019801980198019802,0.039603960396039604
W6_M59,0.15841584158415842,0.07920792079207921,0.039603960396039604,0.039603960396039604,0.13861386138613863,0.09900990099009901,0.0594059405940594,0.37623762376237624,0.19801980198019803,0.25742574257425743,0.27722772277227725,0.13861386138613863,0.1188118811881188,0.15841584158415842,0.039603960396039604,0.3564356435643564,0.0594059405940594,0.15841584158415842,0.19801980198019803,0.39603960396039606,0.33663366336633666,0.3564356435643564,0.33663366336633666,0.19801980198019803,0.1188118811881188,0.3564356435643564,0.25742574257425743,0.297029702970297,0.5544554455445545,0.43564356435643564,0.37623762376237624,0.297029702970297,0.297029702970297,0.5148514851485149,0.6138613861386139,0.49504950495049505,0.5148514851485149,0.693069306930693,0.49504950495049505,0.7722772277227723,0.7722772277227723,0.7128712871287128,0.6138613861386139,0.7920792079207921,0.8118811881188119,0.7128712871287128,0.8514851485148515,0.7722772277227723,1.00990099009901,0.8712871287128713,0.7722772277227723,0.9702970297029703,0.8514851485148515,0.8316831683168316,0.8514851485148515,0.9702970297029703,0.7722772277227723,NA,0.9504950495049505,0.8910891089108911,0.9900990099009901,0.8316831683168316,0.8910891089108911,0.45544554455445546,0.5742574257425742,0.7128712871287128,0.4158415841584158,0.4752475247524752,0.1782178217821782,0.43564356435643564,0.31683168316831684,0.3564356435643564,0.3564356435643564,0.31683168316831684,0.27722772277227725,0.4752475247524752,0.5346534653465347,0.31683168316831684,0.31683168316831684,0.5346534653465347,0.45544554455445546,0.49504950495049505,0.7524752475247525,0.31683168316831684,0.2376237623762376,0.2376237623762376,0.27722772277227725,0.2376237623762376,0.19801980198019803,0.15841584158415842,0.07920792079207921,0.09900990099009901,0.039603960396039604,0.019801980198019802,0.019801980198019802,0.019801980198019802,0.019801980198019802,0.019801980198019802,0.019801980198019802,0.09900990099009901
W6_M60,0.09900990099009901,0.1188118811881188,0.09900990099009901,0.15841584158415842,0.1188118811881188,0.13861386138613863,0.019801980198019802,0.1782178217821782,0.3564356435643564,0.1782178217821782,0.39603960396039606,0.19801980198019803,0.1782178217821782,0.25742574257425743,0.0594059405940594,0.33663366336633666,0.13861386138613863,0.1782178217821782,0.21782178217821782,0.3564356435643564,0.31683168316831684,0.297029702970297,0.4752475247524752,0.13861386138613863,0.25742574257425743,0.5742574257425742,0.37623762376237624,0.297029702970297,0.7326732673267327,0.33663366336633666,0.4158415841584158,0.49504950495049505,0.37623762376237624,0.4752475247524752,0.5742574257425742,0.49504950495049505,0.45544554455445546,0.8316831683168316,0.5544554455445545,0.7722772277227723,0.7524752475247525,0.594059405940594,0.8910891089108911,0.9504950495049505,0.8712871287128713,0.693069306930693,0.8910891089108911,0.9504950495049505,1.00990099009901,0.9702970297029703,0.9702970297029703,0.9702970297029703,0.9504950495049505,0.8514851485148515,0.7326732673267327,0.9504950495049505,0.9306930693069307,0.9504950495049505,NA,0.7524752475247525,0.9108910891089109,0.7722772277227723,0.9900990099009901,0.49504950495049505,0.5742574257425742,0.8316831683168316,0.33663366336633666,0.6534653465346535,0.1782178217821782,0.27722772277227725,0.33663366336633666,0.4158415841584158,0.37623762376237624,0.4158415841584158,0.5346534653465347,0.27722772277227725,0.3564356435643564,0.37623762376237624,0.43564356435643564,0.45544554455445546,0.4752475247524752,0.4752475247524752,0.594059405940594,0.13861386138613863,0.297029702970297,0.31683168316831684,0.21782178217821782,0.21782178217821782,0.019801980198019802,0.1188118811881188,0.13861386138613863,0.0594059405940594,0.0594059405940594,0.019801980198019802,0.019801980198019802,0.019801980198019802,0.019801980198019802,0.019801980198019802,0.019801980198019802,0.15841584158415842
W6_M61,0.07920792079207921,0.0594059405940594,0.0594059405940594,0.07920792079207921,0.1188118811881188,0.19801980198019803,0.07920792079207921,0.19801980198019803,0.2376237623762376,0.15841584158415842,0.13861386138613863,0.25742574257425743,0.15841584158415842,0.19801980198019803,0.0594059405940594,0.31683168316831684,0.13861386138613863,0.15841584158415842,0.21782178217821782,0.37623762376237624,0.31683168316831684,0.27722772277227725,0.39603960396039606,0.19801980198019803,0.1782178217821782,0.4158415841584158,0.297029702970297,0.2376237623762376,0.5346534653465347,0.33663366336633666,0.33663366336633666,0.15841584158415842,0.4752475247524752,0.49504950495049505,0.594059405940594,0.49504950495049505,0.3564356435643564,0.5742574257425742,0.5346534653465347,0.7326732673267327,0.7920792079207921,0.7128712871287128,0.8910891089108911,0.9504950495049505,0.7920792079207921,0.9108910891089109,0.9504950495049505,0.7722772277227723,0.9702970297029703,0.9702970297029703,0.9900990099009901,0.9900990099009901,0.9504950495049505,0.9900990099009901,0.8118811881188119,0.9504950495049505,0.7524752475247525,0.8910891089108911,0.7524752475247525,NA,0.8514851485148515,0.8910891089108911,0.8514851485148515,0.31683168316831684,0.297029702970297,0.8712871287128713,0.31683168316831684,0.27722772277227725,0.2376237623762376,0.27722772277227725,0.33663366336633666,0.39603960396039606,0.21782178217821782,0.2376237623762376,0.4752475247524752,0.39603960396039606,0.37623762376237624,0.39603960396039606,0.4158415841584158,0.39603960396039606,0.4158415841584158,0.4752475247524752,0.6138613861386139,0.33663366336633666,0.3564356435643564,0.19801980198019803,0.21782178217821782,0.15841584158415842,0.13861386138613863,0.09900990099009901,0.09900990099009901,0.07920792079207921,0.019801980198019802,0.039603960396039604,0.019801980198019802,0.019801980198019802,0.019801980198019802,0.019801980198019802,0.019801980198019802,0.07920792079207921
W6_M62,0.07920792079207921,0.0594059405940594,0.1188118811881188,0.0594059405940594,0.19801980198019803,0.0594059405940594,0.07920792079207921,0.1188118811881188,0.27722772277227725,0.21782178217821782,0.2376237623762376,0.2376237623762376,0.19801980198019803,0.13861386138613863,0.0594059405940594,0.25742574257425743,0.15841584158415842,0.1782178217821782,0.07920792079207921,0.37623762376237624,0.27722772277227725,0.27722772277227725,0.27722772277227725,0.15841584158415842,0.2376237623762376,0.33663366336633666,0.31683168316831684,0.1188118811881188,0.6336633663366337,0.297029702970297,0.27722772277227725,0.31683168316831684,0.39603960396039606,0.43564356435643564,0.594059405940594,0.39603960396039606,0.5346534653465347,0.39603960396039606,0.6534653465346535,0.8118811881188119,0.5544554455445545,0.594059405940594,0.7326732673267327,0.8118811881188119,0.9108910891089109,0.8910891089108911,0.9108910891089109,0.9306930693069307,1.00990099009901,0.8316831683168316,0.9702970297029703,1.00990099009901,1.00990099009901,0.9900990099009901,0.8316831683168316,0.8712871287128713,0.9702970297029703,0.9900990099009901,0.9108910891089109,0.8514851485148515,NA,0.7524752475247525,0.8514851485148515,0.37623762376237624,0.39603960396039606,0.8118811881188119,0.39603960396039606,0.594059405940594,0.37623762376237624,0.39603960396039606,0.27722772277227725,0.39603960396039606,0.2376237623762376,0.43564356435643564,0.4752475247524752,0.39603960396039606,0.31683168316831684,0.49504950495049505,0.37623762376237624,0.594059405940594,0.693069306930693,0.6138613861386139,0.8514851485148515,0.31683168316831684,0.27722772277227725,0.31683168316831684,0.1782178217821782,0.19801980198019803,0.2376237623762376,0.1188118811881188,0.15841584158415842,0.019801980198019802,0.0594059405940594,0.019801980198019802,0.019801980198019802,0.019801980198019802,0.019801980198019802,0.019801980198019802,0.019801980198019802,0.1188118811881188
W6_M63,0.07920792079207921,0.1188118811881188,0.039603960396039604,0.1782178217821782,0.09900990099009901,0.039603960396039604,0.07920792079207921,0.21782178217821782,0.297029702970297,0.27722772277227725,0.07920792079207921,0.33663366336633666,0.15841584158415842,0.33663366336633666,0.07920792079207921,0.19801980198019803,0.1188118811881188,0.21782178217821782,0.13861386138613863,0.25742574257425743,0.2376237623762376,0.19801980198019803,0.37623762376237624,0.15841584158415842,0.09900990099009901,0.39603960396039606,0.297029702970297,0.25742574257425743,0.594059405940594,0.27722772277227725,0.31683168316831684,0.3564356435643564,0.33663366336633666,0.5544554455445545,0.45544554455445546,0.43564356435643564,0.5148514851485149,0.6732673267326733,0.6534653465346535,0.7524752475247525,0.693069306930693,0.6138613861386139,0.7128712871287128,0.7722772277227723,0.9306930693069307,0.6534653465346535,0.9504950495049505,0.9108910891089109,0.8910891089108911,0.9306930693069307,0.8712871287128713,0.9702970297029703,0.8910891089108911,0.9702970297029703,0.8712871287128713,1.00990099009901,0.9504950495049505,0.8316831683168316,0.7722772277227723,0.8910891089108911,0.7524752475247525,NA,0.8910891089108911,0.39603960396039606,0.4158415841584158,0.7722772277227723,0.31683168316831684,0.594059405940594,0.2376237623762376,0.27722772277227725,0.39603960396039606,0.4752475247524752,0.31683168316831684,0.5742574257425742,0.37623762376237624,0.27722772277227725,0.33663366336633666,0.4752475247524752,0.27722772277227725,0.43564356435643564,0.6336633663366337,0.5544554455445545,0.39603960396039606,0.13861386138613863,0.3564356435643564,0.19801980198019803,0.297029702970297,0.19801980198019803,0.15841584158415842,0.1188118811881188,0.09900990099009901,0.13861386138613863,0.039603960396039604,0.039603960396039604,0.019801980198019802,0.019801980198019802,0.019801980198019802,0.019801980198019802,0.019801980198019802,0.09900990099009901
W6_M64,0.1188118811881188,0.07920792079207921,0.07920792079207921,0.0594059405940594,0.1188118811881188,0.15841584158415842,0.1188118811881188,0.2376237623762376,0.19801980198019803,0.1782178217821782,0.297029702970297,0.1782178217821782,0.19801980198019803,0.19801980198019803,0.13861386138613863,0.1782178217821782,0.25742574257425743,0.09900990099009901,0.15841584158415842,0.33663366336633666,0.25742574257425743,0.19801980198019803,0.37623762376237624,0.2376237623762376,0.15841584158415842,0.5148514851485149,0.297029702970297,0.19801980198019803,0.49504950495049505,0.2376237623762376,0.37623762376237624,0.43564356435643564,0.297029702970297,0.4158415841584158,0.4752475247524752,0.693069306930693,0.39603960396039606,0.5148514851485149,0.594059405940594,0.693069306930693,0.7128712871287128,0.5346534653465347,0.8316831683168316,0.7524752475247525,0.8118811881188119,0.8514851485148515,0.9504950495049505,0.6138613861386139,0.8514851485148515,0.8118811881188119,0.9504950495049505,0.9900990099009901,0.9504950495049505,0.8712871287128713,1.00990099009901,0.9702970297029703,0.9108910891089109,0.8910891089108911,0.9900990099009901,0.8514851485148515,0.8514851485148515,0.8910891089108911,NA,0.37623762376237624,0.6732673267326733,0.8316831683168316,0.33663366336633666,0.693069306930693,0.27722772277227725,0.25742574257425743,0.19801980198019803,0.33663366336633666,0.27722772277227725,0.33663366336633666,0.297029702970297,0.297029702970297,0.37623762376237624,0.31683168316831684,0.27722772277227725,0.5544554455445545,0.45544554455445546,0.6336633663366337,0.6138613861386139,0.2376237623762376,0.297029702970297,0.21782178217821782,0.19801980198019803,0.25742574257425743,0.09900990099009901,0.07920792079207921,0.1188118811881188,0.13861386138613863,0.039603960396039604,0.019801980198019802,0.019801980198019802,0.019801980198019802,0.019801980198019802,0.019801980198019802,0.019801980198019802,0.0594059405940594
W6_M65,0.0594059405940594,0.019801980198019802,0.0594059405940594,0.1188118811881188,0.019801980198019802,0.09900990099009901,0.0594059405940594,0.25742574257425743,0.21782178217821782,0.1782178217821782,0.1188118811881188,0.15841584158415842,0.09900990099009901,0.1782178217821782,0.0594059405940594,0.2376237623762376,0.1188118811881188,0.13861386138613863,0.07920792079207921,0.2376237623762376,0.21782178217821782,0.09900990099009901,0.21782178217821782,0.09900990099009901,0.13861386138613863,0.27722772277227725,0.21782178217821782,0.1782178217821782,0.31683168316831684,0.1782178217821782,0.13861386138613863,0.1782178217821782,0.33663366336633666,0.5148514851485149,0.21782178217821782,0.45544554455445546,0.21782178217821782,0.4158415841584158,0.37623762376237624,0.6138613861386139,0.5346534653465347,0.43564356435643564,0.594059405940594,0.45544554455445546,0.594059405940594,0.49504950495049505,0.8118811881188119,0.27722772277227725,0.7920792079207921,0.9108910891089109,0.5742574257425742,0.7128712871287128,0.7920792079207921,0.6336633663366337,0.693069306930693,0.6138613861386139,0.7128712871287128,0.45544554455445546,0.49504950495049505,0.31683168316831684,0.37623762376237624,0.39603960396039606,0.37623762376237624,NA,0.9108910891089109,0.9900990099009901,0.6138613861386139,0.8118811881188119,0.7722772277227723,0.5346534653465347,0.5346534653465347,0.6534653465346535,0.594059405940594,0.6138613861386139,0.6732673267326733,0.4752475247524752,0.6534653465346535,0.49504950495049505,0.49504950495049505,0.8316831683168316,0.6336633663366337,0.6732673267326733,0.693069306930693,0.5742574257425742,0.5346534653465347,0.31683168316831684,0.37623762376237624,0.31683168316831684,0.37623762376237624,0.2376237623762376,0.297029702970297,0.15841584158415842,0.0594059405940594,0.019801980198019802,0.019801980198019802,0.039603960396039604,0.019801980198019802,0.019801980198019802,0.019801980198019802,0.07920792079207921
W6_M66,0.019801980198019802,0.039603960396039604,0.09900990099009901,0.039603960396039604,0.2376237623762376,0.1188118811881188,0.0594059405940594,0.1782178217821782,0.1782178217821782,0.21782178217821782,0.15841584158415842,0.13861386138613863,0.15841584158415842,0.2376237623762376,0.039603960396039604,0.1782178217821782,0.07920792079207921,0.1782178217821782,0.09900990099009901,0.31683168316831684,0.1782178217821782,0.19801980198019803,0.37623762376237624,0.07920792079207921,0.13861386138613863,0.297029702970297,0.297029702970297,0.1782178217821782,0.33663366336633666,0.33663366336633666,0.2376237623762376,0.25742574257425743,0.37623762376237624,0.45544554455445546,0.43564356435643564,0.5148514851485149,0.15841584158415842,0.4752475247524752,0.45544554455445546,0.5346534653465347,0.43564356435643564,0.43564356435643564,0.43564356435643564,0.6336633663366337,0.7524752475247525,0.7326732673267327,0.8316831683168316,0.39603960396039606,0.8910891089108911,0.8514851485148515,0.5148514851485149,0.7524752475247525,0.9306930693069307,0.5544554455445545,0.6138613861386139,0.6732673267326733,0.5742574257425742,0.5742574257425742,0.5742574257425742,0.297029702970297,0.39603960396039606,0.4158415841584158,0.6732673267326733,0.9108910891089109,NA,0.8118811881188119,0.8910891089108911,0.6138613861386139,0.7128712871287128,0.7128712871287128,0.6138613861386139,0.6534653465346535,0.7524752475247525,0.8118811881188119,0.7326732673267327,0.9900990099009901,0.8514851485148515,0.4158415841584158,0.7128712871287128,0.594059405940594,0.7128712871287128,0.693069306930693,0.8910891089108911,0.6336633663366337,0.43564356435643564,0.37623762376237624,0.27722772277227725,0.33663366336633666,0.21782178217821782,0.15841584158415842,0.15841584158415842,0.21782178217821782,0.07920792079207921,0.019801980198019802,0.019801980198019802,0.019801980198019802,0.019801980198019802,0.019801980198019802,0.019801980198019802,0.019801980198019802
W6_M67,0.07920792079207921,0.0594059405940594,0.0594059405940594,0.1188118811881188,0.1188118811881188,0.07920792079207921,0.13861386138613863,0.2376237623762376,0.15841584158415842,0.1188118811881188,0.07920792079207921,0.13861386138613863,0.1782178217821782,0.13861386138613863,0.019801980198019802,0.15841584158415842,0.15841584158415842,0.09900990099009901,0.09900990099009901,0.31683168316831684,0.2376237623762376,0.1782178217821782,0.2376237623762376,0.297029702970297,0.19801980198019803,0.21782178217821782,0.27722772277227725,0.2376237623762376,0.3564356435643564,0.39603960396039606,0.25742574257425743,0.33663366336633666,0.2376237623762376,0.33663366336633666,0.4752475247524752,0.37623762376237624,0.4158415841584158,0.3564356435643564,0.5544554455445545,0.6138613861386139,0.5544554455445545,0.6138613861386139,0.6534653465346535,0.5346534653465347,0.8316831683168316,0.7326732673267327,0.6336633663366337,0.5544554455445545,0.7920792079207921,0.6138613861386139,0.7128712871287128,0.7524752475247525,0.8118811881188119,0.7722772277227723,0.7722772277227723,0.7524752475247525,0.49504950495049505,0.7128712871287128,0.8316831683168316,0.8712871287128713,0.8118811881188119,0.7722772277227723,0.8316831683168316,0.9900990099009901,0.8118811881188119,NA,0.9900990099009901,0.9306930693069307,0.8910891089108911,0.8514851485148515,0.9108910891089109,0.9702970297029703,0.8316831683168316,0.9504950495049505,0.9900990099009901,1.00990099009901,0.8910891089108911,0.8712871287128713,0.9108910891089109,0.8712871287128713,0.9702970297029703,0.8118811881188119,0.8514851485148515,0.8514851485148515,0.7128712871287128,0.7128712871287128,0.6336633663366337,0.8316831683168316,0.45544554455445546,0.5742574257425742,0.3564356435643564,0.0594059405940594,0.21782178217821782,0.039603960396039604,0.019801980198019802,0.019801980198019802,0.019801980198019802,0.019801980198019802,0.019801980198019802,0.039603960396039604
W6_M68,0.039603960396039604,0.039603960396039604,0.1188118811881188,0.07920792079207921,0.07920792079207921,0.09900990099009901,0.0594059405940594,0.09900990099009901,0.1782178217821782,0.19801980198019803,0.13861386138613863,0.09900990099009901,0.21782178217821782,0.15841584158415842,0.019801980198019802,0.19801980198019803,0.1188118811881188,0.13861386138613863,0.1188118811881188,0.07920792079207921,0.1188118811881188,0.27722772277227725,0.27722772277227725,0.21782178217821782,0.0594059405940594,0.15841584158415842,0.297029702970297,0.1782178217821782,0.43564356435643564,0.1782178217821782,0.2376237623762376,0.33663366336633666,0.09900990099009901,0.31683168316831684,0.33663366336633666,0.25742574257425743,0.25742574257425743,0.4752475247524752,0.2376237623762376,0.6534653465346535,0.5544554455445545,0.4752475247524752,0.4752475247524752,0.7128712871287128,0.7326732673267327,0.5742574257425742,0.693069306930693,0.39603960396039606,0.594059405940594,0.5544554455445545,0.6138613861386139,0.6138613861386139,0.7524752475247525,0.6534653465346535,0.4158415841584158,0.39603960396039606,0.39603960396039606,0.4158415841584158,0.33663366336633666,0.31683168316831684,0.39603960396039606,0.31683168316831684,0.33663366336633666,0.6138613861386139,0.8910891089108911,0.9900990099009901,NA,0.7920792079207921,0.7326732673267327,0.9108910891089109,0.9702970297029703,0.9108910891089109,0.7920792079207921,0.8712871287128713,0.9306930693069307,0.9108910891089109,1.00990099009901,0.7128712871287128,0.8514851485148515,0.7722772277227723,0.8910891089108911,0.7524752475247525,0.8514851485148515,0.37623762376237624,0.6336633663366337,0.43564356435643564,0.3564356435643564,0.21782178217821782,0.2376237623762376,0.297029702970297,0.21782178217821782,0.13861386138613863,0.13861386138613863,0.07920792079207921,0.039603960396039604,0.019801980198019802,0.019801980198019802,0.019801980198019802,0.019801980198019802,0.07920792079207921
W6_M69,0.019801980198019802,0.039603960396039604,0.0594059405940594,0.039603960396039604,0.0594059405940594,0.0594059405940594,0.0594059405940594,0.2376237623762376,0.27722772277227725,0.19801980198019803,0.13861386138613863,0.07920792079207921,0.27722772277227725,0.21782178217821782,0.039603960396039604,0.15841584158415842,0.07920792079207921,0.19801980198019803,0.15841584158415842,0.21782178217821782,0.25742574257425743,0.1188118811881188,0.45544554455445546,0.1188118811881188,0.19801980198019803,0.25742574257425743,0.4158415841584158,0.297029702970297,0.37623762376237624,0.5148514851485149,0.33663366336633666,0.25742574257425743,0.15841584158415842,0.37623762376237624,0.5148514851485149,0.5148514851485149,0.21782178217821782,0.5544554455445545,0.33663366336633666,0.594059405940594,0.4752475247524752,0.39603960396039606,0.6138613861386139,0.594059405940594,0.7326732673267327,0.4158415841584158,0.5148514851485149,0.45544554455445546,0.49504950495049505,0.6534653465346535,0.49504950495049505,0.6336633663366337,0.7326732673267327,0.8316831683168316,0.594059405940594,0.5544554455445545,0.5742574257425742,0.4752475247524752,0.6534653465346535,0.27722772277227725,0.594059405940594,0.594059405940594,0.693069306930693,0.8118811881188119,0.6138613861386139,0.9306930693069307,0.7920792079207921,NA,0.9108910891089109,0.8910891089108911,0.9702970297029703,0.8910891089108911,0.9702970297029703,0.9900990099009901,0.8514851485148515,0.9900990099009901,0.8910891089108911,0.8910891089108911,0.8712871287128713,0.7722772277227723,0.9900990099009901,0.8910891089108911,0.9900990099009901,0.7524752475247525,0.5742574257425742,0.594059405940594,0.5148514851485149,0.5544554455445545,0.4752475247524752,0.2376237623762376,0.27722772277227725,0.297029702970297,0.21782178217821782,0.0594059405940594,0.09900990099009901,0.039603960396039604,0.019801980198019802,0.019801980198019802,0.019801980198019802,0.019801980198019802
W6_M70,0.019801980198019802,0.019801980198019802,0.039603960396039604,0.039603960396039604,0.039603960396039604,0.039603960396039604,0.019801980198019802,0.07920792079207921,0.039603960396039604,0.039603960396039604,0.0594059405940594,0.0594059405940594,0.019801980198019802,0.039603960396039604,0.019801980198019802,0.07920792079207921,0.0594059405940594,0.0594059405940594,0.09900990099009901,0.13861386138613863,0.0594059405940594,0.09900990099009901,0.07920792079207921,0.1188118811881188,0.09900990099009901,0.25742574257425743,0.15841584158415842,0.0594059405940594,0.19801980198019803,0.13861386138613863,0.13861386138613863,0.27722772277227725,0.1782178217821782,0.297029702970297,0.1188118811881188,0.33663366336633666,0.13861386138613863,0.19801980198019803,0.21782178217821782,0.21782178217821782,0.25742574257425743,0.39603960396039606,0.4158415841584158,0.5544554455445545,0.31683168316831684,0.21782178217821782,0.6138613861386139,0.297029702970297,0.33663366336633666,0.37623762376237624,0.3564356435643564,0.297029702970297,0.6138613861386139,0.39603960396039606,0.2376237623762376,0.19801980198019803,0.25742574257425743,0.1782178217821782,0.1782178217821782,0.2376237623762376,0.37623762376237624,0.2376237623762376,0.27722772277227725,0.7722772277227723,0.7128712871287128,0.8910891089108911,0.7326732673267327,0.9108910891089109,NA,0.6732673267326733,0.8712871287128713,0.6534653465346535,0.7722772277227723,0.6732673267326733,0.5148514851485149,0.693069306930693,0.5742574257425742,0.9504950495049505,0.6138613861386139,0.9900990099009901,0.8514851485148515,0.9702970297029703,0.9504950495049505,1.00990099009901,0.6336633663366337,0.3564356435643564,0.37623762376237624,0.297029702970297,0.3564356435643564,0.25742574257425743,0.3564356435643564,0.39603960396039606,0.1782178217821782,0.039603960396039604,0.07920792079207921,0.019801980198019802,0.019801980198019802,0.039603960396039604,0.019801980198019802,0.039603960396039604
W6_M71,0.019801980198019802,0.019801980198019802,0.039603960396039604,0.019801980198019802,0.09900990099009901,0.0594059405940594,0.039603960396039604,0.15841584158415842,0.27722772277227725,0.07920792079207921,0.07920792079207921,0.1188118811881188,0.039603960396039604,0.15841584158415842,0.039603960396039604,0.09900990099009901,0.1188118811881188,0.019801980198019802,0.07920792079207921,0.1188118811881188,0.0594059405940594,0.09900990099009901,0.27722772277227725,0.07920792079207921,0.13861386138613863,0.1782178217821782,0.21782178217821782,0.1782178217821782,0.2376237623762376,0.09900990099009901,0.21782178217821782,0.13861386138613863,0.15841584158415842,0.2376237623762376,0.21782178217821782,0.27722772277227725,0.21782178217821782,0.19801980198019803,0.33663366336633666,0.37623762376237624,0.49504950495049505,0.33663366336633666,0.45544554455445546,0.39603960396039606,0.49504950495049505,0.297029702970297,0.7128712871287128,0.27722772277227725,0.37623762376237624,0.37623762376237624,0.21782178217821782,0.297029702970297,0.6732673267326733,0.37623762376237624,0.297029702970297,0.27722772277227725,0.25742574257425743,0.43564356435643564,0.27722772277227725,0.27722772277227725,0.39603960396039606,0.27722772277227725,0.25742574257425743,0.5346534653465347,0.7128712871287128,0.8514851485148515,0.9108910891089109,0.8910891089108911,0.6732673267326733,NA,0.8910891089108911,0.9108910891089109,0.9504950495049505,0.9306930693069307,0.9504950495049505,1.00990099009901,0.7920792079207921,1.00990099009901,0.8910891089108911,0.9306930693069307,0.9306930693069307,0.8910891089108911,0.9504950495049505,0.8118811881188119,0.7128712871287128,0.31683168316831684,0.25742574257425743,0.27722772277227725,0.297029702970297,0.2376237623762376,0.2376237623762376,0.27722772277227725,0.0594059405940594,0.019801980198019802,0.019801980198019802,0.019801980198019802,0.039603960396039604,0.019801980198019802,0.019801980198019802,0.019801980198019802
W6_M72,0.039603960396039604,0.019801980198019802,0.0594059405940594,0.0594059405940594,0.0594059405940594,0.09900990099009901,0.039603960396039604,0.13861386138613863,0.09900990099009901,0.09900990099009901,0.1188118811881188,0.15841584158415842,0.1188118811881188,0.13861386138613863,0.039603960396039604,0.039603960396039604,0.039603960396039604,0.039603960396039604,0.07920792079207921,0.13861386138613863,0.09900990099009901,0.09900990099009901,0.15841584158415842,0.07920792079207921,0.13861386138613863,0.15841584158415842,0.09900990099009901,0.0594059405940594,0.4158415841584158,0.1188118811881188,0.25742574257425743,0.1188118811881188,0.15841584158415842,0.297029702970297,0.33663366336633666,0.25742574257425743,0.19801980198019803,0.25742574257425743,0.43564356435643564,0.27722772277227725,0.39603960396039606,0.3564356435643564,0.3564356435643564,0.5346534653465347,0.39603960396039606,0.37623762376237624,0.6534653465346535,0.297029702970297,0.4752475247524752,0.39603960396039606,0.2376237623762376,0.31683168316831684,0.5544554455445545,0.31683168316831684,0.25742574257425743,0.297029702970297,0.33663366336633666,0.31683168316831684,0.33663366336633666,0.33663366336633666,0.27722772277227725,0.39603960396039606,0.19801980198019803,0.5346534653465347,0.6138613861386139,0.9108910891089109,0.9702970297029703,0.9702970297029703,0.8712871287128713,0.8910891089108911,NA,0.693069306930693,0.8514851485148515,0.8316831683168316,0.9900990099009901,0.9702970297029703,0.7920792079207921,1.00990099009901,0.8910891089108911,0.9504950495049505,0.8514851485148515,0.9108910891089109,0.9108910891089109,0.7722772277227723,0.6336633663366337,0.3564356435643564,0.5148514851485149,0.37623762376237624,0.2376237623762376,0.25742574257425743,0.27722772277227725,0.25742574257425743,0.0594059405940594,0.019801980198019802,0.039603960396039604,0.019801980198019802,0.019801980198019802,0.019801980198019802,0.019801980198019802,0.019801980198019802
W6_M73,0.039603960396039604,0.039603960396039604,0.019801980198019802,0.07920792079207921,0.07920792079207921,0.0594059405940594,0.019801980198019802,0.07920792079207921,0.09900990099009901,0.07920792079207921,0.13861386138613863,0.15841584158415842,0.0594059405940594,0.13861386138613863,0.09900990099009901,0.13861386138613863,0.13861386138613863,0.15841584158415842,0.0594059405940594,0.19801980198019803,0.1782178217821782,0.07920792079207921,0.19801980198019803,0.13861386138613863,0.0594059405940594,0.09900990099009901,0.297029702970297,0.019801980198019802,0.2376237623762376,0.15841584158415842,0.297029702970297,0.19801980198019803,0.19801980198019803,0.297029702970297,0.297029702970297,0.3564356435643564,0.2376237623762376,0.25742574257425743,0.4752475247524752,0.4158415841584158,0.45544554455445546,0.39603960396039606,0.31683168316831684,0.33663366336633666,0.297029702970297,0.4158415841584158,0.6336633663366337,0.297029702970297,0.37623762376237624,0.5544554455445545,0.39603960396039606,0.39603960396039606,0.5148514851485149,0.6336633663366337,0.3564356435643564,0.33663366336633666,0.43564356435643564,0.3564356435643564,0.4158415841584158,0.39603960396039606,0.39603960396039606,0.4752475247524752,0.33663366336633666,0.6534653465346535,0.6534653465346535,0.9702970297029703,0.9108910891089109,0.8910891089108911,0.6534653465346535,0.9108910891089109,0.693069306930693,NA,0.8910891089108911,0.8316831683168316,0.9306930693069307,0.8514851485148515,0.9306930693069307,0.7326732673267327,0.7524752475247525,0.8316831683168316,0.8910891089108911,1.00990099009901,0.8118811881188119,0.9504950495049505,0.45544554455445546,0.21782178217821782,0.33663366336633666,0.25742574257425743,0.27722772277227725,0.19801980198019803,0.25742574257425743,0.21782178217821782,0.039603960396039604,0.019801980198019802,0.039603960396039604,0.019801980198019802,0.019801980198019802,0.019801980198019802,0.019801980198019802,0.13861386138613863
W6_M74,0.0594059405940594,0.039603960396039604,0.019801980198019802,0.039603960396039604,0.039603960396039604,0.0594059405940594,0.0594059405940594,0.09900990099009901,0.19801980198019803,0.1188118811881188,0.039603960396039604,0.07920792079207921,0.039603960396039604,0.15841584158415842,0.039603960396039604,0.09900990099009901,0.0594059405940594,0.07920792079207921,0.09900990099009901,0.1188118811881188,0.15841584158415842,0.1188118811881188,0.1782178217821782,0.09900990099009901,0.07920792079207921,0.21782178217821782,0.19801980198019803,0.0594059405940594,0.3564356435643564,0.13861386138613863,0.2376237623762376,0.1782178217821782,0.1782178217821782,0.27722772277227725,0.297029702970297,0.2376237623762376,0.297029702970297,0.37623762376237624,0.5148514851485149,0.297029702970297,0.43564356435643564,0.39603960396039606,0.37623762376237624,0.5148514851485149,0.33663366336633666,0.31683168316831684,0.5544554455445545,0.45544554455445546,0.33663366336633666,0.5544554455445545,0.25742574257425743,0.1782178217821782,0.6534653465346535,0.6138613861386139,0.4158415841584158,0.31683168316831684,0.297029702970297,0.3564356435643564,0.37623762376237624,0.21782178217821782,0.2376237623762376,0.31683168316831684,0.27722772277227725,0.594059405940594,0.7524752475247525,0.8316831683168316,0.7920792079207921,0.9702970297029703,0.7722772277227723,0.9504950495049505,0.8514851485148515,0.8910891089108911,NA,0.8712871287128713,0.7326732673267327,0.9108910891089109,0.7524752475247525,0.9504950495049505,0.9900990099009901,0.7128712871287128,0.9306930693069307,0.9702970297029703,1.00990099009901,0.8712871287128713,0.5544554455445545,0.297029702970297,0.3564356435643564,0.3564356435643564,0.13861386138613863,0.13861386138613863,0.27722772277227725,0.33663366336633666,0.09900990099009901,0.019801980198019802,0.019801980198019802,0.019801980198019802,0.019801980198019802,0.019801980198019802,0.019801980198019802,0.039603960396039604
W6_M75,0.039603960396039604,0.039603960396039604,0.039603960396039604,0.0594059405940594,0.1188118811881188,0.039603960396039604,0.019801980198019802,0.13861386138613863,0.19801980198019803,0.07920792079207921,0.09900990099009901,0.09900990099009901,0.019801980198019802,0.09900990099009901,0.09900990099009901,0.1188118811881188,0.039603960396039604,0.1188118811881188,0.15841584158415842,0.09900990099009901,0.0594059405940594,0.07920792079207921,0.1782178217821782,0.15841584158415842,0.07920792079207921,0.07920792079207921,0.15841584158415842,0.07920792079207921,0.39603960396039606,0.1782178217821782,0.3564356435643564,0.21782178217821782,0.25742574257425743,0.19801980198019803,0.297029702970297,0.33663366336633666,0.33663366336633666,0.37623762376237624,0.4752475247524752,0.297029702970297,0.4752475247524752,0.4158415841584158,0.4752475247524752,0.5544554455445545,0.43564356435643564,0.19801980198019803,0.7524752475247525,0.39603960396039606,0.5148514851485149,0.45544554455445546,0.297029702970297,0.49504950495049505,0.5742574257425742,0.5544554455445545,0.5544554455445545,0.37623762376237624,0.49504950495049505,0.31683168316831684,0.4158415841584158,0.2376237623762376,0.43564356435643564,0.5742574257425742,0.33663366336633666,0.6138613861386139,0.8118811881188119,0.9504950495049505,0.8712871287128713,0.9900990099009901,0.6732673267326733,0.9306930693069307,0.8316831683168316,0.8316831683168316,0.8712871287128713,NA,0.8118811881188119,0.9306930693069307,0.8910891089108911,0.7128712871287128,0.7128712871287128,0.8514851485148515,0.8316831683168316,0.8316831683168316,0.7722772277227723,0.8316831683168316,0.49504950495049505,0.19801980198019803,0.37623762376237624,0.1782178217821782,0.37623762376237624,0.21782178217821782,0.1782178217821782,0.2376237623762376,0.07920792079207921,0.019801980198019802,0.019801980198019802,0.019801980198019802,0.019801980198019802,0.019801980198019802,0.019801980198019802,0.019801980198019802
W6_M76,0.039603960396039604,0.019801980198019802,0.0594059405940594,0.019801980198019802,0.0594059405940594,0.039603960396039604,0.039603960396039604,0.1782178217821782,0.1782178217821782,0.09900990099009901,0.07920792079207921,0.09900990099009901,0.019801980198019802,0.09900990099009901,0.039603960396039604,0.07920792079207921,0.13861386138613863,0.1188118811881188,0.039603960396039604,0.15841584158415842,0.1188118811881188,0.07920792079207921,0.19801980198019803,0.1782178217821782,0.13861386138613863,0.1782178217821782,0.21782178217821782,0.07920792079207921,0.1782178217821782,0.1782178217821782,0.21782178217821782,0.07920792079207921,0.25742574257425743,0.45544554455445546,0.4158415841584158,0.21782178217821782,0.25742574257425743,0.297029702970297,0.4752475247524752,0.4752475247524752,0.297029702970297,0.3564356435643564,0.4158415841584158,0.45544554455445546,0.4158415841584158,0.4158415841584158,0.7920792079207921,0.4158415841584158,0.3564356435643564,0.693069306930693,0.37623762376237624,0.4158415841584158,0.6534653465346535,0.6732673267326733,0.39603960396039606,0.43564356435643564,0.43564356435643564,0.27722772277227725,0.5346534653465347,0.4752475247524752,0.4752475247524752,0.37623762376237624,0.297029702970297,0.6732673267326733,0.7326732673267327,0.9900990099009901,0.9306930693069307,0.8514851485148515,0.5148514851485149,0.9504950495049505,0.9900990099009901,0.9306930693069307,0.7326732673267327,0.8118811881188119,NA,0.8316831683168316,0.9702970297029703,0.7128712871287128,0.8514851485148515,0.8118811881188119,0.8910891089108911,0.9702970297029703,0.9108910891089109,0.8712871287128713,0.6534653465346535,0.37623762376237624,0.31683168316831684,0.25742574257425743,0.27722772277227725,0.33663366336633666,0.25742574257425743,0.25742574257425743,0.039603960396039604,0.019801980198019802,0.019801980198019802,0.019801980198019802,0.019801980198019802,0.019801980198019802,0.019801980198019802,0.039603960396039604
W6_M77,0.0594059405940594,0.019801980198019802,0.0594059405940594,0.019801980198019802,0.0594059405940594,0.1188118811881188,0.09900990099009901,0.09900990099009901,0.039603960396039604,0.07920792079207921,0.1188118811881188,0.09900990099009901,0.0594059405940594,0.13861386138613863,0.019801980198019802,0.1188118811881188,0.1188118811881188,0.07920792079207921,0.1188118811881188,0.1188118811881188,0.0594059405940594,0.13861386138613863,0.1782178217821782,0.09900990099009901,0.07920792079207921,0.2376237623762376,0.297029702970297,0.1782178217821782,0.25742574257425743,0.21782178217821782,0.13861386138613863,0.1782178217821782,0.25742574257425743,0.33663366336633666,0.1782178217821782,0.3564356435643564,0.25742574257425743,0.39603960396039606,0.49504950495049505,0.4158415841584158,0.3564356435643564,0.49504950495049505,0.33663366336633666,0.5742574257425742,0.45544554455445546,0.27722772277227725,0.6534653465346535,0.45544554455445546,0.5148514851485149,0.5148514851485149,0.39603960396039606,0.37623762376237624,0.6138613861386139,0.693069306930693,0.45544554455445546,0.4158415841584158,0.4158415841584158,0.4752475247524752,0.27722772277227725,0.39603960396039606,0.39603960396039606,0.27722772277227725,0.297029702970297,0.4752475247524752,0.9900990099009901,1.00990099009901,0.9108910891089109,0.9900990099009901,0.693069306930693,1.00990099009901,0.9702970297029703,0.8514851485148515,0.9108910891089109,0.9306930693069307,0.8316831683168316,NA,0.9504950495049505,0.693069306930693,0.7920792079207921,0.9108910891089109,0.7326732673267327,0.8514851485148515,0.9108910891089109,0.7722772277227723,0.7326732673267327,0.2376237623762376,0.37623762376237624,0.4158415841584158,0.21782178217821782,0.3564356435643564,0.21782178217821782,0.1782178217821782,0.09900990099009901,0.019801980198019802,0.039603960396039604,0.019801980198019802,0.019801980198019802,0.019801980198019802,0.019801980198019802,0.019801980198019802
W6_M78,0.019801980198019802,0.039603960396039604,0.0594059405940594,0.1188118811881188,0.07920792079207921,0.07920792079207921,0.039603960396039604,0.0594059405940594,0.1188118811881188,0.09900990099009901,0.09900990099009901,0.2376237623762376,0.07920792079207921,0.07920792079207921,0.0594059405940594,0.13861386138613863,0.07920792079207921,0.13861386138613863,0.09900990099009901,0.15841584158415842,0.19801980198019803,0.1188118811881188,0.31683168316831684,0.07920792079207921,0.1188118811881188,0.25742574257425743,0.21782178217821782,0.09900990099009901,0.3564356435643564,0.1782178217821782,0.297029702970297,0.21782178217821782,0.27722772277227725,0.27722772277227725,0.33663366336633666,0.39603960396039606,0.297029702970297,0.31683168316831684,0.43564356435643564,0.31683168316831684,0.39603960396039606,0.594059405940594,0.5742574257425742,0.39603960396039606,0.49504950495049505,0.33663366336633666,0.6138613861386139,0.27722772277227725,0.5742574257425742,0.4752475247524752,0.31683168316831684,0.45544554455445546,0.5148514851485149,0.7128712871287128,0.5544554455445545,0.5742574257425742,0.5742574257425742,0.5346534653465347,0.3564356435643564,0.37623762376237624,0.31683168316831684,0.33663366336633666,0.37623762376237624,0.6534653465346535,0.8514851485148515,0.8910891089108911,1.00990099009901,0.8910891089108911,0.5742574257425742,0.7920792079207921,0.7920792079207921,0.9306930693069307,0.7524752475247525,0.8910891089108911,0.9702970297029703,0.9504950495049505,NA,0.8316831683168316,0.7722772277227723,0.9108910891089109,0.8514851485148515,0.7920792079207921,0.9702970297029703,0.8118811881188119,0.693069306930693,0.27722772277227725,0.3564356435643564,0.3564356435643564,0.07920792079207921,0.21782178217821782,0.25742574257425743,0.2376237623762376,0.07920792079207921,0.0594059405940594,0.039603960396039604,0.019801980198019802,0.019801980198019802,0.019801980198019802,0.019801980198019802,0.019801980198019802
W6_M79,0.019801980198019802,0.0594059405940594,0.039603960396039604,0.1188118811881188,0.07920792079207921,0.0594059405940594,0.07920792079207921,0.019801980198019802,0.21782178217821782,0.09900990099009901,0.09900990099009901,0.13861386138613863,0.07920792079207921,0.09900990099009901,0.039603960396039604,0.07920792079207921,0.1188118811881188,0.09900990099009901,0.07920792079207921,0.09900990099009901,0.13861386138613863,0.07920792079207921,0.15841584158415842,0.07920792079207921,0.09900990099009901,0.21782178217821782,0.27722772277227725,0.0594059405940594,0.21782178217821782,0.1782178217821782,0.15841584158415842,0.21782178217821782,0.297029702970297,0.39603960396039606,0.21782178217821782,0.31683168316831684,0.2376237623762376,0.25742574257425743,0.25742574257425743,0.31683168316831684,0.33663366336633666,0.43564356435643564,0.297029702970297,0.5742574257425742,0.3564356435643564,0.39603960396039606,0.594059405940594,0.33663366336633666,0.49504950495049505,0.5346534653465347,0.49504950495049505,0.43564356435643564,0.6534653465346535,0.6336633663366337,0.6336633663366337,0.4158415841584158,0.37623762376237624,0.31683168316831684,0.37623762376237624,0.39603960396039606,0.49504950495049505,0.4752475247524752,0.31683168316831684,0.49504950495049505,0.4158415841584158,0.8712871287128713,0.7128712871287128,0.8910891089108911,0.9504950495049505,1.00990099009901,1.00990099009901,0.7326732673267327,0.9504950495049505,0.7128712871287128,0.7128712871287128,0.693069306930693,0.8316831683168316,NA,0.8910891089108911,0.7722772277227723,0.8514851485148515,1.00990099009901,0.9504950495049505,0.9504950495049505,0.6336633663366337,0.3564356435643564,0.45544554455445546,0.19801980198019803,0.37623762376237624,0.25742574257425743,0.25742574257425743,0.19801980198019803,0.15841584158415842,0.019801980198019802,0.039603960396039604,0.019801980198019802,0.019801980198019802,0.019801980198019802,0.019801980198019802,0.0594059405940594
W6_M80,0.039603960396039604,0.019801980198019802,0.039603960396039604,0.039603960396039604,0.0594059405940594,0.07920792079207921,0.039603960396039604,0.019801980198019802,0.1188118811881188,0.13861386138613863,0.09900990099009901,0.039603960396039604,0.039603960396039604,0.09900990099009901,0.0594059405940594,0.039603960396039604,0.07920792079207921,0.07920792079207921,0.19801980198019803,0.09900990099009901,0.13861386138613863,0.09900990099009901,0.1782178217821782,0.15841584158415842,0.1782178217821782,0.15841584158415842,0.13861386138613863,0.09900990099009901,0.27722772277227725,0.15841584158415842,0.13861386138613863,0.1782178217821782,0.19801980198019803,0.25742574257425743,0.33663366336633666,0.33663366336633666,0.21782178217821782,0.2376237623762376,0.39603960396039606,0.39603960396039606,0.37623762376237624,0.4752475247524752,0.5346534653465347,0.5346534653465347,0.5742574257425742,0.37623762376237624,0.6336633663366337,0.31683168316831684,0.4158415841584158,0.49504950495049505,0.37623762376237624,0.3564356435643564,0.594059405940594,0.49504950495049505,0.4158415841584158,0.4752475247524752,0.4158415841584158,0.31683168316831684,0.43564356435643564,0.4158415841584158,0.37623762376237624,0.27722772277227725,0.27722772277227725,0.49504950495049505,0.7128712871287128,0.9108910891089109,0.8514851485148515,0.8712871287128713,0.6138613861386139,0.8910891089108911,0.8910891089108911,0.7524752475247525,0.9900990099009901,0.7128712871287128,0.8514851485148515,0.7920792079207921,0.7722772277227723,0.8910891089108911,NA,1.00990099009901,0.7920792079207921,0.9504950495049505,0.8712871287128713,0.6534653465346535,0.4158415841584158,0.3564356435643564,0.594059405940594,0.2376237623762376,0.15841584158415842,0.33663366336633666,0.4752475247524752,0.27722772277227725,0.09900990099009901,0.039603960396039604,0.039603960396039604,0.019801980198019802,0.019801980198019802,0.019801980198019802,0.019801980198019802,0.019801980198019802
W6_M81,0.019801980198019802,0.039603960396039604,0.07920792079207921,0.0594059405940594,0.09900990099009901,0.13861386138613863,0.09900990099009901,0.09900990099009901,0.13861386138613863,0.1188118811881188,0.1188118811881188,0.039603960396039604,0.0594059405940594,0.0594059405940594,0.039603960396039604,0.1188118811881188,0.09900990099009901,0.09900990099009901,0.039603960396039604,0.1188118811881188,0.07920792079207921,0.13861386138613863,0.19801980198019803,0.0594059405940594,0.039603960396039604,0.1188118811881188,0.21782178217821782,0.2376237623762376,0.37623762376237624,0.1782178217821782,0.43564356435643564,0.07920792079207921,0.07920792079207921,0.297029702970297,0.19801980198019803,0.297029702970297,0.13861386138613863,0.39603960396039606,0.31683168316831684,0.39603960396039606,0.39603960396039606,0.45544554455445546,0.5346534653465347,0.6138613861386139,0.45544554455445546,0.37623762376237624,0.5742574257425742,0.4158415841584158,0.6138613861386139,0.4158415841584158,0.4752475247524752,0.45544554455445546,0.6138613861386139,0.6336633663366337,0.594059405940594,0.39603960396039606,0.5148514851485149,0.5346534653465347,0.45544554455445546,0.39603960396039606,0.594059405940594,0.43564356435643564,0.5544554455445545,0.8316831683168316,0.594059405940594,0.8712871287128713,0.7722772277227723,0.7722772277227723,0.9900990099009901,0.9306930693069307,0.9504950495049505,0.8316831683168316,0.7128712871287128,0.8514851485148515,0.8118811881188119,0.9108910891089109,0.9108910891089109,0.7722772277227723,1.00990099009901,NA,0.9306930693069307,0.6732673267326733,0.9702970297029703,0.9702970297029703,0.7128712871287128,0.693069306930693,0.5346534653465347,0.693069306930693,0.49504950495049505,0.6732673267326733,0.4158415841584158,0.37623762376237624,0.07920792079207921,0.019801980198019802,0.039603960396039604,0.039603960396039604,0.019801980198019802,0.019801980198019802,0.019801980198019802,0.019801980198019802
W6_M82,0.019801980198019802,0.019801980198019802,0.019801980198019802,0.019801980198019802,0.13861386138613863,0.019801980198019802,0.0594059405940594,0.019801980198019802,0.07920792079207921,0.1188118811881188,0.039603960396039604,0.19801980198019803,0.0594059405940594,0.039603960396039604,0.019801980198019802,0.039603960396039604,0.09900990099009901,0.0594059405940594,0.1188118811881188,0.019801980198019802,0.07920792079207921,0.1188118811881188,0.0594059405940594,0.07920792079207921,0.07920792079207921,0.039603960396039604,0.19801980198019803,0.09900990099009901,0.1782178217821782,0.0594059405940594,0.15841584158415842,0.09900990099009901,0.13861386138613863,0.25742574257425743,0.09900990099009901,0.09900990099009901,0.13861386138613863,0.1782178217821782,0.27722772277227725,0.25742574257425743,0.31683168316831684,0.4158415841584158,0.1782178217821782,0.43564356435643564,0.33663366336633666,0.33663366336633666,0.5742574257425742,0.3564356435643564,0.33663366336633666,0.6534653465346535,0.4752475247524752,0.37623762376237624,0.43564356435643564,0.594059405940594,0.5346534653465347,0.6336633663366337,0.49504950495049505,0.45544554455445546,0.4752475247524752,0.4158415841584158,0.693069306930693,0.6336633663366337,0.45544554455445546,0.6336633663366337,0.7128712871287128,0.9702970297029703,0.8910891089108911,0.9900990099009901,0.8514851485148515,0.9306930693069307,0.8514851485148515,0.8910891089108911,0.9306930693069307,0.8316831683168316,0.8910891089108911,0.7326732673267327,0.8514851485148515,0.8514851485148515,0.7920792079207921,0.9306930693069307,NA,0.7920792079207921,0.9108910891089109,1.00990099009901,0.7128712871287128,0.6732673267326733,0.7920792079207921,0.5148514851485149,0.4752475247524752,0.5346534653465347,0.45544554455445546,0.37623762376237624,0.09900990099009901,0.07920792079207921,0.07920792079207921,0.019801980198019802,0.019801980198019802,0.019801980198019802,0.019801980198019802,0.019801980198019802
W6_M83,0.1188118811881188,0.039603960396039604,0.039603960396039604,0.019801980198019802,0.07920792079207921,0.039603960396039604,0.07920792079207921,0.15841584158415842,0.21782178217821782,0.2376237623762376,0.15841584158415842,0.13861386138613863,0.15841584158415842,0.13861386138613863,0.019801980198019802,0.21782178217821782,0.1188118811881188,0.13861386138613863,0.19801980198019803,0.2376237623762376,0.1782178217821782,0.1782178217821782,0.3564356435643564,0.07920792079207921,0.13861386138613863,0.1782178217821782,0.19801980198019803,0.21782178217821782,0.4158415841584158,0.25742574257425743,0.37623762376237624,0.31683168316831684,0.2376237623762376,0.27722772277227725,0.31683168316831684,0.297029702970297,0.297029702970297,0.39603960396039606,0.45544554455445546,0.49504950495049505,0.4752475247524752,0.39603960396039606,0.49504950495049505,0.37623762376237624,0.6534653465346535,0.5346534653465347,0.6732673267326733,0.5148514851485149,0.4752475247524752,0.6138613861386139,0.49504950495049505,0.49504950495049505,0.4158415841584158,0.49504950495049505,0.5742574257425742,0.5148514851485149,0.594059405940594,0.49504950495049505,0.4752475247524752,0.4752475247524752,0.6138613861386139,0.5544554455445545,0.6336633663366337,0.6732673267326733,0.693069306930693,0.8118811881188119,0.7524752475247525,0.8910891089108911,0.9702970297029703,0.8910891089108911,0.9108910891089109,1.00990099009901,0.9702970297029703,0.8316831683168316,0.9702970297029703,0.8514851485148515,0.7920792079207921,1.00990099009901,0.9504950495049505,0.6732673267326733,0.7920792079207921,NA,0.8514851485148515,0.8910891089108911,0.8316831683168316,0.7326732673267327,0.5148514851485149,0.5742574257425742,0.33663366336633666,0.39603960396039606,0.25742574257425743,0.21782178217821782,0.039603960396039604,0.019801980198019802,0.019801980198019802,0.019801980198019802,0.019801980198019802,0.019801980198019802,0.019801980198019802,0.09900990099009901
W6_M84,0.07920792079207921,0.09900990099009901,0.019801980198019802,0.0594059405940594,0.07920792079207921,0.039603960396039604,0.039603960396039604,0.09900990099009901,0.15841584158415842,0.039603960396039604,0.15841584158415842,0.15841584158415842,0.09900990099009901,0.19801980198019803,0.0594059405940594,0.13861386138613863,0.13861386138613863,0.09900990099009901,0.1188118811881188,0.1782178217821782,0.27722772277227725,0.21782178217821782,0.15841584158415842,0.25742574257425743,0.27722772277227725,0.19801980198019803,0.09900990099009901,0.21782178217821782,0.33663366336633666,0.2376237623762376,0.1782178217821782,0.2376237623762376,0.297029702970297,0.27722772277227725,0.19801980198019803,0.2376237623762376,0.21782178217821782,0.33663366336633666,0.4752475247524752,0.4752475247524752,0.43564356435643564,0.37623762376237624,0.693069306930693,0.37623762376237624,0.43564356435643564,0.5742574257425742,0.6336633663366337,0.4158415841584158,0.6732673267326733,0.33663366336633666,0.594059405940594,0.5346534653465347,0.8316831683168316,0.594059405940594,0.5148514851485149,0.6336633663366337,0.594059405940594,0.7524752475247525,0.594059405940594,0.6138613861386139,0.8514851485148515,0.39603960396039606,0.6138613861386139,0.693069306930693,0.8910891089108911,0.8514851485148515,0.8514851485148515,0.9900990099009901,0.9504950495049505,0.9504950495049505,0.9108910891089109,0.8118811881188119,1.00990099009901,0.7722772277227723,0.9108910891089109,0.9108910891089109,0.9702970297029703,0.9504950495049505,0.8712871287128713,0.9702970297029703,0.9108910891089109,0.8514851485148515,NA,0.9504950495049505,0.7920792079207921,0.9702970297029703,0.7722772277227723,0.7524752475247525,0.8118811881188119,0.8118811881188119,0.5148514851485149,0.1188118811881188,0.2376237623762376,0.07920792079207921,0.07920792079207921,0.0594059405940594,0.039603960396039604,0.039603960396039604,0.019801980198019802,0.07920792079207921
W6_M85,0.019801980198019802,0.0594059405940594,0.039603960396039604,0.039603960396039604,0.039603960396039604,0.039603960396039604,0.07920792079207921,0.0594059405940594,0.1782178217821782,0.039603960396039604,0.1188118811881188,0.1782178217821782,0.09900990099009901,0.1188118811881188,0.019801980198019802,0.15841584158415842,0.07920792079207921,0.09900990099009901,0.07920792079207921,0.15841584158415842,0.13861386138613863,0.1782178217821782,0.1782178217821782,0.15841584158415842,0.13861386138613863,0.09900990099009901,0.1782178217821782,0.1188118811881188,0.3564356435643564,0.15841584158415842,0.1188118811881188,0.1782178217821782,0.1188118811881188,0.2376237623762376,0.1782178217821782,0.21782178217821782,0.3564356435643564,0.27722772277227725,0.15841584158415842,0.33663366336633666,0.5346534653465347,0.2376237623762376,0.43564356435643564,0.19801980198019803,0.37623762376237624,0.3564356435643564,0.693069306930693,0.21782178217821782,0.39603960396039606,0.5742574257425742,0.37623762376237624,0.39603960396039606,0.5148514851485149,0.45544554455445546,0.4158415841584158,0.21782178217821782,0.25742574257425743,0.31683168316831684,0.13861386138613863,0.33663366336633666,0.31683168316831684,0.13861386138613863,0.2376237623762376,0.5742574257425742,0.6336633663366337,0.8514851485148515,0.37623762376237624,0.7524752475247525,1.00990099009901,0.8118811881188119,0.7722772277227723,0.9504950495049505,0.8712871287128713,0.8316831683168316,0.8712871287128713,0.7722772277227723,0.8118811881188119,0.9504950495049505,0.6534653465346535,0.9702970297029703,1.00990099009901,0.8910891089108911,0.9504950495049505,NA,0.5742574257425742,0.6138613861386139,0.6732673267326733,0.39603960396039606,0.49504950495049505,0.49504950495049505,0.33663366336633666,0.3564356435643564,0.15841584158415842,0.0594059405940594,0.039603960396039604,0.019801980198019802,0.019801980198019802,0.019801980198019802,0.019801980198019802,0.0594059405940594
W6_M86,0.0594059405940594,0.0594059405940594,0.019801980198019802,0.019801980198019802,0.07920792079207921,0.09900990099009901,0.15841584158415842,0.2376237623762376,0.15841584158415842,0.13861386138613863,0.1782178217821782,0.019801980198019802,0.1782178217821782,0.1782178217821782,0.019801980198019802,0.15841584158415842,0.0594059405940594,0.039603960396039604,0.07920792079207921,0.2376237623762376,0.21782178217821782,0.15841584158415842,0.15841584158415842,0.039603960396039604,0.1782178217821782,0.25742574257425743,0.13861386138613863,0.09900990099009901,0.33663366336633666,0.1782178217821782,0.31683168316831684,0.2376237623762376,0.09900990099009901,0.15841584158415842,0.19801980198019803,0.2376237623762376,0.07920792079207921,0.2376237623762376,0.1782178217821782,0.37623762376237624,0.33663366336633666,0.1782178217821782,0.45544554455445546,0.3564356435643564,0.37623762376237624,0.21782178217821782,0.45544554455445546,0.25742574257425743,0.45544554455445546,0.5346534653465347,0.4158415841584158,0.43564356435643564,0.39603960396039606,0.33663366336633666,0.3564356435643564,0.37623762376237624,0.27722772277227725,0.2376237623762376,0.297029702970297,0.3564356435643564,0.27722772277227725,0.3564356435643564,0.297029702970297,0.5346534653465347,0.43564356435643564,0.7128712871287128,0.6336633663366337,0.5742574257425742,0.6336633663366337,0.7128712871287128,0.6336633663366337,0.45544554455445546,0.5544554455445545,0.49504950495049505,0.6534653465346535,0.7326732673267327,0.693069306930693,0.6336633663366337,0.4158415841584158,0.7128712871287128,0.7128712871287128,0.8316831683168316,0.7920792079207921,0.5742574257425742,NA,0.9306930693069307,0.9306930693069307,0.8316831683168316,0.8316831683168316,0.7920792079207921,0.33663366336633666,0.3564356435643564,0.1188118811881188,0.1782178217821782,0.09900990099009901,0.019801980198019802,0.019801980198019802,0.019801980198019802,0.019801980198019802,0.039603960396039604
W6_M87,0.019801980198019802,0.039603960396039604,0.019801980198019802,0.019801980198019802,0.0594059405940594,0.0594059405940594,0.039603960396039604,0.0594059405940594,0.0594059405940594,0.039603960396039604,0.039603960396039604,0.0594059405940594,0.019801980198019802,0.15841584158415842,0.0594059405940594,0.07920792079207921,0.13861386138613863,0.07920792079207921,0.1188118811881188,0.0594059405940594,0.0594059405940594,0.0594059405940594,0.09900990099009901,0.039603960396039604,0.13861386138613863,0.1188118811881188,0.21782178217821782,0.0594059405940594,0.21782178217821782,0.13861386138613863,0.13861386138613863,0.07920792079207921,0.15841584158415842,0.297029702970297,0.1188118811881188,0.1782178217821782,0.0594059405940594,0.19801980198019803,0.2376237623762376,0.39603960396039606,0.21782178217821782,0.21782178217821782,0.297029702970297,0.39603960396039606,0.19801980198019803,0.1782178217821782,0.37623762376237624,0.15841584158415842,0.1782178217821782,0.297029702970297,0.13861386138613863,0.21782178217821782,0.3564356435643564,0.4752475247524752,0.31683168316831684,0.07920792079207921,0.25742574257425743,0.2376237623762376,0.31683168316831684,0.19801980198019803,0.31683168316831684,0.19801980198019803,0.21782178217821782,0.31683168316831684,0.37623762376237624,0.7128712871287128,0.43564356435643564,0.594059405940594,0.3564356435643564,0.31683168316831684,0.3564356435643564,0.21782178217821782,0.297029702970297,0.19801980198019803,0.37623762376237624,0.2376237623762376,0.27722772277227725,0.3564356435643564,0.3564356435643564,0.693069306930693,0.6732673267326733,0.7326732673267327,0.9702970297029703,0.6138613861386139,0.9306930693069307,NA,1.00990099009901,0.9504950495049505,0.7920792079207921,0.6138613861386139,0.6138613861386139,0.4158415841584158,0.09900990099009901,0.0594059405940594,0.0594059405940594,0.0594059405940594,0.039603960396039604,0.019801980198019802,0.019801980198019802,0.019801980198019802
W6_M88,0.019801980198019802,0.019801980198019802,0.019801980198019802,0.0594059405940594,0.0594059405940594,0.0594059405940594,0.0594059405940594,0.09900990099009901,0.1188118811881188,0.039603960396039604,0.09900990099009901,0.0594059405940594,0.1188118811881188,0.09900990099009901,0.019801980198019802,0.0594059405940594,0.1188118811881188,0.0594059405940594,0.0594059405940594,0.07920792079207921,0.09900990099009901,0.07920792079207921,0.1188118811881188,0.039603960396039604,0.019801980198019802,0.19801980198019803,0.1188118811881188,0.019801980198019802,0.2376237623762376,0.09900990099009901,0.19801980198019803,0.13861386138613863,0.15841584158415842,0.25742574257425743,0.13861386138613863,0.13861386138613863,0.1188118811881188,0.21782178217821782,0.2376237623762376,0.19801980198019803,0.2376237623762376,0.1782178217821782,0.21782178217821782,0.37623762376237624,0.31683168316831684,0.21782178217821782,0.39603960396039606,0.21782178217821782,0.27722772277227725,0.3564356435643564,0.039603960396039604,0.039603960396039604,0.297029702970297,0.37623762376237624,0.31683168316831684,0.27722772277227725,0.297029702970297,0.27722772277227725,0.21782178217821782,0.21782178217821782,0.1782178217821782,0.297029702970297,0.19801980198019803,0.37623762376237624,0.27722772277227725,0.6336633663366337,0.3564356435643564,0.5148514851485149,0.37623762376237624,0.25742574257425743,0.5148514851485149,0.33663366336633666,0.3564356435643564,0.37623762376237624,0.31683168316831684,0.37623762376237624,0.3564356435643564,0.45544554455445546,0.594059405940594,0.5346534653465347,0.7920792079207921,0.5148514851485149,0.7722772277227723,0.6732673267326733,0.9306930693069307,1.00990099009901,NA,0.9108910891089109,0.8514851485148515,0.8712871287128713,0.6732673267326733,0.693069306930693,0.21782178217821782,0.07920792079207921,0.039603960396039604,0.019801980198019802,0.019801980198019802,0.039603960396039604,0.019801980198019802,0.019801980198019802
W6_M89,0.019801980198019802,0.039603960396039604,0.039603960396039604,0.07920792079207921,0.0594059405940594,0.07920792079207921,0.0594059405940594,0.09900990099009901,0.09900990099009901,0.07920792079207921,0.07920792079207921,0.1188118811881188,0.039603960396039604,0.0594059405940594,0.019801980198019802,0.039603960396039604,0.039603960396039604,0.1188118811881188,0.07920792079207921,0.09900990099009901,0.19801980198019803,0.15841584158415842,0.039603960396039604,0.09900990099009901,0.0594059405940594,0.0594059405940594,0.25742574257425743,0.07920792079207921,0.13861386138613863,0.039603960396039604,0.07920792079207921,0.07920792079207921,0.039603960396039604,0.2376237623762376,0.19801980198019803,0.1188118811881188,0.09900990099009901,0.13861386138613863,0.15841584158415842,0.15841584158415842,0.19801980198019803,0.15841584158415842,0.1782178217821782,0.2376237623762376,0.2376237623762376,0.2376237623762376,0.39603960396039606,0.19801980198019803,0.1782178217821782,0.21782178217821782,0.1188118811881188,0.27722772277227725,0.3564356435643564,0.27722772277227725,0.15841584158415842,0.19801980198019803,0.31683168316831684,0.2376237623762376,0.21782178217821782,0.15841584158415842,0.19801980198019803,0.19801980198019803,0.25742574257425743,0.31683168316831684,0.33663366336633666,0.8316831683168316,0.21782178217821782,0.5544554455445545,0.297029702970297,0.27722772277227725,0.37623762376237624,0.25742574257425743,0.3564356435643564,0.1782178217821782,0.25742574257425743,0.4158415841584158,0.3564356435643564,0.19801980198019803,0.2376237623762376,0.693069306930693,0.5148514851485149,0.5742574257425742,0.7524752475247525,0.39603960396039606,0.8316831683168316,0.9504950495049505,0.9108910891089109,NA,0.9504950495049505,0.9702970297029703,0.49504950495049505,0.297029702970297,0.13861386138613863,0.15841584158415842,0.07920792079207921,0.0594059405940594,0.039603960396039604,0.019801980198019802,0.019801980198019802,0.019801980198019802
W6_M90,0.039603960396039604,0.019801980198019802,0.039603960396039604,0.0594059405940594,0.019801980198019802,0.039603960396039604,0.019801980198019802,0.039603960396039604,0.07920792079207921,0.039603960396039604,0.0594059405940594,0.039603960396039604,0.019801980198019802,0.07920792079207921,0.0594059405940594,0.07920792079207921,0.0594059405940594,0.07920792079207921,0.019801980198019802,0.07920792079207921,0.09900990099009901,0.07920792079207921,0.13861386138613863,0.039603960396039604,0.1188118811881188,0.039603960396039604,0.0594059405940594,0.0594059405940594,0.1188118811881188,0.09900990099009901,0.15841584158415842,0.07920792079207921,0.13861386138613863,0.1188118811881188,0.1188118811881188,0.13861386138613863,0.07920792079207921,0.15841584158415842,0.19801980198019803,0.21782178217821782,0.1188118811881188,0.19801980198019803,0.21782178217821782,0.21782178217821782,0.1782178217821782,0.15841584158415842,0.25742574257425743,0.1188118811881188,0.19801980198019803,0.21782178217821782,0.15841584158415842,0.31683168316831684,0.2376237623762376,0.15841584158415842,0.15841584158415842,0.1188118811881188,0.1188118811881188,0.19801980198019803,0.019801980198019802,0.13861386138613863,0.2376237623762376,0.15841584158415842,0.09900990099009901,0.37623762376237624,0.21782178217821782,0.45544554455445546,0.2376237623762376,0.4752475247524752,0.3564356435643564,0.297029702970297,0.2376237623762376,0.27722772277227725,0.13861386138613863,0.37623762376237624,0.27722772277227725,0.21782178217821782,0.07920792079207921,0.37623762376237624,0.15841584158415842,0.49504950495049505,0.4752475247524752,0.33663366336633666,0.8118811881188119,0.49504950495049505,0.8316831683168316,0.7920792079207921,0.8514851485148515,0.9504950495049505,NA,0.9108910891089109,0.7326732673267327,0.5148514851485149,0.0594059405940594,0.0594059405940594,0.0594059405940594,0.019801980198019802,0.019801980198019802,0.019801980198019802,0.019801980198019802,0.019801980198019802
W6_M91,0.019801980198019802,0.019801980198019802,0.019801980198019802,0.039603960396039604,0.0594059405940594,0.0594059405940594,0.019801980198019802,0.07920792079207921,0.0594059405940594,0.0594059405940594,0.039603960396039604,0.07920792079207921,0.039603960396039604,0.1188118811881188,0.039603960396039604,0.09900990099009901,0.039603960396039604,0.07920792079207921,0.039603960396039604,0.1188118811881188,0.07920792079207921,0.019801980198019802,0.07920792079207921,0.039603960396039604,0.0594059405940594,0.09900990099009901,0.09900990099009901,0.0594059405940594,0.19801980198019803,0.09900990099009901,0.09900990099009901,0.1188118811881188,0.07920792079207921,0.07920792079207921,0.297029702970297,0.21782178217821782,0.09900990099009901,0.15841584158415842,0.09900990099009901,0.25742574257425743,0.09900990099009901,0.15841584158415842,0.25742574257425743,0.19801980198019803,0.2376237623762376,0.0594059405940594,0.1782178217821782,0.19801980198019803,0.25742574257425743,0.2376237623762376,0.2376237623762376,0.15841584158415842,0.37623762376237624,0.19801980198019803,0.09900990099009901,0.1188118811881188,0.1188118811881188,0.15841584158415842,0.1188118811881188,0.09900990099009901,0.1188118811881188,0.1188118811881188,0.07920792079207921,0.2376237623762376,0.15841584158415842,0.5742574257425742,0.297029702970297,0.2376237623762376,0.25742574257425743,0.2376237623762376,0.25742574257425743,0.19801980198019803,0.13861386138613863,0.21782178217821782,0.33663366336633666,0.3564356435643564,0.21782178217821782,0.25742574257425743,0.33663366336633666,0.6732673267326733,0.5346534653465347,0.39603960396039606,0.8118811881188119,0.49504950495049505,0.7920792079207921,0.6138613861386139,0.8712871287128713,0.9702970297029703,0.9108910891089109,NA,0.6732673267326733,0.6138613861386139,0.45544554455445546,0.13861386138613863,0.1188118811881188,0.019801980198019802,0.039603960396039604,0.019801980198019802,0.019801980198019802,0.019801980198019802
W6_M92,0.039603960396039604,0.019801980198019802,0.039603960396039604,0.019801980198019802,0.0594059405940594,0.039603960396039604,0.019801980198019802,0.07920792079207921,0.07920792079207921,0.09900990099009901,0.09900990099009901,0.039603960396039604,0.019801980198019802,0.0594059405940594,0.019801980198019802,0.0594059405940594,0.039603960396039604,0.019801980198019802,0.039603960396039604,0.039603960396039604,0.07920792079207921,0.039603960396039604,0.19801980198019803,0.019801980198019802,0.0594059405940594,0.0594059405940594,0.09900990099009901,0.09900990099009901,0.19801980198019803,0.039603960396039604,0.09900990099009901,0.07920792079207921,0.0594059405940594,0.19801980198019803,0.07920792079207921,0.0594059405940594,0.039603960396039604,0.13861386138613863,0.07920792079207921,0.13861386138613863,0.1782178217821782,0.039603960396039604,0.15841584158415842,0.19801980198019803,0.1188118811881188,0.15841584158415842,0.1188118811881188,0.07920792079207921,0.09900990099009901,0.15841584158415842,0.1782178217821782,0.25742574257425743,0.19801980198019803,0.15841584158415842,0.09900990099009901,0.1782178217821782,0.0594059405940594,0.07920792079207921,0.13861386138613863,0.09900990099009901,0.15841584158415842,0.09900990099009901,0.1188118811881188,0.297029702970297,0.15841584158415842,0.3564356435643564,0.21782178217821782,0.27722772277227725,0.3564356435643564,0.2376237623762376,0.27722772277227725,0.25742574257425743,0.27722772277227725,0.1782178217821782,0.25742574257425743,0.21782178217821782,0.25742574257425743,0.25742574257425743,0.4752475247524752,0.4158415841584158,0.45544554455445546,0.25742574257425743,0.5148514851485149,0.33663366336633666,0.33663366336633666,0.6138613861386139,0.6732673267326733,0.49504950495049505,0.7326732673267327,0.6732673267326733,NA,0.594059405940594,0.5148514851485149,0.21782178217821782,0.2376237623762376,0.09900990099009901,0.039603960396039604,0.019801980198019802,0.019801980198019802,0.0594059405940594
W6_M93,0.019801980198019802,0.019801980198019802,0.019801980198019802,0.019801980198019802,0.019801980198019802,0.019801980198019802,0.019801980198019802,0.019801980198019802,0.019801980198019802,0.019801980198019802,0.019801980198019802,0.039603960396039604,0.0594059405940594,0.039603960396039604,0.039603960396039604,0.019801980198019802,0.019801980198019802,0.019801980198019802,0.019801980198019802,0.039603960396039604,0.039603960396039604,0.0594059405940594,0.019801980198019802,0.07920792079207921,0.0594059405940594,0.039603960396039604,0.039603960396039604,0.039603960396039604,0.07920792079207921,0.039603960396039604,0.09900990099009901,0.0594059405940594,0.0594059405940594,0.0594059405940594,0.039603960396039604,0.039603960396039604,0.0594059405940594,0.1188118811881188,0.09900990099009901,0.1188118811881188,0.09900990099009901,0.019801980198019802,0.07920792079207921,0.039603960396039604,0.19801980198019803,0.07920792079207921,0.1188118811881188,0.1188118811881188,0.15841584158415842,0.09900990099009901,0.15841584158415842,0.19801980198019803,0.13861386138613863,0.07920792079207921,0.15841584158415842,0.15841584158415842,0.1188118811881188,0.09900990099009901,0.0594059405940594,0.07920792079207921,0.019801980198019802,0.13861386138613863,0.13861386138613863,0.15841584158415842,0.21782178217821782,0.0594059405940594,0.13861386138613863,0.297029702970297,0.39603960396039606,0.27722772277227725,0.25742574257425743,0.21782178217821782,0.33663366336633666,0.2376237623762376,0.25742574257425743,0.1782178217821782,0.2376237623762376,0.19801980198019803,0.27722772277227725,0.37623762376237624,0.37623762376237624,0.21782178217821782,0.1188118811881188,0.3564356435643564,0.3564356435643564,0.4158415841584158,0.693069306930693,0.297029702970297,0.5148514851485149,0.6138613861386139,0.594059405940594,NA,0.9702970297029703,0.39603960396039606,0.19801980198019803,0.13861386138613863,0.0594059405940594,0.07920792079207921,0.019801980198019802,0.019801980198019802
W6_M94,0.019801980198019802,0.019801980198019802,0.019801980198019802,0.019801980198019802,0.019801980198019802,0.019801980198019802,0.019801980198019802,0.019801980198019802,0.019801980198019802,0.019801980198019802,0.039603960396039604,0.019801980198019802,0.019801980198019802,0.019801980198019802,0.019801980198019802,0.0594059405940594,0.019801980198019802,0.039603960396039604,0.019801980198019802,0.019801980198019802,0.019801980198019802,0.039603960396039604,0.039603960396039604,0.019801980198019802,0.019801980198019802,0.019801980198019802,0.0594059405940594,0.039603960396039604,0.09900990099009901,0.019801980198019802,0.0594059405940594,0.019801980198019802,0.019801980198019802,0.019801980198019802,0.0594059405940594,0.019801980198019802,0.019801980198019802,0.019801980198019802,0.09900990099009901,0.039603960396039604,0.019801980198019802,0.0594059405940594,0.0594059405940594,0.1188118811881188,0.039603960396039604,0.0594059405940594,0.1188118811881188,0.019801980198019802,0.07920792079207921,0.07920792079207921,0.09900990099009901,0.019801980198019802,0.0594059405940594,0.0594059405940594,0.07920792079207921,0.039603960396039604,0.039603960396039604,0.039603960396039604,0.0594059405940594,0.019801980198019802,0.0594059405940594,0.039603960396039604,0.039603960396039604,0.0594059405940594,0.07920792079207921,0.21782178217821782,0.13861386138613863,0.21782178217821782,0.1782178217821782,0.0594059405940594,0.0594059405940594,0.039603960396039604,0.09900990099009901,0.07920792079207921,0.039603960396039604,0.09900990099009901,0.07920792079207921,0.15841584158415842,0.09900990099009901,0.07920792079207921,0.09900990099009901,0.039603960396039604,0.2376237623762376,0.15841584158415842,0.1188118811881188,0.09900990099009901,0.21782178217821782,0.13861386138613863,0.0594059405940594,0.45544554455445546,0.5148514851485149,0.9702970297029703,NA,0.5742574257425742,0.43564356435643564,0.27722772277227725,0.0594059405940594,0.039603960396039604,0.019801980198019802,0.019801980198019802
W6_M95,0.019801980198019802,0.019801980198019802,0.019801980198019802,0.019801980198019802,0.019801980198019802,0.019801980198019802,0.019801980198019802,0.019801980198019802,0.039603960396039604,0.019801980198019802,0.019801980198019802,0.019801980198019802,0.019801980198019802,0.019801980198019802,0.019801980198019802,0.019801980198019802,0.019801980198019802,0.019801980198019802,0.019801980198019802,0.019801980198019802,0.039603960396039604,0.019801980198019802,0.019801980198019802,0.039603960396039604,0.019801980198019802,0.019801980198019802,0.019801980198019802,0.019801980198019802,0.039603960396039604,0.019801980198019802,0.019801980198019802,0.039603960396039604,0.039603960396039604,0.039603960396039604,0.039603960396039604,0.039603960396039604,0.019801980198019802,0.039603960396039604,0.0594059405940594,0.019801980198019802,0.019801980198019802,0.019801980198019802,0.039603960396039604,0.019801980198019802,0.0594059405940594,0.0594059405940594,0.0594059405940594,0.019801980198019802,0.019801980198019802,0.019801980198019802,0.019801980198019802,0.039603960396039604,0.0594059405940594,0.019801980198019802,0.039603960396039604,0.039603960396039604,0.019801980198019802,0.019801980198019802,0.019801980198019802,0.039603960396039604,0.019801980198019802,0.039603960396039604,0.019801980198019802,0.019801980198019802,0.019801980198019802,0.039603960396039604,0.07920792079207921,0.0594059405940594,0.039603960396039604,0.019801980198019802,0.019801980198019802,0.019801980198019802,0.019801980198019802,0.019801980198019802,0.019801980198019802,0.019801980198019802,0.0594059405940594,0.019801980198019802,0.039603960396039604,0.019801980198019802,0.07920792079207921,0.019801980198019802,0.07920792079207921,0.0594059405940594,0.1782178217821782,0.0594059405940594,0.07920792079207921,0.15841584158415842,0.0594059405940594,0.13861386138613863,0.21782178217821782,0.39603960396039606,0.5742574257425742,NA,0.5544554455445545,0.27722772277227725,0.13861386138613863,0.0594059405940594,0.019801980198019802,0.019801980198019802
W6_M96,0.019801980198019802,0.019801980198019802,0.019801980198019802,0.019801980198019802,0.019801980198019802,0.019801980198019802,0.039603960396039604,0.039603960396039604,0.019801980198019802,0.019801980198019802,0.019801980198019802,0.019801980198019802,0.019801980198019802,0.019801980198019802,0.019801980198019802,0.019801980198019802,0.019801980198019802,0.019801980198019802,0.019801980198019802,0.039603960396039604,0.019801980198019802,0.019801980198019802,0.019801980198019802,0.019801980198019802,0.019801980198019802,0.019801980198019802,0.039603960396039604,0.019801980198019802,0.039603960396039604,0.019801980198019802,0.039603960396039604,0.019801980198019802,0.019801980198019802,0.019801980198019802,0.019801980198019802,0.019801980198019802,0.019801980198019802,0.019801980198019802,0.019801980198019802,0.019801980198019802,0.0594059405940594,0.039603960396039604,0.039603960396039604,0.019801980198019802,0.039603960396039604,0.019801980198019802,0.019801980198019802,0.019801980198019802,0.039603960396039604,0.019801980198019802,0.019801980198019802,0.039603960396039604,0.039603960396039604,0.019801980198019802,0.019801980198019802,0.019801980198019802,0.039603960396039604,0.019801980198019802,0.019801980198019802,0.019801980198019802,0.019801980198019802,0.019801980198019802,0.019801980198019802,0.019801980198019802,0.019801980198019802,0.019801980198019802,0.039603960396039604,0.09900990099009901,0.07920792079207921,0.019801980198019802,0.039603960396039604,0.039603960396039604,0.019801980198019802,0.019801980198019802,0.019801980198019802,0.039603960396039604,0.039603960396039604,0.039603960396039604,0.039603960396039604,0.039603960396039604,0.07920792079207921,0.019801980198019802,0.07920792079207921,0.039603960396039604,0.09900990099009901,0.0594059405940594,0.039603960396039604,0.07920792079207921,0.0594059405940594,0.1188118811881188,0.2376237623762376,0.19801980198019803,0.43564356435643564,0.5544554455445545,NA,0.37623762376237624,0.19801980198019803,0.1188118811881188,0.039603960396039604,0.019801980198019802
W6_M97,0.019801980198019802,0.019801980198019802,0.019801980198019802,0.019801980198019802,0.019801980198019802,0.019801980198019802,0.019801980198019802,0.019801980198019802,0.019801980198019802,0.019801980198019802,0.019801980198019802,0.019801980198019802,0.019801980198019802,0.019801980198019802,0.019801980198019802,0.019801980198019802,0.019801980198019802,0.019801980198019802,0.019801980198019802,0.019801980198019802,0.019801980198019802,0.019801980198019802,0.019801980198019802,0.019801980198019802,0.019801980198019802,0.019801980198019802,0.019801980198019802,0.019801980198019802,0.019801980198019802,0.019801980198019802,0.019801980198019802,0.019801980198019802,0.019801980198019802,0.039603960396039604,0.019801980198019802,0.019801980198019802,0.019801980198019802,0.019801980198019802,0.019801980198019802,0.019801980198019802,0.039603960396039604,0.039603960396039604,0.019801980198019802,0.019801980198019802,0.019801980198019802,0.019801980198019802,0.039603960396039604,0.019801980198019802,0.019801980198019802,0.019801980198019802,0.019801980198019802,0.019801980198019802,0.019801980198019802,0.019801980198019802,0.019801980198019802,0.019801980198019802,0.019801980198019802,0.019801980198019802,0.019801980198019802,0.019801980198019802,0.019801980198019802,0.019801980198019802,0.019801980198019802,0.039603960396039604,0.019801980198019802,0.019801980198019802,0.019801980198019802,0.039603960396039604,0.019801980198019802,0.019801980198019802,0.019801980198019802,0.019801980198019802,0.019801980198019802,0.019801980198019802,0.019801980198019802,0.019801980198019802,0.019801980198019802,0.019801980198019802,0.019801980198019802,0.039603960396039604,0.019801980198019802,0.019801980198019802,0.0594059405940594,0.019801980198019802,0.019801980198019802,0.0594059405940594,0.019801980198019802,0.0594059405940594,0.019801980198019802,0.019801980198019802,0.09900990099009901,0.13861386138613863,0.27722772277227725,0.27722772277227725,0.37623762376237624,NA,0.45544554455445546,0.0594059405940594,0.039603960396039604,0.019801980198019802
W6_M98,0.019801980198019802,0.019801980198019802,0.019801980198019802,0.019801980198019802,0.019801980198019802,0.019801980198019802,0.019801980198019802,0.019801980198019802,0.019801980198019802,0.019801980198019802,0.019801980198019802,0.019801980198019802,0.019801980198019802,0.019801980198019802,0.019801980198019802,0.019801980198019802,0.019801980198019802,0.019801980198019802,0.019801980198019802,0.019801980198019802,0.019801980198019802,0.019801980198019802,0.019801980198019802,0.019801980198019802,0.019801980198019802,0.019801980198019802,0.019801980198019802,0.019801980198019802,0.019801980198019802,0.019801980198019802,0.019801980198019802,0.019801980198019802,0.019801980198019802,0.019801980198019802,0.019801980198019802,0.019801980198019802,0.039603960396039604,0.019801980198019802,0.019801980198019802,0.019801980198019802,0.019801980198019802,0.019801980198019802,0.019801980198019802,0.019801980198019802,0.019801980198019802,0.019801980198019802,0.019801980198019802,0.019801980198019802,0.019801980198019802,0.019801980198019802,0.019801980198019802,0.019801980198019802,0.019801980198019802,0.039603960396039604,0.019801980198019802,0.019801980198019802,0.019801980198019802,0.019801980198019802,0.019801980198019802,0.019801980198019802,0.019801980198019802,0.019801980198019802,0.019801980198019802,0.019801980198019802,0.019801980198019802,0.019801980198019802,0.019801980198019802,0.019801980198019802,0.019801980198019802,0.039603960396039604,0.019801980198019802,0.019801980198019802,0.019801980198019802,0.019801980198019802,0.019801980198019802,0.019801980198019802,0.019801980198019802,0.019801980198019802,0.019801980198019802,0.019801980198019802,0.019801980198019802,0.019801980198019802,0.039603960396039604,0.019801980198019802,0.019801980198019802,0.039603960396039604,0.019801980198019802,0.039603960396039604,0.019801980198019802,0.039603960396039604,0.039603960396039604,0.0594059405940594,0.0594059405940594,0.13861386138613863,0.19801980198019803,0.45544554455445546,NA,0.6336633663366337,0.13861386138613863,0.019801980198019802
W6_M99,0.019801980198019802,0.019801980198019802,0.019801980198019802,0.019801980198019802,0.019801980198019802,0.019801980198019802,0.019801980198019802,0.019801980198019802,0.019801980198019802,0.019801980198019802,0.019801980198019802,0.019801980198019802,0.019801980198019802,0.019801980198019802,0.019801980198019802,0.019801980198019802,0.019801980198019802,0.019801980198019802,0.019801980198019802,0.019801980198019802,0.019801980198019802,0.019801980198019802,0.019801980198019802,0.019801980198019802,0.019801980198019802,0.019801980198019802,0.019801980198019802,0.019801980198019802,0.019801980198019802,0.019801980198019802,0.019801980198019802,0.019801980198019802,0.019801980198019802,0.019801980198019802,0.019801980198019802,0.019801980198019802,0.019801980198019802,0.019801980198019802,0.019801980198019802,0.039603960396039604,0.019801980198019802,0.019801980198019802,0.019801980198019802,0.019801980198019802,0.019801980198019802,0.019801980198019802,0.019801980198019802,0.019801980198019802,0.019801980198019802,0.019801980198019802,0.019801980198019802,0.019801980198019802,0.019801980198019802,0.019801980198019802,0.019801980198019802,0.019801980198019802,0.019801980198019802,0.019801980198019802,0.019801980198019802,0.019801980198019802,0.019801980198019802,0.019801980198019802,0.019801980198019802,0.019801980198019802,0.019801980198019802,0.019801980198019802,0.019801980198019802,0.019801980198019802,0.039603960396039604,0.019801980198019802,0.019801980198019802,0.019801980198019802,0.019801980198019802,0.019801980198019802,0.019801980198019802,0.019801980198019802,0.019801980198019802,0.019801980198019802,0.019801980198019802,0.019801980198019802,0.019801980198019802,0.019801980198019802,0.039603960396039604,0.019801980198019802,0.019801980198019802,0.019801980198019802,0.039603960396039604,0.019801980198019802,0.019801980198019802,0.019801980198019802,0.019801980198019802,0.07920792079207921,0.039603960396039604,0.0594059405940594,0.1188118811881188,0.0594059405940594,0.6336633663366337,NA,0.19801980198019803,0.019801980198019802
W6_M100,0.019801980198019802,0.019801980198019802,0.019801980198019802,0.019801980198019802,0.019801980198019802,0.019801980198019802,0.019801980198019802,0.019801980198019802,0.019801980198019802,0.019801980198019802,0.019801980198019802,0.019801980198019802,0.019801980198019802,0.019801980198019802,0.019801980198019802,0.019801980198019802,0.019801980198019802,0.019801980198019802,0.019801980198019802,0.019801980198019802,0.019801980198019802,0.019801980198019802,0.019801980198019802,0.019801980198019802,0.019801980198019802,0.019801980198019802,0.019801980198019802,0.019801980198019802,0.019801980198019802,0.019801980198019802,0.019801980198019802,0.019801980198019802,0.019801980198019802,0.019801980198019802,0.019801980198019802,0.019801980198019802,0.019801980198019802,0.019801980198019802,0.019801980198019802,0.019801980198019802,0.019801980198019802,0.019801980198019802,0.019801980198019802,0.019801980198019802,0.019801980198019802,0.019801980198019802,0.019801980198019802,0.019801980198019802,0.019801980198019802,0.019801980198019802,0.019801980198019802,0.019801980198019802,0.019801980198019802,0.019801980198019802,0.019801980198019802,0.019801980198019802,0.019801980198019802,0.019801980198019802,0.019801980198019802,0.019801980198019802,0.019801980198019802,0.019801980198019802,0.019801980198019802,0.019801980198019802,0.019801980198019802,0.019801980198019802,0.019801980198019802,0.019801980198019802,0.019801980198019802,0.019801980198019802,0.019801980198019802,0.019801980198019802,0.019801980198019802,0.019801980198019802,0.019801980198019802,0.019801980198019802,0.019801980198019802,0.019801980198019802,0.019801980198019802,0.019801980198019802,0.019801980198019802,0.019801980198019802,0.019801980198019802,0.019801980198019802,0.019801980198019802,0.019801980198019802,0.019801980198019802,0.019801980198019802,0.019801980198019802,0.019801980198019802,0.019801980198019802,0.019801980198019802,0.019801980198019802,0.019801980198019802,0.039603960396039604,0.039603960396039604,0.13861386138613863,0.19801980198019803,NA,0.019801980198019802
